video,dataset,qID,fp,gold_clip,spec_frac,blob_count,mean_v,sat_low,n_inside
0000 - Laparoscopic Cholecystectomy.mp4,lapchole,lapchole__11391,False,True,0.0026115957389419705,15,120.66549679024412,0.7100970066606798,315133
0000 - Laparoscopic Cholecystectomy.mp4,lapchole,lapchole__11399,False,True,0.03645117592335689,77,135.44786277357966,0.3446981443097061,306355
0000 - Laparoscopic Cholecystectomy.mp4,lapchole,lapchole__11406,False,False,0.006969206887369043,52,125.33527211083182,0.3844852334651832,307926
0000 - Laparoscopic Cholecystectomy.mp4,lapchole,lapchole__12863,False,True,0.12049454285431543,18,139.0854340976636,0.22294969976920057,313259
0000 - Laparoscopic Cholecystectomy.mp4,lapchole,lapchole__13101,False,True,0.014097511692169759,76,100.67100676439692,0.3899363705096381,298918
0000 - Laparoscopic Cholecystectomy.mp4,lapchole,lapchole__13271,False,False,0.12437563996903174,17,141.42174895731875,0.058842811118603434,320328
0000 - Laparoscopic Cholecystectomy.mp4,lapchole,lapchole__11350,False,True,0.020232937027932676,26,116.25900136140311,0.277799564478538,313647
0000 - Laparoscopic Cholecystectomy.mp4,lapchole,lapchole__11366,False,True,0.04089525537816045,99,109.63031461353823,0.55647470671892,310794
0000 - Laparoscopic Cholecystectomy.mp4,lapchole,lapchole__11487,False,False,0.2090022552563399,26,142.23589753798814,0.05564766809907202,351623
0000 - Laparoscopic Cholecystectomy.mp4,lapchole,lapchole__11492,False,False,0.03367566578085253,28,139.4482713999861,0.24142959040038378,316846
0000 - Laparoscopic Cholecystectomy.mp4,lapchole,lapchole__11508,False,False,0.11467166363819907,50,122.44096380981223,0.8033641227538866,316992
0000 - Laparoscopic Cholecystectomy.mp4,lapchole,lapchole__11514,False,False,0.023989821466336478,21,114.44097883110592,0.3620781400298807,293166
0000 - Laparoscopic Cholecystectomy.mp4,lapchole,lapchole__11515,False,False,0.05096244360048041,31,109.54992912866123,0.42417488088926397,277263
0000 - Laparoscopic Cholecystectomy.mp4,lapchole,lapchole__11517,False,False,0.15078141951851873,11,141.8347724731135,0.046743297150837054,359474
0000 - Laparoscopic Cholecystectomy.mp4,lapchole,lapchole__12956,False,True,0.06756818167063758,44,110.90047521050137,0.3863552263417231,308074
0000 - Laparoscopic Cholecystectomy.mp4,lapchole,lapchole__13289,False,False,0.11801286976565502,32,149.96565561371494,0.08323628985785632,333184
0000 - Laparoscopic Cholecystectomy.mp4,lapchole,lapchole__13312,False,False,0.20456017046926137,16,144.45258235030963,0.10036848673212309,339768
0000 - Laparoscopic Cholecystectomy.mp4,lapchole,lapchole__13333,False,False,0.004201474028848248,50,111.56510528275639,0.2682093149068018,284662
0000 - Laparoscopic Cholecystectomy.mp4,lapchole,lapchole__13334,False,False,0.014562070437860694,74,130.13250485517128,0.33155654725011363,290412
0000 - Laparoscopic Cholecystectomy.mp4,lapchole,lapchole__13341,False,False,0.15078141951851873,11,141.8347724731135,0.046743297150837054,359474
0000 - Laparoscopic Cholecystectomy.mp4,lapchole,lapchole__30964,False,False,0.08915645701716245,5,141.01083842750083,0.08616709721973553,312776
0000 - Laparoscopic Cholecystectomy.mp4,lapchole,lapchole__30966,False,True,0.003771906812466808,111,91.76204674733023,0.3743305585237416,312574
0000 - Laparoscopic Cholecystectomy.mp4,lapchole,lapchole__30979,False,True,0.06123594265770864,47,120.52234829735515,0.4124527480981011,317183
0000 - Laparoscopic Cholecystectomy.mp4,lapchole,lapchole__30996,False,True,0.0745075985041289,46,122.80969901472041,0.39365748110303017,314733
0000 - Laparoscopic Cholecystectomy.mp4,lapchole,lapchole__31011,False,False,0.043703583812150226,23,141.91021171695542,0.2516979064859716,321278
0004 - Laparoscopic Cholecystectomy.mp4,lapchole,lapchole__126973,True,False,0.0018988818298710387,104,108.80837895170872,0.5224095182808066,921595
0004 - Laparoscopic Cholecystectomy.mp4,lapchole,lapchole__127018,False,False,0.07044966253607934,152,118.97724125957595,0.7834262896330215,921580
0004 - Laparoscopic Cholecystectomy.mp4,lapchole,lapchole__127027,False,True,0.0019770844840102477,275,104.52807036771384,0.47272068310330645,921559
0004 - Laparoscopic Cholecystectomy.mp4,lapchole,lapchole__127049,True,False,0.016980399135409163,92,112.713289611889,0.4292582834920442,921592
0004 - Laparoscopic Cholecystectomy.mp4,lapchole,lapchole__127053,False,False,0.039703078697600126,224,138.58265217433765,0.44316404999614795,921591
0004 - Laparoscopic Cholecystectomy.mp4,lapchole,lapchole__134034,False,True,0.04738834068650322,223,127.13605498275821,0.5383985208301233,921598
0004 - Laparoscopic Cholecystectomy.mp4,lapchole,lapchole__134160,False,False,0.007698567708333334,104,115.01820421006944,0.2458745659722222,921600
0004 - Laparoscopic Cholecystectomy.mp4,lapchole,lapchole__134183,False,False,0.01335549845480746,6,130.93837893676863,0.9421193010173964,921568
0004 - Laparoscopic Cholecystectomy.mp4,lapchole,lapchole__134187,False,False,0.020380859375,124,111.9790158420139,0.159716796875,921600
0004 - Laparoscopic Cholecystectomy.mp4,lapchole,lapchole__136534,False,True,0.0019770844840102477,275,104.52807036771384,0.47272068310330645,921559
0004 - Laparoscopic Cholecystectomy.mp4,lapchole,lapchole__136563,False,False,0.0012749662812109033,16,121.97083853718507,0.956949542802517,921593
0004 - Laparoscopic Cholecystectomy.mp4,lapchole,lapchole__136825,False,False,0.13144539367101107,67,120.7111664997412,0.8222759229097333,921569
0004 - Laparoscopic Cholecystectomy.mp4,lapchole,lapchole__168312,False,False,0.002894968419019552,210,122.09829654763081,0.19716384240868318,921599
0004 - Laparoscopic Cholecystectomy.mp4,lapchole,lapchole__168380,False,False,0.01720284030243318,25,137.9285247701803,0.28470516237120114,921592
0004 - Laparoscopic Cholecystectomy.mp4,lapchole,lapchole__126957,False,True,0.007579275861769633,68,110.82496267328709,0.6884923046206999,921592
0004 - Laparoscopic Cholecystectomy.mp4,lapchole,lapchole__126958,False,True,0.011136067708333334,58,116.36268880208333,0.6934819878472223,921600
0004 - Laparoscopic Cholecystectomy.mp4,lapchole,lapchole__126971,False,False,0.04296622795452498,101,112.59524328829019,0.5431751126621027,921561
0004 - Laparoscopic Cholecystectomy.mp4,lapchole,lapchole__127038,False,True,0.020226133379630633,104,118.60894333644393,0.43456672236810695,921580
0004 - Laparoscopic Cholecystectomy.mp4,lapchole,lapchole__127066,False,False,0.008020929069248874,164,120.0422259814299,0.3332743771898319,921589
0004 - Laparoscopic Cholecystectomy.mp4,lapchole,lapchole__134004,False,True,0.0592982817832128,202,112.84092144597139,0.4239259110563751,921595
0004 - Laparoscopic Cholecystectomy.mp4,lapchole,lapchole__134099,False,False,0.005850694444444445,70,131.31950737847222,0.419521484375,921600
0004 - Laparoscopic Cholecystectomy.mp4,lapchole,lapchole__134106,False,False,0.007456597222222222,47,112.65258029513889,0.47189561631944443,921600
0004 - Laparoscopic Cholecystectomy.mp4,lapchole,lapchole__134110,False,False,0.001735029806922324,62,113.65859626431481,0.5463965850620336,921598
0004 - Laparoscopic Cholecystectomy.mp4,lapchole,lapchole__134113,False,False,0.012886508446327194,99,117.31139863539298,0.6980264414312749,921584
0004 - Laparoscopic Cholecystectomy.mp4,lapchole,lapchole__134147,False,False,0.00013564501374355278,114,98.75054556424527,0.7200178400322076,921523
0004 - Laparoscopic Cholecystectomy.mp4,lapchole,lapchole__136408,False,False,0.004252460980225351,138,114.81755759648605,0.6238422108022709,921584
0004 - Laparoscopic Cholecystectomy.mp4,lapchole,lapchole__136425,False,False,0.04296622795452498,101,112.59524328829019,0.5431751126621027,921561
0004 - Laparoscopic Cholecystectomy.mp4,lapchole,lapchole__136428,False,True,0.019964257696151354,240,112.86524153181922,0.3960614021095989,921597
0004 - Laparoscopic Cholecystectomy.mp4,lapchole,lapchole__136435,False,True,0.024673581505067856,295,120.18233645437846,0.4752293040420229,921593
0004 - Laparoscopic Cholecystectomy.mp4,lapchole,lapchole__136439,False,False,0.015393980429560089,109,117.61831348728398,0.36671462704835317,921594
0004 - Laparoscopic Cholecystectomy.mp4,lapchole,lapchole__136473,False,True,0.010550175999027774,197,118.17711122878137,0.39660436894257356,921596
0004 - Laparoscopic Cholecystectomy.mp4,lapchole,lapchole__136529,False,False,0.031849131125928416,90,114.05625790070475,0.4234832003211823,921595
0004 - Laparoscopic Cholecystectomy.mp4,lapchole,lapchole__136579,False,False,0.003629636059810326,211,125.85702489203325,0.4803804336031598,921580
0004 - Laparoscopic Cholecystectomy.mp4,lapchole,lapchole__136685,False,False,0.0045529513888888885,24,124.44573893229166,0.3214529079861111,921600
0004 - Laparoscopic Cholecystectomy.mp4,lapchole,lapchole__136708,False,False,0.002709486022329116,48,91.8166349637632,0.47054342719056574,921577
0004 - Laparoscopic Cholecystectomy.mp4,lapchole,lapchole__136709,False,False,0.014773428878662568,78,116.26194813945943,0.6784405595999076,921587
0004 - Laparoscopic Cholecystectomy.mp4,lapchole,lapchole__136853,False,False,0.003130442330958827,142,118.03132395466555,0.5688832947227361,921595
0004 - Laparoscopic Cholecystectomy.mp4,lapchole,lapchole__136866,False,True,0.007579275861769633,68,110.82496267328709,0.6884923046206999,921592
0004 - Laparoscopic Cholecystectomy.mp4,lapchole,lapchole__136867,False,True,0.011136067708333334,58,116.36268880208333,0.6934819878472223,921600
0004 - Laparoscopic Cholecystectomy.mp4,lapchole,lapchole__136869,False,False,0.005850694444444445,70,131.31950737847222,0.419521484375,921600
0004 - Laparoscopic Cholecystectomy.mp4,lapchole,lapchole__136870,False,False,0.05178830683226309,68,134.12596055981024,0.4690743686509736,921598
0004 - Laparoscopic Cholecystectomy.mp4,lapchole,lapchole__168337,False,True,0.020616431295742706,188,117.36447571872677,0.40821076503236237,921595
0004 - Laparoscopic Cholecystectomy.mp4,lapchole,lapchole__182065,False,False,0.0018988818298710387,104,108.80837895170872,0.5224095182808066,921595
0004 - Laparoscopic Cholecystectomy.mp4,lapchole,lapchole__182066,False,False,0.0013715426599680985,28,113.87807701906488,0.3468136590023763,921590
0016 - Laparoscopic Cholecystectomy.mp4,lapchole,lapchole__582532,False,True,0.07265680621837416,70,111.38100787485816,0.0056663826470374715,785157
0016 - Laparoscopic Cholecystectomy.mp4,lapchole,lapchole__5026641,False,True,0.003268897358150476,180,75.60452324761388,0.038072216154564874,785586
0016 - Laparoscopic Cholecystectomy.mp4,lapchole,lapchole__582509,False,True,0.021670642699042206,297,123.69285656399893,0.050289212036488326,789732
0016 - Laparoscopic Cholecystectomy.mp4,lapchole,lapchole__582525,False,True,0.0061606336651769894,220,80.44175083405405,0.042174496678388504,787419
0016 - Laparoscopic Cholecystectomy.mp4,lapchole,lapchole__582533,False,True,0.05626630279567163,74,116.280361755466,0.047653984070066324,787825
0016 - Laparoscopic Cholecystectomy.mp4,lapchole,lapchole__582657,False,False,0.13041894122930756,139,123.28437652208567,0.19705229332844157,790445
0016 - Laparoscopic Cholecystectomy.mp4,lapchole,lapchole__582658,False,False,0.0031489445719941377,161,89.87264873320795,0.026816654980470974,790106
0016 - Laparoscopic Cholecystectomy.mp4,lapchole,lapchole__582720,False,True,0.0066581977397337485,241,103.0620502993466,0.01154830644681231,789553
0016 - Laparoscopic Cholecystectomy.mp4,lapchole,lapchole__582841,False,True,0.003281612315623367,276,100.19647559657606,0.007824114713090424,788332
0016 - Laparoscopic Cholecystectomy.mp4,lapchole,lapchole__582941,False,False,0.0031489445719941377,161,89.87264873320795,0.026816654980470974,790106
0016 - Laparoscopic Cholecystectomy.mp4,lapchole,lapchole__582978,False,True,0.017729575930634133,157,97.40493241815993,0.07533129226250919,785862
0016 - Laparoscopic Cholecystectomy.mp4,lapchole,lapchole__583094,False,True,0.007059016870089565,310,103.33357899993047,0.017165900802103548,791045
0016 - Laparoscopic Cholecystectomy.mp4,lapchole,lapchole__594073,False,True,0.00944909649593363,117,88.29093477701223,0.011745743087550298,788541
0016 - Laparoscopic Cholecystectomy.mp4,lapchole,lapchole__594128,False,True,0.0033625885318434843,223,83.19840671296797,0.07060418492202075,786299
0016 - Laparoscopic Cholecystectomy.mp4,lapchole,lapchole__594172,False,True,0.0011649319403977522,36,56.499200397932505,0.005672600001804098,776011
0017 - Laparoscopic Cholecystectomy.mp4,lapchole,lapchole__607050,False,True,0.0347816937373447,244,128.66634416246,0.14542715553856064,389659
0017 - Laparoscopic Cholecystectomy.mp4,lapchole,lapchole__607052,True,False,0.05646689557727272,204,127.58202701281917,0.20794024048435364,389963
0017 - Laparoscopic Cholecystectomy.mp4,lapchole,lapchole__607057,False,True,0.0261987400664496,170,137.58468231821635,0.5962355456770673,390973
0017 - Laparoscopic Cholecystectomy.mp4,lapchole,lapchole__607076,False,False,0.07290018696965339,57,116.77932444371392,0.5712564977091081,389368
0017 - Laparoscopic Cholecystectomy.mp4,lapchole,lapchole__607087,True,False,0.006358137282179697,89,136.85438113786955,0.2270663946167084,388164
0017 - Laparoscopic Cholecystectomy.mp4,lapchole,lapchole__607090,False,False,0.06328499153325923,45,121.79998493647348,0.08640231043331013,385036
0017 - Laparoscopic Cholecystectomy.mp4,lapchole,lapchole__616970,True,False,0.06921903638857202,74,130.91731244953152,0.18395006344608364,390095
0017 - Laparoscopic Cholecystectomy.mp4,lapchole,lapchole__620717,False,True,0.03536882843635377,192,126.5475590[redacted-port]94,0.3945398187277153,390683
0017 - Laparoscopic Cholecystectomy.mp4,lapchole,lapchole__620726,True,False,0.033102358626956915,216,127.12944049733571,0.073601243339254,387344
0017 - Laparoscopic Cholecystectomy.mp4,lapchole,lapchole__620775,False,True,0.01782697334298758,163,126.71968284779673,0.20745584980460424,389466
0017 - Laparoscopic Cholecystectomy.mp4,lapchole,lapchole__620870,False,False,0.07163326751965342,61,125.60882836103208,0.12973845539957196,385938
0017 - Laparoscopic Cholecystectomy.mp4,lapchole,lapchole__620871,False,False,0.03569112131443411,67,130.66829202012977,0.41989494166416713,390069
0017 - Laparoscopic Cholecystectomy.mp4,lapchole,lapchole__621000,False,True,0.02177448477041006,165,125.50178892938276,0.22897527768742781,390457
0017 - Laparoscopic Cholecystectomy.mp4,lapchole,lapchole__621028,False,False,0.029865869080629895,48,131.84526591474003,0.5806670890589288,389843
0017 - Laparoscopic Cholecystectomy.mp4,lapchole,lapchole__621053,False,False,0.15309018274859634,96,146.48110409834538,0.17184113026988065,375981
0017 - Laparoscopic Cholecystectomy.mp4,lapchole,lapchole__621133,True,False,0.04344659758496101,183,123.09320645275442,0.13683511422585667,389973
0017 - Laparoscopic Cholecystectomy.mp4,lapchole,lapchole__685559,True,False,0.019181211498973307,199,129.93488706365503,0.17072381930184805,389600
0017 - Laparoscopic Cholecystectomy.mp4,lapchole,lapchole__606871,False,True,0.05768162467008169,419,123.54588136508741,0.050249982720088474,390627
0017 - Laparoscopic Cholecystectomy.mp4,lapchole,lapchole__607036,False,True,0.025767967604516263,269,129.33787493227402,0.1771095196398904,389437
0017 - Laparoscopic Cholecystectomy.mp4,lapchole,lapchole__607064,False,True,0.056087715358863394,116,121.23409049154895,0.18539489262676573,391904
0017 - Laparoscopic Cholecystectomy.mp4,lapchole,lapchole__607067,False,False,0.05223124120691548,126,123.13137219355383,0.2793181545438065,391643
0017 - Laparoscopic Cholecystectomy.mp4,lapchole,lapchole__616937,False,True,0.016367751598623987,133,135.1068489701753,0.8897366926916743,389241
0017 - Laparoscopic Cholecystectomy.mp4,lapchole,lapchole__616948,False,False,0.053118181958850624,72,117.00823451740519,0.14593380407367482,387758
0017 - Laparoscopic Cholecystectomy.mp4,lapchole,lapchole__617217,False,False,0.06024745310158749,83,120.25818440795301,0.17699252841728547,391751
0017 - Laparoscopic Cholecystectomy.mp4,lapchole,lapchole__620656,False,True,0.05744484356185073,135,121.62848490723921,0.21561269057289223,391976
0017 - Laparoscopic Cholecystectomy.mp4,lapchole,lapchole__620689,False,True,0.03924040275938246,371,133.79466993265183,0.07755010201942204,391102
0017 - Laparoscopic Cholecystectomy.mp4,lapchole,lapchole__620847,False,True,0.042909550852098174,78,128.85241952691777,0.6028726338818605,388981
0017 - Laparoscopic Cholecystectomy.mp4,lapchole,lapchole__620873,False,False,0.09284193242168458,46,119.16107191420582,0.43971572978936296,389770
0017 - Laparoscopic Cholecystectomy.mp4,lapchole,lapchole__621036,False,False,0.0569297583081571,149,118.23137298930351,0.19660937372417736,391904
0017 - Laparoscopic Cholecystectomy.mp4,lapchole,lapchole__667182,False,False,0.01839121507008303,41,140.33034550486565,0.24333286568801255,392035
0017 - Laparoscopic Cholecystectomy.mp4,lapchole,lapchole__667194,False,True,0.010279593645248705,138,141.7093176476632,0.9722255756906362,389315
0017 - Laparoscopic Cholecystectomy.mp4,lapchole,lapchole__667426,False,False,0.033102358626956915,216,127.12944049733571,0.073601243339254,387344
0017 - Laparoscopic Cholecystectomy.mp4,lapchole,lapchole__685532,False,True,0.04703135423615744,199,122.83563657823164,0.04007030327910915,389740
0017 - Laparoscopic Cholecystectomy.mp4,lapchole,lapchole__685533,False,False,0.07621239435899403,153,135.42675514300691,0.07960569214836408,391065
0019 - Laparoscopic Cholecystectomy.mp4,lapchole,lapchole__5026642,False,True,0.004661296347229946,373,125.71737122583326,0.005428770803782364,832601
0019 - Laparoscopic Cholecystectomy.mp4,lapchole,lapchole__5026643,False,False,0.003191672102239216,79,111.31485238666681,0.005489627966591349,832479
0019 - Laparoscopic Cholecystectomy.mp4,lapchole,lapchole__5026644,False,False,0.000423085059328064,36,96.49734129502491,0.017363314679128446,831984
0019 - Laparoscopic Cholecystectomy.mp4,lapchole,lapchole__5026645,False,False,0.003479073319939041,144,111.05212365181406,0.010982438906055414,832693
0019 - Laparoscopic Cholecystectomy.mp4,lapchole,lapchole__5026646,False,False,0.1653576254299694,72,115.27712029311654,0.09079322983295188,834071
0019 - Laparoscopic Cholecystectomy.mp4,lapchole,lapchole__723103,False,True,0.009495258371356771,105,122.56935426962598,0.06269966804999172,833258
0019 - Laparoscopic Cholecystectomy.mp4,lapchole,lapchole__723120,True,False,0.0015801582079372932,71,108.09150869087014,0.0072367883884787735,832828
0019 - Laparoscopic Cholecystectomy.mp4,lapchole,lapchole__723128,True,False,0.003674902464473935,153,99.17717487957164,0.004666523686854934,829954
0019 - Laparoscopic Cholecystectomy.mp4,lapchole,lapchole__723141,False,False,0.003814629434281444,102,106.23703206211057,0.007289246229223786,832322
0019 - Laparoscopic Cholecystectomy.mp4,lapchole,lapchole__723168,False,True,0.00238938722849101,48,109.10866966751598,0.005583645971858328,832431
0019 - Laparoscopic Cholecystectomy.mp4,lapchole,lapchole__733714,True,False,0.006990611062356491,177,124.30144620896097,0.11581212507363284,831830
0019 - Laparoscopic Cholecystectomy.mp4,lapchole,lapchole__733864,False,False,0.002525993324933394,128,114.3083719666439,0.0011241331550750704,831752
0019 - Laparoscopic Cholecystectomy.mp4,lapchole,lapchole__737271,False,False,0.002721608078828147,116,111.25839542827494,0.00712110074994355,832596
0019 - Laparoscopic Cholecystectomy.mp4,lapchole,lapchole__737300,True,False,0.012932416499433472,476,98.55570046970067,0.0980444254821234,782839
0019 - Laparoscopic Cholecystectomy.mp4,lapchole,lapchole__737454,False,True,0.0036110403970817293,189,103.56882633344875,0.010355349057184257,828847
0019 - Laparoscopic Cholecystectomy.mp4,lapchole,lapchole__737473,False,False,0.02538975019723167,142,90.66604144927153,0.13307524103091223,832777
0019 - Laparoscopic Cholecystectomy.mp4,lapchole,lapchole__737477,False,False,0.12768100582654815,3,103.8805744378875,0.05608052588331964,856768
0019 - Laparoscopic Cholecystectomy.mp4,lapchole,lapchole__737626,False,False,0.0022797740656171133,258,86.95738973681048,0.15431678884749428,832100
0019 - Laparoscopic Cholecystectomy.mp4,lapchole,lapchole__737664,True,False,0.0035093534718819356,85,100.70031298340683,0.015440194467663986,832632
0019 - Laparoscopic Cholecystectomy.mp4,lapchole,lapchole__737692,True,False,0.0019772009273384666,93,112.4855697966342,0.0029850208410911842,832490
0019 - Laparoscopic Cholecystectomy.mp4,lapchole,lapchole__737731,False,True,0.009495258371356771,105,122.56935426962598,0.06269966804999172,833258
0019 - Laparoscopic Cholecystectomy.mp4,lapchole,lapchole__737762,False,False,0.000655810953484266,52,101.44252345485054,0.00763791548206309,832557
0019 - Laparoscopic Cholecystectomy.mp4,lapchole,lapchole__723059,False,True,0.004172538245211787,162,97.65418897662816,0.009613704111551234,818207
0019 - Laparoscopic Cholecystectomy.mp4,lapchole,lapchole__723094,False,False,0.16724053005562062,17,103.57494280341753,0.07763754444794661,834403
0019 - Laparoscopic Cholecystectomy.mp4,lapchole,lapchole__723095,False,False,0.0418633349498946,132,106.62525508856675,0.08936382712077634,833044
0019 - Laparoscopic Cholecystectomy.mp4,lapchole,lapchole__723112,False,False,0.002301695037420564,35,108.24760280143676,0.010400874548010043,832430
0019 - Laparoscopic Cholecystectomy.mp4,lapchole,lapchole__723126,False,False,0.0035024839289317664,127,114.33773025588792,0.0037583238043990045,832552
0019 - Laparoscopic Cholecystectomy.mp4,lapchole,lapchole__723166,False,False,0.01836314585877957,93,91.22491492554161,0.07596137625931126,788427
0019 - Laparoscopic Cholecystectomy.mp4,lapchole,lapchole__733533,False,False,0.007262624474276864,468,100.58964686014681,0.0581208052029412,807697
0019 - Laparoscopic Cholecystectomy.mp4,lapchole,lapchole__733556,False,False,0.04776179645517111,1279,88.259793061186,0.2049958164419723,678848
0019 - Laparoscopic Cholecystectomy.mp4,lapchole,lapchole__733861,False,True,0.012775057061182885,164,101.35483561208737,0.045274693888605735,812286
0019 - Laparoscopic Cholecystectomy.mp4,lapchole,lapchole__733904,False,True,0.0035445276025132394,107,123.79866098293077,0.0037234956176858836,832551
0019 - Laparoscopic Cholecystectomy.mp4,lapchole,lapchole__737263,False,False,0.0015420422692521095,64,103.9560926282213,0.008919585618174,832662
0019 - Laparoscopic Cholecystectomy.mp4,lapchole,lapchole__737393,False,False,0.0019164817429897115,84,108.24825763470609,0.012303428533002873,832776
0019 - Laparoscopic Cholecystectomy.mp4,lapchole,lapchole__737437,False,True,0.0016980458652643268,56,110.7478828504578,0.002444320799679859,832133
0019 - Laparoscopic Cholecystectomy.mp4,lapchole,lapchole__737463,False,False,0.000423085059328064,36,96.49734129502491,0.017363314679128446,831984
0019 - Laparoscopic Cholecystectomy.mp4,lapchole,lapchole__737647,False,False,0.08645297903857373,20,113.22411632379173,0.13990929759655438,833054
0019 - Laparoscopic Cholecystectomy.mp4,lapchole,lapchole__737660,False,False,0.016817734538007934,140,97.70656365522194,0.07172077144950206,827222
0019 - Laparoscopic Cholecystectomy.mp4,lapchole,lapchole__737672,False,True,0.007449687643734092,159,100.44005350782471,0.011385909688809103,806611
0019 - Laparoscopic Cholecystectomy.mp4,lapchole,lapchole__737703,False,True,0.01108637084968446,336,109.03719322417547,0.019979332997084476,812890
0019 - Laparoscopic Cholecystectomy.mp4,lapchole,lapchole__781962,False,False,0.0010472562366991252,38,100.3100911305083,0.04045867901596345,832652
0019 - Laparoscopic Cholecystectomy.mp4,lapchole,lapchole__782045,False,False,0.07035825913376934,125,92.40818821737189,0.23190581251805742,761460
0019 - Laparoscopic Cholecystectomy.mp4,lapchole,lapchole__782316,False,True,0.011605165733540567,119,97.31265348549077,0.049064862321821355,811966
0019 - Laparoscopic Cholecystectomy.mp4,lapchole,lapchole__801279,False,True,0.012252556593013591,133,112.69914603027316,0.08765634363703145,827664
0019 - Laparoscopic Cholecystectomy.mp4,lapchole,lapchole__801288,False,False,0.0022026749168892563,71,112.43027825284882,0.0021522319798612578,832624
0019 - Laparoscopic Cholecystectomy.mp4,lapchole,lapchole__801296,False,False,0.002457324425732659,165,113.50579647246511,0.05442300363429146,831799
0020 - Heico - Sigma - 1.avi,heico,heico__2031412,True,False,0.058324628316004275,130,136.46187202409874,0.0591779224565154,329312
0020 - Heico - Sigma - 1.avi,heico,heico__2031413,True,False,0.031742657954186605,141,134.6812343624748,0.026911725411130273,329336
0020 - Heico - Sigma - 1.avi,heico,heico__2031414,True,False,0.013175929744547682,169,135.17684857232965,0.02925086727638825,329768
0020 - Heico - Sigma - 1.avi,heico,heico__2031418,True,False,0.01741045596793592,169,136.56677138589896,0.03657498432241001,330089
0020 - Heico - Sigma - 1.avi,heico,heico__2031419,True,False,0.015292196678006562,153,137.27645007770303,0.03232324456306062,330103
0020 - Heico - Sigma - 1.avi,heico,heico__2031421,True,False,0.015250538058140592,151,136.3052593288672,0.034569098790505924,329890
0020 - Heico - Sigma - 1.avi,heico,heico__2031422,True,False,0.020722548603960996,153,135.75431530494822,0.04517291502634607,330220
0020 - Heico - Sigma - 1.avi,heico,heico__2031424,True,False,0.015419683967711722,183,136.47140220004061,0.0366016677629485,329903
0020 - Heico - Sigma - 1.avi,heico,heico__2031426,True,False,0.05545208517922476,134,139.21014532062756,0.0966764913295843,331818
0020 - Heico - Sigma - 1.avi,heico,heico__2031428,True,False,0.03617194816179802,181,136.89729933842855,0.053251971120442256,331030
0020 - Heico - Sigma - 1.avi,heico,heico__2031430,True,False,0.04082822279445568,166,134.8090255972645,0.0913496930671947,332809
0020 - Heico - Sigma - 1.avi,heico,heico__2031431,True,False,0.02471152771779997,153,136.95534228621645,0.05599729420397957,331141
0020 - Heico - Sigma - 1.avi,heico,heico__2031436,True,False,0.05094034535018318,126,131.54102077590426,0.11999844866883853,335196
0020 - Heico - Sigma - 1.avi,heico,heico__2031438,True,False,0.018459250931575653,124,135.542556310084,0.04300812049889541,330891
0020 - Heico - Sigma - 1.avi,heico,heico__2041123,True,False,0.04510778634806927,143,134.27219601471378,0.10410488103938777,331118
0020 - Heico - Sigma - 1.avi,heico,heico__2041142,False,False,0.0021478572854714095,41,145.38397032931795,0.1379680665049219,330562
0020 - Heico - Sigma - 1.avi,heico,heico__2041148,True,False,0.02873662278911256,179,139.9692917600312,0.06455836682360981,330693
0020 - Heico - Sigma - 1.avi,heico,heico__2041178,True,False,0.022773989658888195,245,141.7797578622332,0.04330529219828614,331299
0020 - Heico - Sigma - 1.avi,heico,heico__2041224,True,False,0.05296740374766524,200,138.4770711574381,0.08781105018979334,331940
0020 - Heico - Sigma - 1.avi,heico,heico__2041302,True,False,0.025954267739398705,136,133.28999758030366,0.08219103502510434,330620
0020 - Heico - Sigma - 1.avi,heico,heico__2041362,True,False,0.0783908416255041,47,119.57235962965615,0.20156835373565277,335256
0020 - Heico - Sigma - 1.avi,heico,heico__2041386,True,False,0.051829231602382814,205,138.72114447319333,0.11601781093928636,332380
0020 - Heico - Sigma - 1.avi,heico,heico__2041503,True,False,0.009150872859473712,109,140.29855214605072,0.007716035368441445,330351
0020 - Heico - Sigma - 1.avi,heico,heico__2041547,True,False,0.0295572904859921,132,134.41913380424302,0.07480149554630662,330849
0020 - Heico - Sigma - 1.avi,heico,heico__2041574,True,False,0.022738598234428937,195,138.28439707530103,0.07498391777983818,331111
0020 - Heico - Sigma - 1.avi,heico,heico__2041615,True,False,0.01347900758156314,106,134.56321654555754,0.03870746918759447,330143
0020 - Heico - Sigma - 1.avi,heico,heico__2044999,True,False,0.02042299342645351,89,131.1616630282097,0.03293766380657598,328894
0020 - Heico - Sigma - 1.avi,heico,heico__2045014,True,False,0.026956534894627755,215,139.4240033888561,0.056055310972934536,330495
0020 - Heico - Sigma - 1.avi,heico,heico__2045037,True,False,0.05545208517922476,134,139.21014532062756,0.0966764913295843,331818
0020 - Heico - Sigma - 1.avi,heico,heico__2045061,False,False,0.018459250931575653,124,135.542556310084,0.04300812049889541,330891
0020 - Heico - Sigma - 1.avi,heico,heico__2045070,True,False,0.02847059251578162,103,139.57840782986776,0.04108679437501137,329814
0020 - Heico - Sigma - 1.avi,heico,heico__2045109,False,False,0.05094034535018318,126,131.54102077590426,0.11999844866883853,335196
0020 - Heico - Sigma - 1.avi,heico,heico__2045175,True,False,0.016832283082888998,107,135.0038414929714,0.048512481822588466,330080
0020 - Heico - Sigma - 1.avi,heico,heico__2045176,True,False,0.022021501452[redacted-port],162,135.2090628468896,0.062837765917005,328815
0020 - Heico - Sigma - 1.avi,heico,heico__2045189,False,False,0.05608509626812455,115,131.39248870929404,0.1305918706917043,336560
0020 - Heico - Sigma - 1.avi,heico,heico__2045194,True,False,0.031340633683352895,218,130.84672001070123,0.05647637519988812,328934
0020 - Heico - Sigma - 1.avi,heico,heico__2045199,True,False,0.1057036088884575,129,124.78885363649047,0.17572781373792032,329686
0020 - Heico - Sigma - 1.avi,heico,heico__2045203,True,False,0.0524205506230671,181,138.227048798349,0.0943013114972372,330462
0020 - Heico - Sigma - 1.avi,heico,heico__2045220,True,False,0.08099522918050607,111,142.85734041910743,0.1558216075849991,331180
0020 - Heico - Sigma - 1.avi,heico,heico__2045239,False,False,0.03474123262712502,131,133.8938218066284,0.08048666636551174,332055
0020 - Heico - Sigma - 1.avi,heico,heico__2045285,True,False,0.051829231602382814,205,138.72114447319333,0.11601781093928636,332380
0020 - Heico - Sigma - 1.avi,heico,heico__2045305,True,False,0.004009797695727116,63,144.4736671807433,0.12112854939671595,330690
0020 - Heico - Sigma - 1.avi,heico,heico__2045316,True,False,0.04082822279445568,166,134.8090255972645,0.0913496930671947,332809
0020 - Heico - Sigma - 1.avi,heico,heico__2045347,False,False,0.010242046102863524,144,135.12192435148881,0.12003374564523372,329524
0020 - Heico - Sigma - 1.avi,heico,heico__2045359,True,False,0.03441227504383295,132,134.08730555277972,0.07083829198349034,330231
0020 - Heico - Sigma - 1.avi,heico,heico__2045369,False,False,0.02554960660373938,130,136.52308106017574,0.05618133694299078,330964
0020 - Heico - Sigma - 1.avi,heico,heico__2045403,True,False,0.04766508457780584,120,133.38979809484678,0.11708867451970864,330997
0020 - Heico - Sigma - 1.avi,heico,heico__2045405,True,False,0.04760483014861996,159,134.9809852103841,0.10764994692144374,331584
0020 - Heico - Sigma - 1.avi,heico,heico__2045408,True,False,0.012303790112171824,165,138.20221195813383,0.016889335504531065,330386
0020 - Heico - Sigma - 1.avi,heico,heico__2045434,True,False,0.00965003506904975,152,140.25281761675575,0.03196120637531139,330776
0020 - Heico - Sigma - 1.avi,heico,heico__2045440,True,False,0.01203871510391296,207,139.5006247787557,0.0135454454687656,330517
0020 - Heico - Sigma - 1.avi,heico,heico__2045450,True,False,0.08852840832616468,98,127.37159635540107,0.18086644078111924,341766
0020 - Heico - Sigma - 1.avi,heico,heico__2045456,False,False,0.049366134407026065,128,135.75253815458063,0.10960879215550198,334298
0020 - Heico - Sigma - 1.avi,heico,heico__2045457,False,False,0.030748220870066612,155,134.7693155091574,0.016415034216955223,329515
0020 - Heico - Sigma - 1.avi,heico,heico__2045458,True,False,0.058324628316004275,130,136.46187202409874,0.0591779224565154,329312
0020 - Heico - Sigma - 1.avi,heico,heico__2045461,True,False,0.013175929744547682,169,135.17684857232965,0.02925086727638825,329768
0020 - Heico - Sigma - 1.avi,heico,heico__2045462,True,False,0.012667361986999127,194,136.47698469486755,0.034100004851072084,329824
0020 - Heico - Sigma - 1.avi,heico,heico__2045465,True,False,0.01741045596793592,169,136.56677138589896,0.03657498432241001,330089
0020 - Heico - Sigma - 1.avi,heico,heico__2045466,True,False,0.049542831593382686,170,138.41990775610884,0.10870315411691628,333247
0020 - Heico - Sigma - 1.avi,heico,heico__2045467,True,False,0.01472046280771225,156,137.0570353503349,0.029213524027251806,329813
0020 - Heico - Sigma - 1.avi,heico,heico__2045468,True,False,0.015250538058140592,151,136.3052593288672,0.034569098790505924,329890
0020 - Heico - Sigma - 1.avi,heico,heico__2079723,True,False,0.026956534894627755,215,139.4240033888561,0.056055310972934536,330495
0020 - Heico - Sigma - 1.avi,heico,heico__2079731,False,False,0.009217108364122916,52,131.8372759202664,0.017065790874120027,328845
0020 - Heico - Sigma - 1.avi,heico,heico__2079844,True,False,0.011608738918312347,210,139.79925774243603,0.014482189145617384,330613
0020 - Heico - Sigma - 1.avi,heico,heico__2079845,True,False,0.01203871510391296,207,139.5006247787557,0.0135454454687656,330517
0020 - Heico - Sigma - 1.avi,heico,heico__2079847,True,False,0.017728148235500445,248,137.47601121200302,0.05549760066764031,330717
0020 - Heico - Sigma - 1.avi,heico,heico__2079850,True,False,0.021365828583523577,123,135.5901183798739,0.07007241885006728,330715
0020 - Heico - Sigma - 1.avi,heico,heico__2079853,True,False,0.01438240783382214,124,134.71455752963132,0.04872203504859782,330056
0020 - Heico - Sigma - 1.avi,heico,heico__2079859,True,False,0.012303790112171824,165,138.20221195813383,0.016889335504531065,330386
0020 - Heico - Sigma - 1.avi,heico,heico__2079865,True,False,0.08852840832616468,98,127.37159635540107,0.18086644078111924,341766
0020 - Heico - Sigma - 1.avi,heico,heico__2079866,True,False,0.05522179707945691,116,132.33131003577324,0.13328275089433111,337403
0020 - Heico - Sigma - 1.avi,heico,heico__2079887,True,False,0.004309811460838964,114,147.28070212502678,0.006325885729634783,331337
0020 - Heico - Sigma - 1.avi,heico,heico__2096344,True,False,0.058324628316004275,130,136.46187202409874,0.0591779224565154,329312
0020 - Heico - Sigma - 1.avi,heico,heico__2096350,True,False,0.01472046280771225,156,137.0570353503349,0.029213524027251806,329813
0020 - Heico - Sigma - 1.avi,heico,heico__2096356,False,False,0.03255820981218742,196,138.47426982759924,0.0732756145838055,330915
0020 - Heico - Sigma - 1.avi,heico,heico__2096358,True,False,0.04082822279445568,166,134.8090255972645,0.0913496930671947,332809
0020 - Heico - Sigma - 1.avi,heico,heico__2031423,False,False,0.01711979004088263,165,135.76247162612245,0.04048562137655355,329969
0020 - Heico - Sigma - 1.avi,heico,heico__2031427,False,False,0.03255820981218742,196,138.47426982759924,0.0732756145838055,330915
0020 - Heico - Sigma - 1.avi,heico,heico__2031432,False,False,0.02554960660373938,130,136.52308106017574,0.05618133694299078,330964
0020 - Heico - Sigma - 1.avi,heico,heico__2031439,False,False,0.015696375503738168,126,136.9811927673327,0.07580333578211303,330777
0020 - Heico - Sigma - 1.avi,heico,heico__2031440,False,False,0.014024440004715113,133,137.42210844156432,0.07514258684422898,330851
0020 - Heico - Sigma - 1.avi,heico,heico__2031441,False,False,0.01613552022308453,130,137.57142727522933,0.06332322153902921,330637
0020 - Heico - Sigma - 1.avi,heico,heico__2041134,False,False,0.03901320783361166,96,139.08519811750418,0.05793836344314559,329350
0020 - Heico - Sigma - 1.avi,heico,heico__2041136,False,False,0.0224607922589183,119,140.00599460333936,0.0903773716623718,329463
0020 - Heico - Sigma - 1.avi,heico,heico__2041161,False,False,0.035017024902140925,96,131.8358787305457,0.06888793884982611,329811
0020 - Heico - Sigma - 1.avi,heico,heico__2041164,False,False,0.0586654045230857,112,134.16320487381597,0.05344085825763506,329598
0020 - Heico - Sigma - 1.avi,heico,heico__2041167,False,False,0.06281816083295873,24,134.8018533817687,0.1387241978398474,329236
0020 - Heico - Sigma - 1.avi,heico,heico__2041172,False,False,0.028872067396451317,107,138.14673703803632,0.08382418475212887,329869
0020 - Heico - Sigma - 1.avi,heico,heico__2041175,False,False,0.04987051738463311,98,133.53843844572344,0.061414787096617685,329774
0020 - Heico - Sigma - 1.avi,heico,heico__2041212,False,False,0.0232210581424371,32,135.17093913032892,0.14631184216133294,328538
0020 - Heico - Sigma - 1.avi,heico,heico__2041216,False,False,0.0894780673197765,22,134.63701224959496,0.19607831261450873,330215
0020 - Heico - Sigma - 1.avi,heico,heico__2041218,False,False,0.0031171786809189323,102,146.26772327927196,0.14040922805945036,330427
0020 - Heico - Sigma - 1.avi,heico,heico__2041225,False,False,0.03737953622588441,125,136.10827889760807,0.21079866797352992,328522
0020 - Heico - Sigma - 1.avi,heico,heico__2041232,False,False,0.052107384177196014,58,132.10782353119413,0.17195103475441625,330030
0020 - Heico - Sigma - 1.avi,heico,heico__2041242,False,False,0.03943004992529427,122,135.61339479853746,0.0611858168434095,329292
0020 - Heico - Sigma - 1.avi,heico,heico__2041249,False,False,0.0996055443456649,17,90.07478653265007,0.18425189931809693,318667
0020 - Heico - Sigma - 1.avi,heico,heico__2041251,False,False,0.05446761061839645,96,138.3031806103063,0.16883262481403263,330031
0020 - Heico - Sigma - 1.avi,heico,heico__2041261,False,False,0.04224696541024003,108,133.68305497246814,0.11216878099236409,328710
0020 - Heico - Sigma - 1.avi,heico,heico__2041268,False,False,0.008925898712820094,170,143.09432062481292,0.027950883367652085,330723
0020 - Heico - Sigma - 1.avi,heico,heico__2041276,False,False,0.02245241525745052,168,139.2084386137863,0.07501023735497081,329675
0020 - Heico - Sigma - 1.avi,heico,heico__2041286,False,False,0.09174330795572573,56,118.49683779698142,0.5882383187020742,291727
0020 - Heico - Sigma - 1.avi,heico,heico__2041294,False,False,0.049607553456022274,120,129.62784151360947,0.07290811704695375,328962
0020 - Heico - Sigma - 1.avi,heico,heico__2041313,False,False,0.007148090512204131,143,143.1624321067642,0.167896868888095,330298
0020 - Heico - Sigma - 1.avi,heico,heico__2041314,False,False,0.03097188258502041,153,132.51678893605933,0.058392346875388246,330009
0020 - Heico - Sigma - 1.avi,heico,heico__2041319,False,False,0.0258343346054786,184,137.10475072106726,0.056946911895113084,330413
0020 - Heico - Sigma - 1.avi,heico,heico__2041329,False,False,0.02495210858827351,288,135.59747837676196,0.046097191483677455,329391
0020 - Heico - Sigma - 1.avi,heico,heico__2041331,False,False,0.032624290627294134,176,130.29140406295787,0.054675386785182294,328283
0020 - Heico - Sigma - 1.avi,heico,heico__2041333,False,False,0.013377366530711633,222,126.53427284348938,0.02529372374748889,328540
0020 - Heico - Sigma - 1.avi,heico,heico__2041353,False,False,0.067497416533579,104,138.01927372016135,0.08979553492149596,329983
0020 - Heico - Sigma - 1.avi,heico,heico__2041356,False,False,0.010011434688465562,160,133.39014487993578,0.16241515217867308,328824
0020 - Heico - Sigma - 1.avi,heico,heico__2041361,False,False,0.012170668023674948,133,135.84509205241446,0.03605764861966814,330138
0020 - Heico - Sigma - 1.avi,heico,heico__2041423,False,False,0.016832877911483014,88,130.26772725752966,0.03839221395809714,328999
0020 - Heico - Sigma - 1.avi,heico,heico__2041424,False,False,0.019572661028927935,77,137.65915848219726,0.10521104964297029,328264
0020 - Heico - Sigma - 1.avi,heico,heico__2041434,False,False,0.015547174857094235,124,132.1500259828665,0.05674597265569207,329063
0020 - Heico - Sigma - 1.avi,heico,heico__2041444,False,False,0.035434734368682955,139,127.3659441105751,0.015335698283435319,328971
0020 - Heico - Sigma - 1.avi,heico,heico__2041449,False,False,0.009684534961020124,134,141.86181180878708,0.06732942527346347,330940
0020 - Heico - Sigma - 1.avi,heico,heico__2041456,False,False,0.003288607863009969,81,150.01889663726988,0.15425900434144643,330535
0020 - Heico - Sigma - 1.avi,heico,heico__2041458,False,False,0.03152012889249606,197,138.32818407007022,0.08255817812629171,331439
0020 - Heico - Sigma - 1.avi,heico,heico__2041474,False,False,0.07670907044407162,47,138.61070844546114,0.1459517185513745,329609
0020 - Heico - Sigma - 1.avi,heico,heico__2041479,False,False,0.026592423296332896,151,133.91543651828096,0.044976447836656504,329906
0020 - Heico - Sigma - 1.avi,heico,heico__2041483,False,False,0.15326650577434703,42,152.72724232371897,0.375165336442713,331899
0020 - Heico - Sigma - 1.avi,heico,heico__2041498,False,False,0.01216077012133422,128,136.95807542594602,0.10551792665250645,329091
0020 - Heico - Sigma - 1.avi,heico,heico__2041517,False,False,0.017806237501595542,153,135.4753678861665,0.07559825189489487,329042
0020 - Heico - Sigma - 1.avi,heico,heico__2041568,False,False,0.018492740290630465,196,130.56714398978374,0.04658742215255376,330454
0020 - Heico - Sigma - 1.avi,heico,heico__2041570,False,False,0.012037467452960603,140,131.12380179802454,0.11050954156146794,329139
0020 - Heico - Sigma - 1.avi,heico,heico__2041590,False,False,0.10727607181546199,90,131.373238147538,0.21729488691435378,333243
0020 - Heico - Sigma - 1.avi,heico,heico__2041593,False,False,0.0441751309256101,106,136.6599375179221,0.04289832324665328,331295
0020 - Heico - Sigma - 1.avi,heico,heico__2041603,False,False,0.0038756289198764397,68,140.8837160050465,0.10229421499605176,330527
0020 - Heico - Sigma - 1.avi,heico,heico__2041605,False,False,0.011007059762980708,250,141.63138600025408,0.0317356611797729,330606
0020 - Heico - Sigma - 1.avi,heico,heico__2041613,False,False,0.016922508420363955,137,135.49305774310014,0.05960587850444644,330152
0020 - Heico - Sigma - 1.avi,heico,heico__2044974,False,False,0.01963672812319655,83,140.91471008109832,0.06404641132339094,329230
0020 - Heico - Sigma - 1.avi,heico,heico__2045024,False,False,0.023675022258957523,146,136.20636864480173,0.13286394535084067,329081
0020 - Heico - Sigma - 1.avi,heico,heico__2045029,False,False,0.019943072093427664,57,138.3538163968235,0.10324513473853128,327783
0020 - Heico - Sigma - 1.avi,heico,heico__2045034,False,False,0.03352209341805306,112,138.15674261531746,0.12583365669108018,329872
0020 - Heico - Sigma - 1.avi,heico,heico__2045036,False,False,0.03255820981218742,196,138.47426982759924,0.0732756145838055,330915
0020 - Heico - Sigma - 1.avi,heico,heico__2045038,False,False,0.008925898712820094,170,143.09432062481292,0.027950883367652085,330723
0020 - Heico - Sigma - 1.avi,heico,heico__2045049,False,False,0.030763261123944292,102,133.63587612239826,0.05646701467833173,329874
0020 - Heico - Sigma - 1.avi,heico,heico__2045073,False,False,0.1690999708610558,81,146.08986936040017,0.24088497401777476,329456
0020 - Heico - Sigma - 1.avi,heico,heico__2045075,False,False,0.01583615506665775,133,135.23588272126543,0.10552472081557718,328994
0020 - Heico - Sigma - 1.avi,heico,heico__2045077,False,False,0.03244847595544587,77,132.92008088623174,0.03881811512038952,329846
0020 - Heico - Sigma - 1.avi,heico,heico__2045092,False,False,0.009223302437889278,112,142.44093550639013,0.017274048733609146,330901
0020 - Heico - Sigma - 1.avi,heico,heico__2045099,False,False,0.0736584154217101,71,136.85820823185878,0.11464808016187464,330132
0020 - Heico - Sigma - 1.avi,heico,heico__2045111,False,False,0.045818535045381414,100,134.64151109492153,0.060613787451051816,329430
0020 - Heico - Sigma - 1.avi,heico,heico__2045123,False,False,0.009346276041035093,174,140.2836623578202,0.058575655421628306,329864
0020 - Heico - Sigma - 1.avi,heico,heico__2045126,False,False,0.014943386156747873,151,139.6513503023246,0.06908586988822783,329778
0020 - Heico - Sigma - 1.avi,heico,heico__2045131,False,False,0.011007059762980708,250,141.63138600025408,0.0317356611797729,330606
0020 - Heico - Sigma - 1.avi,heico,heico__2045134,False,False,0.16162259356626732,46,134.95143317171681,0.3525211268886847,329793
0020 - Heico - Sigma - 1.avi,heico,heico__2045153,False,False,0.11385524676047477,87,137.9344775017846,0.20094433219198798,330604
0020 - Heico - Sigma - 1.avi,heico,heico__2045162,False,False,0.025748720588680617,174,137.7210126275626,0.0429761075613966,330230
0020 - Heico - Sigma - 1.avi,heico,heico__2045164,False,False,0.038759596130694914,139,138.25134451697207,0.06939159472719464,330602
0020 - Heico - Sigma - 1.avi,heico,heico__2045169,False,False,0.023366741863691982,149,135.2156079876851,0.027125581056422057,329357
0020 - Heico - Sigma - 1.avi,heico,heico__2045174,False,False,0.05454179770350325,37,130.95000182842097,0.1596150564372608,328152
0020 - Heico - Sigma - 1.avi,heico,heico__2045182,False,False,0.021495134321838524,40,134.2397802557818,0.09549651758196423,329656
0020 - Heico - Sigma - 1.avi,heico,heico__2045191,False,False,0.014401377179215786,216,124.8037489202769,0.03709685268318795,328788
0020 - Heico - Sigma - 1.avi,heico,heico__2045202,False,False,0.014694473600146031,71,137.95354964328632,0.09454965849799966,328695
0020 - Heico - Sigma - 1.avi,heico,heico__2045206,False,False,0.009094589776593366,102,142.9328329798227,0.017276699117129857,330966
0020 - Heico - Sigma - 1.avi,heico,heico__2045245,False,False,0.02708691545782578,199,137.65018586685395,0.05292664616278788,330344
0020 - Heico - Sigma - 1.avi,heico,heico__2045250,False,False,0.018941659809247342,156,135.9937144540229,0.13173836338957937,329327
0020 - Heico - Sigma - 1.avi,heico,heico__2045254,False,False,0.003288607863009969,81,150.01889663726988,0.15425900434144643,330535
0020 - Heico - Sigma - 1.avi,heico,heico__2045282,False,False,0.019062623555438855,230,140.240630913684,0.042450253373535064,331329
0020 - Heico - Sigma - 1.avi,heico,heico__2045331,False,False,0.026355047240179015,188,134.28852288025615,0.04754945361487429,329804
0020 - Heico - Sigma - 1.avi,heico,heico__2045337,False,False,0.012841840522400496,121,135.5147766010636,0.03924973107283002,330015
0020 - Heico - Sigma - 1.avi,heico,heico__2045338,False,False,0.022822654049860412,58,138.85101742854175,0.10269888880064998,327394
0020 - Heico - Sigma - 1.avi,heico,heico__2045341,False,False,0.010070161207329698,130,138.09282890714385,0.10339849023251872,330382
0020 - Heico - Sigma - 1.avi,heico,heico__2045348,False,False,0.029962717242592744,157,134.49094323252731,0.02467821249048213,329643
0020 - Heico - Sigma - 1.avi,heico,heico__2045373,False,False,0.1018517393839277,33,138.85786123797493,0.21838560392576037,329312
0020 - Heico - Sigma - 1.avi,heico,heico__2045376,False,False,0.013592675260784403,134,135.61966929349063,0.08157123551830425,329295
0020 - Heico - Sigma - 1.avi,heico,heico__2045379,False,False,0.025248772439562174,212,134.90662655170007,0.06201341142002736,329719
0020 - Heico - Sigma - 1.avi,heico,heico__2045435,False,False,0.006996114949131532,230,138.7097337908724,0.040395458874393435,330755
0020 - Heico - Sigma - 1.avi,heico,heico__2045449,False,False,0.06223746275501991,83,132.11350113443424,0.16229851263064218,329239
0020 - Heico - Sigma - 1.avi,heico,heico__2045452,False,False,0.01450395147503483,76,138.30705607505064,0.09596395914071389,328738
0020 - Heico - Sigma - 1.avi,heico,heico__2045469,False,False,0.020722548603960996,153,135.75431530494822,0.04517291502634607,330220
0020 - Heico - Sigma - 1.avi,heico,heico__2045470,False,False,0.01711979004088263,165,135.76247162612245,0.04048562137655355,329969
0020 - Heico - Sigma - 1.avi,heico,heico__2079716,False,False,0.030096211939510044,115,140.48893820758585,0.03632311910060508,329377
0020 - Heico - Sigma - 1.avi,heico,heico__2079717,False,False,0.08695533222682256,42,138.30068518552295,0.03987086654385613,328962
0020 - Heico - Sigma - 1.avi,heico,heico__2079729,False,False,0.042144313257873454,149,136.43521621694867,0.1228044818230818,332097
0020 - Heico - Sigma - 1.avi,heico,heico__2079730,False,False,0.018471486043463388,31,128.28528184000461,0.007461850720605908,330347
0020 - Heico - Sigma - 1.avi,heico,heico__2079734,False,False,0.008137947769116442,89,127.17166429069732,0.12195698989960266,329690
0020 - Heico - Sigma - 1.avi,heico,heico__2079739,False,False,0.05017840739943552,113,136.5670111531151,0.12906873459587767,329863
0020 - Heico - Sigma - 1.avi,heico,heico__2079749,False,False,0.030271949894703623,109,136.24550138675633,0.04069538091799021,329546
0020 - Heico - Sigma - 1.avi,heico,heico__2079752,False,False,0.03055950479112165,111,137.9729993543126,0.10316447446200297,329881
0020 - Heico - Sigma - 1.avi,heico,heico__2079754,False,False,0.025202211901095038,113,139.4051089579569,0.130131089094503,329852
0020 - Heico - Sigma - 1.avi,heico,heico__2079757,False,False,0.01742952409821158,137,140.72932706880874,0.1209123976962716,329900
0020 - Heico - Sigma - 1.avi,heico,heico__2079760,False,False,0.03730225620441054,78,123.71160480951717,0.13650309538390643,329846
0020 - Heico - Sigma - 1.avi,heico,heico__2079764,False,False,0.04065427933394825,148,133.899606777028,0.05649242681683577,329584
0020 - Heico - Sigma - 1.avi,heico,heico__2079766,False,False,0.01967645587276559,148,138.2604515062844,0.0598996315781494,329785
0020 - Heico - Sigma - 1.avi,heico,heico__2079770,False,False,0.06730801198064479,178,138.73463657602602,0.08875469599567198,330867
0020 - Heico - Sigma - 1.avi,heico,heico__2079771,False,False,0.06880031877994222,184,139.46645716545464,0.09189677084371028,331263
0020 - Heico - Sigma - 1.avi,heico,heico__2079776,False,False,0.025748720588680617,174,137.7210126275626,0.0429761075613966,330230
0020 - Heico - Sigma - 1.avi,heico,heico__2079777,False,False,0.02983206773045992,194,138.70717605919748,0.045461707685128507,330014
0020 - Heico - Sigma - 1.avi,heico,heico__2079778,False,False,0.038759596130694914,139,138.25134451697207,0.06939159472719464,330602
0020 - Heico - Sigma - 1.avi,heico,heico__2079782,False,False,0.02914605421704985,155,139.16074683168736,0.03640304933061259,330302
0020 - Heico - Sigma - 1.avi,heico,heico__2079785,False,False,0.02028537412073427,278,133.85433649605773,0.04168235880116142,329252
0020 - Heico - Sigma - 1.avi,heico,heico__2079794,False,False,0.018306906875934684,193,136.74536563761728,0.05957707556642207,329657
0020 - Heico - Sigma - 1.avi,heico,heico__2079806,False,False,0.02442286163807449,239,139.07207648785212,0.07023993222595383,330510
0020 - Heico - Sigma - 1.avi,heico,heico__2079810,False,False,0.013610966342249748,198,144.00766904626275,0.05534984910371241,330028
0020 - Heico - Sigma - 1.avi,heico,heico__2079825,False,False,0.04284183357734744,192,132.01759014686127,0.09169396102817985,331265
0020 - Heico - Sigma - 1.avi,heico,heico__2079828,False,False,0.022056870321178458,181,135.9257184255011,0.06650567495773968,331280
0020 - Heico - Sigma - 1.avi,heico,heico__2079862,False,False,0.04481418618462902,167,137.68898381986295,0.11773182636274017,331703
0020 - Heico - Sigma - 1.avi,heico,heico__2079867,False,False,0.047471848750811695,151,137.3352983598512,0.11142598084248766,334177
0020 - Heico - Sigma - 1.avi,heico,heico__2079881,False,False,0.014024440004715113,133,137.42210844156432,0.07514258684422898,330851
0020 - Heico - Sigma - 1.avi,heico,heico__2079888,False,False,0.005598796243700221,123,143.898100699774,0.011946918698106138,330964
0020 - Heico - Sigma - 1.avi,heico,heico__2079889,False,False,0.016717807639403236,92,139.6227761234639,0.02214127000922049,330785
0020 - Heico - Sigma - 1.avi,heico,heico__2079894,False,False,0.018086938592341933,93,128.05259918252494,0.044603330543730065,329796
0020 - Heico - Sigma - 1.avi,heico,heico__2079908,False,False,0.0069135982633916765,100,119.68483234372198,0.038474751989103634,328917
0020 - Heico - Sigma - 1.avi,heico,heico__2079915,False,False,0.048900403063771754,77,125.51382715748713,0.014241180696776708,328484
0020 - Heico - Sigma - 1.avi,heico,heico__2096345,False,False,0.031742657954186605,141,134.6812343624748,0.026911725411130273,329336
0020 - Heico - Sigma - 1.avi,heico,heico__2096346,False,False,0.01564543472995883,183,135.47646221845483,0.03779365463792686,330320
0020 - Heico - Sigma - 1.avi,heico,heico__2096347,False,False,0.019629050631377397,174,135.6032683778085,0.049074141399452244,330072
0020 - Heico - Sigma - 1.avi,heico,heico__2096348,False,False,0.01741045596793592,169,136.56677138589896,0.03657498432241001,330089
0020 - Heico - Sigma - 1.avi,heico,heico__2096349,False,False,0.015292196678006562,153,137.27645007770303,0.03232324456306062,330103
0020 - Heico - Sigma - 1.avi,heico,heico__2096351,False,False,0.015250538058140592,151,136.3052593288672,0.034569098790505924,329890
0020 - Heico - Sigma - 1.avi,heico,heico__2096352,False,False,0.020722548603960996,153,135.75431530494822,0.04517291502634607,330220
0020 - Heico - Sigma - 1.avi,heico,heico__2096353,False,False,0.01711979004088263,165,135.76247162612245,0.04048562137655355,329969
0020 - Heico - Sigma - 1.avi,heico,heico__2096354,False,False,0.015419683967711722,183,136.47140220004061,0.0366016677629485,329903
0020 - Heico - Sigma - 1.avi,heico,heico__2096355,False,False,0.020530204574991138,169,134.79255617254216,0.04229034320007028,330099
0020 - Heico - Sigma - 1.avi,heico,heico__2096357,False,False,0.049542831593382686,170,138.41990775610884,0.10870315411691628,333247
0020 - Heico - Sigma - 1.avi,heico,heico__2096359,False,False,0.015696375503738168,126,136.9811927673327,0.07580333578211303,330777
0020 - Heico - Sigma - 1.avi,heico,heico__2096360,False,False,0.014024440004715113,133,137.42210844156432,0.07514258684422898,330851
0020 - Heico - Sigma - 1.avi,heico,heico__2096361,False,False,0.01613552022308453,130,137.57142727522933,0.06332322153902921,330637
0021 - Heico - Sigma - 2.avi,heico,heico__2112757,False,True,0.037579432369011526,95,130.87824366682082,0.09830487185196604,350298
0021 - Heico - Sigma - 2.avi,heico,heico__2112758,False,True,0.0035656532755295872,66,102.6831958860951,0.06371191135734072,346921
0021 - Heico - Sigma - 2.avi,heico,heico__2112819,False,True,0.030363083424948957,113,131.06881880095375,0.1240965747654878,350195
0021 - Heico - Sigma - 2.avi,heico,heico__2112821,False,True,0.037579432369011526,95,130.87824366682082,0.09830487185196604,350298
0021 - Heico - Sigma - 2.avi,heico,heico__2112823,False,True,0.021381494332374917,62,129.32418643999978,0.05772231781000452,349882
0021 - Heico - Sigma - 2.avi,heico,heico__2112824,False,True,0.0035656532755295872,66,102.6831958860951,0.06371191135734072,346921
0021 - Heico - Sigma - 2.avi,heico,heico__2123632,False,True,0.037579432369011526,95,130.87824366682082,0.09830487185196604,350298
0021 - Heico - Sigma - 2.avi,heico,heico__2123633,False,True,0.0035656532755295872,66,102.6831958860951,0.06371191135734072,346921
0021 - Heico - Sigma - 2.avi,heico,heico__2112745,False,True,0.02497060763341267,104,127.70206176698305,0.08205488486794942,348730
0021 - Heico - Sigma - 2.avi,heico,heico__2112746,False,True,0.021667173400489907,114,127.81372082217085,0.057383303024914095,348638
0021 - Heico - Sigma - 2.avi,heico,heico__2112747,False,True,0.02169268316465389,97,127.70758469581776,0.059712236405507484,348689
0021 - Heico - Sigma - 2.avi,heico,heico__2112748,False,True,0.023064415761687777,97,126.6292172207422,0.09614331309736493,348719
0021 - Heico - Sigma - 2.avi,heico,heico__2112749,False,True,0.024039523627819172,94,127.2286351208288,0.08599028549624015,348551
0021 - Heico - Sigma - 2.avi,heico,heico__2112750,False,True,0.022651466265146625,82,125.81436581343658,0.10757869075786908,348675
0021 - Heico - Sigma - 2.avi,heico,heico__2112751,False,True,0.027590426509789504,128,128.13104949903484,0.048683242945123634,348128
0021 - Heico - Sigma - 2.avi,heico,heico__2112752,False,True,0.04271449757183385,76,125.78544362437862,0.08077919321203499,348617
0021 - Heico - Sigma - 2.avi,heico,heico__2112753,False,True,0.0435199375498654,77,120.28606810967806,0.11271158714032338,348438
0021 - Heico - Sigma - 2.avi,heico,heico__2112754,False,True,0.04641546093071639,80,124.02240104081592,0.11407709259307021,348957
0021 - Heico - Sigma - 2.avi,heico,heico__2112755,False,True,0.056199739778869356,51,125.7490556953464,0.10319716622627775,348934
0021 - Heico - Sigma - 2.avi,heico,heico__2112756,False,True,0.03299610583667371,107,122.94865018527989,0.11861912911308502,350011
0021 - Heico - Sigma - 2.avi,heico,heico__2112759,False,False,0.029227053140096618,48,115.90235507246376,0.10714860823556475,347760
0021 - Heico - Sigma - 2.avi,heico,heico__2112760,False,False,0.012752552807801427,33,139.09431892581063,0.02353809398008293,348244
0021 - Heico - Sigma - 2.avi,heico,heico__2112761,False,False,0.011813713668882994,28,140.97091501016294,0.015014756376247402,348324
0021 - Heico - Sigma - 2.avi,heico,heico__2112762,False,False,0.00573405690986878,40,138.72353633675021,0.0805926436385563,348270
0021 - Heico - Sigma - 2.avi,heico,heico__2112763,False,False,0.012795804239992417,38,140.16745700983165,0.036193025640436464,348161
0021 - Heico - Sigma - 2.avi,heico,heico__2112764,False,False,0.005243856560707834,48,139.870801827596,0.017624067750856506,348217
0021 - Heico - Sigma - 2.avi,heico,heico__2112765,False,False,0.013409477409569335,27,138.18487728087513,0.10475364250586018,348112
0021 - Heico - Sigma - 2.avi,heico,heico__2112766,False,False,0.006174027159976223,22,133.70314703086726,0.09906298369195338,348233
0021 - Heico - Sigma - 2.avi,heico,heico__2112767,False,False,0.008892347183420093,38,139.37493719079927,0.07705935218231465,348277
0021 - Heico - Sigma - 2.avi,heico,heico__2112768,False,False,0.012313884917285375,28,139.31282837504952,0.04350772022302229,348306
0021 - Heico - Sigma - 2.avi,heico,heico__2112769,False,False,0.013421296655154496,26,140.66828870572766,0.048652559233134385,348327
0021 - Heico - Sigma - 2.avi,heico,heico__2112770,False,False,0.009333907550961815,36,139.32573069193225,0.07163939132931381,348300
0021 - Heico - Sigma - 2.avi,heico,heico__2112771,False,True,0.02497060763341267,104,127.70206176698305,0.08205488486794942,348730
0021 - Heico - Sigma - 2.avi,heico,heico__2112772,False,True,0.021667173400489907,114,127.81372082217085,0.057383303024914095,348638
0021 - Heico - Sigma - 2.avi,heico,heico__2112773,False,True,0.02169268316465389,97,127.70758469581776,0.059712236405507484,348689
0021 - Heico - Sigma - 2.avi,heico,heico__2112774,False,True,0.023064415761687777,97,126.6292172207422,0.09614331309736493,348719
0021 - Heico - Sigma - 2.avi,heico,heico__2112775,False,True,0.024039523627819172,94,127.2286351208288,0.08599028549624015,348551
0021 - Heico - Sigma - 2.avi,heico,heico__2112776,False,True,0.022651466265146625,82,125.81436581343658,0.10757869075786908,348675
0021 - Heico - Sigma - 2.avi,heico,heico__2112777,False,True,0.027590426509789504,128,128.13104949903484,0.048683242945123634,348128
0021 - Heico - Sigma - 2.avi,heico,heico__2112778,False,True,0.023412493546721733,92,126.73100728503412,0.09191762748809729,348660
0021 - Heico - Sigma - 2.avi,heico,heico__2112779,False,True,0.02367558170557135,110,124.73100259045805,0.08062262792358867,348587
0021 - Heico - Sigma - 2.avi,heico,heico__2112780,False,True,0.026837535271042188,63,126.94053531692322,0.0986671560643252,348728
0021 - Heico - Sigma - 2.avi,heico,heico__2112781,False,True,0.06466134290001552,68,127.96220183169768,0.06267499151991814,347874
0021 - Heico - Sigma - 2.avi,heico,heico__2112782,False,True,0.04271449757183385,76,125.78544362437862,0.08077919321203499,348617
0021 - Heico - Sigma - 2.avi,heico,heico__2112783,False,True,0.0435199375498654,77,120.28606810967806,0.11271158714032338,348438
0021 - Heico - Sigma - 2.avi,heico,heico__2112784,False,True,0.04388648167809693,83,122.860851100462,0.11709661683262074,348490
0021 - Heico - Sigma - 2.avi,heico,heico__2112785,False,True,0.04550278512382471,48,122.38585581606137,0.143048089995927,348638
0021 - Heico - Sigma - 2.avi,heico,heico__2112786,False,True,0.05341132281048844,54,125.65336257938726,0.14087709489197597,348765
0021 - Heico - Sigma - 2.avi,heico,heico__2112787,False,True,0.07103126361905636,57,130.5245401059706,0.09675551070027755,348776
0021 - Heico - Sigma - 2.avi,heico,heico__2112788,False,True,0.04931845846443582,95,121.26423083989803,0.003786660848395765,348328
0021 - Heico - Sigma - 2.avi,heico,heico__2112789,False,True,0.02724949593738438,87,122.75633197291398,0.004551620887551733,348667
0021 - Heico - Sigma - 2.avi,heico,heico__2112790,False,True,0.05215204970083743,74,129.05540026432956,0.0037871946377222936,348807
0021 - Heico - Sigma - 2.avi,heico,heico__2112791,False,True,0.041024833156703806,107,131.08188067482027,0.0065620256065076045,349130
0021 - Heico - Sigma - 2.avi,heico,heico__2112792,False,True,0.04255721689675733,83,126.19448585057103,0.004936247305416685,348848
0021 - Heico - Sigma - 2.avi,heico,heico__2112793,False,True,0.07752242200636496,84,128.8609277024569,0.023703877696584635,349099
0021 - Heico - Sigma - 2.avi,heico,heico__2112794,False,True,0.04641546093071639,80,124.02240104081592,0.11407709259307021,348957
0021 - Heico - Sigma - 2.avi,heico,heico__2112795,False,True,0.0698142184222892,73,127.7280494653479,0.09266157037580369,349012
0021 - Heico - Sigma - 2.avi,heico,heico__2112796,False,True,0.10354532998401461,83,131.05232644439369,0.13976649920073075,350320
0021 - Heico - Sigma - 2.avi,heico,heico__2112797,False,True,0.05684873780952763,73,127.28558241934651,0.08394440972600462,348838
0021 - Heico - Sigma - 2.avi,heico,heico__2112798,False,True,0.06326736590988594,61,126.27251847986282,0.07961967897510595,348758
0021 - Heico - Sigma - 2.avi,heico,heico__2112799,False,True,0.07476603358106249,52,126.12049844022387,0.08404154050830351,348768
0021 - Heico - Sigma - 2.avi,heico,heico__2112800,False,True,0.0814192113454362,62,127.44439062419389,0.10402180579997593,348898
0021 - Heico - Sigma - 2.avi,heico,heico__2112801,False,True,0.01820893382089338,45,116.5816849501685,0.1395282139528214,348675
0021 - Heico - Sigma - 2.avi,heico,heico__2112802,False,True,0.056199739778869356,51,125.7490556953464,0.10319716622627775,348934
0021 - Heico - Sigma - 2.avi,heico,heico__2112803,False,True,0.09952365337153311,70,131.90061154162566,0.30690414962346757,347646
0021 - Heico - Sigma - 2.avi,heico,heico__2112804,False,True,0.1064180351325492,80,122.99420142391753,0.1289243728085516,345947
0021 - Heico - Sigma - 2.avi,heico,heico__2112805,False,True,0.09579197491408245,109,128.63806856779246,0.11509655154622923,348881
0021 - Heico - Sigma - 2.avi,heico,heico__2112806,False,True,0.09612411549923561,100,134.6703189222213,0.14779301463101224,348643
0021 - Heico - Sigma - 2.avi,heico,heico__2112807,False,True,0.0930890518070042,96,128.8179853947576,0.12355920288087689,348505
0021 - Heico - Sigma - 2.avi,heico,heico__2112808,False,True,0.09068217485733632,89,129.07346785368975,0.10460282257486078,348547
0021 - Heico - Sigma - 2.avi,heico,heico__2112809,False,True,0.10770439800606899,110,130.41705051942017,0.14873601064653616,348658
0021 - Heico - Sigma - 2.avi,heico,heico__2112810,False,True,0.08686654726642327,97,127.42778581433262,0.09216780326513742,348408
0021 - Heico - Sigma - 2.avi,heico,heico__2112811,False,True,0.06892560274358193,89,126.4107933754215,0.06996248829554398,348158
0021 - Heico - Sigma - 2.avi,heico,heico__2112812,False,True,0.06862629679294097,90,127.53352495097096,0.07809902286490382,348263
0021 - Heico - Sigma - 2.avi,heico,heico__2112813,False,True,0.09474686193668251,85,134.3041957440464,0.2131359989907736,348782
0021 - Heico - Sigma - 2.avi,heico,heico__2112814,False,True,0.07595594526463276,100,131.60001894950818,0.28269507944437744,348294
0021 - Heico - Sigma - 2.avi,heico,heico__2112815,False,True,0.10105871582276484,75,128.62772463630859,0.2914151893720888,348441
0021 - Heico - Sigma - 2.avi,heico,heico__2112816,False,True,0.1167911053169414,69,131.5064430091856,0.17131544415062439,351311
0021 - Heico - Sigma - 2.avi,heico,heico__2112817,False,True,0.038696239682580666,68,134.8371705382989,0.008113357489793752,348561
0021 - Heico - Sigma - 2.avi,heico,heico__2112818,False,True,0.03068245069404197,75,130.85015407215283,0.008016342550883978,348538
0021 - Heico - Sigma - 2.avi,heico,heico__2112820,False,True,0.03299610583667371,107,122.94865018527989,0.11861912911308502,350011
0021 - Heico - Sigma - 2.avi,heico,heico__2112822,False,True,0.029913297685559226,64,132.01687511954756,0.07252218945469183,350279
0021 - Heico - Sigma - 2.avi,heico,heico__2112825,False,False,0.029227053140096618,48,115.90235507246376,0.10714860823556475,347760
0021 - Heico - Sigma - 2.avi,heico,heico__2112826,False,False,0.012752552807801427,33,139.09431892581063,0.02353809398008293,348244
0021 - Heico - Sigma - 2.avi,heico,heico__2112827,False,False,0.011813713668882994,28,140.97091501016294,0.015014756376247402,348324
0021 - Heico - Sigma - 2.avi,heico,heico__2112828,False,False,0.00573405690986878,40,138.72353633675021,0.0805926436385563,348270
0021 - Heico - Sigma - 2.avi,heico,heico__2112829,False,False,0.012795804239992417,38,140.16745700983165,0.036193025640436464,348161
0021 - Heico - Sigma - 2.avi,heico,heico__2112830,False,False,0.005243856560707834,48,139.870801827596,0.017624067750856506,348217
0021 - Heico - Sigma - 2.avi,heico,heico__2112831,False,False,0.013409477409569335,27,138.18487728087513,0.10475364250586018,348112
0021 - Heico - Sigma - 2.avi,heico,heico__2112832,False,False,0.006174027159976223,22,133.70314703086726,0.09906298369195338,348233
0021 - Heico - Sigma - 2.avi,heico,heico__2112833,False,False,0.008892347183420093,38,139.37493719079927,0.07705935218231465,348277
0021 - Heico - Sigma - 2.avi,heico,heico__2112834,False,False,0.012313884917285375,28,139.31282837504952,0.04350772022302229,348306
0021 - Heico - Sigma - 2.avi,heico,heico__2112835,False,False,0.013421296655154496,26,140.66828870572766,0.048652559233134385,348327
0021 - Heico - Sigma - 2.avi,heico,heico__2112836,False,False,0.009333907550961815,36,139.32573069193225,0.07163939132931381,348300
0021 - Heico - Sigma - 2.avi,heico,heico__2123627,False,True,0.04388648167809693,83,122.860851100462,0.11709661683262074,348490
0021 - Heico - Sigma - 2.avi,heico,heico__2123628,False,True,0.05341132281048844,54,125.65336257938726,0.14087709489197597,348765
0021 - Heico - Sigma - 2.avi,heico,heico__2123629,False,True,0.05215204970083743,74,129.05540026432956,0.0037871946377222936,348807
0021 - Heico - Sigma - 2.avi,heico,heico__2123630,False,True,0.041024833156703806,107,131.08188067482027,0.0065620256065076045,349130
0021 - Heico - Sigma - 2.avi,heico,heico__2123631,False,True,0.03299610583667371,107,122.94865018527989,0.11861912911308502,350011
0021 - Heico - Sigma - 2.avi,heico,heico__2123634,False,True,0.09612411549923561,100,134.6703189222213,0.14779301463101224,348643
0021 - Heico - Sigma - 2.avi,heico,heico__2123635,False,True,0.0930890518070042,96,128.8179853947576,0.12355920288087689,348505
0021 - Heico - Sigma - 2.avi,heico,heico__2123636,False,True,0.09068217485733632,89,129.07346785368975,0.10460282257486078,348547
0021 - Heico - Sigma - 2.avi,heico,heico__2123637,False,True,0.10770439800606899,110,130.41705051942017,0.14873601064653616,348658
0021 - Heico - Sigma - 2.avi,heico,heico__2123638,False,True,0.08686654726642327,97,127.42778581433262,0.09216780326513742,348408
0021 - Heico - Sigma - 2.avi,heico,heico__2123639,False,True,0.06862629679294097,90,127.53352495097096,0.07809902286490382,348263
0021 - Heico - Sigma - 2.avi,heico,heico__2123640,False,True,0.09474686193668251,85,134.3041957440464,0.2131359989907736,348782
0022 - Heico - Sigma - 3.avi,heico,heico__2148096,True,False,0.027871232991317132,161,130.01677612380308,0.016917551586281904,502023
0022 - Heico - Sigma - 3.avi,heico,heico__2148199,True,False,0.09665605095541402,116,125.60295979299363,0.06707006369426752,502400
0022 - Heico - Sigma - 3.avi,heico,heico__2148455,True,False,0.005912423835588144,154,119.25669492131333,0.0492278299001422,503516
0022 - Heico - Sigma - 3.avi,heico,heico__2150133,True,False,0.030957105967865342,175,127.88784549540934,0.0463350388931395,501888
0022 - Heico - Sigma - 3.avi,heico,heico__2150177,False,True,0.013627200162712837,344,138.52135306891168,0.016628215123918988,501497
0022 - Heico - Sigma - 3.avi,heico,heico__2150252,True,False,0.00130375497380529,60,124.66097984960967,0.04580485937786567,501628
0022 - Heico - Sigma - 3.avi,heico,heico__2150271,False,True,0.09327788639995237,190,143.5216153716367,0.10083269648758895,503785
0022 - Heico - Sigma - 3.avi,heico,heico__2150354,False,True,0.041885099281495766,177,135.69980513445722,0.1118188449969521,500345
0022 - Heico - Sigma - 3.avi,heico,heico__2150356,True,False,0.032252914257660095,62,136.66230135050722,0.09420621029754267,501071
0022 - Heico - Sigma - 3.avi,heico,heico__2150372,False,True,0.046157045117381966,187,133.0693415333432,0.1116598222176015,500162
0022 - Heico - Sigma - 3.avi,heico,heico__2150405,False,True,0.015466056055976193,307,133.62252371568306,0.02388522327447961,501356
0022 - Heico - Sigma - 3.avi,heico,heico__2150465,True,False,0.04848253862385339,52,137.13445249707704,0.07685863957488452,503769
0022 - Heico - Sigma - 3.avi,heico,heico__2184038,True,False,0.007831812911553018,277,134.706845975009,0.01142155956095708,502821
0022 - Heico - Sigma - 3.avi,heico,heico__2184042,True,False,0.12291049176148133,216,140.1059892596488,0.08321780284922077,502032
0022 - Heico - Sigma - 3.avi,heico,heico__2196889,False,True,0.009894327385421493,217,143.3227008418665,0.05501285963034553,500792
0022 - Heico - Sigma - 3.avi,heico,heico__2196895,False,True,0.005363836241240831,94,133.56962103678202,0.047375893889500184,500761
0022 - Heico - Sigma - 3.avi,heico,heico__2196898,False,True,0.004874455815513225,191,139.42436708923927,0.006201856764455197,500979
0022 - Heico - Sigma - 3.avi,heico,heico__2196903,True,False,0.06595694430386279,174,140.77070370877567,0.07913523426196614,503859
0022 - Heico - Sigma - 3.avi,heico,heico__2196979,True,False,0.005912581534798483,115,120.54363245877644,0.06245002223449717,501473
0022 - Heico - Sigma - 3.avi,heico,heico__2196980,True,False,0.03300920932217076,111,126.19986761225543,0.10589025773740572,501557
0022 - Heico - Sigma - 3.avi,heico,heico__2196981,True,False,0.011747538558758625,136,129.35467080777534,0.10269776750917496,501637
0022 - Heico - Sigma - 3.avi,heico,heico__2137865,False,True,0.007935493661988705,137,128.37458764986383,0.011092518191330463,500788
0022 - Heico - Sigma - 3.avi,heico,heico__2137872,False,True,0.008223904228152945,79,135.60410656135383,0.019646326196898517,500857
0022 - Heico - Sigma - 3.avi,heico,heico__2137873,False,True,0.010414502804365542,129,136.75828526230006,0.0415042105431361,500648
0022 - Heico - Sigma - 3.avi,heico,heico__2137918,False,True,0.008318066249166796,183,140.19284821923932,0.04285161192469037,501078
0022 - Heico - Sigma - 3.avi,heico,heico__2137995,False,True,0.04455602809843187,215,138.19831314106,0.03170405314717527,503658
0022 - Heico - Sigma - 3.avi,heico,heico__2138004,False,True,0.024586390675783467,280,144.67088047494136,0.040245804380349935,503978
0022 - Heico - Sigma - 3.avi,heico,heico__2138014,False,True,0.006849573515247202,170,121.73889203332439,0.01341118293663797,503535
0022 - Heico - Sigma - 3.avi,heico,heico__2138018,False,True,0.020795309773036785,530,128.93631810793434,0.01997260306797714,500786
0022 - Heico - Sigma - 3.avi,heico,heico__2138057,False,True,0.016254265870637222,199,128.32023601154083,0.08020236411154003,500484
0022 - Heico - Sigma - 3.avi,heico,heico__2138058,False,True,0.013714440898906919,305,124.17207949104008,0.08583506727424489,500786
0022 - Heico - Sigma - 3.avi,heico,heico__2138131,False,True,0.06560259705126471,236,124.62077004479595,0.02492421288818517,502724
0022 - Heico - Sigma - 3.avi,heico,heico__2138165,False,True,0.06872505985634478,181,136.00272745411013,0.04095770151636073,501200
0022 - Heico - Sigma - 3.avi,heico,heico__2138180,False,True,0.024573351574280266,135,120.55483168732087,0.07967366013920373,500705
0022 - Heico - Sigma - 3.avi,heico,heico__2138195,False,True,0.03791966666134517,155,122.94987747250116,0.12351929309216303,501112
0022 - Heico - Sigma - 3.avi,heico,heico__2148007,False,False,0.10192058301708157,16,118.47618763475508,0.008620346723313523,502764
0022 - Heico - Sigma - 3.avi,heico,heico__2148030,False,True,0.014960910515240618,140,129.69330830226016,0.1549922458088547,502309
0022 - Heico - Sigma - 3.avi,heico,heico__2148047,False,False,0.001476658657333707,17,136.15510878184605,0.05351546119249627,503163
0022 - Heico - Sigma - 3.avi,heico,heico__2148073,False,False,0.04848253862385339,52,137.13445249707704,0.07685863957488452,503769
0022 - Heico - Sigma - 3.avi,heico,heico__2148075,False,True,0.04338776306931127,157,120.0035036071817,0.009580642719707442,502054
0022 - Heico - Sigma - 3.avi,heico,heico__2148085,False,True,0.03146621456245187,104,123.6694823685326,0.09174810313229421,502539
0022 - Heico - Sigma - 3.avi,heico,heico__2148102,False,False,0.043617679337523696,64,132.85568791778908,0.09612092187967675,501150
0022 - Heico - Sigma - 3.avi,heico,heico__2148104,False,True,0.015454491125321221,157,128.15402298850574,0.09210342835514651,501990
0022 - Heico - Sigma - 3.avi,heico,heico__2148127,False,False,0.06532207049451526,21,124.31318634171261,0.07889574690142222,501117
0022 - Heico - Sigma - 3.avi,heico,heico__2148129,False,False,0.023521114413904674,129,139.34766661619503,0.04249778854506188,501932
0022 - Heico - Sigma - 3.avi,heico,heico__2148143,False,True,0.016347498376603976,169,125.69707629363748,0.11202627710473792,502034
0022 - Heico - Sigma - 3.avi,heico,heico__2148146,False,True,0.0037692906626205355,163,138.50106610233783,0.02022999061670227,500890
0022 - Heico - Sigma - 3.avi,heico,heico__2148168,False,False,0.02541787732686229,97,124.25556371531658,0.1467439892716881,501104
0022 - Heico - Sigma - 3.avi,heico,heico__2148180,False,True,0.07054103028734145,215,129.64062605786654,0.07511101375973238,502190
0022 - Heico - Sigma - 3.avi,heico,heico__2148184,False,False,0.0002191204056389715,24,118.94234061550307,0.022741421538511948,488316
0022 - Heico - Sigma - 3.avi,heico,heico__2148195,False,False,0.00032252082275061885,23,117.91067584238408,0.020461930448384572,496092
0022 - Heico - Sigma - 3.avi,heico,heico__2148201,False,True,0.010001453815468995,248,130.62256162285638,0.05407795239053068,502127
0022 - Heico - Sigma - 3.avi,heico,heico__2148217,False,False,0.01972496759881368,33,131.54175976209976,0.020830185978833876,503068
0022 - Heico - Sigma - 3.avi,heico,heico__2148218,False,True,0.047266679859041476,178,132.3129910911493,0.009896279950188791,500289
0022 - Heico - Sigma - 3.avi,heico,heico__2148221,False,True,0.10977016523600029,156,138.12048624094066,0.07717841828495056,502796
0022 - Heico - Sigma - 3.avi,heico,heico__2148236,False,False,0.011962441540329658,33,104.3626743771315,0.6337929956598579,499062
0022 - Heico - Sigma - 3.avi,heico,heico__2148244,False,False,0.022913866403815326,436,135.1149317482601,0.04012664655455659,502185
0022 - Heico - Sigma - 3.avi,heico,heico__2148248,False,False,0.13457083037007378,84,136.84190636697406,0.004077843583721296,501981
0022 - Heico - Sigma - 3.avi,heico,heico__2148251,False,True,0.05658606338022543,199,134.49131257938504,0.008409822576908636,500724
0022 - Heico - Sigma - 3.avi,heico,heico__2148256,False,False,0.019652175648304283,212,137.0355507218902,0.19300160641768854,501115
0022 - Heico - Sigma - 3.avi,heico,heico__2148308,False,False,0.02427293755740491,62,127.28146287135124,0.08595445063626057,501917
0022 - Heico - Sigma - 3.avi,heico,heico__2148351,False,False,0.04787452910462966,160,123.2856532212639,0.0490809800216522,500642
0022 - Heico - Sigma - 3.avi,heico,heico__2148365,False,False,0.03494857056571384,293,135.356773446239,0.07784650047386209,503311
0022 - Heico - Sigma - 3.avi,heico,heico__2148372,False,False,0.03828020407063861,84,134.12907846982935,0.1276778285670961,501199
0022 - Heico - Sigma - 3.avi,heico,heico__2148379,False,False,0.011088581171521448,81,130.1393432500478,0.0878601249282937,502048
0022 - Heico - Sigma - 3.avi,heico,heico__2148440,False,True,0.011934303666587131,246,128.32686908454625,0.07342122007476339,502920
0022 - Heico - Sigma - 3.avi,heico,heico__2148456,False,False,0.015025532286628706,145,128.76602021934735,0.02523249072816652,503676
0022 - Heico - Sigma - 3.avi,heico,heico__2148458,False,True,0.02516670251667025,178,130.98754212375422,0.08196704986337165,502092
0022 - Heico - Sigma - 3.avi,heico,heico__2148459,False,True,0.017899593073713436,88,115.82890824993893,0.08698372096256238,503531
0022 - Heico - Sigma - 3.avi,heico,heico__2148465,False,False,0.015917604866987005,316,132.45999620390998,0.04347921640710069,500515
0022 - Heico - Sigma - 3.avi,heico,heico__2148470,False,False,0.0424341561285258,89,139.24433012490363,0.09316267754783257,501907
0022 - Heico - Sigma - 3.avi,heico,heico__2148475,False,False,0.0004421592787530297,23,118.30056081211274,0.014556775888121532,493035
0022 - Heico - Sigma - 3.avi,heico,heico__2148498,False,False,0.023214646066057547,389,132.2021686183699,0.014861049783917378,500503
0022 - Heico - Sigma - 3.avi,heico,heico__2148501,False,False,0.012397583018995685,135,132.49126094870886,0.04425688190331279,502114
0022 - Heico - Sigma - 3.avi,heico,heico__2150006,False,True,0.010001453815468995,248,130.62256162285638,0.05407795239053068,502127
0022 - Heico - Sigma - 3.avi,heico,heico__2150017,False,True,0.043805781376775856,241,134.74306560924003,0.1237889177020857,502856
0022 - Heico - Sigma - 3.avi,heico,heico__2150019,False,True,0.05096412417496766,111,125.82872816940997,0.06700727802618175,501647
0022 - Heico - Sigma - 3.avi,heico,heico__2150025,False,True,0.006786779839494552,147,122.36265296679802,0.05234575681669512,501416
0022 - Heico - Sigma - 3.avi,heico,heico__2150040,False,False,0.007336371225963023,149,127.3703911070907,0.08319468880197177,501883
0022 - Heico - Sigma - 3.avi,heico,heico__2150046,False,True,0.017899593073713436,88,115.82890824993893,0.08698372096256238,503531
0022 - Heico - Sigma - 3.avi,heico,heico__2150055,False,False,0.030798977557751826,49,122.89780366474909,0.1854603284825193,501153
0022 - Heico - Sigma - 3.avi,heico,heico__2150063,False,False,0.05735574597056342,59,136.70674778186063,0.0660763623713999,500194
0022 - Heico - Sigma - 3.avi,heico,heico__2150105,False,True,0.019368980882564325,502,128.85867152188843,0.0185105329564148,500904
0022 - Heico - Sigma - 3.avi,heico,heico__2150135,False,False,0.06305320735952262,232,136.99046842366982,0.07600795624067629,502750
0022 - Heico - Sigma - 3.avi,heico,heico__2150138,False,False,0.0001931605083340711,24,121.91648021312042,0.021829149530378514,496996
0022 - Heico - Sigma - 3.avi,heico,heico__2150151,False,True,0.0077773009012965496,217,138.11733024583538,0.034716386030402537,500945
0022 - Heico - Sigma - 3.avi,heico,heico__2150154,False,False,0.006079390864967759,166,125.3733005112668,0.016155233757561865,501695
0022 - Heico - Sigma - 3.avi,heico,heico__2150156,False,True,0.007603590939586595,249,138.8681072489697,0.009778042235072362,500816
0022 - Heico - Sigma - 3.avi,heico,heico__2150159,False,False,0.08379330242553276,12,121.03627355393279,0.02997393397934616,502570
0022 - Heico - Sigma - 3.avi,heico,heico__2150163,False,False,0.016049937558166357,41,123.55147871807313,0.02746247524201182,502868
0022 - Heico - Sigma - 3.avi,heico,heico__2150169,False,True,0.010602744263165141,215,139.38873004503273,0.04514646112958932,501191
0022 - Heico - Sigma - 3.avi,heico,heico__2150172,False,False,0.026675747094163635,60,140.36630564002078,0.17496151770583795,502179
0022 - Heico - Sigma - 3.avi,heico,heico__2150180,False,False,0.026237184788131793,65,124.51680498958842,0.10174057726987416,501845
0022 - Heico - Sigma - 3.avi,heico,heico__2150183,False,True,0.0030091492514067323,145,123.74051628774416,0.029244857290048443,500806
0022 - Heico - Sigma - 3.avi,heico,heico__2150184,False,True,0.021621836860652638,164,130.98601947159895,0.13586517211858165,502270
0022 - Heico - Sigma - 3.avi,heico,heico__2150188,False,True,0.009254547957833741,136,135.28555009488008,0.014223031014109294,501159
0022 - Heico - Sigma - 3.avi,heico,heico__2150246,False,True,0.1397591032624915,47,122.36726406723143,0.082059679043098,502622
0022 - Heico - Sigma - 3.avi,heico,heico__2150254,False,False,0.024040522034155083,193,108.36675550629619,0.046271027981493185,501653
0022 - Heico - Sigma - 3.avi,heico,heico__2150255,False,False,0.058562408393272924,219,130.64566617809746,0.03450403568818368,500782
0022 - Heico - Sigma - 3.avi,heico,heico__2150260,False,False,0.060582605968952555,28,138.1837185486848,0.1323287170999099,503874
0022 - Heico - Sigma - 3.avi,heico,heico__2150262,False,False,0.0904834239314132,154,142.73274096637067,0.015607789181515605,502954
0022 - Heico - Sigma - 3.avi,heico,heico__2150279,False,True,0.014350134526292328,261,122.06046917039467,0.009466591310715934,502504
0022 - Heico - Sigma - 3.avi,heico,heico__2150285,False,False,0.08819390740725977,228,124.82455294145785,0.06086613357144566,501724
0022 - Heico - Sigma - 3.avi,heico,heico__2150299,False,False,0.03157863252976013,70,126.46423002532352,0.15109967896951207,501510
0022 - Heico - Sigma - 3.avi,heico,heico__2150301,False,False,0.021113124742461884,93,124.48803022847382,0.0986706032492809,499926
0022 - Heico - Sigma - 3.avi,heico,heico__2150322,False,True,0.004874455815513225,191,139.42436708923927,0.006201856764455197,500979
0022 - Heico - Sigma - 3.avi,heico,heico__2150342,False,True,0.009602314556664372,224,136.17832047799246,0.020603602405837192,503941
0022 - Heico - Sigma - 3.avi,heico,heico__2150350,False,True,0.04768310672780552,199,134.8261100739183,0.13484194914068465,500282
0022 - Heico - Sigma - 3.avi,heico,heico__2150371,False,True,0.015255821011144876,476,132.75916926554032,0.014179667690243543,500858
0022 - Heico - Sigma - 3.avi,heico,heico__2150392,False,False,0.019652175648304283,212,137.0355507218902,0.19300160641768854,501115
0022 - Heico - Sigma - 3.avi,heico,heico__2150393,False,True,0.024586390675783467,280,144.67088047494136,0.040245804380349935,503978
0022 - Heico - Sigma - 3.avi,heico,heico__2150397,False,False,0.10432476694632443,44,131.86190710527313,0.010433871330861507,501923
0022 - Heico - Sigma - 3.avi,heico,heico__2150408,False,True,0.01693726157685148,153,131.18934535032508,0.06562042835446671,501734
0022 - Heico - Sigma - 3.avi,heico,heico__2150430,False,False,0.0701415867653634,139,143.97462169009887,0.12427442992697103,503225
0022 - Heico - Sigma - 3.avi,heico,heico__2150437,False,False,0.014960930245561345,550,132.6828670190566,0.013836663864321216,500771
0022 - Heico - Sigma - 3.avi,heico,heico__2150466,False,True,0.03098718632036395,199,133.72641127140687,0.046106489882203575,500949
0022 - Heico - Sigma - 3.avi,heico,heico__2150476,False,False,0.06532207049451526,21,124.31318634171261,0.07889574690142222,501117
0022 - Heico - Sigma - 3.avi,heico,heico__2150478,False,True,0.010588920213253795,166,130.69507458699024,0.07040405772367125,501562
0022 - Heico - Sigma - 3.avi,heico,heico__2150481,False,False,0.002503039119950577,56,129.56174495306803,0.0649534665896092,501790
0022 - Heico - Sigma - 3.avi,heico,heico__2150497,False,True,0.006784298231158533,213,135.66552039756743,0.02912463293908824,503663
0022 - Heico - Sigma - 3.avi,heico,heico__2150503,False,False,0.060400897947831614,28,135.6363112620935,0.09310646244313328,503370
0022 - Heico - Sigma - 3.avi,heico,heico__2184009,False,True,0.008541811960921061,100,125.07020022293354,0.07044262839044764,503289
0022 - Heico - Sigma - 3.avi,heico,heico__2184034,False,False,0.02427293755740491,62,127.28146287135124,0.08595445063626057,501917
0022 - Heico - Sigma - 3.avi,heico,heico__2184066,False,False,0.009823735935421768,215,129.55571310457216,0.008988948047435124,500726
0022 - Heico - Sigma - 3.avi,heico,heico__2184079,False,False,0.0021995975374071047,68,127.60630989619654,0.061269948795600805,501910
0022 - Heico - Sigma - 3.avi,heico,heico__2184086,False,False,0.002503039119950577,56,129.56174495306803,0.0649534665896092,501790
0022 - Heico - Sigma - 3.avi,heico,heico__2184111,False,True,0.005844754691972645,163,121.5651147192801,0.010072620278584004,500962
0022 - Heico - Sigma - 3.avi,heico,heico__2184147,False,True,0.03300920932217076,111,126.19986761225543,0.10589025773740572,501557
0022 - Heico - Sigma - 3.avi,heico,heico__2184152,False,False,0.043617679337523696,64,132.85568791778908,0.09612092187967675,501150
0022 - Heico - Sigma - 3.avi,heico,heico__2184172,False,True,0.1537368005614794,93,138.54802696850825,0.051883162974170755,502957
0022 - Heico - Sigma - 3.avi,heico,heico__2184180,False,False,0.005151439548924704,94,132.46539194650967,0.051989421685544636,501025
0022 - Heico - Sigma - 3.avi,heico,heico__2184211,False,False,0.0022511385297612875,52,118.20065041752737,0.05953254480343912,501524
0022 - Heico - Sigma - 3.avi,heico,heico__2184229,False,True,0.05096412417496766,111,125.82872816940997,0.06700727802618175,501647
0022 - Heico - Sigma - 3.avi,heico,heico__2184230,False,True,0.10977016523600029,156,138.12048624094066,0.07717841828495056,502796
0022 - Heico - Sigma - 3.avi,heico,heico__2184232,False,True,0.04338776306931127,157,120.0035036071817,0.009580642719707442,502054
0022 - Heico - Sigma - 3.avi,heico,heico__2184236,False,True,0.049597325088085134,214,133.2890890279076,0.009959013446465808,500652
0022 - Heico - Sigma - 3.avi,heico,heico__2184238,False,True,0.047266679859041476,178,132.3129910911493,0.009896279950188791,500289
0022 - Heico - Sigma - 3.avi,heico,heico__2184243,False,True,0.015466056055976193,307,133.62252371568306,0.02388522327447961,501356
0022 - Heico - Sigma - 3.avi,heico,heico__2184269,False,False,0.03828020407063861,84,134.12907846982935,0.1276778285670961,501199
0022 - Heico - Sigma - 3.avi,heico,heico__2184297,False,False,0.03310049387975292,251,120.5703285962548,0.02479551069077474,502349
0022 - Heico - Sigma - 3.avi,heico,heico__2184336,False,False,0.0005310589635166485,30,124.6883662150669,0.008435053085931728,500886
0022 - Heico - Sigma - 3.avi,heico,heico__2184348,False,True,0.1613474577451755,126,136.58705001323418,0.15259101230479594,502487
0022 - Heico - Sigma - 3.avi,heico,heico__2184349,False,True,0.06100845462392772,124,101.21358840075834,0.047924819434670536,501619
0022 - Heico - Sigma - 3.avi,heico,heico__2184354,False,False,0.012999666572827882,72,129.11228110106836,0.020952004456344,500859
0022 - Heico - Sigma - 3.avi,heico,heico__2184371,False,False,0.02485195341997536,227,129.04393307102262,0.07100671674416756,503220
0022 - Heico - Sigma - 3.avi,heico,heico__2184374,False,False,0.04954473161033797,108,131.892944333996,0.06435387673956262,503000
0022 - Heico - Sigma - 3.avi,heico,heico__2184410,False,False,0.006093645312068201,118,114.27125568856204,0.027199726432106056,502983
0022 - Heico - Sigma - 3.avi,heico,heico__2184429,False,False,0.005838356486697201,127,131.28408748761242,0.04854330214093011,501511
0022 - Heico - Sigma - 3.avi,heico,heico__2184431,False,False,0.011231487133197207,36,119.96237083988619,0.015786512274311527,502961
0022 - Heico - Sigma - 3.avi,heico,heico__2184445,False,False,0.004760849204494849,140,134.2271248584626,0.055664392083091194,500751
0022 - Heico - Sigma - 3.avi,heico,heico__2184458,False,True,0.07865685281006922,89,119.8065074868152,0.1745808637759988,502283
0022 - Heico - Sigma - 3.avi,heico,heico__2184467,False,False,0.0077389767352983325,241,125.08672510708769,0.07148402044618545,502392
0022 - Heico - Sigma - 3.avi,heico,heico__2184478,False,True,0.019370211945198435,130,110.01425290774186,0.14616362916722755,497723
0022 - Heico - Sigma - 3.avi,heico,heico__2184479,False,False,0.008572355496995596,165,125.65473131527041,0.022719628046947927,502429
0022 - Heico - Sigma - 3.avi,heico,heico__2184480,False,False,0.04642948369999042,277,140.87518958140427,0.08258365528912162,501104
0022 - Heico - Sigma - 3.avi,heico,heico__2196892,False,True,0.006912225736687213,183,129.61252323248087,0.025096080938062055,499839
0022 - Heico - Sigma - 3.avi,heico,heico__2196899,False,False,0.027212499750563727,174,146.4948336758925,0.05346516871869575,501130
0022 - Heico - Sigma - 3.avi,heico,heico__2196904,False,False,0.0029493995509095477,40,101.69914529232757,0.019219954612350387,501458
0022 - Heico - Sigma - 3.avi,heico,heico__2196905,False,True,0.0033994221776555505,67,122.43803103561252,0.007781738034014078,503615
0022 - Heico - Sigma - 3.avi,heico,heico__2196906,False,True,0.028295221348533142,225,140.63807837798146,0.036335057336672846,503866
0022 - Heico - Sigma - 3.avi,heico,heico__2196910,False,True,0.006784298231158533,213,135.66552039756743,0.02912463293908824,503663
0022 - Heico - Sigma - 3.avi,heico,heico__2196918,False,True,0.009175582076615008,182,109.0196674077225,0.012877517115179338,498388
0022 - Heico - Sigma - 3.avi,heico,heico__2196919,False,False,0.024498001589145894,183,131.60768060563228,0.0903118000071871,500898
0022 - Heico - Sigma - 3.avi,heico,heico__2196931,False,True,0.019767080001915068,226,130.51092585499754,0.2248707329918131,501288
0022 - Heico - Sigma - 3.avi,heico,heico__2196933,False,True,0.04653385370847262,158,131.45899646507462,0.2224643708312673,500152
0022 - Heico - Sigma - 3.avi,heico,heico__2196935,False,True,0.009281269489570029,157,109.12205526918272,0.011496978307174553,501871
0022 - Heico - Sigma - 3.avi,heico,heico__2196940,False,True,0.1602806367408285,96,119.1689168368128,0.09997832997679916,502999
0022 - Heico - Sigma - 3.avi,heico,heico__2196943,False,True,0.09222426748902329,114,110.04752456312305,0.07796450798052482,501972
0022 - Heico - Sigma - 3.avi,heico,heico__2196972,False,False,0.08176469532012186,132,132.48667779925822,0.008926024128595398,501231
0022 - Heico - Sigma - 3.avi,heico,heico__2196975,False,False,0.02315580946282604,139,117.69985692703278,0.0883310488349058,499745
0022 - Heico - Sigma - 3.avi,heico,heico__2196976,False,False,0.02115623713215452,132,126.69428997477402,0.05414989265968122,500278
0022 - Heico - Sigma - 3.avi,heico,heico__2196977,False,False,0.018133316269192158,132,119.76769238152754,0.056383655219027586,500074
0022 - Heico - Sigma - 3.avi,heico,heico__2196978,False,False,0.023786301041312734,114,126.28307916774929,0.049461355505366456,500330
0022 - Heico - Sigma - 3.avi,heico,heico__2196982,False,True,0.03791966666134517,155,122.94987747250116,0.12351929309216303,501112
0023 - Heico - Sigma - 4.avi,heico,heico__2219531,True,False,0.00467067810254064,59,137.81024248145337,0.009555634059754564,345346
0023 - Heico - Sigma - 4.avi,heico,heico__2219551,True,False,0.015419055802018855,147,136.38391286304628,0.03876974872433323,342174
0023 - Heico - Sigma - 4.avi,heico,heico__2219594,True,False,0.025411905777634296,17,139.57598205947124,0.004488014666036365,346924
0023 - Heico - Sigma - 4.avi,heico,heico__2219647,True,False,0.07378479531484551,39,124.88384382431252,0.129526984062461,344407
0023 - Heico - Sigma - 4.avi,heico,heico__2219696,False,True,0.05866161498225294,80,136.64110954137865,0.005116873715673454,342592
0023 - Heico - Sigma - 4.avi,heico,heico__2219738,True,False,0.10665043070926469,42,125.12484014087994,0.02266722210731463,343271
0023 - Heico - Sigma - 4.avi,heico,heico__2221684,True,False,0.0021179608307984625,47,124.38453046057658,0.0015862916510507004,344199
0023 - Heico - Sigma - 4.avi,heico,heico__2221743,True,False,0.036127891642239715,131,138.52066548803032,0.011054034909903424,347294
0023 - Heico - Sigma - 4.avi,heico,heico__2221756,False,True,0.06543988722483383,97,140.3332983823521,0.16722005720310598,343338
0023 - Heico - Sigma - 4.avi,heico,heico__2221877,False,False,0.008438393394387648,33,142.27044028778636,0.004341554840920018,347341
0023 - Heico - Sigma - 4.avi,heico,heico__2221883,False,True,0.008735364700749036,120,132.91907788524472,0.06773325576321722,343775
0023 - Heico - Sigma - 4.avi,heico,heico__2221908,False,True,0.001696313422951353,120,136.90367902496834,0.004775238471458946,344276
0023 - Heico - Sigma - 4.avi,heico,heico__2221989,False,True,0.07641424828402783,67,128.13161257422203,0.09000134815917657,341206
0023 - Heico - Sigma - 4.avi,heico,heico__2221991,True,False,0.030329410939855334,107,134.7437045000409,0.04343748904495367,342308
0023 - Heico - Sigma - 4.avi,heico,heico__2222095,False,True,0.049571156475303524,83,133.28092464272777,0.15481893922574463,342316
0023 - Heico - Sigma - 4.avi,heico,heico__2222123,False,True,0.0043893772425885715,83,135.88072622130358,0.014944784421194422,344468
0023 - Heico - Sigma - 4.avi,heico,heico__2222151,False,True,0.11533119626814503,54,118.84096249978023,0.2280721288802677,341278
0023 - Heico - Sigma - 4.avi,heico,heico__2222153,False,True,0.003345188108955902,50,139.03299756055918,0.08526178411961652,345571
0023 - Heico - Sigma - 4.avi,heico,heico__2222157,False,True,0.10451688520987473,58,123.43024833345542,0.024414328620613875,341275
0023 - Heico - Sigma - 4.avi,heico,heico__2222158,False,True,0.10928446577211469,60,123.55381804660531,0.030581263596145793,341549
0023 - Heico - Sigma - 4.avi,heico,heico__2222168,False,True,0.0658109042335048,85,128.89007007018736,0.08454413367235743,341372
0023 - Heico - Sigma - 4.avi,heico,heico__2250791,True,False,0.1990363538607883,17,118.51711638789268,0.004691201928473942,338506
0023 - Heico - Sigma - 4.avi,heico,heico__2262204,False,True,0.06181210289742406,88,135.439964812401,0.07940297984019452,342166
0023 - Heico - Sigma - 4.avi,heico,heico__2262224,False,True,0.06222694015054481,69,132.05567350376361,0.08039583808537891,341958
0023 - Heico - Sigma - 4.avi,heico,heico__2262237,True,False,0.01905237370981412,62,136.32271191557047,0.046632455213570026,344524
0023 - Heico - Sigma - 4.avi,heico,heico__2262239,True,False,0.00651409215269032,33,145.5488745096336,0.18648253499515063,345405
0023 - Heico - Sigma - 4.avi,heico,heico__2262243,True,False,0.002888391169027604,79,136.5921318246604,0.009741411908432474,343790
0023 - Heico - Sigma - 4.avi,heico,heico__2262249,True,False,0.02311923509888505,67,139.97493767871012,0.06354589959363902,343783
0023 - Heico - Sigma - 4.avi,heico,heico__2262261,True,False,0.07873777275599678,41,135.1848610775409,0.023888081585821494,343393
0023 - Heico - Sigma - 4.avi,heico,heico__2262265,False,True,0.04353186811908598,69,141.54864402738116,0.009543860465386786,343886
0023 - Heico - Sigma - 4.avi,heico,heico__2211480,False,True,0.06400857273355429,136,130.79773267593427,0.046040380854228395,341548
0023 - Heico - Sigma - 4.avi,heico,heico__2211484,False,True,0.03790855418333114,125,122.01176694648325,0.09283171449918692,341295
0023 - Heico - Sigma - 4.avi,heico,heico__2211496,False,True,0.03999649050975346,75,126.05955897405902,0.06359781241774633,341930
0023 - Heico - Sigma - 4.avi,heico,heico__2211523,False,True,0.058010547905068856,98,110.84695575739818,0.14089950190448286,341300
0023 - Heico - Sigma - 4.avi,heico,heico__2211535,False,True,0.0694498406457135,92,126.59073554199446,0.13867182364987043,342319
0023 - Heico - Sigma - 4.avi,heico,heico__2211540,False,True,0.008434749061831445,101,131.80156712143,0.09515542617987117,342156
0023 - Heico - Sigma - 4.avi,heico,heico__2211542,False,True,0.02377894656960895,100,132.6999071841781,0.11602853356838892,342614
0023 - Heico - Sigma - 4.avi,heico,heico__2211544,False,True,0.01731916452913155,90,128.84017002565042,0.042324661048002934,341125
0023 - Heico - Sigma - 4.avi,heico,heico__2211547,False,True,0.05454148916062056,57,120.07462669206275,0.005051107201535397,343885
0023 - Heico - Sigma - 4.avi,heico,heico__2211575,False,True,0.0676990289288007,20,123.742252199652,0.14420247546178894,344259
0023 - Heico - Sigma - 4.avi,heico,heico__2211602,False,True,0.016062776337524422,86,138.0893395769042,0.042933742862036633,344461
0023 - Heico - Sigma - 4.avi,heico,heico__2219543,False,False,0.001421524024918822,51,123.52907728846472,0.0007034945072195397,343997
0023 - Heico - Sigma - 4.avi,heico,heico__2219569,False,False,0.028459318967029995,66,139.46747444759924,0.07176822900934644,347619
0023 - Heico - Sigma - 4.avi,heico,heico__2219582,False,True,0.02469074338729705,162,125.83224293044069,0.036085795281493804,341464
0023 - Heico - Sigma - 4.avi,heico,heico__2219641,False,False,0.03252816182077141,51,142.27123681825375,0.059146297601749415,347545
0023 - Heico - Sigma - 4.avi,heico,heico__2219642,False,False,0.012612778759123876,51,139.82357382236066,0.009492002109333802,347029
0023 - Heico - Sigma - 4.avi,heico,heico__2219643,False,False,0.006065172457592869,110,127.55506576136534,0.012785649126453505,346404
0023 - Heico - Sigma - 4.avi,heico,heico__2219668,False,True,0.015657383042637914,56,132.87168746943624,0.008464709032904081,343544
0023 - Heico - Sigma - 4.avi,heico,heico__2219689,False,False,0.02509769339834699,55,133.70679588707912,0.053518115064956025,347004
0023 - Heico - Sigma - 4.avi,heico,heico__2219695,False,False,0.021700438904696626,53,139.01296266430126,0.06043003444422685,347228
0023 - Heico - Sigma - 4.avi,heico,heico__2219712,False,False,0.017690319439936947,56,121.4793685381798,0.011692127590523436,345104
0023 - Heico - Sigma - 4.avi,heico,heico__2219715,False,False,0.02799995390005532,170,138.6315000921999,0.00665279826664208,347072
0023 - Heico - Sigma - 4.avi,heico,heico__2219717,False,True,0.13584333566571577,14,87.09137257716299,0.26068261059380066,334422
0023 - Heico - Sigma - 4.avi,heico,heico__2219728,False,False,0.0222218992107214,27,136.2935244269372,0.04958646452606945,343985
0023 - Heico - Sigma - 4.avi,heico,heico__2219754,False,True,0.05332283943754279,75,121.4711222811935,0.031935187514994766,341786
0023 - Heico - Sigma - 4.avi,heico,heico__2219777,False,False,0.029725750857304053,57,123.710952628625,0.08707329472159289,340311
0023 - Heico - Sigma - 4.avi,heico,heico__2219817,False,False,0.004883045731435362,61,142.7081739941127,0.03911616009023707,347529
0023 - Heico - Sigma - 4.avi,heico,heico__2219862,False,False,0.03255001083267134,144,128.64371199537806,0.05832310247707084,346175
0023 - Heico - Sigma - 4.avi,heico,heico__2219873,False,False,0.012905361640878014,57,142.81520834832673,0.019785534364879453,347375
0023 - Heico - Sigma - 4.avi,heico,heico__2219885,False,True,0.05137845714939816,65,121.03186902529153,0.09501712615238313,340707
0023 - Heico - Sigma - 4.avi,heico,heico__2219907,False,False,0.004495980691188626,44,144.4916488814772,0.01763253926422599,347199
0023 - Heico - Sigma - 4.avi,heico,heico__2219914,False,False,0.12019599688373156,59,135.1094735732235,0.18276152931459666,341434
0023 - Heico - Sigma - 4.avi,heico,heico__2219948,False,False,0.01630466110976608,66,141.01012232098594,0.03448852304038552,346956
0023 - Heico - Sigma - 4.avi,heico,heico__2219951,False,True,0.013970699290137441,79,132.19701009608124,0.07686498669733831,344292
0023 - Heico - Sigma - 4.avi,heico,heico__2219964,False,True,0.04041885670048486,80,129.5935035302472,0.02597481970419264,343602
0023 - Heico - Sigma - 4.avi,heico,heico__2219993,False,True,0.0621064524994656,79,121.95303386569762,0.12641157968668887,327470
0023 - Heico - Sigma - 4.avi,heico,heico__2219994,False,True,0.053374454561727326,66,134.10362373489133,0.05859188158964262,340781
0023 - Heico - Sigma - 4.avi,heico,heico__2220028,False,True,0.03386240596217394,46,116.20170674260001,0.031943565586257,341352
0023 - Heico - Sigma - 4.avi,heico,heico__2221682,False,False,0.002292958090305931,44,126.8579702816357,0.0013920493349259076,344097
0023 - Heico - Sigma - 4.avi,heico,heico__2221686,False,False,0.05970267000929156,130,126.3936671283229,0.15319390146269057,342246
0023 - Heico - Sigma - 4.avi,heico,heico__2221712,False,False,0.04158070379483463,84,133.18159741906828,0.07864360816126148,342202
0023 - Heico - Sigma - 4.avi,heico,heico__2221780,False,False,0.012415528624531035,65,139.8175850184419,0.06258727869003504,347307
0023 - Heico - Sigma - 4.avi,heico,heico__2221792,False,True,0.0337287721014746,59,132.93533498730403,0.04524541663754746,343416
0023 - Heico - Sigma - 4.avi,heico,heico__2221809,False,True,0.08049503877920884,78,116.25183209437006,0.009372008115965792,341549
0023 - Heico - Sigma - 4.avi,heico,heico__2221818,False,True,0.005338016313024295,52,137.55361527967258,0.01449304809729761,344510
0023 - Heico - Sigma - 4.avi,heico,heico__2221841,False,False,0.02509769339834699,55,133.70679588707912,0.053518115064956025,347004
0023 - Heico - Sigma - 4.avi,heico,heico__2221850,False,True,0.16492510860936077,103,125.08998977621931,0.3075746790055103,341361
0023 - Heico - Sigma - 4.avi,heico,heico__2221871,False,True,0.023678664167025697,82,130.85969794711164,0.02925627918350237,343516
0023 - Heico - Sigma - 4.avi,heico,heico__2221884,False,False,0.12885197502570378,13,129.5437538412053,0.24844772227295964,348198
0023 - Heico - Sigma - 4.avi,heico,heico__2221910,False,False,0.024287752592626964,73,137.81128343734775,0.014958355566897896,344824
0023 - Heico - Sigma - 4.avi,heico,heico__2221927,False,False,0.008413262233703669,12,130.74507699065873,0.06301801054857845,343743
0023 - Heico - Sigma - 4.avi,heico,heico__2221949,False,False,0.028459318967029995,66,139.46747444759924,0.07176822900934644,347619
0023 - Heico - Sigma - 4.avi,heico,heico__2221988,False,False,0.021700438904696626,53,139.01296266430126,0.06043003444422685,347228
0023 - Heico - Sigma - 4.avi,heico,heico__2221992,False,True,0.041277238177518306,122,135.45373545915473,0.13246822758040916,343773
0023 - Heico - Sigma - 4.avi,heico,heico__2222020,False,False,0.012905361640878014,57,142.81520834832673,0.019785534364879453,347375
0023 - Heico - Sigma - 4.avi,heico,heico__2222024,False,False,0.014550549997554287,64,138.50847511271857,0.0766486259412396,347547
0023 - Heico - Sigma - 4.avi,heico,heico__2222028,False,False,0.07410052360311528,50,136.30650245411522,0.10648255192860968,341671
0023 - Heico - Sigma - 4.avi,heico,heico__2222033,False,False,0.02655708794153752,162,133.261127408321,0.07921884815546962,347026
0023 - Heico - Sigma - 4.avi,heico,heico__2222060,False,False,0.002561651471000199,119,135.17223423948985,0.040310632730801335,346261
0023 - Heico - Sigma - 4.avi,heico,heico__2222067,False,True,0.01614337226826332,132,129.2349534034298,0.014942384660006821,343051
0023 - Heico - Sigma - 4.avi,heico,heico__2222083,False,False,0.003254591967402283,75,145.09301629598082,0.02481950107766993,347509
0023 - Heico - Sigma - 4.avi,heico,heico__2222084,False,True,0.05991272969911939,93,126.51586054311275,0.1283768953195375,341697
0023 - Heico - Sigma - 4.avi,heico,heico__2222091,False,True,0.01476129456025476,113,127.38584041732766,0.05553812454732323,341027
0023 - Heico - Sigma - 4.avi,heico,heico__2222108,False,False,0.0048602251325713195,36,114.14110853634898,0.007981762583788255,345663
0023 - Heico - Sigma - 4.avi,heico,heico__2222142,False,True,0.023792387018943578,55,125.19049644935413,0.01227646374902747,343177
0023 - Heico - Sigma - 4.avi,heico,heico__2222143,False,True,0.05709597932927943,75,131.15425794688008,0.14327587807149123,333999
0023 - Heico - Sigma - 4.avi,heico,heico__2250681,False,True,0.047970339441466885,105,128.5163726633977,0.081449577927679,342003
0023 - Heico - Sigma - 4.avi,heico,heico__2250692,False,True,0.0208161286056456,90,124.99480111089886,0.08990933537096087,340265
0023 - Heico - Sigma - 4.avi,heico,heico__2250693,False,True,0.01839912396278013,110,130.3348412182539,0.09899337701807705,341538
0023 - Heico - Sigma - 4.avi,heico,heico__2250718,False,False,0.017690319439936947,56,121.4793685381798,0.011692127590523436,345104
0023 - Heico - Sigma - 4.avi,heico,heico__2250719,False,False,0.0048602251325713195,36,114.14110853634898,0.007981762583788255,345663
0023 - Heico - Sigma - 4.avi,heico,heico__2250720,False,False,0.006065172457592869,110,127.55506576136534,0.012785649126453505,346404
0023 - Heico - Sigma - 4.avi,heico,heico__2250726,False,True,0.04663175999367109,54,123.76988552291154,0.041574492148928624,341291
0023 - Heico - Sigma - 4.avi,heico,heico__2250729,False,False,0.0012959653634369234,28,124.77934591523922,0.0008717255807871682,344145
0023 - Heico - Sigma - 4.avi,heico,heico__2250743,False,True,0.034124151649894685,167,128.56086473203837,0.08620699742569624,341840
0023 - Heico - Sigma - 4.avi,heico,heico__2250751,False,True,0.04274384442226915,97,138.72519203545983,0.029133113643220163,344728
0023 - Heico - Sigma - 4.avi,heico,heico__2250754,False,True,0.039590992045127095,59,131.61196345357328,0.08410975570710466,343563
0023 - Heico - Sigma - 4.avi,heico,heico__2250760,False,True,0.004830397437763867,93,134.40232930557576,0.012202649585092444,343450
0023 - Heico - Sigma - 4.avi,heico,heico__2250763,False,True,0.04041885670048486,80,129.5935035302472,0.02597481970419264,343602
0023 - Heico - Sigma - 4.avi,heico,heico__2250767,False,False,0.08778716440867117,54,138.8171746433755,0.0860987273116265,345882
0023 - Heico - Sigma - 4.avi,heico,heico__2250779,False,False,0.06960102295789683,41,131.13929882805627,0.07154839693581878,340972
0023 - Heico - Sigma - 4.avi,heico,heico__2250808,False,False,0.01731916452913155,90,128.84017002565042,0.042324661048002934,341125
0023 - Heico - Sigma - 4.avi,heico,heico__2250809,False,False,0.029725750857304053,57,123.710952628625,0.08707329472159289,340311
0023 - Heico - Sigma - 4.avi,heico,heico__2250815,False,True,0.01308308032017665,132,144.92170199166145,0.03234016589915307,344185
0023 - Heico - Sigma - 4.avi,heico,heico__2250866,False,False,0.014332875631774227,77,137.69184609541617,0.051298606444827484,342290
0023 - Heico - Sigma - 4.avi,heico,heico__2250902,False,False,0.07867167655768983,36,123.69701572028889,0.06636935070407697,341724
0023 - Heico - Sigma - 4.avi,heico,heico__2250911,False,False,0.015226497412452716,99,138.0425726949943,0.16848355805156529,344728
0023 - Heico - Sigma - 4.avi,heico,heico__2250913,False,False,0.016748825779057425,106,132.4602422603208,0.09925402434236356,343845
0023 - Heico - Sigma - 4.avi,heico,heico__2262194,False,False,0.03999649050975346,75,126.05955897405902,0.06359781241774633,341930
0023 - Heico - Sigma - 4.avi,heico,heico__2262220,False,True,0.07175236974799754,83,127.01503352326435,0.12495061500776991,341703
0023 - Heico - Sigma - 4.avi,heico,heico__2262222,False,True,0.08260553769014943,18,125.42518495088477,0.1207262141154281,341442
0023 - Heico - Sigma - 4.avi,heico,heico__2262230,False,True,0.049571156475303524,83,133.28092464272777,0.15481893922574463,342316
0023 - Heico - Sigma - 4.avi,heico,heico__2262232,False,True,0.02377894656960895,100,132.6999071841781,0.11602853356838892,342614
0023 - Heico - Sigma - 4.avi,heico,heico__2262235,False,True,0.04186737137958159,83,124.9879915976537,0.0684414119005742,339429
0023 - Heico - Sigma - 4.avi,heico,heico__2262244,False,False,0.002453863019267907,65,134.75723018396712,0.012089268342263072,344355
0023 - Heico - Sigma - 4.avi,heico,heico__2262245,False,False,0.006398320078427278,77,142.59925807331095,0.024169175527440846,344778
0023 - Heico - Sigma - 4.avi,heico,heico__2262246,False,False,0.03899253352958049,63,138.69237968030643,0.03651819680538212,345143
0023 - Heico - Sigma - 4.avi,heico,heico__2262254,False,False,0.0043893772425885715,83,135.88072622130358,0.014944784421194422,344468
0023 - Heico - Sigma - 4.avi,heico,heico__2262256,False,True,0.005580758565478194,94,137.5134790982608,0.02047535068280175,344756
0023 - Heico - Sigma - 4.avi,heico,heico__2262260,False,True,0.07242147568913547,123,132.7543459583825,0.014314213737567895,343365
0024 - Heico - Sigma - 5.avi,heico,heico__2278501,True,False,0.03389728926569192,148,134.04765198716427,0.012893156363545556,400445
0024 - Heico - Sigma - 5.avi,heico,heico__2278502,True,False,0.03303390249320477,166,135.1963813712252,0.013640368502105335,400649
0024 - Heico - Sigma - 5.avi,heico,heico__2278503,True,False,0.02355273275612411,172,135.88656041223524,0.01471484066828445,400548
0024 - Heico - Sigma - 5.avi,heico,heico__2278505,True,False,0.024867312752455274,178,135.8023022423271,0.0157552063829681,400566
0024 - Heico - Sigma - 5.avi,heico,heico__2278507,True,False,0.03470903858835755,160,134.97602465977897,0.04198806978277812,400328
0024 - Heico - Sigma - 5.avi,heico,heico__2278510,True,False,0.03774005302383569,100,114.23248373359904,0.060994935447610796,399443
0024 - Heico - Sigma - 5.avi,heico,heico__2278511,True,False,0.04107691305633076,165,127.36881541567922,0.14465226039511195,399178
0024 - Heico - Sigma - 5.avi,heico,heico__2278512,True,False,0.04017799012390196,114,118.05676252291235,0.15047277061610426,399348
0024 - Heico - Sigma - 5.avi,heico,heico__2278513,True,False,0.03999308909805218,111,119.2012049007309,0.15166425035493492,399369
0024 - Heico - Sigma - 5.avi,heico,heico__2278517,False,False,0.03506969330934206,128,114.865309722981,0.20530831959181423,399034
0024 - Heico - Sigma - 5.avi,heico,heico__2278520,True,False,0.06047080861692163,86,121.69738869809554,0.05943677802060568,400375
0024 - Heico - Sigma - 5.avi,heico,heico__2278521,True,False,0.06097817275647762,68,118.0786846608821,0.08022587844397074,399684
0024 - Heico - Sigma - 5.avi,heico,heico__2278523,True,False,0.06053985058377445,82,113.56837481698389,0.06183379009147677,399555
0024 - Heico - Sigma - 5.avi,heico,heico__2278525,True,False,0.07098083801608822,137,125.37129173604858,0.2603091875902384,397558
0024 - Heico - Sigma - 5.avi,heico,heico__2278526,True,False,0.050694640765720285,126,119.10094503453011,0.2216994467105529,396176
0024 - Heico - Sigma - 5.avi,heico,heico__2278535,True,False,0.012626850066160893,159,129.86819099361404,0.03359072296720971,399783
0024 - Heico - Sigma - 5.avi,heico,heico__2278543,True,False,0.0057062481418467354,110,126.93205717240915,0.011577387867477133,400263
0024 - Heico - Sigma - 5.avi,heico,heico__2278563,True,False,0.06050488111636821,125,133.109049030764,0.038819348785210914,400728
0024 - Heico - Sigma - 5.avi,heico,heico__2278568,True,False,0.03114213641699343,102,134.9853442893179,0.06918254701665875,400390
0024 - Heico - Sigma - 5.avi,heico,heico__2278578,True,False,0.18239244496377185,12,110.08049434810809,0.07479576720110842,396239
0024 - Heico - Sigma - 5.avi,heico,heico__2278579,True,False,0.14039419936680417,64,134.14864372247246,0.11746831523964565,400508
0024 - Heico - Sigma - 5.avi,heico,heico__2278588,False,True,0.006699284343515113,78,121.5541739964817,0.16908883735806812,400192
0024 - Heico - Sigma - 5.avi,heico,heico__2278592,False,True,0.00820877083078551,98,136.2571024960753,0.011615572954234044,400669
0024 - Heico - Sigma - 5.avi,heico,heico__2278597,False,True,0.027222075218300824,52,131.04574456931456,0.035320049726156655,400594
0024 - Heico - Sigma - 5.avi,heico,heico__2278602,False,True,0.008151807433529303,77,135.17272141497796,0.010766679487115448,400402
0024 - Heico - Sigma - 5.avi,heico,heico__2294166,False,False,0.10124421440302593,4,144.6502463544518,0.06738416363907829,401860
0024 - Heico - Sigma - 5.avi,heico,heico__2294171,True,False,0.040852063772008056,256,120.68085186335715,0.010140991853135991,399172
0024 - Heico - Sigma - 5.avi,heico,heico__2294224,False,True,0.01967115679487756,110,130.29926779444304,0.0051519101774574584,400434
0024 - Heico - Sigma - 5.avi,heico,heico__2294281,False,True,0.0323829425781573,90,126.03047865316626,0.0920573592016016,399099
0024 - Heico - Sigma - 5.avi,heico,heico__2294302,True,False,0.010015112317819728,72,109.24753976588714,0.010209779462616224,390410
0024 - Heico - Sigma - 5.avi,heico,heico__2294312,False,True,0.09466763512498122,60,131.4412638381005,0.1246581175174072,399260
0024 - Heico - Sigma - 5.avi,heico,heico__2294346,True,False,0.09783108113142412,88,141.6311670636271,0.057452880094773784,402643
0024 - Heico - Sigma - 5.avi,heico,heico__2294431,True,False,0.01148397761635674,155,134.66014268199194,0.01418080210552075,400471
0024 - Heico - Sigma - 5.avi,heico,heico__2294456,True,False,0.024018218825454473,166,136.5001795941173,0.013751421786761918,400904
0024 - Heico - Sigma - 5.avi,heico,heico__2294459,True,False,0.034642015045473255,175,136.5465149643824,0.013895230609928016,400785
0024 - Heico - Sigma - 5.avi,heico,heico__2294466,True,False,0.04505771122909186,160,136.69150588599598,0.07523436602554177,400442
0024 - Heico - Sigma - 5.avi,heico,heico__2294485,True,False,0.008085762471683616,251,130.07664384723623,0.02816170527009091,400828
0024 - Heico - Sigma - 5.avi,heico,heico__2294506,True,False,0.021187582325470005,224,135.908900630663,0.05049794435796112,400848
0024 - Heico - Sigma - 5.avi,heico,heico__2294512,False,False,0.053956278099629246,122,140.7818994725628,0.023372903599247517,400806
0024 - Heico - Sigma - 5.avi,heico,heico__2294545,False,True,0.004507390518712804,153,132.11967734992467,0.006216745168507831,399566
0024 - Heico - Sigma - 5.avi,heico,heico__2294556,True,False,0.04413610251878038,79,116.98308692633042,0.009605454201123666,396025
0024 - Heico - Sigma - 5.avi,heico,heico__2294560,True,False,0.05970167939925232,136,134.67905871512312,0.004113989818939377,399369
0024 - Heico - Sigma - 5.avi,heico,heico__2294561,True,False,0.023938480277148247,253,130.10369847149147,0.011793276958557551,400652
0024 - Heico - Sigma - 5.avi,heico,heico__2294563,True,False,0.014071130000701678,160,124.32224516594661,0.005635969968224056,399044
0024 - Heico - Sigma - 5.avi,heico,heico__2294568,True,False,0.03632571911802491,162,126.44105988679706,0.1973592634076129,400873
0024 - Heico - Sigma - 5.avi,heico,heico__2298223,True,False,0.04276522929500342,83,131.7952286727646,0.02666666666666667,401775
0024 - Heico - Sigma - 5.avi,heico,heico__2298246,False,True,0.03738408906761096,168,134.48329732216988,0.03503336034170593,399876
0024 - Heico - Sigma - 5.avi,heico,heico__2298252,True,False,0.025714371443145336,137,134.03102527429664,0.026892071652180872,399932
0024 - Heico - Sigma - 5.avi,heico,heico__2298259,True,False,0.06640918621671876,158,129.37801904893777,0.06134776674447126,404432
0024 - Heico - Sigma - 5.avi,heico,heico__2298264,True,False,0.07904404878158428,110,132.0125625316873,0.039333461539422125,400397
0024 - Heico - Sigma - 5.avi,heico,heico__2298265,True,False,0.03835154526785488,177,117.5276018558426,0.1223132114697158,394430
0024 - Heico - Sigma - 5.avi,heico,heico__2298273,True,False,0.04522809782175058,239,118.49010611984362,0.09570234580706934,401056
0024 - Heico - Sigma - 5.avi,heico,heico__2298304,True,False,0.09783108113142412,88,141.6311670636271,0.057452880094773784,402643
0024 - Heico - Sigma - 5.avi,heico,heico__2298333,True,False,0.004999725426961076,68,131.74360120013378,0.006724543335113898,400622
0024 - Heico - Sigma - 5.avi,heico,heico__2298340,False,True,0.004507390518712804,153,132.11967734992467,0.006216745168507831,399566
0024 - Heico - Sigma - 5.avi,heico,heico__2298343,True,False,0.012626850066160893,159,129.86819099361404,0.03359072296720971,399783
0024 - Heico - Sigma - 5.avi,heico,heico__2298350,True,False,0.14294358331239126,25,128.2246932496627,0.15013138600647535,409861
0024 - Heico - Sigma - 5.avi,heico,heico__2298353,True,False,0.03561188811188811,87,135.95324925074925,0.07039460539460539,400400
0024 - Heico - Sigma - 5.avi,heico,heico__2298431,True,False,0.018090743087500125,166,138.34698953271402,0.011153297344761866,400868
0024 - Heico - Sigma - 5.avi,heico,heico__2298436,False,True,0.13750015780238092,18,110.1130773989118,0.29924633582871496,396065
0024 - Heico - Sigma - 5.avi,heico,heico__2298437,True,False,0.08726871443801135,100,122.53864225918963,0.04538452512027723,400533
0024 - Heico - Sigma - 5.avi,heico,heico__2298461,True,False,0.03555528996982282,130,112.53175326421464,0.10921051321123029,401628
0024 - Heico - Sigma - 5.avi,heico,heico__2298463,False,False,0.009545437530414385,98,122.61965486692537,0.01857928951998303,400715
0024 - Heico - Sigma - 5.avi,heico,heico__2298476,True,False,0.0745739665971816,60,123.26687762131142,0.08222982058857346,400086
0024 - Heico - Sigma - 5.avi,heico,heico__2298486,True,False,0.0182156551715524,114,132.95567490601152,0.04600127399672758,400315
0024 - Heico - Sigma - 5.avi,heico,heico__2298488,True,False,0.005434646434781737,40,123.69363276923924,0.019212940922962822,399106
0024 - Heico - Sigma - 5.avi,heico,heico__2298496,True,False,0.014076970775908627,86,134.34812373732322,0.06227121797051587,399944
0024 - Heico - Sigma - 5.avi,heico,heico__2298497,True,False,0.04527800916284881,141,116.30112713452728,0.16987453144523115,384160
0024 - Heico - Sigma - 5.avi,heico,heico__2298504,True,False,0.010970957733584252,162,118.74228167438075,0.013437770204974315,393220
0024 - Heico - Sigma - 5.avi,heico,heico__2298529,True,False,0.04249633995083479,218,137.98889184399366,0.018912946755916354,402317
0024 - Heico - Sigma - 5.avi,heico,heico__2298536,True,False,0.04910075082940457,165,133.30383396941804,0.010855845743221333,400890
0024 - Heico - Sigma - 5.avi,heico,heico__2298537,True,False,0.04049679395181318,204,134.28165551392865,0.013378293718441828,400649
0024 - Heico - Sigma - 5.avi,heico,heico__2298538,True,False,0.021972787239536978,77,116.6353831072289,0.06090152611086179,398857
0024 - Heico - Sigma - 5.avi,heico,heico__2298539,False,False,0.10964046818565569,122,132.5881944479136,0.06654860448503075,400354
0024 - Heico - Sigma - 5.avi,heico,heico__2298541,True,False,0.02355273275612411,172,135.88656041223524,0.01471484066828445,400548
0024 - Heico - Sigma - 5.avi,heico,heico__2298543,True,False,0.004458281444582815,61,127.30151681195517,0.005123287671232876,401500
0024 - Heico - Sigma - 5.avi,heico,heico__2298546,False,True,0.015225219376008231,93,136.5030540336718,0.02075144710753295,400454
0024 - Heico - Sigma - 5.avi,heico,heico__2298556,True,False,0.04648084414356492,43,116.21007778324068,0.029966088019868133,396615
0024 - Heico - Sigma - 5.avi,heico,heico__2298562,True,False,0.015856932341587044,142,124.46491234654077,0.03229680334451675,399699
0024 - Heico - Sigma - 5.avi,heico,heico__2298578,True,False,0.08984714304256232,101,132.23510867720324,0.19899110414441037,400636
0024 - Heico - Sigma - 5.avi,heico,heico__2298597,True,False,0.02775592763231824,115,138.72366433182256,0.030010862643742742,400455
0024 - Heico - Sigma - 5.avi,heico,heico__2298602,False,True,0.008319820381688912,122,136.5812298864912,0.08437570163402769,400850
0024 - Heico - Sigma - 5.avi,heico,heico__2298622,True,False,0.029328886077405258,95,131.80153870387826,0.018870000275036443,399947
0024 - Heico - Sigma - 5.avi,heico,heico__2298653,False,True,0.03815047647557751,149,138.68814548720252,0.13176420695504665,400860
0024 - Heico - Sigma - 5.avi,heico,heico__2298659,False,False,0.06683329415112783,66,124.8486717232334,0.10867988962991376,404095
0024 - Heico - Sigma - 5.avi,heico,heico__2298665,True,False,0.023938480277148247,253,130.10369847149147,0.011793276958557551,400652
0024 - Heico - Sigma - 5.avi,heico,heico__2298670,True,False,0.07746374387977578,91,121.56194408749249,0.17300085249348057,397657
0024 - Heico - Sigma - 5.avi,heico,heico__2298686,True,False,0.010272945029572858,169,117.88515915436372,0.011765573428671688,393266
0024 - Heico - Sigma - 5.avi,heico,heico__2298697,False,True,0.007280262648707354,97,134.996462231765,0.014051206511291148,400535
0024 - Heico - Sigma - 5.avi,heico,heico__2298709,False,True,0.08364924632187021,70,124.50257243433524,0.16807573888537874,398844
0024 - Heico - Sigma - 5.avi,heico,heico__2298711,False,False,0.026566859680177614,88,116.23309631674218,0.113737961657316,399972
0024 - Heico - Sigma - 5.avi,heico,heico__2298712,True,False,0.06047080861692163,86,121.69738869809554,0.05943677802060568,400375
0024 - Heico - Sigma - 5.avi,heico,heico__2298714,False,False,0.06250109530259142,82,114.03859721154737,0.05783948747349368,399433
0024 - Heico - Sigma - 5.avi,heico,heico__2298717,True,False,0.0708176148560251,86,124.85333993826926,0.0769932299406826,393645
0024 - Heico - Sigma - 5.avi,heico,heico__2359151,False,False,0.010015112317819728,72,109.24753976588714,0.010209779462616224,390410
0024 - Heico - Sigma - 5.avi,heico,heico__2359153,False,False,0.0708176148560251,86,124.85333993826926,0.0769932299406826,393645
0024 - Heico - Sigma - 5.avi,heico,heico__2359154,False,False,0.11964254380467751,128,125.44088436567819,0.13171985060035596,398930
0024 - Heico - Sigma - 5.avi,heico,heico__2359155,False,False,0.10750903825837131,103,114.18683796499211,0.14297042646391916,394711
0024 - Heico - Sigma - 5.avi,heico,heico__2359156,False,False,0.10308683044400647,78,112.44673052058096,0.14542875434654348,398305
0024 - Heico - Sigma - 5.avi,heico,heico__2359157,False,False,0.10054928938349725,69,121.86756384768313,0.2619240421280639,398879
0024 - Heico - Sigma - 5.avi,heico,heico__2359158,False,False,0.10126091173617847,94,115.31555796289065,0.12954262032826533,396935
0024 - Heico - Sigma - 5.avi,heico,heico__2359159,False,False,0.14475597040364138,75,123.97292514687895,0.18132030639048746,398968
0024 - Heico - Sigma - 5.avi,heico,heico__2359160,False,False,0.11088446454749346,101,125.02650261242185,0.22451541767425542,399055
0024 - Heico - Sigma - 5.avi,heico,heico__2359163,True,False,0.009545437530414385,98,122.61965486692537,0.01857928951998303,400715
0024 - Heico - Sigma - 5.avi,heico,heico__2359201,True,False,0.04107691305633076,165,127.36881541567922,0.14465226039511195,399178
0024 - Heico - Sigma - 5.avi,heico,heico__2359202,False,False,0.012538973834526452,153,135.41123444164526,0.0069367189643560895,400910
0024 - Heico - Sigma - 5.avi,heico,heico__2359215,True,False,0.019483724919222945,171,134.44048177031394,0.03293659499780605,401104
0024 - Heico - Sigma - 5.avi,heico,heico__2359222,False,True,0.13750015780238092,18,110.1130773989118,0.29924633582871496,396065
0024 - Heico - Sigma - 5.avi,heico,heico__2359223,False,True,0.08689867375600419,79,128.47208573354348,0.12057469737933385,399097
0024 - Heico - Sigma - 5.avi,heico,heico__2359224,False,True,0.1002603611979121,33,121.3868130436199,0.156434730529919,399061
0024 - Heico - Sigma - 5.avi,heico,heico__2359225,False,True,0.004507390518712804,153,132.11967734992467,0.006216745168507831,399566
0024 - Heico - Sigma - 5.avi,heico,heico__2359424,True,False,0.014071130000701678,160,124.32224516594661,0.005635969968224056,399044
0024 - Heico - Sigma - 5.avi,heico,heico__2359426,True,False,0.07103284825795544,65,111.2984748304249,0.09305245254916168,397464
0024 - Heico - Sigma - 5.avi,heico,heico__2359427,True,False,0.07746374387977578,91,121.56194408749249,0.17300085249348057,397657
0024 - Heico - Sigma - 5.avi,heico,heico__2359428,True,False,0.05326235306022217,133,125.61048958125095,0.20917955590436912,405183
0024 - Heico - Sigma - 5.avi,heico,heico__2359429,True,False,0.03632571911802491,162,126.44105988679706,0.1973592634076129,400873
0024 - Heico - Sigma - 5.avi,heico,heico__2359430,True,False,0.05415759923129556,153,127.81516511583675,0.18735688684581697,404837
0024 - Heico - Sigma - 5.avi,heico,heico__2359431,True,False,0.04107691305633076,165,127.36881541567922,0.14465226039511195,399178
0024 - Heico - Sigma - 5.avi,heico,heico__2359441,True,False,0.00791410399252557,110,129.44930276943677,0.023537464588881285,400298
0024 - Heico - Sigma - 5.avi,heico,heico__2359446,True,False,0.007893146621253814,97,132.94051548914535,0.028598610646384037,400474
0024 - Heico - Sigma - 5.avi,heico,heico__2383186,True,False,0.03389728926569192,148,134.04765198716427,0.012893156363545556,400445
0024 - Heico - Sigma - 5.avi,heico,heico__2383187,True,False,0.03303390249320477,166,135.1963813712252,0.013640368502105335,400649
0024 - Heico - Sigma - 5.avi,heico,heico__2383188,True,False,0.02355273275612411,172,135.88656041223524,0.01471484066828445,400548
0024 - Heico - Sigma - 5.avi,heico,heico__2383190,True,False,0.024867312752455274,178,135.8023022423271,0.0157552063829681,400566
0024 - Heico - Sigma - 5.avi,heico,heico__2383191,True,False,0.025480489588872165,162,136.44547295053934,0.02437459589945604,400581
0024 - Heico - Sigma - 5.avi,heico,heico__2383192,True,False,0.03470903858835755,160,134.97602465977897,0.04198806978277812,400328
0024 - Heico - Sigma - 5.avi,heico,heico__2383197,True,False,0.025714371443145336,137,134.03102527429664,0.026892071652180872,399932
0024 - Heico - Sigma - 5.avi,heico,heico__2383199,True,False,0.012626850066160893,159,129.86819099361404,0.03359072296720971,399783
0024 - Heico - Sigma - 5.avi,heico,heico__2383206,True,False,0.012660279992717096,126,137.32471523099525,0.03344149608793358,400939
0024 - Heico - Sigma - 5.avi,heico,heico__2383217,False,True,0.018092651765170272,109,127.17800850919248,0.10800128912017548,400273
0024 - Heico - Sigma - 5.avi,heico,heico__2383219,False,True,0.009547885415392908,93,136.7788713730638,0.013331103996087014,400717
0024 - Heico - Sigma - 5.avi,heico,heico__2383220,False,True,0.00820877083078551,98,136.2571024960753,0.011615572954234044,400669
0024 - Heico - Sigma - 5.avi,heico,heico__2278519,False,False,0.026566859680177614,88,116.23309631674218,0.113737961657316,399972
0024 - Heico - Sigma - 5.avi,heico,heico__2278522,False,False,0.06250109530259142,82,114.03859721154737,0.05783948747349368,399433
0024 - Heico - Sigma - 5.avi,heico,heico__2278524,False,False,0.009434197304277777,45,92.04121924819856,0.19316574345516405,361239
0024 - Heico - Sigma - 5.avi,heico,heico__2278587,False,True,0.04038184654148419,142,137.71878187053812,0.11761103445517627,400056
0024 - Heico - Sigma - 5.avi,heico,heico__2278589,False,True,0.018092651765170272,109,127.17800850919248,0.10800128912017548,400273
0024 - Heico - Sigma - 5.avi,heico,heico__2278590,False,True,0.023087489697544893,84,133.92037763180898,0.1620295212168136,400390
0024 - Heico - Sigma - 5.avi,heico,heico__2278591,False,True,0.009547885415392908,93,136.7788713730638,0.013331103996087014,400717
0024 - Heico - Sigma - 5.avi,heico,heico__2278593,False,True,0.008319820381688912,122,136.5812298864912,0.08437570163402769,400850
0024 - Heico - Sigma - 5.avi,heico,heico__2278594,False,True,0.07685984894856106,48,132.19318394747427,0.05211099757408291,400261
0024 - Heico - Sigma - 5.avi,heico,heico__2278595,False,True,0.05243277160720669,82,132.0195766679916,0.0510578300422232,400017
0024 - Heico - Sigma - 5.avi,heico,heico__2278596,False,True,0.024033678147701878,41,117.27485738284395,0.042302673352965586,400022
0024 - Heico - Sigma - 5.avi,heico,heico__2278598,False,True,0.015225219376008231,93,136.5030540336718,0.02075144710753295,400454
0024 - Heico - Sigma - 5.avi,heico,heico__2278599,False,True,0.007280262648707354,97,134.996462231765,0.014051206511291148,400535
0024 - Heico - Sigma - 5.avi,heico,heico__2278600,False,True,0.0077789150460593655,81,134.88883590882992,0.008899817759692438,400570
0024 - Heico - Sigma - 5.avi,heico,heico__2278601,False,True,0.006807392738614598,74,134.26386513071643,0.006417828077123814,400447
0024 - Heico - Sigma - 5.avi,heico,heico__2294158,False,False,0.029410148973466443,161,138.0882329439614,0.10423647977147081,400474
0024 - Heico - Sigma - 5.avi,heico,heico__2294167,False,False,0.1107931659920629,48,121.54243331801266,0.10786988301925957,404682
0024 - Heico - Sigma - 5.avi,heico,heico__2294168,False,False,0.05212757452506821,249,128.0747474192291,0.08162281271548062,400268
0024 - Heico - Sigma - 5.avi,heico,heico__2294186,False,False,0.037159515487525614,237,117.57091167490258,0.03439496203447029,398256
0024 - Heico - Sigma - 5.avi,heico,heico__2294207,False,False,0.03295827717419633,140,138.82979996177454,0.03754781283431752,402873
0024 - Heico - Sigma - 5.avi,heico,heico__2294226,False,False,0.01814238562001684,108,126.54251754646785,0.03495051508783853,400223
0024 - Heico - Sigma - 5.avi,heico,heico__2294233,False,False,0.043042818038322446,97,130.2840516294032,0.053340226577953606,400392
0024 - Heico - Sigma - 5.avi,heico,heico__2294246,False,False,0.006312879768901285,81,130.58107381213267,0.009286283494371949,401560
0024 - Heico - Sigma - 5.avi,heico,heico__2294249,False,True,0.005168732163882736,97,134.75139196551518,0.005335867808178171,400872
0024 - Heico - Sigma - 5.avi,heico,heico__2294275,False,False,0.08253927910710751,89,129.63408172791412,0.07666421465002554,409187
0024 - Heico - Sigma - 5.avi,heico,heico__2294421,False,False,0.10741498919595133,71,116.23348612285464,0.11686173290018245,404478
0024 - Heico - Sigma - 5.avi,heico,heico__2294435,False,False,0.023500747660285135,94,133.9513409206082,0.06852762099240357,400583
0024 - Heico - Sigma - 5.avi,heico,heico__2294492,False,False,0.04276522929500342,83,131.7952286727646,0.02666666666666667,401775
0024 - Heico - Sigma - 5.avi,heico,heico__2294517,False,False,0.030290703913235524,184,135.2865239058987,0.053239568074226945,400717
0024 - Heico - Sigma - 5.avi,heico,heico__2294523,False,False,0.021163136148593827,94,135.97732146646527,0.03360087878069179,400555
0024 - Heico - Sigma - 5.avi,heico,heico__2294528,False,False,0.0450358392940571,135,124.7051334261066,0.04143067363881887,400259
0024 - Heico - Sigma - 5.avi,heico,heico__2294534,False,True,0.08651651003748062,88,114.80692463234372,0.04669021540067134,398606
0024 - Heico - Sigma - 5.avi,heico,heico__2294537,False,True,0.02060287679799875,150,119.11904440275173,0.07783364602876798,399750
0024 - Heico - Sigma - 5.avi,heico,heico__2294538,False,True,0.03362082334872506,160,122.93002936600448,0.07561871219814799,399782
0024 - Heico - Sigma - 5.avi,heico,heico__2294542,False,True,0.04039825388685287,166,123.433138625874,0.056065741910467926,399745
0024 - Heico - Sigma - 5.avi,heico,heico__2294544,False,False,0.01876642093079648,73,113.2851411043865,0.07334078290498296,400023
0024 - Heico - Sigma - 5.avi,heico,heico__2294547,False,False,0.04153256513651515,94,131.6084118800015,0.06465087826618894,400505
0024 - Heico - Sigma - 5.avi,heico,heico__2294551,False,True,0.006563716195988424,99,133.88621894022552,0.35696537271729367,400840
0024 - Heico - Sigma - 5.avi,heico,heico__2294553,False,True,0.016285302514480682,126,131.005295221063,0.10754544024018324,400361
0024 - Heico - Sigma - 5.avi,heico,heico__2294555,False,True,0.012709322669332666,89,133.4357535616096,0.015241189702574357,400100
0024 - Heico - Sigma - 5.avi,heico,heico__2294577,False,False,0.03846893489277,90,125.6014620343106,0.21367079502798444,400401
0024 - Heico - Sigma - 5.avi,heico,heico__2294604,False,False,0.07124594815610313,88,133.38377242677123,0.06804388307043557,405988
0024 - Heico - Sigma - 5.avi,heico,heico__2294614,False,False,0.01568815185492698,99,127.70151371217278,0.005961597438831916,401067
0024 - Heico - Sigma - 5.avi,heico,heico__2294616,False,False,0.049857288012703664,151,122.83058376606468,0.23876813259194585,391698
0024 - Heico - Sigma - 5.avi,heico,heico__2294626,False,False,0.04531890891510145,128,117.91284785219304,0.21488986738338212,384718
0024 - Heico - Sigma - 5.avi,heico,heico__2294640,False,False,0.010272945029572858,169,117.88515915436372,0.011765573428671688,393266
0024 - Heico - Sigma - 5.avi,heico,heico__2298247,False,True,0.006807392738614598,74,134.26386513071643,0.006417828077123814,400447
0024 - Heico - Sigma - 5.avi,heico,heico__2298284,False,False,0.03057238888958305,104,122.5361463396349,0.08587457673709595,400165
0024 - Heico - Sigma - 5.avi,heico,heico__2298290,False,False,0.04254820166859606,89,115.18943355554669,0.14855444892419464,400816
0024 - Heico - Sigma - 5.avi,heico,heico__2298345,False,False,0.019574725003305697,45,127.12527973694124,0.030469808369280205,400823
0024 - Heico - Sigma - 5.avi,heico,heico__2298474,False,True,0.023087489697544893,84,133.92037763180898,0.1620295212168136,400390
0024 - Heico - Sigma - 5.avi,heico,heico__2298509,False,False,0.038373400797956196,168,136.4343970266573,0.009461764391887362,402779
0024 - Heico - Sigma - 5.avi,heico,heico__2298518,False,False,0.07636661467988896,67,122.43507047641468,0.08733778654032899,407796
0024 - Heico - Sigma - 5.avi,heico,heico__2298550,False,False,0.09272113720210515,140,132.76893026369362,0.020694340716021692,400351
0024 - Heico - Sigma - 5.avi,heico,heico__2298554,False,False,0.047355643879569954,130,129.78900540672709,0.04559914370616547,400797
0024 - Heico - Sigma - 5.avi,heico,heico__2298569,False,False,0.020975114014419916,175,121.44326581792075,0.15487759250083424,395564
0024 - Heico - Sigma - 5.avi,heico,heico__2298573,False,True,0.0072446932621854495,105,132.68438618711792,0.015526127111890541,400293
0024 - Heico - Sigma - 5.avi,heico,heico__2298606,False,True,0.009547885415392908,93,136.7788713730638,0.013331103996087014,400717
0024 - Heico - Sigma - 5.avi,heico,heico__2298634,False,True,0.08651651003748062,88,114.80692463234372,0.04669021540067134,398606
0024 - Heico - Sigma - 5.avi,heico,heico__2298635,False,True,0.06504497618173324,108,118.1289059084789,0.05691653989403556,400323
0024 - Heico - Sigma - 5.avi,heico,heico__2298640,False,True,0.037473565275646055,148,122.47847975962524,0.06262842401547837,400042
0024 - Heico - Sigma - 5.avi,heico,heico__2298642,False,True,0.04039825388685287,166,123.433138625874,0.056065741910467926,399745
0024 - Heico - Sigma - 5.avi,heico,heico__2298643,False,True,0.06482641464050191,134,123.36539116839383,0.01935546914149412,399112
0024 - Heico - Sigma - 5.avi,heico,heico__2298716,False,False,0.009434197304277777,45,92.04121924819856,0.19316574345516405,361239
0024 - Heico - Sigma - 5.avi,heico,heico__2359152,False,False,0.03705729764068538,64,108.87968730699325,0.023336013895226163,396683
0024 - Heico - Sigma - 5.avi,heico,heico__2359161,False,False,0.09783108113142412,88,141.6311670636271,0.057452880094773784,402643
0024 - Heico - Sigma - 5.avi,heico,heico__2359174,False,False,0.017264160351017153,191,129.02785700039888,0.046639409652971676,401120
0024 - Heico - Sigma - 5.avi,heico,heico__2359203,False,False,0.018090743087500125,166,138.34698953271402,0.011153297344761866,400868
0024 - Heico - Sigma - 5.avi,heico,heico__2359207,False,False,0.05603552765414019,127,133.16040425951982,0.1134155880831411,400139
0024 - Heico - Sigma - 5.avi,heico,heico__2359208,False,False,0.029977944904723487,185,132.7147973953507,0.06874545722485458,400361
0024 - Heico - Sigma - 5.avi,heico,heico__2359209,False,False,0.04378252646464344,151,131.0603271447167,0.09897539294092957,400251
0024 - Heico - Sigma - 5.avi,heico,heico__2359210,False,False,0.030290703913235524,184,135.2865239058987,0.053239568074226945,400717
0024 - Heico - Sigma - 5.avi,heico,heico__2359231,False,False,0.023087489697544893,84,133.92037763180898,0.1620295212168136,400390
0024 - Heico - Sigma - 5.avi,heico,heico__2359243,False,False,0.010090270862502278,66,127.24083627206545,0.05668820489015007,400683
0024 - Heico - Sigma - 5.avi,heico,heico__2359306,False,False,0.033873141373907366,167,127.6134481203869,0.09266663179212782,401439
0024 - Heico - Sigma - 5.avi,heico,heico__2359364,False,False,0.04984418243733045,186,130.16380648230952,0.11300323094130747,401431
0024 - Heico - Sigma - 5.avi,heico,heico__2359381,False,False,0.00552947052947053,64,132.24413336663338,0.006386113886113886,400400
0024 - Heico - Sigma - 5.avi,heico,heico__2359403,False,False,0.09202484546301323,67,131.73275187910002,0.07197114977510573,401522
0024 - Heico - Sigma - 5.avi,heico,heico__2359415,False,False,0.020340430184219636,176,118.81682679918055,0.036659109071457016,384161
0024 - Heico - Sigma - 5.avi,heico,heico__2359417,False,True,0.08651651003748062,88,114.80692463234372,0.04669021540067134,398606
0024 - Heico - Sigma - 5.avi,heico,heico__2359418,False,True,0.06504497618173324,108,118.1289059084789,0.05691653989403556,400323
0024 - Heico - Sigma - 5.avi,heico,heico__2359419,False,True,0.06917987066796516,109,120.14909735452649,0.03677676329433678,399437
0024 - Heico - Sigma - 5.avi,heico,heico__2359420,False,True,0.04039825388685287,166,123.433138625874,0.056065741910467926,399745
0024 - Heico - Sigma - 5.avi,heico,heico__2359421,False,True,0.06482641464050191,134,123.36539116839383,0.01935546914149412,399112
0024 - Heico - Sigma - 5.avi,heico,heico__2359422,False,True,0.05613880539865509,124,129.45119012165244,0.06346147589600105,399581
0024 - Heico - Sigma - 5.avi,heico,heico__2359423,False,True,0.03762657745553393,95,128.82038680921127,0.2886977856284463,400249
0024 - Heico - Sigma - 5.avi,heico,heico__2359425,False,False,0.20481154771451485,112,156.6572331170567,0.26837743918738305,411510
0024 - Heico - Sigma - 5.avi,heico,heico__2359462,False,False,0.014378662154933258,71,128.71026212010003,0.005600686712364555,401915
0024 - Heico - Sigma - 5.avi,heico,heico__2359465,False,False,0.11525321367875441,85,134.3696872293859,0.031149787002538003,400709
0024 - Heico - Sigma - 5.avi,heico,heico__2359519,False,False,0.01479978233411713,143,134.1361360311921,0.10007388658409341,400614
0024 - Heico - Sigma - 5.avi,heico,heico__2383200,False,False,0.015186498000065038,145,128.66966177460145,0.028471869582727766,399763
0024 - Heico - Sigma - 5.avi,heico,heico__2383211,False,False,0.013646192799604473,108,136.85809707399656,0.042189583447779906,400478
0024 - Heico - Sigma - 5.avi,heico,heico__2383216,False,True,0.006699284343515113,78,121.5541739964817,0.16908883735806812,400192
0024 - Heico - Sigma - 5.avi,heico,heico__2383218,False,True,0.023087489697544893,84,133.92037763180898,0.1620295212168136,400390
0025 - Heico - Sigma - 6.avi,heico,heico__2405186,False,True,0.030616434338892256,60,131.74149380567883,0.02661831120843027,306894
0025 - Heico - Sigma - 6.avi,heico,heico__2405188,False,True,0.04207488862242759,104,138.45253251965153,0.032755242301055774,307737
0025 - Heico - Sigma - 6.avi,heico,heico__2405198,False,True,0.1465847100493808,53,133.44545166627887,0.17940613769745856,309432
0025 - Heico - Sigma - 6.avi,heico,heico__2405222,False,True,0.0829868780044173,55,137.43671235546316,0.035728205794465374,307880
0025 - Heico - Sigma - 6.avi,heico,heico__2405223,False,True,0.13228658211142272,70,134.177611298185,0.0710471070396931,309147
0025 - Heico - Sigma - 6.avi,heico,heico__2405225,False,True,0.07194355414856034,163,129.5843803868363,0.14313991518702768,305142
0025 - Heico - Sigma - 6.avi,heico,heico__2405228,False,True,0.08202224721090264,179,132.21738731325425,0.18051844590806715,305027
0025 - Heico - Sigma - 6.avi,heico,heico__2405234,False,True,0.09048186347749966,143,124.7216828691972,0.04379290599021925,303862
0025 - Heico - Sigma - 6.avi,heico,heico__2405235,False,True,0.06739224045835401,162,129.49250046841254,0.050256558597589235,304219
0025 - Heico - Sigma - 6.avi,heico,heico__2405236,False,True,0.06723472328723658,211,129.85360202543694,0.04225058832861789,302552
0025 - Heico - Sigma - 6.avi,heico,heico__2405367,True,False,0.14604704276741823,38,114.19095074296378,0.2564206832202989,359035
0025 - Heico - Sigma - 6.avi,heico,heico__2405863,False,True,0.030616434338892256,60,131.74149380567883,0.02661831120843027,306894
0025 - Heico - Sigma - 6.avi,heico,heico__2405873,False,True,0.056307797106851146,153,140.82615722740974,0.0741056108579838,311218
0025 - Heico - Sigma - 6.avi,heico,heico__2405875,False,True,0.1465847100493808,53,133.44545166627887,0.17940613769745856,309432
0025 - Heico - Sigma - 6.avi,heico,heico__2405880,False,True,0.12279883985912575,54,138.2699140252745,0.06470439714108142,308928
0025 - Heico - Sigma - 6.avi,heico,heico__2405883,False,True,0.09285514985951684,70,141.2305967776473,0.0675260039841413,308222
0025 - Heico - Sigma - 6.avi,heico,heico__2405899,False,True,0.0829868780044173,55,137.43671235546316,0.035728205794465374,307880
0025 - Heico - Sigma - 6.avi,heico,heico__2405900,False,True,0.13228658211142272,70,134.177611298185,0.0710471070396931,309147
0025 - Heico - Sigma - 6.avi,heico,heico__2405902,False,True,0.07194355414856034,163,129.5843803868363,0.14313991518702768,305142
0025 - Heico - Sigma - 6.avi,heico,heico__2405903,False,True,0.0816838729732825,184,134.39679979057934,0.17114903224750905,305605
0025 - Heico - Sigma - 6.avi,heico,heico__2405904,False,True,0.06439160380452608,217,134.14206297146606,0.13719580190226305,304900
0025 - Heico - Sigma - 6.avi,heico,heico__2405905,False,True,0.08202224721090264,179,132.21738731325425,0.18051844590806715,305027
0025 - Heico - Sigma - 6.avi,heico,heico__2405906,False,True,0.08594747564014672,175,131.35399521088047,0.21526020124699055,307781
0025 - Heico - Sigma - 6.avi,heico,heico__2405907,False,True,0.07490607286389402,206,135.49824582073336,0.1874288182853552,305556
0025 - Heico - Sigma - 6.avi,heico,heico__2405911,False,True,0.09048186347749966,143,124.7216828691972,0.04379290599021925,303862
0025 - Heico - Sigma - 6.avi,heico,heico__2405912,False,True,0.06739224045835401,162,129.49250046841254,0.050256558597589235,304219
0025 - Heico - Sigma - 6.avi,heico,heico__2405913,False,True,0.06723472328723658,211,129.85360202543694,0.04225058832861789,302552
0025 - Heico - Sigma - 6.avi,heico,heico__2405933,True,False,0.11955017072945644,55,117.74888267788164,0.08164361709140289,303404
0025 - Heico - Sigma - 6.avi,heico,heico__2405943,True,False,0.08709612093181254,138,124.40718457257084,0.10771959393250499,306156
0025 - Heico - Sigma - 6.avi,heico,heico__2405977,True,False,0.16975949713036348,83,120.46859797758951,0.0919445203607543,292720
0025 - Heico - Sigma - 6.avi,heico,heico__2405982,False,False,0.1694259968401039,73,121.92385453766435,0.08491886029510216,298744
0025 - Heico - Sigma - 6.avi,heico,heico__2405996,True,False,0.11102399704532127,108,121.86692930477575,0.19441591638777567,308663
0025 - Heico - Sigma - 6.avi,heico,heico__2406000,True,False,0.03519803387769909,158,132.6401205295719,0.16086514610288807,305983
0025 - Heico - Sigma - 6.avi,heico,heico__2406003,False,False,0.13001912045889102,125,138.75665877309845,0.15639037006394116,307001
0025 - Heico - Sigma - 6.avi,heico,heico__2406007,True,False,0.2482758620689655,68,142.84557254391672,0.24983083929733246,307400
0025 - Heico - Sigma - 6.avi,heico,heico__2406023,False,False,0.18294268281529677,56,128.3829028338494,0.14526254589163695,306156
0025 - Heico - Sigma - 6.avi,heico,heico__2406028,True,False,0.15092284397141595,56,119.07032027221621,0.0828485578139069,296529
0025 - Heico - Sigma - 6.avi,heico,heico__2406044,False,False,0.14604704276741823,38,114.19095074296378,0.2564206832202989,359035
0025 - Heico - Sigma - 6.avi,heico,heico__2406051,True,False,0.16810604672850504,39,119.70858132525105,0.09635464370763876,300245
0025 - Heico - Sigma - 6.avi,heico,heico__2423389,False,False,0.16975949713036348,83,120.46859797758951,0.0919445203607543,292720
0025 - Heico - Sigma - 6.avi,heico,heico__2405184,False,True,0.049339747186911066,109,139.16898644462538,0.054879967303618986,308291
0025 - Heico - Sigma - 6.avi,heico,heico__2405185,False,True,0.06267786764202517,77,137.0534100059004,0.06330050626061501,306759
0025 - Heico - Sigma - 6.avi,heico,heico__2405187,False,True,0.05378046877032335,112,139.50132345672588,0.03990856117166567,307528
0025 - Heico - Sigma - 6.avi,heico,heico__2405189,False,True,0.08066650664625326,122,139.82810563942212,0.03267011359286914,308294
0025 - Heico - Sigma - 6.avi,heico,heico__2405190,False,True,0.10858095962949169,62,135.08207860346866,0.04571113953977944,308765
0025 - Heico - Sigma - 6.avi,heico,heico__2405191,False,True,0.10012491809311079,96,137.29350264522938,0.03967037117135728,309803
0025 - Heico - Sigma - 6.avi,heico,heico__2405192,False,True,0.08631700369897795,123,138.10700292567245,0.03858794416734331,310356
0025 - Heico - Sigma - 6.avi,heico,heico__2405193,False,True,0.08480360778813895,126,142.0874090895932,0.038290932601654,310883
0025 - Heico - Sigma - 6.avi,heico,heico__2405194,False,True,0.09382713668620796,109,139.08995423223286,0.04775082279131955,311136
0025 - Heico - Sigma - 6.avi,heico,heico__2405195,False,True,0.09919036144578314,90,139.23522570281125,0.03742329317269076,311250
0025 - Heico - Sigma - 6.avi,heico,heico__2405196,False,True,0.056307797106851146,153,140.82615722740974,0.0741056108579838,311218
0025 - Heico - Sigma - 6.avi,heico,heico__2405197,False,True,0.15182668292966253,55,138.48283027756804,0.15408543235690822,309906
0025 - Heico - Sigma - 6.avi,heico,heico__2405200,False,True,0.1382058524901721,46,125.53788302829919,0.14912720314493244,307288
0025 - Heico - Sigma - 6.avi,heico,heico__2405201,False,True,0.14292642124140356,47,131.66485488968232,0.09404424424489584,307249
0025 - Heico - Sigma - 6.avi,heico,heico__2405204,False,True,0.13456798131811104,50,137.01273676699532,0.08462960560456669,308320
0025 - Heico - Sigma - 6.avi,heico,heico__2405207,False,True,0.12406507500528206,63,142.81013505826522,0.038866225682198635,307645
0025 - Heico - Sigma - 6.avi,heico,heico__2405209,False,True,0.09750113437479743,70,138.03887664484347,0.05569456148311402,308540
0025 - Heico - Sigma - 6.avi,heico,heico__2405210,False,True,0.1088843813387424,69,137.84389127789046,0.04537119675456389,308125
0025 - Heico - Sigma - 6.avi,heico,heico__2405211,False,True,0.1037356928322104,81,136.52797792028574,0.055871418134588846,307975
0025 - Heico - Sigma - 6.avi,heico,heico__2405212,False,True,0.07397917815327733,89,136.77914247721597,0.07165374760808225,308330
0025 - Heico - Sigma - 6.avi,heico,heico__2405213,False,True,0.10819689142694075,74,140.37012319496193,0.04327227091866019,308373
0025 - Heico - Sigma - 6.avi,heico,heico__2405214,False,True,0.14143323427680615,49,139.07619882756046,0.10724086974878615,307905
0025 - Heico - Sigma - 6.avi,heico,heico__2405216,False,True,0.11164613516374333,54,138.09920709651863,0.043424615724295575,307982
0025 - Heico - Sigma - 6.avi,heico,heico__2405217,False,True,0.15674553030450306,67,145.89683573423537,0.11939060505323458,308634
0025 - Heico - Sigma - 6.avi,heico,heico__2405218,False,True,0.0788212660067677,106,138.03368599320635,0.0647992239536189,308229
0025 - Heico - Sigma - 6.avi,heico,heico__2405219,False,True,0.07683981984659821,144,143.57933405274076,0.04231472566669036,309514
0025 - Heico - Sigma - 6.avi,heico,heico__2405220,False,True,0.09467382703558133,115,140.79721043961032,0.039404729475554866,308364
0025 - Heico - Sigma - 6.avi,heico,heico__2405221,False,True,0.10293363122105824,91,139.71229696115552,0.03850999850623161,307946
0025 - Heico - Sigma - 6.avi,heico,heico__2405226,False,True,0.0816838729732825,184,134.39679979057934,0.17114903224750905,305605
0025 - Heico - Sigma - 6.avi,heico,heico__2405227,False,True,0.06439160380452608,217,134.14206297146606,0.13719580190226305,304900
0025 - Heico - Sigma - 6.avi,heico,heico__2405229,False,True,0.08594747564014672,175,131.35399521088047,0.21526020124699055,307781
0025 - Heico - Sigma - 6.avi,heico,heico__2405230,False,True,0.07490607286389402,206,135.49824582073336,0.1874288182853552,305556
0025 - Heico - Sigma - 6.avi,heico,heico__2405231,False,True,0.0642332849670334,214,136.44199810683602,0.1594417459033307,305309
0025 - Heico - Sigma - 6.avi,heico,heico__2405232,False,True,0.04692602350900478,234,134.5963455258645,0.05675867461250879,304394
0025 - Heico - Sigma - 6.avi,heico,heico__2405233,False,True,0.07444582069790287,202,130.14150915500593,0.06513146871067685,304369
0025 - Heico - Sigma - 6.avi,heico,heico__2405238,False,False,0.09507153359158381,69,118.0246893273627,0.05597814046229968,297902
0025 - Heico - Sigma - 6.avi,heico,heico__2405244,False,False,0.10353642806802921,52,122.32002047790647,0.08806829514779996,300812
0025 - Heico - Sigma - 6.avi,heico,heico__2405246,False,False,0.0952382518441538,57,118.13004942957026,0.08851280465946874,304069
0025 - Heico - Sigma - 6.avi,heico,heico__2405248,False,False,0.10420701157673642,58,120.01529584082888,0.09501246801078704,305181
0025 - Heico - Sigma - 6.avi,heico,heico__2405250,False,False,0.09294687198659869,58,117.60641893559672,0.09234789419814317,303851
0025 - Heico - Sigma - 6.avi,heico,heico__2405257,False,False,0.11176911193296193,84,121.51695011603256,0.05359232780701813,299054
0025 - Heico - Sigma - 6.avi,heico,heico__2405258,False,False,0.1595108911941843,81,125.1334602424982,0.06714467644795839,301528
0025 - Heico - Sigma - 6.avi,heico,heico__2405271,False,False,0.0694156036784337,120,117.30289771041774,0.04448706884927591,296648
0025 - Heico - Sigma - 6.avi,heico,heico__2405272,False,False,0.08542398606871457,98,123.09263356179467,0.05003675934991852,295163
0025 - Heico - Sigma - 6.avi,heico,heico__2405275,False,False,0.1420656932791999,80,124.54860597173902,0.07560467834639406,289162
0025 - Heico - Sigma - 6.avi,heico,heico__2405276,False,False,0.1629344952834231,76,120.67997481855517,0.11038306119354775,303398
0025 - Heico - Sigma - 6.avi,heico,heico__2405277,False,False,0.16077564553400986,66,121.80205633142437,0.08466459024079842,298590
0025 - Heico - Sigma - 6.avi,heico,heico__2405280,False,False,0.17867936469258391,52,122.62435909150904,0.12576866714724227,295479
0025 - Heico - Sigma - 6.avi,heico,heico__2405281,False,False,0.1748226348484334,51,123.03687497878407,0.15907532502800503,294590
0025 - Heico - Sigma - 6.avi,heico,heico__2405284,False,False,0.14096107128044083,33,116.18053110916702,0.0631907678044258,286909
0025 - Heico - Sigma - 6.avi,heico,heico__2405286,False,False,0.15063982813375676,60,118.6701816071095,0.09323877131648475,299768
0025 - Heico - Sigma - 6.avi,heico,heico__2405288,False,False,0.1291177783027535,92,124.4756214400084,0.10339068693072945,304776
0025 - Heico - Sigma - 6.avi,heico,heico__2405289,False,False,0.13765352549772505,87,126.49596625726534,0.10116902927175657,304184
0025 - Heico - Sigma - 6.avi,heico,heico__2405295,False,False,0.13021394489764507,36,119.99185911892445,0.08688960122063026,298862
0025 - Heico - Sigma - 6.avi,heico,heico__2405297,False,False,0.16024979475022175,77,123.05896026562124,0.09668665859955355,303289
0025 - Heico - Sigma - 6.avi,heico,heico__2405304,False,False,0.19009185173361,68,127.04739908613844,0.11801717314816662,300702
0025 - Heico - Sigma - 6.avi,heico,heico__2405307,False,False,0.14108330298825236,65,122.80792055821827,0.09917428574240471,304827
0025 - Heico - Sigma - 6.avi,heico,heico__2405309,False,False,0.18875056422908218,18,123.90875511251848,0.19945971835062487,290219
0025 - Heico - Sigma - 6.avi,heico,heico__2405311,False,False,0.15365687349915508,83,128.35674404356033,0.1306743878858551,303579
0025 - Heico - Sigma - 6.avi,heico,heico__2405317,False,False,0.08325369367089451,80,122.12154066950595,0.13076111098161572,300311
0025 - Heico - Sigma - 6.avi,heico,heico__2405319,False,False,0.11102399704532127,108,121.86692930477575,0.19441591638777567,308663
0025 - Heico - Sigma - 6.avi,heico,heico__2405321,False,False,0.10515569498820296,130,135.98644312790066,0.27014571287821826,308552
0025 - Heico - Sigma - 6.avi,heico,heico__2405322,False,False,0.07080488187740366,135,131.0938669125919,0.12273042409020747,305784
0025 - Heico - Sigma - 6.avi,heico,heico__2405324,False,False,0.1565536657195864,143,143.83013855914064,0.20776735557025908,308316
0025 - Heico - Sigma - 6.avi,heico,heico__2405326,False,False,0.13001912045889102,125,138.75665877309845,0.15639037006394116,307001
0025 - Heico - Sigma - 6.avi,heico,heico__2405328,False,False,0.10976336466979489,137,138.4717792749522,0.20578839910516872,307097
0025 - Heico - Sigma - 6.avi,heico,heico__2405329,False,False,0.07450587663470917,98,140.43839401343325,0.1660822109064338,306553
0025 - Heico - Sigma - 6.avi,heico,heico__2405330,False,False,0.2482758620689655,68,142.84557254391672,0.24983083929733246,307400
0025 - Heico - Sigma - 6.avi,heico,heico__2405337,False,False,0.13345398209462703,59,113.4349593495935,0.04299483129738549,291756
0025 - Heico - Sigma - 6.avi,heico,heico__2405344,False,False,0.17776843532360198,50,133.72963046248407,0.17371098574841207,306843
0025 - Heico - Sigma - 6.avi,heico,heico__2405346,False,False,0.18294268281529677,56,128.3829028338494,0.14526254589163695,306156
0025 - Heico - Sigma - 6.avi,heico,heico__2405352,False,False,0.15696125447210169,73,127.28439753633117,0.14742959646004813,302151
0025 - Heico - Sigma - 6.avi,heico,heico__2405353,False,False,0.16446802075335615,66,126.73345032855049,0.11470184500127964,300867
0025 - Heico - Sigma - 6.avi,heico,heico__2405354,False,False,0.11453192454351514,57,121.67934017570677,0.06508541768154406,297655
0025 - Heico - Sigma - 6.avi,heico,heico__2405358,False,False,0.07737538725156448,66,135.80375670665958,0.17388613256626848,306971
0025 - Heico - Sigma - 6.avi,heico,heico__2405363,False,False,0.10998448179086737,109,130.20776570805955,0.18912074487403838,302870
0025 - Heico - Sigma - 6.avi,heico,heico__2405376,False,False,0.15809895534381815,63,131.63723043114618,0.04987126293520508,304885
0025 - Heico - Sigma - 6.avi,heico,heico__2405379,False,False,0.15773582915550105,55,123.47645416580143,0.07139725828727006,303387
0025 - Heico - Sigma - 6.avi,heico,heico__2405385,False,False,0.2087981769543248,11,119.6464909673371,0.2048284289441527,302790
0025 - Heico - Sigma - 6.avi,heico,heico__2405861,False,True,0.049339747186911066,109,139.16898644462538,0.054879967303618986,308291
0025 - Heico - Sigma - 6.avi,heico,heico__2405862,False,True,0.06267786764202517,77,137.0534100059004,0.06330050626061501,306759
0025 - Heico - Sigma - 6.avi,heico,heico__2405864,False,True,0.05378046877032335,112,139.50132345672588,0.03990856117166567,307528
0025 - Heico - Sigma - 6.avi,heico,heico__2405868,False,True,0.10012491809311079,96,137.29350264522938,0.03967037117135728,309803
0025 - Heico - Sigma - 6.avi,heico,heico__2405869,False,True,0.08631700369897795,123,138.10700292567245,0.03858794416734331,310356
0025 - Heico - Sigma - 6.avi,heico,heico__2405870,False,True,0.08480360778813895,126,142.0874090895932,0.038290932601654,310883
0025 - Heico - Sigma - 6.avi,heico,heico__2405871,False,True,0.09382713668620796,109,139.08995423223286,0.04775082279131955,311136
0025 - Heico - Sigma - 6.avi,heico,heico__2405872,False,True,0.09919036144578314,90,139.23522570281125,0.03742329317269076,311250
0025 - Heico - Sigma - 6.avi,heico,heico__2405874,False,True,0.15182668292966253,55,138.48283027756804,0.15408543235690822,309906
0025 - Heico - Sigma - 6.avi,heico,heico__2405876,False,True,0.14866843494437068,45,129.49619019482438,0.18017602695920085,308021
0025 - Heico - Sigma - 6.avi,heico,heico__2405877,False,True,0.1382058524901721,46,125.53788302829919,0.14912720314493244,307288
0025 - Heico - Sigma - 6.avi,heico,heico__2405878,False,True,0.14292642124140356,47,131.66485488968232,0.09404424424489584,307249
0025 - Heico - Sigma - 6.avi,heico,heico__2405879,False,True,0.14413510820276618,50,139.67019173653512,0.11816125084799678,308079
0025 - Heico - Sigma - 6.avi,heico,heico__2405881,False,True,0.13456798131811104,50,137.01273676699532,0.08462960560456669,308320
0025 - Heico - Sigma - 6.avi,heico,heico__2405884,False,True,0.12406507500528206,63,142.81013505826522,0.038866225682198635,307645
0025 - Heico - Sigma - 6.avi,heico,heico__2405885,False,True,0.08752979689397827,69,137.37906520567165,0.08959528186075513,307918
0025 - Heico - Sigma - 6.avi,heico,heico__2405886,False,True,0.09750113437479743,70,138.03887664484347,0.05569456148311402,308540
0025 - Heico - Sigma - 6.avi,heico,heico__2405888,False,True,0.1037356928322104,81,136.52797792028574,0.055871418134588846,307975
0025 - Heico - Sigma - 6.avi,heico,heico__2405891,False,True,0.14143323427680615,49,139.07619882756046,0.10724086974878615,307905
0025 - Heico - Sigma - 6.avi,heico,heico__2405892,False,True,0.10093991054644455,100,140.80628443637778,0.051293187269073705,308540
0025 - Heico - Sigma - 6.avi,heico,heico__2405893,False,True,0.11164613516374333,54,138.09920709651863,0.043424615724295575,307982
0025 - Heico - Sigma - 6.avi,heico,heico__2405894,False,True,0.15674553030450306,67,145.89683573423537,0.11939060505323458,308634
0025 - Heico - Sigma - 6.avi,heico,heico__2405895,False,True,0.0788212660067677,106,138.03368599320635,0.0647992239536189,308229
0025 - Heico - Sigma - 6.avi,heico,heico__2405896,False,True,0.07683981984659821,144,143.57933405274076,0.04231472566669036,309514
0025 - Heico - Sigma - 6.avi,heico,heico__2405897,False,True,0.09467382703558133,115,140.79721043961032,0.039404729475554866,308364
0025 - Heico - Sigma - 6.avi,heico,heico__2405898,False,True,0.10293363122105824,91,139.71229696115552,0.03850999850623161,307946
0025 - Heico - Sigma - 6.avi,heico,heico__2405908,False,True,0.0642332849670334,214,136.44199810683602,0.1594417459033307,305309
0025 - Heico - Sigma - 6.avi,heico,heico__2405909,False,True,0.04692602350900478,234,134.5963455258645,0.05675867461250879,304394
0025 - Heico - Sigma - 6.avi,heico,heico__2405910,False,True,0.07444582069790287,202,130.14150915500593,0.06513146871067685,304369
0025 - Heico - Sigma - 6.avi,heico,heico__2405916,False,False,0.11896745230078563,61,117.34917437654485,0.09520095052841876,303831
0025 - Heico - Sigma - 6.avi,heico,heico__2405925,False,False,0.10420701157673642,58,120.01529584082888,0.09501246801078704,305181
0025 - Heico - Sigma - 6.avi,heico,heico__2405927,False,False,0.09294687198659869,58,117.60641893559672,0.09234789419814317,303851
0025 - Heico - Sigma - 6.avi,heico,heico__2405945,False,False,0.06384924263507336,178,124.09316648776156,0.08787884811619555,301836
0025 - Heico - Sigma - 6.avi,heico,heico__2405946,False,False,0.06759773705986659,142,119.99851726758423,0.09907624757240564,296075
0025 - Heico - Sigma - 6.avi,heico,heico__2405959,False,False,0.11463958350641079,25,122.42491207665255,0.09427182852870317,288888
0025 - Heico - Sigma - 6.avi,heico,heico__2405967,False,False,0.1420803634214705,89,124.21046949643281,0.1051472[redacted-port]89141,302899
0025 - Heico - Sigma - 6.avi,heico,heico__2405978,False,False,0.1770272347076577,66,123.72278082420223,0.14001889982113838,305823
0025 - Heico - Sigma - 6.avi,heico,heico__2405980,False,False,0.18030049533645992,62,124.24640683458924,0.12491107656636982,303632
0025 - Heico - Sigma - 6.avi,heico,heico__2405984,False,False,0.14108330298825236,65,122.80792055821827,0.09917428574240471,304827
0025 - Heico - Sigma - 6.avi,heico,heico__2405989,False,False,0.13209800370200825,86,123.44293069017907,0.10583895600713863,301458
0025 - Heico - Sigma - 6.avi,heico,heico__2405997,False,False,0.13373464639359342,103,114.02675721010768,0.27215789188896705,369620
0025 - Heico - Sigma - 6.avi,heico,heico__2405999,False,False,0.07080488187740366,135,131.0938669125919,0.12273042409020747,305784
0025 - Heico - Sigma - 6.avi,heico,heico__2406010,False,False,0.23282173850063867,52,123.5691245605025,0.23420113512161075,303756
0025 - Heico - Sigma - 6.avi,heico,heico__2406013,False,False,0.17587230555262737,65,120.67718658718636,0.09356733100514492,294077
0025 - Heico - Sigma - 6.avi,heico,heico__2406017,False,False,0.13590931084537222,68,110.38501071403884,0.08505218773760974,289340
0025 - Heico - Sigma - 6.avi,heico,heico__2406019,False,False,0.15057560975609757,53,125.39381463414634,0.23758048780487806,307500
0025 - Heico - Sigma - 6.avi,heico,heico__2406020,False,False,0.16686311923259767,57,132.9890789739315,0.1713402840638981,307114
0025 - Heico - Sigma - 6.avi,heico,heico__2406021,False,False,0.17776843532360198,50,133.72963046248407,0.17371098574841207,306843
0025 - Heico - Sigma - 6.avi,heico,heico__2406026,False,False,0.1728697808389017,25,108.68636570688787,0.08354767670056203,291977
0025 - Heico - Sigma - 6.avi,heico,heico__2406033,False,False,0.1262063233441295,55,128.14225545360395,0.09663449804415655,303194
0025 - Heico - Sigma - 6.avi,heico,heico__2406035,False,False,0.07737538725156448,66,135.80375670665958,0.17388613256626848,306971
0025 - Heico - Sigma - 6.avi,heico,heico__2406041,False,False,0.09732639107537608,83,126.49183202033626,0.190380708388709,301727
0025 - Heico - Sigma - 6.avi,heico,heico__2406046,False,False,0.14046140371830088,93,124.4026832278355,0.11715567233302812,301428
0025 - Heico - Sigma - 6.avi,heico,heico__2406048,False,False,0.1715466794393886,76,130.35096524292467,0.06382543021165234,288114
0025 - Heico - Sigma - 6.avi,heico,heico__2406050,False,False,0.1639912835748171,107,113.5141641909222,0.08580061854135226,295534
0025 - Heico - Sigma - 6.avi,heico,heico__2406052,False,False,0.1346613871642666,35,115.8889430318065,0.029267843877571885,293462
0025 - Heico - Sigma - 6.avi,heico,heico__2406053,False,False,0.15809895534381815,63,131.63723043114618,0.04987126293520508,304885
0025 - Heico - Sigma - 6.avi,heico,heico__2406057,False,False,0.07330765248141503,32,146.29499223387594,0.05623194823886449,307103
0025 - Heico - Sigma - 6.avi,heico,heico__2406058,False,False,0.08913011684027496,75,142.0735784974893,0.23184750637827647,307685
0025 - Heico - Sigma - 6.avi,heico,heico__2406059,False,False,0.13741372481543765,23,124.33084869459071,0.2568354619415244,308026
0025 - Heico - Sigma - 6.avi,heico,heico__2406062,False,False,0.2087981769543248,11,119.6464909673371,0.2048284289441527,302790
0025 - Heico - Sigma - 6.avi,heico,heico__2423384,False,False,0.1595108911941843,81,125.1334602424982,0.06714467644795839,301528
0025 - Heico - Sigma - 6.avi,heico,heico__2423385,False,False,0.1579800474055685,60,118.93934001941119,0.07119418456479971,302918
0025 - Heico - Sigma - 6.avi,heico,heico__2423386,False,False,0.13958652778512134,64,120.73878416961878,0.05768519008089674,302608
0025 - Heico - Sigma - 6.avi,heico,heico__2423387,False,False,0.09032503858652825,145,128.89926473940255,0.08813358428144395,307102
0025 - Heico - Sigma - 6.avi,heico,heico__2423388,False,False,0.16077564553400986,66,121.80205633142437,0.08466459024079842,298590
0025 - Heico - Sigma - 6.avi,heico,heico__2423390,False,False,0.15092284397141595,56,119.07032027221621,0.0828485578139069,296529
0025 - Heico - Sigma - 6.avi,heico,heico__2423391,False,False,0.1715466794393886,76,130.35096524292467,0.06382543021165234,288114
0025 - Heico - Sigma - 6.avi,heico,heico__2423392,False,False,0.19058166342785102,79,123.99141887985735,0.0827743764409247,287142
0025 - Heico - Sigma - 6.avi,heico,heico__2423393,False,False,0.1645302300346477,29,120.81398750759743,0.1128780256647105,291217
0025 - Heico - Sigma - 6.avi,heico,heico__2423394,False,False,0.07737538725156448,66,135.80375670665958,0.17388613256626848,306971
0025 - Heico - Sigma - 6.avi,heico,heico__2423395,False,False,0.08913011684027496,75,142.0735784974893,0.23184750637827647,307685
0026 - Heico - Sigma - 7.avi,heico,heico__2451020,True,False,0.08190786459658947,78,104.51585034359888,0.09690608297276661,491125
0026 - Heico - Sigma - 7.avi,heico,heico__2451137,False,False,0.02037334465299192,154,137.30771444256465,0.010873402815901127,490003
0026 - Heico - Sigma - 7.avi,heico,heico__2452380,True,False,0.0328120947873444,151,123.13689906963174,0.01146751815352697,493568
0026 - Heico - Sigma - 7.avi,heico,heico__2452382,True,False,0.07542166032433223,112,140.51098164716586,0.039042923457431905,492458
0026 - Heico - Sigma - 7.avi,heico,heico__2452389,False,True,0.02638748534702292,222,136.7709992319819,0.029433283479526253,494780
0026 - Heico - Sigma - 7.avi,heico,heico__2452400,False,False,0.05898290198859058,114,141.04078302768556,0.027520385470719052,496432
0026 - Heico - Sigma - 7.avi,heico,heico__2452409,False,True,0.07183745475560423,166,121.57703358984497,0.08672932445174437,493155
0026 - Heico - Sigma - 7.avi,heico,heico__2452450,True,False,0.07132878492527615,75,106.79572977582846,0.0728293534762833,492480
0026 - Heico - Sigma - 7.avi,heico,heico__2452466,False,True,0.05846720560791314,169,119.38620196691218,0.06997098164878657,492447
0026 - Heico - Sigma - 7.avi,heico,heico__2452510,False,True,0.011018939179974662,273,141.44339831992446,0.01483179070874656,495692
0026 - Heico - Sigma - 7.avi,heico,heico__2452534,False,True,0.033645985890065844,185,118.60408814854783,0.04788979808757247,492986
0026 - Heico - Sigma - 7.avi,heico,heico__2452558,False,True,0.07937051044702556,205,128.8804177588233,0.09356600088390858,491001
0026 - Heico - Sigma - 7.avi,heico,heico__2452574,True,False,0.008408143782930366,219,129.2469387380441,0.010823292312525115,490239
0026 - Heico - Sigma - 7.avi,heico,heico__2452670,True,False,0.023954458117002576,141,134.83748620252646,0.011174931523649892,489220
0026 - Heico - Sigma - 7.avi,heico,heico__2452727,True,False,0.008835115248172695,200,129.64972674585835,0.009047272252515795,490203
0026 - Heico - Sigma - 7.avi,heico,heico__2452738,False,True,0.058306159752160656,178,122.40346152750129,0.03625790272875677,491286
0026 - Heico - Sigma - 7.avi,heico,heico__2452809,False,True,0.00659624474816451,74,122.94020940651986,0.039205621358575825,494827
0026 - Heico - Sigma - 7.avi,heico,heico__2452837,True,False,0.10288752746289706,55,125.07834517447856,0.09319857661689718,490662
0026 - Heico - Sigma - 7.avi,heico,heico__2482701,True,False,0.03197221527110695,173,107.5890653126791,0.04675656476780136,495524
0026 - Heico - Sigma - 7.avi,heico,heico__2482815,True,False,0.07629260423560556,167,114.42749007279947,0.0917686962276638,483520
0026 - Heico - Sigma - 7.avi,heico,heico__2482859,False,True,0.18561658801355108,47,117.79960098263642,0.18276179643579885,489703
0026 - Heico - Sigma - 7.avi,heico,heico__2482861,False,True,0.05895868370549506,90,133.864955827533,0.06300765601535295,488766
0026 - Heico - Sigma - 7.avi,heico,heico__2482875,False,True,0.02173712925061523,152,125.93534093907834,0.01615044564592577,488841
0026 - Heico - Sigma - 7.avi,heico,heico__2495333,False,True,0.05290237146467101,145,117.12874793468752,0.04705065280072569,493872
0026 - Heico - Sigma - 7.avi,heico,heico__2495386,False,True,0.050512577018164445,121,124.39303308313609,0.08329401855117773,493877
0026 - Heico - Sigma - 7.avi,heico,heico__2495396,False,True,0.05846720560791314,169,119.38620196691218,0.06997098164878657,492447
0026 - Heico - Sigma - 7.avi,heico,heico__2495400,False,True,0.04491481881551426,205,133.14855226374408,0.02822853074088009,494358
0026 - Heico - Sigma - 7.avi,heico,heico__2495402,False,True,0.02638748534702292,222,136.7709992319819,0.029433283479526253,494780
0026 - Heico - Sigma - 7.avi,heico,heico__2495406,False,True,0.039513690199626667,263,136.25706926205788,0.042003928952795505,490716
0026 - Heico - Sigma - 7.avi,heico,heico__2441164,False,True,0.03572093512717147,186,120.53092063723348,0.06112487250473554,494136
0026 - Heico - Sigma - 7.avi,heico,heico__2441171,False,True,0.040425251860476887,214,121.13573836885536,0.052585430061256516,493825
0026 - Heico - Sigma - 7.avi,heico,heico__2441199,False,True,0.005765874037828712,217,124.61797456556663,0.015862796316054105,489258
0026 - Heico - Sigma - 7.avi,heico,heico__2441210,False,True,0.027656236932234263,182,137.67072800076699,0.010511328286753443,490233
0026 - Heico - Sigma - 7.avi,heico,heico__2441223,False,True,0.08979884910929382,121,126.27796601180265,0.0936603097735956,490229
0026 - Heico - Sigma - 7.avi,heico,heico__2441227,False,True,0.05255403655025507,160,124.06739145114457,0.060209086611949736,488697
0026 - Heico - Sigma - 7.avi,heico,heico__2441237,False,True,0.0715301918770799,152,137.337879743834,0.06821265242330896,484998
0026 - Heico - Sigma - 7.avi,heico,heico__2441248,False,True,0.13100386746874784,110,122.86874497167804,0.13342971375830567,489726
0026 - Heico - Sigma - 7.avi,heico,heico__2441254,False,True,0.050512577018164445,121,124.39303308313609,0.08329401855117773,493877
0026 - Heico - Sigma - 7.avi,heico,heico__2441259,False,True,0.05003851916555962,170,137.783623389727,0.06138600247897622,494559
0026 - Heico - Sigma - 7.avi,heico,heico__2441262,False,True,0.08292504347295525,76,108.77317591547434,0.12138259251349949,491685
0026 - Heico - Sigma - 7.avi,heico,heico__2441263,False,True,0.05231110443129242,184,121.04271653783192,0.057581616777899185,492362
0026 - Heico - Sigma - 7.avi,heico,heico__2441265,False,True,0.058306159752160656,178,122.40346152750129,0.03625790272875677,491286
0026 - Heico - Sigma - 7.avi,heico,heico__2441268,False,True,0.045993950991680584,175,128.79451210612524,0.03216677748406662,493304
0026 - Heico - Sigma - 7.avi,heico,heico__2441270,False,True,0.04491481881551426,205,133.14855226374408,0.02822853074088009,494358
0026 - Heico - Sigma - 7.avi,heico,heico__2450811,False,False,0.04018299796601059,44,88.931947885893,0.051377065802306,491153
0026 - Heico - Sigma - 7.avi,heico,heico__2450821,False,False,0.034758227819933686,129,125.75518935769497,0.014332559894321393,494329
0026 - Heico - Sigma - 7.avi,heico,heico__2450828,False,True,0.0542555632025694,146,124.74185089932908,0.06260288252174367,496926
0026 - Heico - Sigma - 7.avi,heico,heico__2450832,False,False,0.023621361856834586,146,126.39243363387193,0.005534390549026117,494002
0026 - Heico - Sigma - 7.avi,heico,heico__2450837,False,True,0.028812899661012848,160,122.52747691519674,0.04105555880449052,495889
0026 - Heico - Sigma - 7.avi,heico,heico__2450840,False,False,0.025658520783138627,184,127.1737826729566,0.006610516085926586,493910
0026 - Heico - Sigma - 7.avi,heico,heico__2450844,False,False,0.0228089486156917,141,130.50451989699317,0.016358700339659683,486958
0026 - Heico - Sigma - 7.avi,heico,heico__2450897,False,False,0.01099331746725069,172,135.18767017598287,0.006464135985663375,489934
0026 - Heico - Sigma - 7.avi,heico,heico__2450900,False,False,0.011834790813179811,178,129.3565815324165,0.012453590056733476,489658
0026 - Heico - Sigma - 7.avi,heico,heico__2450902,False,False,0.009411889496992233,178,132.11946408937828,0.011512939818167353,490231
0026 - Heico - Sigma - 7.avi,heico,heico__2450908,False,True,0.053858223366591566,165,124.48301013839716,0.06701400064370776,497120
0026 - Heico - Sigma - 7.avi,heico,heico__2450910,False,True,0.022031858349892568,150,123.45318583498926,0.020759624549669623,495192
0026 - Heico - Sigma - 7.avi,heico,heico__2450914,False,True,0.018052558336526633,131,133.90869047859147,0.03329770284169978,495830
0026 - Heico - Sigma - 7.avi,heico,heico__2450919,False,False,0.007874483762207807,113,141.50292167532615,0.00490054416331048,487905
0026 - Heico - Sigma - 7.avi,heico,heico__2450935,False,False,0.005544991392879731,129,138.56341329119493,0.0062347891409050065,488549
0026 - Heico - Sigma - 7.avi,heico,heico__2450954,False,False,0.13549464564060001,90,122.05733921739306,0.057047713516467945,493990
0026 - Heico - Sigma - 7.avi,heico,heico__2450977,False,False,0.049795837470851985,259,124.85712465543149,0.06371407942822357,494459
0026 - Heico - Sigma - 7.avi,heico,heico__2450984,False,False,0.06386157203024306,208,123.64111635459481,0.07911909473791039,492675
0026 - Heico - Sigma - 7.avi,heico,heico__2451007,False,False,0.05627901111016187,157,125.91676735377993,0.03324912229314392,491622
0026 - Heico - Sigma - 7.avi,heico,heico__2451038,False,True,0.03835508105970739,162,123.28264781594726,0.048224271915171764,495684
0026 - Heico - Sigma - 7.avi,heico,heico__2451046,False,True,0.0250796741136886,301,131.16267454588785,0.04134167572130823,495142
0026 - Heico - Sigma - 7.avi,heico,heico__2451054,False,False,0.004899441672484711,127,139.79374230943262,0.006344910047233648,488423
0026 - Heico - Sigma - 7.avi,heico,heico__2451058,False,False,0.018738193872491773,126,136.15210594680534,0.007791531959007896,488094
0026 - Heico - Sigma - 7.avi,heico,heico__2451079,False,False,0.058059012646716805,140,134.53454408646283,0.03450586062456996,497046
0026 - Heico - Sigma - 7.avi,heico,heico__2451116,False,False,0.006834239519537211,121,142.0552016724556,0.004868449582908878,488862
0026 - Heico - Sigma - 7.avi,heico,heico__2451131,False,False,0.009516101741560779,200,131.58251874985984,0.009454944275355376,490537
0026 - Heico - Sigma - 7.avi,heico,heico__2451160,False,False,0.030614847507289492,137,116.85831757089018,0.0073598876938678484,490089
0026 - Heico - Sigma - 7.avi,heico,heico__2451183,False,False,0.07772192735552777,58,121.86779471846907,0.05061161643523139,490994
0026 - Heico - Sigma - 7.avi,heico,heico__2451187,False,False,0.03853218847451835,248,134.51572350072928,0.006853285976700048,491589
0026 - Heico - Sigma - 7.avi,heico,heico__2451218,False,True,0.1277519874483324,136,137.7768444348418,0.12807910619849647,495233
0026 - Heico - Sigma - 7.avi,heico,heico__2451219,False,True,0.03493692140958601,148,127.04254550518372,0.03877955894432414,495493
0026 - Heico - Sigma - 7.avi,heico,heico__2451236,False,True,0.021989268800794545,163,124.6734796458462,0.015265110683155086,495378
0026 - Heico - Sigma - 7.avi,heico,heico__2451240,False,False,0.012227211945848871,163,130.2344999457342,0.007636120138347084,488337
0026 - Heico - Sigma - 7.avi,heico,heico__2451248,False,False,0.0727141022954102,66,115.28644708917733,0.015456019729010966,491459
0026 - Heico - Sigma - 7.avi,heico,heico__2451250,False,False,0.02501435216459042,233,119.51815269891695,0.03523228192316977,492957
0026 - Heico - Sigma - 7.avi,heico,heico__2451266,False,False,0.0035419851077021294,119,139.1140187719072,0.00869638169135416,488709
0026 - Heico - Sigma - 7.avi,heico,heico__2451268,False,False,0.008246412606397094,163,132.32774999489703,0.008695474679022678,489910
0026 - Heico - Sigma - 7.avi,heico,heico__2451272,False,False,0.05829229742259988,198,143.86430048228607,0.035492765708790106,492861
0026 - Heico - Sigma - 7.avi,heico,heico__2452350,False,False,0.05221790370739361,190,136.4450005816572,0.018559339476031247,335249
0026 - Heico - Sigma - 7.avi,heico,heico__2452359,False,False,0.05032751025429851,52,107.95887353470273,0.024316902847730498,494183
0026 - Heico - Sigma - 7.avi,heico,heico__2452373,False,True,0.02173712925061523,152,125.93534093907834,0.01615044564592577,488841
0026 - Heico - Sigma - 7.avi,heico,heico__2452381,False,False,0.046469910225815356,296,133.79220847741036,0.030718842838357765,492792
0026 - Heico - Sigma - 7.avi,heico,heico__2452386,False,False,0.025658520783138627,184,127.1737826729566,0.006610516085926586,493910
0026 - Heico - Sigma - 7.avi,heico,heico__2452390,False,True,0.0250796741136886,301,131.16267454588785,0.04134167572130823,495142
0026 - Heico - Sigma - 7.avi,heico,heico__2452403,False,True,0.04093308167397976,172,126.61031843809361,0.057056273378122226,494319
0026 - Heico - Sigma - 7.avi,heico,heico__2452405,False,True,0.045300962569446275,103,125.87566051235693,0.060760042726813915,493367
0026 - Heico - Sigma - 7.avi,heico,heico__2452419,False,False,0.023525098530445144,62,122.29979937470084,0.013673072418604177,490965
0026 - Heico - Sigma - 7.avi,heico,heico__2452424,False,False,0.04341285887585928,231,123.88918722199757,0.046714516781237364,494600
0026 - Heico - Sigma - 7.avi,heico,heico__2452441,False,True,0.05995626647860036,185,121.14706055207998,0.07057147431415584,493443
0026 - Heico - Sigma - 7.avi,heico,heico__2452443,False,True,0.016410816495762797,274,139.7907711910685,0.022035475193657342,494430
0026 - Heico - Sigma - 7.avi,heico,heico__2452448,False,True,0.12629502530954265,73,113.08652521580359,0.14460674432063644,490724
0026 - Heico - Sigma - 7.avi,heico,heico__2452460,False,True,0.06102399586264298,157,122.6810053292714,0.06934517436293186,495002
0026 - Heico - Sigma - 7.avi,heico,heico__2452463,False,True,0.04809976366876492,159,127.20587659513492,0.04127219263316589,495491
0026 - Heico - Sigma - 7.avi,heico,heico__2452468,False,False,0.041329568861859824,99,127.2223487933889,0.048033757755035794,489843
0026 - Heico - Sigma - 7.avi,heico,heico__2452471,False,False,0.03522896062392844,168,138.3820538735694,0.017312704849275943,488774
0026 - Heico - Sigma - 7.avi,heico,heico__2452480,False,False,0.029676085627914798,148,136.8421240448074,0.01034048539985808,487598
0026 - Heico - Sigma - 7.avi,heico,heico__2452487,False,True,0.04675112943222701,136,127.04052638906545,0.04437019146373206,495603
0026 - Heico - Sigma - 7.avi,heico,heico__2452514,False,True,0.04174558112675715,166,121.40067277521797,0.04287831491210713,495262
0026 - Heico - Sigma - 7.avi,heico,heico__2452515,False,True,0.02313910108367383,186,124.30554232141992,0.01840711251796702,495352
0026 - Heico - Sigma - 7.avi,heico,heico__2452530,False,False,0.024417915224576297,134,139.71071273970156,0.012198699708060045,487429
0026 - Heico - Sigma - 7.avi,heico,heico__2452539,False,True,0.03894725992930806,176,125.33754494031199,0.03921200105896452,494823
0026 - Heico - Sigma - 7.avi,heico,heico__2452547,False,False,0.02593122800148458,161,111.73596479421829,0.024493549821156913,490374
0026 - Heico - Sigma - 7.avi,heico,heico__2452597,False,False,0.01930679076321837,129,133.83944189323708,0.009067596298405233,488222
0026 - Heico - Sigma - 7.avi,heico,heico__2452600,False,True,0.022450450523204518,160,124.32463109185505,0.020825215570760308,495313
0026 - Heico - Sigma - 7.avi,heico,heico__2452614,False,True,0.09254889849701461,125,121.81030059707639,0.0959337039324686,485700
0026 - Heico - Sigma - 7.avi,heico,heico__2452617,False,False,0.02275748903506526,143,136.6038426949259,0.007264205249648159,488147
0026 - Heico - Sigma - 7.avi,heico,heico__2452628,False,False,0.00812747081043605,198,138.86887653157012,0.007413709533928203,488959
0026 - Heico - Sigma - 7.avi,heico,heico__2452629,False,False,0.04357540983270503,176,118.35305163164358,0.034928795603305314,487821
0026 - Heico - Sigma - 7.avi,heico,heico__2452632,False,True,0.03748509012527322,215,122.63419492731246,0.05841038030019557,495477
0026 - Heico - Sigma - 7.avi,heico,heico__2452656,False,False,0.03934417558093641,110,121.1528480227207,0.05965406258773554,491534
0026 - Heico - Sigma - 7.avi,heico,heico__2452671,False,True,0.01508859017521441,247,127.54252369367377,0.009477469507450095,488316
0026 - Heico - Sigma - 7.avi,heico,heico__2452692,False,True,0.033327545899064455,139,123.38263285189956,0.051711398149905316,495326
0026 - Heico - Sigma - 7.avi,heico,heico__2452705,False,False,0.020614564401817016,156,137.2799347611837,0.007579094893382481,488053
0026 - Heico - Sigma - 7.avi,heico,heico__2452739,False,True,0.009113329322208966,207,135.85043708250254,0.014265502208514125,486979
0026 - Heico - Sigma - 7.avi,heico,heico__2452750,False,False,0.014970895626544502,62,122.97934985180989,0.008573269952300025,487212
0026 - Heico - Sigma - 7.avi,heico,heico__2452800,False,True,0.053394183243160434,142,126.4072999733916,0.0608364712427734,496084
0026 - Heico - Sigma - 7.avi,heico,heico__2452805,False,False,0.012118778781075368,120,143.06505956965634,0.011039232395404861,488168
0026 - Heico - Sigma - 7.avi,heico,heico__2452807,False,False,0.01099331746725069,172,135.18767017598287,0.006464135985663375,489934
0026 - Heico - Sigma - 7.avi,heico,heico__2452840,False,True,0.011972613253085048,220,121.60495829378144,0.016848100498858886,495130
0026 - Heico - Sigma - 7.avi,heico,heico__2452846,False,True,0.0462455775948986,236,123.47141474532403,0.048342873537903876,494923
0026 - Heico - Sigma - 7.avi,heico,heico__2482700,False,False,0.031191080657618,131,113.65326842921411,0.04719798512233042,495911
0026 - Heico - Sigma - 7.avi,heico,heico__2482746,False,False,0.02576883535306927,245,128.63550444827615,0.02842606309347451,494124
0026 - Heico - Sigma - 7.avi,heico,heico__2482767,False,False,0.018550587794787684,199,120.97487042467334,0.029850655151573115,491413
0026 - Heico - Sigma - 7.avi,heico,heico__2482785,False,False,0.016943221490710526,217,127.18544160610672,0.00897412944230597,491524
0026 - Heico - Sigma - 7.avi,heico,heico__2482860,False,True,0.09656639678505999,142,135.70012777430208,0.0983352659111612,490709
0026 - Heico - Sigma - 7.avi,heico,heico__2482862,False,True,0.08549046182484701,119,125.32974571670007,0.08325543041193977,489926
0026 - Heico - Sigma - 7.avi,heico,heico__2482863,False,True,0.08789662205148031,119,121.63644044046501,0.0972492415827447,488847
0026 - Heico - Sigma - 7.avi,heico,heico__2482867,False,True,0.01153333481663373,101,119.18115952288969,0.03187545131100157,494393
0026 - Heico - Sigma - 7.avi,heico,heico__2482868,False,True,0.036747591646731755,185,122.94833758970712,0.02478058123747333,494944
0026 - Heico - Sigma - 7.avi,heico,heico__2482869,False,True,0.03554898587248891,184,123.76768766003505,0.02209998303729372,495204
0026 - Heico - Sigma - 7.avi,heico,heico__2482870,False,True,0.032527158156740496,167,122.99740388830861,0.020667877512015854,494971
0026 - Heico - Sigma - 7.avi,heico,heico__2482872,False,True,0.025373679779194268,181,124.12509161539906,0.015332833949486853,495277
0026 - Heico - Sigma - 7.avi,heico,heico__2482873,False,True,0.034276674993038936,97,117.76751262070886,0.04662095905281126,495614
0026 - Heico - Sigma - 7.avi,heico,heico__2482874,False,True,0.03213066388252673,145,127.56501831688934,0.01677839322162721,489439
0026 - Heico - Sigma - 7.avi,heico,heico__2482876,False,True,0.018842269238857255,170,131.80520127479824,0.012264114348013385,489803
0026 - Heico - Sigma - 7.avi,heico,heico__2482877,False,False,0.01099331746725069,172,135.18767017598287,0.006464135985663375,489934
0026 - Heico - Sigma - 7.avi,heico,heico__2482900,False,False,0.02641485616791167,227,120.23643067576344,0.018099897590005763,491163
0026 - Heico - Sigma - 7.avi,heico,heico__2482901,False,False,0.07309194879936091,145,119.76429446277437,0.07488531619308861,490697
0026 - Heico - Sigma - 7.avi,heico,heico__2482969,False,False,0.037645630224442776,223,136.69823393646752,0.0358466535968289,489167
0026 - Heico - Sigma - 7.avi,heico,heico__2482976,False,False,0.02335483241291246,139,114.5170413416727,0.01328578051418858,491804
0026 - Heico - Sigma - 7.avi,heico,heico__2482978,False,False,0.04357902519479042,225,119.94435778064852,0.05021083676603213,492324
0026 - Heico - Sigma - 7.avi,heico,heico__2482980,False,False,0.04824759739757112,237,130.6498453942142,0.018978420372927896,490926
0026 - Heico - Sigma - 7.avi,heico,heico__2482981,False,False,0.08561626362053729,127,110.16843443671846,0.014637421756531429,489977
0026 - Heico - Sigma - 7.avi,heico,heico__2482985,False,False,0.009073427101476999,78,112.06059623652125,0.01932885635754055,496615
0026 - Heico - Sigma - 7.avi,heico,heico__2482986,False,False,0.019578510770844947,139,135.09739253746025,0.007174415554608348,487984
0026 - Heico - Sigma - 7.avi,heico,heico__2482992,False,False,0.00812747081043605,198,138.86887653157012,0.007413709533928203,488959
0026 - Heico - Sigma - 7.avi,heico,heico__2482993,False,False,0.014262744649940418,166,138.41040588628982,0.009151417704575504,490088
0026 - Heico - Sigma - 7.avi,heico,heico__2482999,False,False,0.02468964220457249,82,133.88584923785038,0.009804322322461444,489274
0026 - Heico - Sigma - 7.avi,heico,heico__2483002,False,False,0.02909725371938986,163,136.32801320633675,0.012425888015821453,489462
0026 - Heico - Sigma - 7.avi,heico,heico__2483005,False,False,0.0429070299977101,102,135.14162427622756,0.010100101409925087,489104
0026 - Heico - Sigma - 7.avi,heico,heico__2483007,False,False,0.01930679076321837,129,133.83944189323708,0.009067596298405233,488222
0026 - Heico - Sigma - 7.avi,heico,heico__2483014,False,False,0.01708500878651736,173,131.18097765128292,0.021776619456650787,487679
0026 - Heico - Sigma - 7.avi,heico,heico__2483016,False,False,0.0228089486156917,141,130.50451989699317,0.016358700339659683,486958
0026 - Heico - Sigma - 7.avi,heico,heico__2483034,False,False,0.008248438973209447,123,141.55244906849703,0.006734963932253585,488941
0026 - Heico - Sigma - 7.avi,heico,heico__2483038,False,False,0.004761856018343177,120,140.99859150604445,0.005521378194957674,488465
0026 - Heico - Sigma - 7.avi,heico,heico__2483041,False,False,0.009789620342769695,136,142.40308480450426,0.008871012289707294,488783
0026 - Heico - Sigma - 7.avi,heico,heico__2483047,False,False,0.007874483762207807,113,141.50292167532615,0.00490054416331048,487905
0026 - Heico - Sigma - 7.avi,heico,heico__2495327,False,True,0.015144898245214915,129,115.7250904407986,0.0068980786535340465,492311
0026 - Heico - Sigma - 7.avi,heico,heico__2495332,False,True,0.05396106670662733,149,120.9882811313457,0.05043953351329131,493819
0026 - Heico - Sigma - 7.avi,heico,heico__2495336,False,True,0.009724995691970847,217,121.80611436043506,0.025501505276068644,493265
0026 - Heico - Sigma - 7.avi,heico,heico__2495338,False,True,0.011158573794786854,228,121.27042917123667,0.030071788716946476,493253
0026 - Heico - Sigma - 7.avi,heico,heico__2495339,False,True,0.03106969655823719,188,122.09903351782084,0.047146658452209896,493439
0026 - Heico - Sigma - 7.avi,heico,heico__2495346,False,True,0.045300962569446275,103,125.87566051235693,0.060760042726813915,493367
0026 - Heico - Sigma - 7.avi,heico,heico__2495348,False,False,0.005278834407213862,175,131.54846966917398,0.011252252289061128,489502
0026 - Heico - Sigma - 7.avi,heico,heico__2495350,False,False,0.14323602541670505,23,96.56427950189807,0.14706285620734466,488655
0026 - Heico - Sigma - 7.avi,heico,heico__2495351,False,False,0.03869504385397213,136,133.0267787618983,0.03968943703785885,486729
0026 - Heico - Sigma - 7.avi,heico,heico__2495352,False,False,0.009867646124946483,216,137.3555138571086,0.014857803060875408,488161
0026 - Heico - Sigma - 7.avi,heico,heico__2495357,False,False,0.02037130856853356,169,131.73065828825443,0.014216198990014545,489512
0026 - Heico - Sigma - 7.avi,heico,heico__2495358,False,False,0.12410775867346314,93,122.18532092119709,0.1282419631961931,490058
0026 - Heico - Sigma - 7.avi,heico,heico__2495360,False,False,0.12629502530954265,73,113.08652521580359,0.14460674432063644,490724
0026 - Heico - Sigma - 7.avi,heico,heico__2495361,False,False,0.09656639678505999,142,135.70012777430208,0.0983352659111612,490709
0026 - Heico - Sigma - 7.avi,heico,heico__2495371,False,False,0.10386902510869943,104,125.42350360696085,0.10671861616989614,489193
0026 - Heico - Sigma - 7.avi,heico,heico__2495373,False,False,0.09254889849701461,125,121.81030059707639,0.0959337039324686,485700
0026 - Heico - Sigma - 7.avi,heico,heico__2495374,False,False,0.04756282782071858,173,122.92521741982164,0.06927099026196962,487881
0026 - Heico - Sigma - 7.avi,heico,heico__2495375,False,False,0.08608923777261081,147,126.08524336274145,0.08534552156164059,489434
0026 - Heico - Sigma - 7.avi,heico,heico__2495376,False,False,0.09951653459856823,78,116.54190067578766,0.102423874147593,488763
0026 - Heico - Sigma - 7.avi,heico,heico__2495384,False,False,0.069686048292409,107,139.47625299913216,0.06774822604522947,489725
0026 - Heico - Sigma - 7.avi,heico,heico__2495391,False,True,0.05003851916555962,170,137.783623389727,0.06138600247897622,494559
0026 - Heico - Sigma - 7.avi,heico,heico__2495397,False,True,0.04597170752927736,183,126.56612994045938,0.038647539400690746,491933
0026 - Laparoscopic Cholecystectomy.mp4,lapchole,lapchole__1002745,False,False,0.04126929204241546,12,90.64119504335979,0.502778919141022,277446
0026 - Laparoscopic Cholecystectomy.mp4,lapchole,lapchole__1002850,False,True,0.00604407860180315,38,112.02740342066068,0.45608329315939816,277958
0026 - Laparoscopic Cholecystectomy.mp4,lapchole,lapchole__1002877,False,False,0.0016887967875987744,11,85.83771695323361,0.6581329577173957,271199
0026 - Laparoscopic Cholecystectomy.mp4,lapchole,lapchole__1002927,False,True,0.009911113191176841,46,98.18607908009893,0.5048331527276262,277769
0026 - Laparoscopic Cholecystectomy.mp4,lapchole,lapchole__1002942,False,False,0.00827719792187967,40,87.54568300384157,0.82019506680444,277751
0026 - Laparoscopic Cholecystectomy.mp4,lapchole,lapchole__1003141,False,True,0.0019334921815757603,73,130.22147110722975,0.4809220385764035,278253
0026 - Laparoscopic Cholecystectomy.mp4,lapchole,lapchole__1003171,False,True,0.025405967004957525,29,121.79478938607939,0.22303110046986838,278163
0026 - Laparoscopic Cholecystectomy.mp4,lapchole,lapchole__1003174,False,True,0.016102815123094524,44,77.44977173176538,0.2999811164964066,270077
0026 - Laparoscopic Cholecystectomy.mp4,lapchole,lapchole__1003175,False,True,0.022155768503901996,57,77.63517279201963,0.3304281447554676,269862
0026 - Laparoscopic Cholecystectomy.mp4,lapchole,lapchole__1003182,False,False,0.0038744923264924704,100,133.85109441828703,0.35140351507745393,278230
0026 - Laparoscopic Cholecystectomy.mp4,lapchole,lapchole__995550,False,True,0.021129680248023336,42,85.22578562125075,0.348678248426923,272555
0026 - Laparoscopic Cholecystectomy.mp4,lapchole,lapchole__995552,False,True,0.00208891365703705,60,129.89668686069714,0.6486706095960595,278135
0026 - Laparoscopic Cholecystectomy.mp4,lapchole,lapchole__995556,False,True,0.012738258266029754,81,135.10479230241143,0.2653108904200678,278217
0026 - Laparoscopic Cholecystectomy.mp4,lapchole,lapchole__995573,False,False,0.0039615009066815456,13,79.67675906183369,0.7439770440188909,250915
0026 - Laparoscopic Cholecystectomy.mp4,lapchole,lapchole__995576,False,False,0.007990024182707382,30,88.64679191699312,0.524256588976866,277471
0026 - Laparoscopic Cholecystectomy.mp4,lapchole,lapchole__995581,False,True,0.006395160419142271,59,97.68481869576176,0.5822440675524828,277710
0026 - Laparoscopic Cholecystectomy.mp4,lapchole,lapchole__995582,False,True,0.009911113191176841,46,98.18607908009893,0.5048331527276262,277769
0026 - Laparoscopic Cholecystectomy.mp4,lapchole,lapchole__1001671,False,True,0.013856194001202367,37,117.92715900942338,0.04207198267432512,276122
0026 - Laparoscopic Cholecystectomy.mp4,lapchole,lapchole__1001696,False,True,0.0023453617876223014,20,67.81476208068875,0.29690204689893357,240901
0026 - Laparoscopic Cholecystectomy.mp4,lapchole,lapchole__1001739,False,False,0.006130927523292484,65,104.03396310643261,0.4196391284938727,277772
0026 - Laparoscopic Cholecystectomy.mp4,lapchole,lapchole__1001747,False,False,0.009640903428478578,50,90.71483868638177,0.17455090360901984,276945
0026 - Laparoscopic Cholecystectomy.mp4,lapchole,lapchole__1001761,False,False,0.004460864904145366,25,96.51367578865573,0.7975810600310103,277973
0026 - Laparoscopic Cholecystectomy.mp4,lapchole,lapchole__1001769,False,False,0.01704686359993243,78,137.58941606495276,0.3125186444454827,278233
0026 - Laparoscopic Cholecystectomy.mp4,lapchole,lapchole__1001773,False,False,0.009659934958043924,36,66.53565262777532,0.42545870638776245,249070
0026 - Laparoscopic Cholecystectomy.mp4,lapchole,lapchole__1001828,False,False,0.023714746404457178,36,101.80611782151135,0.22376585422035386,277844
0026 - Laparoscopic Cholecystectomy.mp4,lapchole,lapchole__1002719,False,True,0.04685556472925372,118,138.34320006633905,0.10131488338386879,277363
0026 - Laparoscopic Cholecystectomy.mp4,lapchole,lapchole__1002768,False,True,0.005658018816202109,88,122.11289721265817,0.04749373158768102,273594
0026 - Laparoscopic Cholecystectomy.mp4,lapchole,lapchole__1002947,False,False,0.018294831143993155,53,108.61080074487896,0.2218387581516073,278166
0026 - Laparoscopic Cholecystectomy.mp4,lapchole,lapchole__1003079,False,False,0.010996006713351467,33,90.85317799062446,0.6601221135482378,276464
0026 - Laparoscopic Cholecystectomy.mp4,lapchole,lapchole__1003151,False,False,0.0014491954602376996,32,72.35416289272015,0.21247647026392685,253934
0026 - Laparoscopic Cholecystectomy.mp4,lapchole,lapchole__1003169,False,False,0.009640903428478578,50,90.71483868638177,0.17455090360901984,276945
0026 - Laparoscopic Cholecystectomy.mp4,lapchole,lapchole__1026916,False,True,0.013272596185357541,71,98.76751654978042,0.4048305695746215,274626
0026 - Laparoscopic Cholecystectomy.mp4,lapchole,lapchole__1026926,False,True,0.09963875842930708,7,130.90956015905957,0.07435589373915365,247203
0026 - Laparoscopic Cholecystectomy.mp4,lapchole,lapchole__995549,False,True,0.022155768503901996,57,77.63517279201963,0.3304281447554676,269862
0026 - Laparoscopic Cholecystectomy.mp4,lapchole,lapchole__995560,False,True,0.003612353169525398,80,133.28688913490433,0.3131964113697468,278212
0027 - Heico - Sigma - 8.avi,heico,heico__2511947,False,True,0.08253819170206558,31,134.13254850897602,0.0324922976213347,281082
0027 - Heico - Sigma - 8.avi,heico,heico__2511967,False,True,0.0762466228232819,69,118.52867100055246,0.5676078615376465,264274
0027 - Heico - Sigma - 8.avi,heico,heico__2524925,False,True,0.011156461614208345,46,141.36409595912747,0.030636564080974434,280286
0027 - Heico - Sigma - 8.avi,heico,heico__2525017,True,False,0.0373622928468835,41,145.83615491735748,0.005023440291053318,274314
0027 - Heico - Sigma - 8.avi,heico,heico__2525058,False,True,0.004652746661887266,44,141.27875257639573,0.04326552558472981,278975
0027 - Heico - Sigma - 8.avi,heico,heico__2525161,True,False,0.03129571748545208,46,145.7510173558549,0.023454544794514084,275469
0027 - Heico - Sigma - 8.avi,heico,heico__2525180,True,False,0.0036535849169266597,89,143.387910701757,0.00335129648151189,267956
0027 - Heico - Sigma - 8.avi,heico,heico__2528939,False,True,0.047572436809674136,81,139.45777318664173,0.11299853356545861,276862
0027 - Heico - Sigma - 8.avi,heico,heico__2528961,False,True,0.03236635303496268,72,132.45529376917534,0.043808485974336564,273463
0027 - Heico - Sigma - 8.avi,heico,heico__2528962,False,True,0.08033000434216239,41,138.72756187581416,0.023299319727891156,276360
0027 - Heico - Sigma - 8.avi,heico,heico__2528971,False,True,0.11014394204849415,47,130.71398933531316,0.09067759270887903,288241
0027 - Heico - Sigma - 8.avi,heico,heico__2528987,True,False,0.005692586889942202,93,133.9004350786798,0.010962506750931713,298107
0027 - Heico - Sigma - 8.avi,heico,heico__2529053,False,False,0.04141047055541264,35,133.29530096777816,0.024033218233795783,275993
0027 - Heico - Sigma - 8.avi,heico,heico__2529073,False,False,0.0778800874087858,33,121.65499196138613,0.0756235718538006,280521
0027 - Heico - Sigma - 8.avi,heico,heico__2529142,False,False,0.09282308308099266,37,133.80088754307195,0.01019108280254777,287310
0027 - Heico - Sigma - 8.avi,heico,heico__2529200,False,True,0.05765845872402144,38,137.5165355363709,0.025983112798778466,274409
0027 - Heico - Sigma - 8.avi,heico,heico__2529203,False,True,0.029311026680414118,67,137.90204940608183,0.06527803279614695,283204
0027 - Heico - Sigma - 8.avi,heico,heico__2529218,True,False,0.028274312454736217,146,138.05677517594845,0.016735065272696886,269255
0027 - Heico - Sigma - 8.avi,heico,heico__2529270,False,True,0.03798281822130103,69,138.12285713276862,0.104478349758304,283207
0027 - Heico - Sigma - 8.avi,heico,heico__2569348,False,False,0.09681423107313424,45,130.7817056030655,0.11165574676073868,286022
0027 - Heico - Sigma - 8.avi,heico,heico__2569374,False,True,0.004264606276497002,74,148.00791281567942,0.06521622270562391,279041
0027 - Heico - Sigma - 8.avi,heico,heico__2569376,False,True,0.017281929571222283,129,126.51724618618017,0.008789299858456171,279772
0027 - Heico - Sigma - 8.avi,heico,heico__2569395,False,True,0.010079392221106783,80,124.90273257802244,0.1474032970386959,271941
0027 - Heico - Sigma - 8.avi,heico,heico__2569397,False,True,0.09037030198005738,65,137.53450541177807,0.029090082668106018,281608
0027 - Heico - Sigma - 8.avi,heico,heico__2569530,False,False,0.05056008850781358,21,129.9342091919052,0.0866362421057484,325395
0027 - Heico - Sigma - 8.avi,heico,heico__2569549,False,False,0.0028729690611702997,23,143.11494778233632,0.002136589364935993,275673
0027 - Heico - Sigma - 8.avi,heico,heico__2569553,True,False,0.025375082966820565,35,142.95020896698102,0.011195962159836035,274206
0027 - Heico - Sigma - 8.avi,heico,heico__2586621,False,True,0.11014394204849415,47,130.71398933531316,0.09067759270887903,288241
0027 - Heico - Sigma - 8.avi,heico,heico__2586622,False,True,0.11112160484110743,43,129.10449656330343,0.09840320408555887,285885
0027 - Heico - Sigma - 8.avi,heico,heico__2511921,False,True,0.08359824604593248,51,122.15630028435748,0.01900235834751553,280281
0027 - Heico - Sigma - 8.avi,heico,heico__2511924,False,True,0.07365523170132635,50,119.39596978876699,0.028706811855248076,293136
0027 - Heico - Sigma - 8.avi,heico,heico__2511926,False,True,0.03466811576110503,86,135.7864543939138,0.005228489392481843,272354
0027 - Heico - Sigma - 8.avi,heico,heico__2511941,False,True,0.04814603454378653,75,133.08725881834533,0.013309687718968743,276866
0027 - Heico - Sigma - 8.avi,heico,heico__2511954,False,True,0.05944129232770771,111,125.22362762458891,0.042148820064327276,276710
0027 - Heico - Sigma - 8.avi,heico,heico__2511958,False,True,0.08011470589129702,46,116.94311536578468,0.20678686660118417,328841
0027 - Heico - Sigma - 8.avi,heico,heico__2511966,False,True,0.1272810507628005,51,120.71209724543232,0.5216632363285829,268681
0027 - Heico - Sigma - 8.avi,heico,heico__2511974,False,True,0.08422070379671268,67,119.31288325643871,0.22491191185345247,308214
0027 - Heico - Sigma - 8.avi,heico,heico__2511982,False,True,0.03798281822130103,69,138.12285713276862,0.104478349758304,283207
0027 - Heico - Sigma - 8.avi,heico,heico__2511983,False,True,0.04174438346164278,67,131.70578346900984,0.11314114262943405,298627
0027 - Heico - Sigma - 8.avi,heico,heico__2511985,False,True,0.036953726380552956,69,136.9291232643451,0.10855222819022392,285411
0027 - Heico - Sigma - 8.avi,heico,heico__2511989,False,True,0.03806427822151892,75,138.6491835441452,0.09453416727231068,279317
0027 - Heico - Sigma - 8.avi,heico,heico__2511990,False,True,0.01029305320985134,74,141.639268016555,0.007364377053135614,269405
0027 - Heico - Sigma - 8.avi,heico,heico__2524795,False,True,0.06483321478591804,52,134.14957506251238,0.2893937949594128,272746
0027 - Heico - Sigma - 8.avi,heico,heico__2524799,False,False,0.11924988877250386,9,116.1864067738421,0.610812363593051,285451
0027 - Heico - Sigma - 8.avi,heico,heico__2524814,False,True,0.02636405238575985,93,136.9645882603638,0.0963211894040753,286261
0027 - Heico - Sigma - 8.avi,heico,heico__2524823,False,False,0.0620070901230955,57,125.39601708445544,0.2353076276240679,269953
0027 - Heico - Sigma - 8.avi,heico,heico__2524827,False,False,0.060158468521219956,26,123.72147515848545,0.06281540549596722,295453
0027 - Heico - Sigma - 8.avi,heico,heico__2524835,False,False,0.1567830386717522,9,111.797774397312,0.336057113639756,314881
0027 - Heico - Sigma - 8.avi,heico,heico__2524837,False,False,0.004358341748125323,98,130.18329325463333,0.004639413150671622,288183
0027 - Heico - Sigma - 8.avi,heico,heico__2524863,False,False,0.04892312185150033,133,141.51498503321895,0.17579031904796671,273940
0027 - Heico - Sigma - 8.avi,heico,heico__2524883,False,False,0.02136189649529718,65,135.43814832733327,0.05450218421389644,281108
0027 - Heico - Sigma - 8.avi,heico,heico__2524888,False,False,0.02595075799903155,42,139.42108243006666,0.004331955153275971,268470
0027 - Heico - Sigma - 8.avi,heico,heico__2524907,False,True,0.06573459095731539,76,131.87461304809105,0.2256056796546863,275228
0027 - Heico - Sigma - 8.avi,heico,heico__2524922,False,False,0.132413619049296,72,117.23103492801343,0.21711889376038127,340758
0027 - Heico - Sigma - 8.avi,heico,heico__2524933,False,False,0.017264423325432165,85,140.33130265907565,0.013051697274465932,270846
0027 - Heico - Sigma - 8.avi,heico,heico__2524951,False,True,0.018659666768768297,97,138.3093964368905,0.04787260565738017,280766
0027 - Heico - Sigma - 8.avi,heico,heico__2524989,False,False,0.019737997658079626,42,133.79353044496486,0.006586651053864169,273280
0027 - Heico - Sigma - 8.avi,heico,heico__2525015,False,False,0.04631118733140247,48,137.80729555767368,0.0662429570856043,271727
0027 - Heico - Sigma - 8.avi,heico,heico__2525016,False,True,0.02066154057495888,60,144.50107484564177,0.07119228041776039,269341
0027 - Heico - Sigma - 8.avi,heico,heico__2525039,False,False,0.07030485183673323,77,143.00833745750896,0.018235478988378857,276823
0027 - Heico - Sigma - 8.avi,heico,heico__2525043,False,False,0.040059116634495524,47,137.54616242571575,0.14636546649309212,289597
0027 - Heico - Sigma - 8.avi,heico,heico__2525053,False,False,0.01844607970492127,37,134.50650058730326,0.007022024787491355,273283
0027 - Heico - Sigma - 8.avi,heico,heico__2525055,False,False,0.032696055002022134,39,144.17235560130888,0.06145814184345013,271990
0027 - Heico - Sigma - 8.avi,heico,heico__2525056,False,False,0.04039954525736339,117,135.80583686107911,0.017883053357466604,267404
0027 - Heico - Sigma - 8.avi,heico,heico__2525090,False,False,0.09356219899793201,36,124.2063850605821,0.22314055321924747,288204
0027 - Heico - Sigma - 8.avi,heico,heico__2525093,False,False,0.026622457906275987,125,131.81085994679108,0.22112300331565704,277773
0027 - Heico - Sigma - 8.avi,heico,heico__2525101,False,False,0.05258988854306393,57,137.67671510291925,0.1281362442412671,267637
0027 - Heico - Sigma - 8.avi,heico,heico__2525108,False,False,0.07236547263225128,13,133.51588144582735,0.11323624378486913,283381
0027 - Heico - Sigma - 8.avi,heico,heico__2525114,False,False,0.18579108491566848,47,129.0289325540832,0.617687985825804,362913
0027 - Heico - Sigma - 8.avi,heico,heico__2525117,False,False,0.011208271462354947,178,139.21052264936114,0.0852371262534602,272745
0027 - Heico - Sigma - 8.avi,heico,heico__2525119,False,False,0.05121468365236718,34,146.3113211018627,0.035958463044326205,271758
0027 - Heico - Sigma - 8.avi,heico,heico__2525169,False,False,0.04805523826260141,50,136.13615894912573,0.10721817063526931,273144
0027 - Heico - Sigma - 8.avi,heico,heico__2525171,False,False,0.008924860098180332,50,135.6432872891167,0.03682964784934232,291097
0027 - Heico - Sigma - 8.avi,heico,heico__2525172,False,False,0.027704227724439954,62,131.14894727977094,0.12702711807310088,296850
0027 - Heico - Sigma - 8.avi,heico,heico__2525185,False,True,0.008101213711782046,66,140.7611832770953,0.009957435546831926,272058
0027 - Heico - Sigma - 8.avi,heico,heico__2525190,False,False,0.07430697460612742,63,138.59768434888474,0.02744807920905862,278453
0027 - Heico - Sigma - 8.avi,heico,heico__2525193,False,False,0.051809052647123974,49,131.55294986339806,0.19886657313741415,270860
0027 - Heico - Sigma - 8.avi,heico,heico__2525196,False,False,0.014961048803771963,68,142.46551598492965,0.04911713051019144,274446
0027 - Heico - Sigma - 8.avi,heico,heico__2525204,False,False,0.007263671637738222,115,120.85997155984937,0.17586088621796017,279886
0027 - Heico - Sigma - 8.avi,heico,heico__2525216,False,True,0.028844537661597374,133,136.38573266002615,0.056483261106279735,273674
0027 - Heico - Sigma - 8.avi,heico,heico__2525244,False,False,0.053306340240905824,80,135.24061983766515,0.010848664331111922,265747
0027 - Heico - Sigma - 8.avi,heico,heico__2525247,False,False,0.018028311834317353,42,134.1161865362642,0.00704672959001848,272183
0027 - Heico - Sigma - 8.avi,heico,heico__2525262,False,False,0.01962169920473352,35,135.4243654710819,0.007161792059051831,273116
0027 - Heico - Sigma - 8.avi,heico,heico__2525269,False,False,0.03653282600237722,42,136.3084998161758,0.05820623288918079,280159
0027 - Heico - Sigma - 8.avi,heico,heico__2525274,False,False,0.016457121757592542,152,142.45789716606666,0.10846487584233361,270825
0027 - Heico - Sigma - 8.avi,heico,heico__2525276,False,False,0.02475721012360212,40,140.60603663919952,0.06103222483814008,271840
0027 - Heico - Sigma - 8.avi,heico,heico__2525279,False,False,0.06604051963006945,39,145.182942891072,0.0929936305732484,277890
0027 - Heico - Sigma - 8.avi,heico,heico__2525290,False,False,0.02941842900302115,56,130.33717042021422,0.011772177973084318,291280
0027 - Heico - Sigma - 8.avi,heico,heico__2528799,False,False,0.02428903129934058,39,139.5856227361382,0.003376985232655336,269175
0027 - Heico - Sigma - 8.avi,heico,heico__2528801,False,False,0.05258988854306393,57,137.67671510291925,0.1281362442412671,267637
0027 - Heico - Sigma - 8.avi,heico,heico__2528805,False,False,0.10570829184776419,75,125.26215083234442,0.3220112938721375,272183
0027 - Heico - Sigma - 8.avi,heico,heico__2528809,False,False,0.027817771763644566,108,141.61906720793866,0.13040685611186287,277125
0027 - Heico - Sigma - 8.avi,heico,heico__2528812,False,False,0.01921945273422723,46,133.83815658582378,0.08916186793325206,285492
0027 - Heico - Sigma - 8.avi,heico,heico__2528817,False,False,0.05720761062270393,109,128.5613949152852,0.13532432877012776,273565
0027 - Heico - Sigma - 8.avi,heico,heico__2528823,False,True,0.09680919684355842,42,109.72576755906272,0.08486101649958103,331766
0027 - Heico - Sigma - 8.avi,heico,heico__2528824,False,False,0.09031375093515435,123,132.79291161860593,0.22851449622215367,282039
0027 - Heico - Sigma - 8.avi,heico,heico__2528826,False,True,0.08621349457133798,47,132.5649999817769,0.3310372225077175,274377
0027 - Heico - Sigma - 8.avi,heico,heico__2528851,False,True,0.006808006126837315,68,142.8904165071136,0.008000972046304752,271592
0027 - Heico - Sigma - 8.avi,heico,heico__2528854,False,False,0.060158468521219956,26,123.72147515848545,0.06281540549596722,295453
0027 - Heico - Sigma - 8.avi,heico,heico__2528859,False,False,0.016000382625843433,27,138.47596079556743,0.007284607403810071,271806
0027 - Heico - Sigma - 8.avi,heico,heico__2528864,False,False,0.027266287691371252,108,129.444340821477,0.012775288058006713,280933
0027 - Heico - Sigma - 8.avi,heico,heico__2528872,False,True,0.1531652983999182,38,113.60118510805124,0.31484081308825396,322671
0027 - Heico - Sigma - 8.avi,heico,heico__2528874,False,True,0.010511503314514352,108,133.40266856551887,0.0813658172693827,294915
0027 - Heico - Sigma - 8.avi,heico,heico__2528877,False,False,0.061169636595297804,80,133.6100036351486,0.012157552480162738,272341
0027 - Heico - Sigma - 8.avi,heico,heico__2528892,False,True,0.0737180685940831,104,133.614440662752,0.015738489733328347,267370
0027 - Heico - Sigma - 8.avi,heico,heico__2528947,False,True,0.032014839678473635,73,118.71160498189207,0.06153520007066514,283025
0027 - Heico - Sigma - 8.avi,heico,heico__2528952,False,False,0.02006892577976365,77,138.38767308451924,0.01827149219602173,275949
0027 - Heico - Sigma - 8.avi,heico,heico__2528955,False,False,0.027530494251113688,80,135.90619873575537,0.00865431585701058,274314
0027 - Heico - Sigma - 8.avi,heico,heico__2528956,False,False,0.051274350811860575,43,132.63493970275158,0.1784625035871357,299682
0027 - Heico - Sigma - 8.avi,heico,heico__2528964,False,True,0.0592503022974607,95,127.91279367363744,0.020671211637895863,269602
0027 - Heico - Sigma - 8.avi,heico,heico__2528968,False,True,0.015217286182436328,72,122.18985340668578,0.014711407199104297,268839
0027 - Heico - Sigma - 8.avi,heico,heico__2528972,False,True,0.0679247657256214,89,126.3053524108425,0.018586507572280864,270196
0027 - Heico - Sigma - 8.avi,heico,heico__2528974,False,False,0.020675822755781403,48,135.77765118285362,0.05246490024279531,274717
0027 - Heico - Sigma - 8.avi,heico,heico__2528988,False,False,0.010334507278010632,102,132.50873428230915,0.01132544156835438,298708
0027 - Heico - Sigma - 8.avi,heico,heico__2528990,False,False,0.0009498760483717182,41,141.8174115158079,0.0038354843468342862,277931
0027 - Heico - Sigma - 8.avi,heico,heico__2529011,False,False,0.05994298667399368,47,122.32029124879791,0.13712048358290974,291160
0027 - Heico - Sigma - 8.avi,heico,heico__2529017,False,False,0.042262555850127,19,140.0115908711693,0.029666845881458685,269695
0027 - Heico - Sigma - 8.avi,heico,heico__2529038,False,False,0.053306340240905824,80,135.24061983766515,0.010848664331111922,265747
0027 - Heico - Sigma - 8.avi,heico,heico__2529040,False,True,0.04366418431463812,128,134.61361124040027,0.029351873400046545,275008
0027 - Heico - Sigma - 8.avi,heico,heico__2529043,False,False,0.01580389522224997,46,137.69726377696563,0.029683746223139885,284297
0027 - Heico - Sigma - 8.avi,heico,heico__2529048,False,True,0.06274125607268137,77,133.19045102960385,0.1465038967901017,272532
0027 - Heico - Sigma - 8.avi,heico,heico__2529075,False,False,0.018673868478314103,39,137.5721417226976,0.04299047765642601,285854
0027 - Heico - Sigma - 8.avi,heico,heico__2529080,False,False,0.04562612589043451,41,134.8929535142731,0.04282681656114753,267566
0027 - Heico - Sigma - 8.avi,heico,heico__2529084,False,False,0.01492945678665673,56,142.21136683550958,0.031975749982899704,277773
0027 - Heico - Sigma - 8.avi,heico,heico__2529100,False,True,0.05275580682894224,36,122.27174775803486,0.20104926753188881,287248
0027 - Heico - Sigma - 8.avi,heico,heico__2529136,False,False,0.021918441620428376,32,136.79497419605036,0.009102231370443291,268176
0027 - Heico - Sigma - 8.avi,heico,heico__2529138,False,False,0.05896963054675489,38,141.92815542696405,0.031046491185414884,267341
0027 - Heico - Sigma - 8.avi,heico,heico__2529140,False,False,0.014186112268587415,30,136.67541966783736,0.003452586463479969,268784
0027 - Heico - Sigma - 8.avi,heico,heico__2529141,False,True,0.02475517536235454,93,139.08267559987755,0.054764007699264206,284183
0027 - Heico - Sigma - 8.avi,heico,heico__2529157,False,True,0.17125848299833663,18,116.00405627555438,0.31781616090217274,308411
0027 - Heico - Sigma - 8.avi,heico,heico__2529169,False,False,0.07062803505862845,33,140.26283607722374,0.029732470685775197,270176
0027 - Heico - Sigma - 8.avi,heico,heico__2529175,False,True,0.008542017039679167,55,138.14889205122992,0.004313515311685672,270545
0027 - Heico - Sigma - 8.avi,heico,heico__2529179,False,True,0.057775547800560156,91,128.02529692812317,0.010300747375200323,267068
0027 - Heico - Sigma - 8.avi,heico,heico__2529184,False,False,0.030482855450496896,72,132.19079115752217,0.027587039027707698,273498
0027 - Heico - Sigma - 8.avi,heico,heico__2529192,False,True,0.06056665118439387,86,126.69421644217371,0.018389224338132837,269125
0027 - Heico - Sigma - 8.avi,heico,heico__2529194,False,False,0.11401822369079803,51,114.43769900871132,0.22069356830546377,299610
0027 - Heico - Sigma - 8.avi,heico,heico__2529228,False,False,0.018028311834317353,42,134.1161865362642,0.00704672959001848,272183
0027 - Heico - Sigma - 8.avi,heico,heico__2529234,False,False,0.00749274895262649,75,137.75975913912202,0.014684246661715871,285476
0027 - Heico - Sigma - 8.avi,heico,heico__2529258,False,False,0.08934770426543044,47,135.46498358890014,0.019424046809842294,274814
0027 - Heico - Sigma - 8.avi,heico,heico__2529285,False,False,0.054789437441351826,117,141.11501999835875,0.08500640446992754,280273
0027 - Heico - Sigma - 8.avi,heico,heico__2569332,False,False,0.04009377645603143,102,140.88805435561247,0.032474439403477544,276402
0027 - Heico - Sigma - 8.avi,heico,heico__2569359,False,False,0.034761525818279175,22,142.2636974839914,0.010051391130381752,268918
0027 - Heico - Sigma - 8.avi,heico,heico__2569375,False,True,0.015949677155218774,166,126.66562926108271,0.010835510497226067,288219
0027 - Heico - Sigma - 8.avi,heico,heico__2569378,False,False,0.03249150037492993,36,138.24230301618388,0.08079921956333404,274718
0027 - Heico - Sigma - 8.avi,heico,heico__2569380,False,False,0.00753006096619017,53,143.30047673620717,0.03355834899102213,278351
0027 - Heico - Sigma - 8.avi,heico,heico__2569388,False,False,0.12023104410396984,31,124.47523618385628,0.15024067094163526,306435
0027 - Heico - Sigma - 8.avi,heico,heico__2569389,False,False,0.11401822369079803,51,114.43769900871132,0.22069356830546377,299610
0027 - Heico - Sigma - 8.avi,heico,heico__2569390,False,False,0.012192209107081107,71,137.18453371930113,0.07593749888594581,280507
0027 - Heico - Sigma - 8.avi,heico,heico__2569391,False,False,0.02340591295614576,30,132.41425770504637,0.0017575665826037833,270829
0027 - Heico - Sigma - 8.avi,heico,heico__2569392,False,False,0.053306340240905824,80,135.24061983766515,0.010848664331111922,265747
0027 - Heico - Sigma - 8.avi,heico,heico__2569393,False,True,0.08962821693509206,80,133.8169800511954,0.009930893454094545,275806
0027 - Heico - Sigma - 8.avi,heico,heico__2569394,False,True,0.08968361507138951,112,129.74093567455162,0.04701013978341061,287087
0027 - Heico - Sigma - 8.avi,heico,heico__2569396,False,True,0.05649307703795362,105,135.02887945441228,0.05907807622014095,281238
0027 - Heico - Sigma - 8.avi,heico,heico__2569398,False,True,0.04314479509592462,78,137.13561769213305,0.08031203882393007,281888
0027 - Heico - Sigma - 8.avi,heico,heico__2569400,False,True,0.031870381577865946,90,141.1720051703913,0.027413534171654003,267678
0027 - Heico - Sigma - 8.avi,heico,heico__2569401,False,True,0.03297612333145328,94,134.07570595976688,0.0072457228802406464,265950
0027 - Heico - Sigma - 8.avi,heico,heico__2569403,False,True,0.17032001947456135,27,142.03563470217028,0.1384042095013389,267015
0027 - Heico - Sigma - 8.avi,heico,heico__2569405,False,False,0.06217229260550407,41,137.73573321429583,0.022935974832072104,282264
0027 - Heico - Sigma - 8.avi,heico,heico__2569406,False,False,0.028744153807126548,66,137.66940471554184,0.022502259872875453,279883
0027 - Heico - Sigma - 8.avi,heico,heico__2569407,False,False,0.04026548830374943,45,139.56737603828967,0.02198731048650268,280389
0027 - Heico - Sigma - 8.avi,heico,heico__2569408,False,False,0.010957388346774793,59,141.00122903949264,0.03754697084465832,269316
0027 - Heico - Sigma - 8.avi,heico,heico__2569409,False,False,0.03487334582734612,108,131.10272801871952,0.12593391551132882,279067
0027 - Heico - Sigma - 8.avi,heico,heico__2569411,False,False,0.005284545694432228,113,130.77980121382708,0.004454217609288416,284225
0027 - Heico - Sigma - 8.avi,heico,heico__2569412,False,False,0.004358341748125323,98,130.18329325463333,0.004639413150671622,288183
0027 - Heico - Sigma - 8.avi,heico,heico__2569437,False,False,0.034793574318569,35,130.0270875479131,0.0033605728279386712,300544
0027 - Heico - Sigma - 8.avi,heico,heico__2569457,False,False,0.14596672288634285,12,112.03964808950032,0.4784576422630975,378278
0027 - Heico - Sigma - 8.avi,heico,heico__2569511,False,False,0.013754831544413676,124,132.13223270325366,0.03173292610751054,273722
0027 - Heico - Sigma - 8.avi,heico,heico__2569522,False,False,0.00898319635166316,133,139.3419772449841,0.013543617402769577,276071
0027 - Heico - Sigma - 8.avi,heico,heico__2569525,False,False,0.05566334208740299,57,131.11995042639205,0.02015403228186137,271112
0027 - Heico - Sigma - 8.avi,heico,heico__2569526,False,True,0.03036046023850902,60,130.32107329058547,0.045031311799604484,266992
0027 - Heico - Sigma - 8.avi,heico,heico__2569527,False,False,0.014635137644573226,49,132.88928520123753,0.024386056501371715,285409
0027 - Heico - Sigma - 8.avi,heico,heico__2569532,False,False,0.04950346234365774,39,139.8754200440174,0.022838942866856334,279435
0027 - Heico - Sigma - 8.avi,heico,heico__2569548,False,False,0.0006292968607908043,44,142.3454257757084,0.0020079298679567857,274910
0027 - Heico - Sigma - 8.avi,heico,heico__2569550,False,False,0.09421107736632237,22,141.70845245078746,0.03864974641905087,269342
0027 - Heico - Sigma - 8.avi,heico,heico__2569554,False,False,0.0280815288832392,27,140.458170222601,0.013762693746659541,276908
0027 - Heico - Sigma - 8.avi,heico,heico__2586623,False,True,0.10995475113122172,30,126.57425123895712,0.05742296918767507,278460
0027 - Heico - Sigma - 8.avi,heico,heico__2586624,False,True,0.11670249384362118,36,121.25974816669161,0.04530550604753677,294004
0027 - Heico - Sigma - 8.avi,heico,heico__2586625,False,True,0.10882168073278045,24,114.88340686768089,0.08472011179661804,327738
0027 - Heico - Sigma - 8.avi,heico,heico__2586626,False,True,0.08359824604593248,51,122.15630028435748,0.01900235834751553,280281
0027 - Heico - Sigma - 8.avi,heico,heico__2586627,False,True,0.08722124438814609,59,123.79428159521868,0.028014654680714818,285779
0027 - Heico - Sigma - 8.avi,heico,heico__2586628,False,True,0.0781793691772365,45,120.56284024581883,0.021937086092715233,285088
0027 - Heico - Sigma - 8.avi,heico,heico__2586629,False,True,0.07365523170132635,50,119.39596978876699,0.028706811855248076,293136
0027 - Heico - Sigma - 8.avi,heico,heico__2586630,False,True,0.031616134513907525,66,142.17454461437558,0.01650120740541991,268344
0027 - Heico - Sigma - 8.avi,heico,heico__2586631,False,True,0.06337155679143207,93,131.85345456547773,0.19453354074033286,290572
0027 - Heico - Sigma - 8.avi,heico,heico__2586632,False,False,0.03641455590882376,58,137.5203156754307,0.09641979592270271,282442
0027 - Heico - Sigma - 8.avi,heico,heico__2586633,False,False,0.04174438346164278,67,131.70578346900984,0.11314114262943405,298627
0027 - Heico - Sigma - 8.avi,heico,heico__2586634,False,False,0.04080950970736713,83,135.05081646567814,0.10798972444713807,290398
0027 - Heico - Sigma - 8.avi,heico,heico__2586635,False,False,0.036953726380552956,69,136.9291232643451,0.10855222819022392,285411
0027 - Heico - Sigma - 8.avi,heico,heico__2586636,False,False,0.04062553179420273,67,136.9758529979012,0.08701925804072834,282064
0027 - Heico - Sigma - 8.avi,heico,heico__2586637,False,False,0.03418279569892473,77,138.53744444444445,0.056014336917562725,279000
0027 - Heico - Sigma - 8.avi,heico,heico__2586638,False,False,0.03806427822151892,75,138.6491835441452,0.09453416727231068,279317
0027 - Laparoscopic Cholecystectomy.mp4,lapchole,lapchole__1051141,False,True,0.007732455003119167,211,139.30660775761373,0.6972379321587464,389527
0027 - Laparoscopic Cholecystectomy.mp4,lapchole,lapchole__1051150,False,True,0.014817575469394575,184,127.20628172670376,0.492498682739388,389065
0027 - Laparoscopic Cholecystectomy.mp4,lapchole,lapchole__1051221,True,False,0.02177448477041006,165,125.50178892938276,0.22897527768742781,390457
0027 - Laparoscopic Cholecystectomy.mp4,lapchole,lapchole__1051235,True,False,0.03536882843635377,192,126.5475590[redacted-port]94,0.3945398187277153,390683
0027 - Laparoscopic Cholecystectomy.mp4,lapchole,lapchole__1051237,False,True,0.0261987400664496,170,137.58468231821635,0.5962355456770673,390973
0027 - Laparoscopic Cholecystectomy.mp4,lapchole,lapchole__1051253,False,False,0.1462764081517494,50,112.87407422888327,0.47198064730177725,382789
0027 - Laparoscopic Cholecystectomy.mp4,lapchole,lapchole__1051257,False,False,0.03853371411578316,48,130.77709870434842,0.49560339832954775,390074
0027 - Laparoscopic Cholecystectomy.mp4,lapchole,lapchole__1051270,False,False,0.06328499153325923,45,121.79998493647348,0.08640231043331013,385036
0027 - Laparoscopic Cholecystectomy.mp4,lapchole,lapchole__1062838,True,False,0.0397195841542955,67,136.01820545161695,0.7691064763318853,389279
0027 - Laparoscopic Cholecystectomy.mp4,lapchole,lapchole__1066854,False,True,0.017865494821781923,170,136.0924858016601,0.5945108318556781,389130
0027 - Laparoscopic Cholecystectomy.mp4,lapchole,lapchole__1066859,True,False,0.085863968695294,126,122.34223818350324,0.08573782308722068,388440
0027 - Laparoscopic Cholecystectomy.mp4,lapchole,lapchole__1066876,False,False,0.08234598380299149,50,130.74306100735475,0.12202245682175027,387232
0027 - Laparoscopic Cholecystectomy.mp4,lapchole,lapchole__1066927,False,True,0.0569297583081571,149,118.23137298930351,0.19660937372417736,391904
0027 - Laparoscopic Cholecystectomy.mp4,lapchole,lapchole__1066945,False,False,0.09359743765216484,67,130.83568104976888,0.2349183493310471,393077
0027 - Laparoscopic Cholecystectomy.mp4,lapchole,lapchole__1067051,False,False,0.03569112131443411,67,130.66829202012977,0.41989494166416713,390069
0027 - Laparoscopic Cholecystectomy.mp4,lapchole,lapchole__1067108,False,False,0.1462764081517494,50,112.87407422888327,0.47198064730177725,382789
0027 - Laparoscopic Cholecystectomy.mp4,lapchole,lapchole__1067151,True,False,0.022526468857824788,151,136.4375910449065,0.8138380550367262,389231
0027 - Laparoscopic Cholecystectomy.mp4,lapchole,lapchole__1067196,False,True,0.028634140448903955,128,134.17809659171226,0.46742452085812464,389081
0027 - Laparoscopic Cholecystectomy.mp4,lapchole,lapchole__1067251,True,False,0.03536882843635377,192,126.5475590[redacted-port]94,0.3945398187277153,390683
0027 - Laparoscopic Cholecystectomy.mp4,lapchole,lapchole__1067273,False,False,0.05646689557727272,204,127.58202701281917,0.20794024048435364,389963
0027 - Laparoscopic Cholecystectomy.mp4,lapchole,lapchole__1067321,False,True,0.032968129018398316,197,137.81324198110553,0.5294286138092242,391014
0027 - Laparoscopic Cholecystectomy.mp4,lapchole,lapchole__1111384,False,False,0.03651085022395844,44,126.10061767533185,0.13790317632380913,391144
0027 - Laparoscopic Cholecystectomy.mp4,lapchole,lapchole__1111637,True,False,0.02650962352772057,96,136.66228433391564,0.9149460776194777,319997
0027 - Laparoscopic Cholecystectomy.mp4,lapchole,lapchole__1129934,False,True,0.11061446510628281,130,133.70042267503146,0.05688714679002364,390844
0027 - Laparoscopic Cholecystectomy.mp4,lapchole,lapchole__1129963,True,False,0.030522519836424997,194,137.75350912591213,0.5371063880099831,389057
0027 - Laparoscopic Cholecystectomy.mp4,lapchole,lapchole__1051032,False,True,0.04988433249731646,424,118.75789754139308,0.08330878227610077,390343
0027 - Laparoscopic Cholecystectomy.mp4,lapchole,lapchole__1051242,False,True,0.05744484356185073,135,121.62848490723921,0.21561269057289223,391976
0027 - Laparoscopic Cholecystectomy.mp4,lapchole,lapchole__1051251,False,False,0.09858780536902359,42,112.76230637810272,0.44037400446988506,387482
0027 - Laparoscopic Cholecystectomy.mp4,lapchole,lapchole__1062672,False,False,0.02670371785998368,206,128.77315010898423,0.06628152020082022,387212
0027 - Laparoscopic Cholecystectomy.mp4,lapchole,lapchole__1062800,False,False,0.050930487836009494,115,124.37162331197509,0.24805861179894315,391730
0027 - Laparoscopic Cholecystectomy.mp4,lapchole,lapchole__1062859,False,False,0.06678855503793966,108,132.7532904774498,0.19027045995483857,393256
0027 - Laparoscopic Cholecystectomy.mp4,lapchole,lapchole__1063062,False,True,0.06547366526540424,166,145.76838803399025,0.7777752066540682,388935
0027 - Laparoscopic Cholecystectomy.mp4,lapchole,lapchole__1066951,False,False,0.050930487836009494,115,124.37162331197509,0.24805861179894315,391730
0027 - Laparoscopic Cholecystectomy.mp4,lapchole,lapchole__1067000,False,False,0.07753368253720064,35,105.95922914549293,0.41151590962395435,383730
0027 - Laparoscopic Cholecystectomy.mp4,lapchole,lapchole__1067102,False,True,0.03720610273170383,384,128.9509254855027,0.05898148006076136,391038
0027 - Laparoscopic Cholecystectomy.mp4,lapchole,lapchole__1067329,False,True,0.013510700896516459,123,137.05465692635408,0.832223715417051,389173
0027 - Laparoscopic Cholecystectomy.mp4,lapchole,lapchole__1111391,False,True,0.010851006932302058,146,133.15824470820561,0.8215009359636312,388904
0027 - Laparoscopic Cholecystectomy.mp4,lapchole,lapchole__1111589,False,False,0.038330008181679746,160,129.0475905340288,0.1449680088578943,387451
0027 - Laparoscopic Cholecystectomy.mp4,lapchole,lapchole__1129937,False,False,0.12742082420619485,57,131.04863655905174,0.03489211210514463,390776
0028 - Heico - Sigma - 9.avi,heico,heico__2604654,False,True,0.016604481427699068,334,115.27422667761361,0.19627940407354708,342257
0028 - Heico - Sigma - 9.avi,heico,heico__2604725,True,False,0.019208006962576154,65,140.73842471714534,0.056974180446765305,344700
0028 - Heico - Sigma - 9.avi,heico,heico__2604726,True,False,0.013117540446713243,50,139.71277847312754,0.04998424623282623,345949
0028 - Heico - Sigma - 9.avi,heico,heico__2604727,True,False,0.019651534424956464,60,140.04864203898433,0.08087495979577704,345113
0028 - Heico - Sigma - 9.avi,heico,heico__2604728,True,False,0.022480622406277496,78,135.88571503248232,0.05956595351700785,344341
0028 - Heico - Sigma - 9.avi,heico,heico__2604729,True,False,0.03052705794327976,72,138.67384854458336,0.08110908070619721,347495
0028 - Heico - Sigma - 9.avi,heico,heico__2604730,True,False,0.03519560572982944,76,141.88402874254294,0.07798545361149702,342628
0028 - Heico - Sigma - 9.avi,heico,heico__2604731,True,False,0.027320387559502706,58,140.10946172937093,0.08636683309018837,344102
0028 - Heico - Sigma - 9.avi,heico,heico__2604732,True,False,0.03371820401279674,56,135.28033456115912,0.11886265159090327,351027
0028 - Heico - Sigma - 9.avi,heico,heico__2604733,True,False,0.03137796991201009,73,137.67170441854225,0.10699042182634619,346517
0028 - Heico - Sigma - 9.avi,heico,heico__2604734,True,False,0.03149920255183413,73,142.59711369660252,0.09073411127557285,348612
0028 - Heico - Sigma - 9.avi,heico,heico__2604735,True,False,0.016783560613729376,61,140.95981547627656,0.0837616231146332,345755
0028 - Heico - Sigma - 9.avi,heico,heico__2604736,False,False,0.03090687271248475,70,141.5350365716053,0.07819507529111228,349178
0028 - Heico - Sigma - 9.avi,heico,heico__2615448,True,False,0.09796553453086851,161,138.7438115844088,0.024770012207882806,366976
0028 - Heico - Sigma - 9.avi,heico,heico__2615483,False,False,0.002956347243616014,60,141.13724121362858,0.07222983762700846,353815
0028 - Heico - Sigma - 9.avi,heico,heico__2615580,True,False,0.013276559654478333,65,140.61036739269977,0.033471685289478956,344291
0028 - Heico - Sigma - 9.avi,heico,heico__2615594,True,False,0.03947402455398608,48,122.4236256281348,0.1814436577491317,425267
0028 - Heico - Sigma - 9.avi,heico,heico__2615752,True,False,0.014275554630448734,73,140.01247737824727,0.036093620810277935,345906
0028 - Heico - Sigma - 9.avi,heico,heico__2618342,True,False,0.005951557500816794,158,138.9440341670027,0.01457278001312757,339743
0028 - Heico - Sigma - 9.avi,heico,heico__2618346,True,False,0.0613800968468065,35,140.7012317815155,0.046697834381213395,334962
0028 - Heico - Sigma - 9.avi,heico,heico__2618401,False,False,0.0954201992439443,62,120.71894222452482,0.2556561483309258,455522
0028 - Heico - Sigma - 9.avi,heico,heico__2618403,True,False,0.03640267352654825,232,127.75141399404424,0.06600732621649169,350249
0028 - Heico - Sigma - 9.avi,heico,heico__2618415,True,False,0.03129715201810637,90,120.4492143294983,0.0022014098453413808,339328
0028 - Heico - Sigma - 9.avi,heico,heico__2618493,True,False,0.019410461005616705,89,134.48636536967322,0.029499886748418063,348781
0028 - Heico - Sigma - 9.avi,heico,heico__2618610,True,False,0.0016527023158491201,59,123.72568683061867,0.0008381561744663394,338839
0028 - Heico - Sigma - 9.avi,heico,heico__2618631,True,False,0.017360445315742025,48,138.2625302290972,0.012171772820285334,349415
0028 - Heico - Sigma - 9.avi,heico,heico__2618647,False,True,0.041336400094361875,246,122.2488352205709,0.07711429582448691,339120
0028 - Heico - Sigma - 9.avi,heico,heico__2618667,True,False,0.03348950614332839,202,124.68593063589957,0.043130786760370354,376506
0028 - Heico - Sigma - 9.avi,heico,heico__2618736,True,False,0.002956347243616014,60,141.13724121362858,0.07222983762700846,353815
0028 - Heico - Sigma - 9.avi,heico,heico__2657446,False,False,0.010995239507681102,129,140.92017291658712,0.002798734842633571,340511
0028 - Heico - Sigma - 9.avi,heico,heico__2657466,False,False,0.021797676911555236,125,141.18117446658542,0.0026990117329182516,340495
0028 - Heico - Sigma - 9.avi,heico,heico__2657581,True,False,0.033772631327751906,171,129.86617935744502,0.009772699509376395,352001
0028 - Heico - Sigma - 9.avi,heico,heico__2657598,False,False,0.005739402294607269,76,141.9501537236896,0.04206491581248594,346726
0028 - Heico - Sigma - 9.avi,heico,heico__2657611,False,False,0.019651534424956464,60,140.04864203898433,0.08087495979577704,345113
0028 - Heico - Sigma - 9.avi,heico,heico__2657615,False,False,0.01675236600449775,46,140.6949406156297,0.045419672976011995,341504
0028 - Heico - Sigma - 9.avi,heico,heico__2657616,False,False,0.015782646085676387,45,141.28925911350154,0.04554345766466979,343035
0028 - Heico - Sigma - 9.avi,heico,heico__2657626,False,False,0.02994400456728967,71,127.2161043095146,0.1911053187010905,346814
0028 - Heico - Sigma - 9.avi,heico,heico__2657630,True,False,0.01828218045864171,99,139.79429019875258,0.017606151277695152,340222
0028 - Heico - Sigma - 9.avi,heico,heico__2657651,False,False,0.010370168444247567,98,137.87261332788134,0.01569439238536591,352164
0028 - Heico - Sigma - 9.avi,heico,heico__2657652,False,False,0.02068924849842893,85,132.5198089445619,0.02781591960171512,356127
0028 - Heico - Sigma - 9.avi,heico,heico__2657802,True,False,0.013470423444169025,126,142.65796212910135,0.002120887663356752,340895
0028 - Heico - Sigma - 9.avi,heico,heico__2657846,True,False,0.028044207779847227,117,138.13205720427638,0.010431110637052595,365637
0028 - Heico - Sigma - 9.avi,heico,heico__2673204,False,True,0.05095220899463069,194,126.66092539204253,0.01579417841264955,337846
0028 - Heico - Sigma - 9.avi,heico,heico__2604346,False,True,0.05095220899463069,194,126.66092539204253,0.01579417841264955,337846
0028 - Heico - Sigma - 9.avi,heico,heico__2604349,False,True,0.030771402357258806,234,126.37420601312725,0.034106147222810364,340056
0028 - Heico - Sigma - 9.avi,heico,heico__2604353,False,True,0.024609660979771592,220,128.8571534379175,0.025432926638198957,351041
0028 - Heico - Sigma - 9.avi,heico,heico__2604354,False,True,0.036123537241182474,285,128.76092847918298,0.010916469088843611,353869
0028 - Heico - Sigma - 9.avi,heico,heico__2604513,False,True,0.057636540084872775,148,144.1415819183085,0.09555078297720838,348286
0028 - Heico - Sigma - 9.avi,heico,heico__2604605,False,True,0.048459011473679134,150,118.63619166028049,0.01585468459440196,373202
0028 - Heico - Sigma - 9.avi,heico,heico__2604632,False,True,0.03814726728989568,145,129.09718722772976,0.012656886523653661,339736
0028 - Heico - Sigma - 9.avi,heico,heico__2604672,False,True,0.01160900986327349,44,134.3089405271192,0.004804200729536928,364889
0028 - Heico - Sigma - 9.avi,heico,heico__2604679,False,True,0.0031138476709241174,116,136.065933743426,0.004455061983471074,340736
0028 - Heico - Sigma - 9.avi,heico,heico__2604707,False,True,0.00751086408454604,105,138.73795624054586,0.0032351801062654654,343103
0028 - Heico - Sigma - 9.avi,heico,heico__2604718,False,True,0.036747431536870157,63,135.35166614070152,0.02258143693677899,342228
0028 - Heico - Sigma - 9.avi,heico,heico__2604724,False,False,0.019542853478155674,65,139.5050066901624,0.052200757343874346,343041
0028 - Heico - Sigma - 9.avi,heico,heico__2604737,False,True,0.01045284595820522,103,131.88682863919277,0.01771476488707218,361337
0028 - Heico - Sigma - 9.avi,heico,heico__2604738,False,True,0.0032087104888614735,101,134.55651886037018,0.011923726631448193,353413
0028 - Heico - Sigma - 9.avi,heico,heico__2615460,False,False,0.07499847718828044,62,124.90463239325089,0.13645002131936407,328340
0028 - Heico - Sigma - 9.avi,heico,heico__2615514,False,False,0.006847885447314171,136,132.38700703087696,0.002804916753158748,349743
0028 - Heico - Sigma - 9.avi,heico,heico__2615550,False,False,0.043652429541726254,106,132.54943664654724,0.06364771005279572,351733
0028 - Heico - Sigma - 9.avi,heico,heico__2615592,False,False,0.01395326421903393,70,136.81973584616824,0.019384888405069894,352749
0028 - Heico - Sigma - 9.avi,heico,heico__2615638,False,False,0.015472423884459905,69,130.87707837422312,0.028902832109509027,336922
0028 - Heico - Sigma - 9.avi,heico,heico__2615667,False,False,0.03728157075394402,78,138.27716120190087,0.06304467650870738,335635
0028 - Heico - Sigma - 9.avi,heico,heico__2615670,False,False,0.01871609403254973,45,132.98789593420054,0.053520387330105584,342860
0028 - Heico - Sigma - 9.avi,heico,heico__2615700,False,True,0.031799565691911294,154,126.26955230262048,0.008621465621026812,355508
0028 - Heico - Sigma - 9.avi,heico,heico__2615710,False,False,0.03173275578720008,120,139.206907076114,0.007864957505751984,340752
0028 - Heico - Sigma - 9.avi,heico,heico__2615727,False,False,0.029484332593140882,122,139.85584458308367,0.005066793556800959,340452
0028 - Heico - Sigma - 9.avi,heico,heico__2615782,False,False,0.002418657717730129,85,140.7147380951688,0.0015978857846375943,343579
0028 - Heico - Sigma - 9.avi,heico,heico__2615795,False,False,0.01249496399611873,88,134.3906406931811,0.05238295192105816,352462
0028 - Heico - Sigma - 9.avi,heico,heico__2615813,False,False,0.0248633049369565,144,130.26685413980223,0.04055852437199942,338893
0028 - Heico - Sigma - 9.avi,heico,heico__2615818,False,False,0.06410635155096012,116,123.76229005963127,0.3176979046993818,365580
0028 - Heico - Sigma - 9.avi,heico,heico__2615820,False,False,0.04935205405770819,175,127.67883102263475,0.03528505800504954,340229
0028 - Heico - Sigma - 9.avi,heico,heico__2615828,False,False,0.012780040439884557,136,139.95804505993974,0.020021199255721784,347182
0028 - Heico - Sigma - 9.avi,heico,heico__2615854,False,False,0.02529177174359275,180,135.67866107559675,0.006879361914257229,341020
0028 - Heico - Sigma - 9.avi,heico,heico__2615868,False,False,0.09383294576374697,70,141.36602130458272,0.15198893664998944,340584
0028 - Heico - Sigma - 9.avi,heico,heico__2615872,False,False,0.00546662621720173,128,140.02733610531138,0.005085925370737192,336222
0028 - Heico - Sigma - 9.avi,heico,heico__2615891,False,False,0.038211036777459205,40,128.9027940013923,0.0026754215190022772,339012
0028 - Heico - Sigma - 9.avi,heico,heico__2615899,False,False,0.07289307515786,91,137.90351716586923,0.0586084321989411,333365
0028 - Heico - Sigma - 9.avi,heico,heico__2615906,False,False,0.09763981304873255,37,125.38318894599671,0.009330091291623594,343405
0028 - Heico - Sigma - 9.avi,heico,heico__2615909,False,False,0.0335615191775916,119,140.84913608369683,0.006111701471857405,340658
0028 - Heico - Sigma - 9.avi,heico,heico__2615915,False,False,0.010712047793085653,81,136.78948472725108,0.045604175940706634,352687
0028 - Heico - Sigma - 9.avi,heico,heico__2615917,False,False,0.006078471293976707,60,128.89971997722049,0.001537322108816439,338901
0028 - Heico - Sigma - 9.avi,heico,heico__2615920,False,False,0.010674324417088071,115,133.47338569434592,0.024503466581241563,349624
0028 - Heico - Sigma - 9.avi,heico,heico__2615928,False,False,0.011206741975972745,83,140.58393343629075,0.02636404125237872,345774
0028 - Heico - Sigma - 9.avi,heico,heico__2618254,False,False,0.03114460733705004,102,132.80454894808085,0.044614793401702345,348696
0028 - Heico - Sigma - 9.avi,heico,heico__2618267,False,True,0.032056349161538024,218,127.31093952910621,0.05246457004121732,354220
0028 - Heico - Sigma - 9.avi,heico,heico__2618283,False,False,0.003273578472900733,83,142.34223506595862,0.002981347391911398,338773
0028 - Heico - Sigma - 9.avi,heico,heico__2618309,False,False,0.014658502339184693,92,139.39167506598073,0.03434494089407542,343282
0028 - Heico - Sigma - 9.avi,heico,heico__2618327,False,False,0.008354049007365997,107,133.60170632238552,0.01108336292715338,349172
0028 - Heico - Sigma - 9.avi,heico,heico__2618333,False,True,0.036747431536870157,63,135.35166614070152,0.02258143693677899,342228
0028 - Heico - Sigma - 9.avi,heico,heico__2618343,False,False,0.023529999060327007,99,139.0840331939485,0.004757094531103176,340544
0028 - Heico - Sigma - 9.avi,heico,heico__2618348,False,True,0.058953951108584424,62,145.38778283115406,0.008166571915861285,351800
0028 - Heico - Sigma - 9.avi,heico,heico__2618351,False,True,0.028401356157591703,248,129.11689264516647,0.01997552496654028,348927
0028 - Heico - Sigma - 9.avi,heico,heico__2618355,False,False,0.027391016194116873,80,133.7518896864924,0.060167953489802826,357599
0028 - Heico - Sigma - 9.avi,heico,heico__2618358,False,False,0.01034441143172401,96,131.51936703695827,0.014562632537771469,348014
0028 - Heico - Sigma - 9.avi,heico,heico__2618366,False,False,0.08069871174279995,111,126.2310755670648,0.10060166184584865,336734
0028 - Heico - Sigma - 9.avi,heico,heico__2618370,False,True,0.03930445260788432,205,127.78488685081825,0.021037128775009833,358509
0028 - Heico - Sigma - 9.avi,heico,heico__2618371,False,False,0.009364726684055375,200,133.8340315163012,0.01491213433215945,341601
0028 - Heico - Sigma - 9.avi,heico,heico__2618375,False,False,0.030041424544042346,103,139.0401703009033,0.06289338933317991,347620
0028 - Heico - Sigma - 9.avi,heico,heico__2618380,False,False,0.029971380579762733,131,138.3807377840726,0.09433581290273493,341726
0028 - Heico - Sigma - 9.avi,heico,heico__2618385,False,True,0.05937353903693315,66,134.70501110331932,0.019869097709209912,342240
0028 - Heico - Sigma - 9.avi,heico,heico__2618386,False,True,0.03731299729587767,224,127.78312271935212,0.047598667115037754,359821
0028 - Heico - Sigma - 9.avi,heico,heico__2618391,False,True,0.0455351962733689,148,127.85252319287119,0.020869359499360682,355066
0028 - Heico - Sigma - 9.avi,heico,heico__2618407,False,False,1.489172228724941e-05,1,80.90130957805795,0.060388912219253806,335757
0028 - Heico - Sigma - 9.avi,heico,heico__2618414,False,False,0.03166694396039662,63,131.8972145115106,0.024086609047948463,342597
0028 - Heico - Sigma - 9.avi,heico,heico__2618434,False,False,0.03400422285792126,47,127.86003553103573,0.0735509467375017,352368
0028 - Heico - Sigma - 9.avi,heico,heico__2618447,False,True,0.043492382690037336,179,131.22846563596207,0.03427930701402579,354062
0028 - Heico - Sigma - 9.avi,heico,heico__2618455,False,False,0.017693263865012826,128,138.65463313145204,0.002821048548482364,340299
0028 - Heico - Sigma - 9.avi,heico,heico__2618472,False,False,0.024867640923487346,144,138.3547840240685,0.012542528249334533,340362
0028 - Heico - Sigma - 9.avi,heico,heico__2618483,False,False,0.026618730836127598,87,138.20154267305014,0.02699528411841704,334614
0028 - Heico - Sigma - 9.avi,heico,heico__2618494,False,False,0.07269118165927338,48,127.49200475109284,0.11925404610499268,371283
0028 - Heico - Sigma - 9.avi,heico,heico__2618500,False,False,0.04203350259061398,165,127.5313547674773,0.03573954697320828,347794
0028 - Heico - Sigma - 9.avi,heico,heico__2618502,False,False,0.02721973041517941,134,141.21565317959798,0.005486215479992485,340672
0028 - Heico - Sigma - 9.avi,heico,heico__2618514,False,False,0.003096156778120492,91,140.80939284834696,0.0027648445471284318,341068
0028 - Heico - Sigma - 9.avi,heico,heico__2618580,False,True,0.03201840419206597,159,119.11064464683622,0.016350946604504358,359918
0028 - Heico - Sigma - 9.avi,heico,heico__2618587,False,True,0.02285067405202659,130,128.44256591995318,0.011559822302092354,338327
0028 - Heico - Sigma - 9.avi,heico,heico__2618590,False,True,0.0008121504646020896,82,143.89787713695284,0.0048093180537291,345995
0028 - Heico - Sigma - 9.avi,heico,heico__2618668,False,True,0.04325325943608834,233,126.73328547818974,0.05592374338513931,359418
0028 - Heico - Sigma - 9.avi,heico,heico__2618706,False,False,0.006671987230646449,128,121.67897845171588,0.003839512442864398,344575
0028 - Heico - Sigma - 9.avi,heico,heico__2618709,False,True,0.0497979895640149,134,123.92555937407528,0.06009920338451712,341319
0028 - Heico - Sigma - 9.avi,heico,heico__2618720,False,True,0.05238409572899257,135,125.4824089549304,0.03541242398280923,356005
0028 - Heico - Sigma - 9.avi,heico,heico__2618729,False,False,0.0125667004002024,105,138.05588458530752,0.04096899581397488,347824
0028 - Heico - Sigma - 9.avi,heico,heico__2657434,False,True,0.03575026021555921,209,126.59742414576549,0.010724798262991192,357396
0028 - Heico - Sigma - 9.avi,heico,heico__2657437,False,False,0.030061737368463213,84,135.99835347239323,0.02109928709804701,337073
0028 - Heico - Sigma - 9.avi,heico,heico__2657455,False,False,0.018801793701427746,48,135.32827256014798,0.008226858559884543,349222
0028 - Heico - Sigma - 9.avi,heico,heico__2657467,False,False,0.014384068678368596,86,141.40735062191493,0.027498266362755912,341767
0028 - Heico - Sigma - 9.avi,heico,heico__2657485,False,False,0.047723792433866055,130,123.14411859117723,0.2922049560334893,380062
0028 - Heico - Sigma - 9.avi,heico,heico__2657498,False,False,0.004062139433084728,102,143.3960169622572,0.0015404013369969905,336276
0028 - Heico - Sigma - 9.avi,heico,heico__2657499,False,True,0.05095220899463069,194,126.66092539204253,0.01579417841264955,337846
0028 - Heico - Sigma - 9.avi,heico,heico__2657506,False,True,0.03528058799082261,153,132.06103365234074,0.009732477839327295,351298
0028 - Heico - Sigma - 9.avi,heico,heico__2657517,False,True,0.031799565691911294,154,126.26955230262048,0.008621465621026812,355508
0028 - Heico - Sigma - 9.avi,heico,heico__2657547,False,False,0.12016443612618564,77,131.7492432012518,0.026091932732686243,361721
0028 - Heico - Sigma - 9.avi,heico,heico__2657573,False,False,0.03008991957306291,60,142.09528233356775,0.0023326416443097725,345531
0028 - Heico - Sigma - 9.avi,heico,heico__2657591,False,True,0.012784930673058161,84,128.6137145320104,0.006657483261642587,343373
0028 - Heico - Sigma - 9.avi,heico,heico__2657592,False,True,0.008434793231223859,53,125.73653777914802,0.005808373131984154,343814
0028 - Heico - Sigma - 9.avi,heico,heico__2657596,False,True,0.02357564410551903,201,126.55855154981434,0.010851692584771724,350913
0028 - Heico - Sigma - 9.avi,heico,heico__2657620,False,False,0.02432905621357398,82,140.06854554427525,0.017184856175972926,340416
0028 - Heico - Sigma - 9.avi,heico,heico__2657623,False,False,0.01922696615947697,99,136.37035080210748,0.02793724818843253,338795
0028 - Heico - Sigma - 9.avi,heico,heico__2657628,False,False,0.07918162492020638,48,125.49040133994717,0.2623145713398886,341506
0028 - Heico - Sigma - 9.avi,heico,heico__2657636,False,False,0.016077133066155543,186,135.27781553116105,0.032592786199686356,344340
0028 - Heico - Sigma - 9.avi,heico,heico__2657676,False,False,0.017693263865012826,128,138.65463313145204,0.002821048548482364,340299
0028 - Heico - Sigma - 9.avi,heico,heico__2657708,False,False,0.0066525479497948,109,125.85112231834117,0.004310396400923699,334308
0028 - Heico - Sigma - 9.avi,heico,heico__2657733,False,False,0.029512469263864128,51,136.43833558226015,0.00952061740987197,346091
0028 - Heico - Sigma - 9.avi,heico,heico__2657782,False,False,0.003338664056998962,111,132.5172482724875,0.00148285615400222,335164
0028 - Heico - Sigma - 9.avi,heico,heico__2657811,False,False,0.002904633151818015,150,132.17875135699921,0.0013679134081708087,343589
0028 - Heico - Sigma - 9.avi,heico,heico__2657860,False,False,0.026737282341143222,152,111.55414976296836,0.007703528124715107,351008
0028 - Heico - Sigma - 9.avi,heico,heico__2673205,False,True,0.025442907959866996,266,126.64232824804006,0.05247871778653374,344654
0028 - Heico - Sigma - 9.avi,heico,heico__2673206,False,False,0.05209644205468482,207,125.93033405788812,0.012429927925866606,349640
0028 - Heico - Sigma - 9.avi,heico,heico__2673207,False,True,0.0292439352146545,146,132.3251715114223,0.07474644600042436,353475
0028 - Heico - Sigma - 9.avi,heico,heico__2673208,False,True,0.033880483181731515,139,130.81431767965097,0.06026032144819928,356636
0028 - Heico - Sigma - 9.avi,heico,heico__2673209,False,True,0.03024621500036597,98,130.7464289534877,0.07256952068870384,355218
0028 - Heico - Sigma - 9.avi,heico,heico__2673210,False,True,0.02833908751105658,121,132.20565526293262,0.07080206579735783,350470
0028 - Heico - Sigma - 9.avi,heico,heico__2673211,False,True,0.028698762511898925,136,131.72821126719936,0.0727637234257363,346670
0028 - Heico - Sigma - 9.avi,heico,heico__2673212,False,True,0.027708470503979392,145,133.01080038350025,0.08214067066338612,346284
0028 - Heico - Sigma - 9.avi,heico,heico__2673213,False,True,0.022955921462117355,102,131.59153228088044,0.06267753069654275,353460
0028 - Heico - Sigma - 9.avi,heico,heico__2673214,False,True,0.026869078872274854,125,133.2024854468668,0.05601529505764182,350440
0028 - Heico - Sigma - 9.avi,heico,heico__2673215,False,True,0.029550895117230004,127,134.19883858109887,0.05458897911965822,349228
0028 - Heico - Sigma - 9.avi,heico,heico__2673218,False,True,0.02422807333625031,116,133.33220657921453,0.012994849532568627,349677
0028 - Heico - Sigma - 9.avi,heico,heico__2673219,False,True,0.0379747934673745,142,136.01410269027923,0.007436332374242328,345466
0028 - Heico - Sigma - 9.avi,heico,heico__2673222,False,False,0.019542853478155674,65,139.5050066901624,0.052200757343874346,343041
0028 - Heico - Sigma - 9.avi,heico,heico__2673223,False,False,0.019208006962576154,65,140.73842471714534,0.056974180446765305,344700
0028 - Heico - Sigma - 9.avi,heico,heico__2673224,False,False,0.013117540446713243,50,139.71277847312754,0.04998424623282623,345949
0028 - Heico - Sigma - 9.avi,heico,heico__2673225,False,False,0.019651534424956464,60,140.04864203898433,0.08087495979577704,345113
0028 - Heico - Sigma - 9.avi,heico,heico__2673226,False,False,0.03052705794327976,72,138.67384854458336,0.08110908070619721,347495
0028 - Heico - Sigma - 9.avi,heico,heico__2673227,False,False,0.027320387559502706,58,140.10946172937093,0.08636683309018837,344102
0028 - Heico - Sigma - 9.avi,heico,heico__2673228,False,False,0.03371820401279674,56,135.28033456115912,0.11886265159090327,351027
0028 - Heico - Sigma - 9.avi,heico,heico__2673229,False,False,0.03137796991201009,73,137.67170441854225,0.10699042182634619,346517
0028 - Heico - Sigma - 9.avi,heico,heico__2673230,False,False,0.03149920255183413,73,142.59711369660252,0.09073411127557285,348612
0028 - Heico - Sigma - 9.avi,heico,heico__2673231,False,False,0.016783560613729376,61,140.95981547627656,0.0837616231146332,345755
0028 - Laparoscopic Cholecystectomy.mp4,lapchole,lapchole__1143240,False,True,0.025926018378733894,1059,144.9947069159564,0.10153995426480181,921391
0028 - Laparoscopic Cholecystectomy.mp4,lapchole,lapchole__1143304,False,True,0.08021263848852152,212,114.97160117042337,0.14589375021706666,921376
0028 - Laparoscopic Cholecystectomy.mp4,lapchole,lapchole__1150508,False,True,0.034897110230588994,860,152.86022272072654,0.26647696009324706,921423
0028 - Laparoscopic Cholecystectomy.mp4,lapchole,lapchole__1150525,False,True,0.003668267101938755,295,131.68308451340113,0.36155330491330734,921416
0028 - Laparoscopic Cholecystectomy.mp4,lapchole,lapchole__1150582,False,True,0.13351621391600374,134,124.59741050647862,0.11025267481849446,921184
0028 - Laparoscopic Cholecystectomy.mp4,lapchole,lapchole__1150586,True,False,0.12203354511572782,125,132.00400917747828,0.04220163970366383,921386
0028 - Laparoscopic Cholecystectomy.mp4,lapchole,lapchole__1150621,False,True,0.08437313803780523,165,144.8664238496126,0.3240706875463286,921407
0028 - Laparoscopic Cholecystectomy.mp4,lapchole,lapchole__1150622,False,True,0.09493918162164978,147,145.56107124562638,0.3023348440253866,921432
0028 - Laparoscopic Cholecystectomy.mp4,lapchole,lapchole__1170280,False,False,0.0076347891966756,382,136.83088301536185,0.015540931435598697,921309
0028 - Laparoscopic Cholecystectomy.mp4,lapchole,lapchole__1143201,False,True,0.036328803403959706,1158,141.9865382945467,0.13557658909343523,921280
0028 - Laparoscopic Cholecystectomy.mp4,lapchole,lapchole__1143286,False,False,0.008653371320037987,419,137.9681052774386,0.38722127255460587,921375
0028 - Laparoscopic Cholecystectomy.mp4,lapchole,lapchole__1143290,False,True,0.016036942377921394,590,139.73259969504088,0.17341646453629395,921435
0028 - Laparoscopic Cholecystectomy.mp4,lapchole,lapchole__1143355,False,True,0.0970529023295692,115,138.3750600977844,0.2404030757042158,921415
0028 - Laparoscopic Cholecystectomy.mp4,lapchole,lapchole__1143356,False,True,0.09293360768890162,106,136.311287213815,0.21857065958204186,921432
0028 - Laparoscopic Cholecystectomy.mp4,lapchole,lapchole__1143376,False,False,0.021578572072018295,180,144.06372310140148,0.28166212093421045,921377
0028 - Laparoscopic Cholecystectomy.mp4,lapchole,lapchole__1149321,False,False,0.03618190720088237,747,143.8586474964474,0.2847318192131366,921151
0028 - Laparoscopic Cholecystectomy.mp4,lapchole,lapchole__1149335,False,False,0.015200240512195467,505,153.18512492850297,0.4737211122169559,921367
0028 - Laparoscopic Cholecystectomy.mp4,lapchole,lapchole__1149477,False,True,0.03645913024605952,656,152.3686421963593,0.11081630992105478,921525
0028 - Laparoscopic Cholecystectomy.mp4,lapchole,lapchole__1149480,False,True,0.04777582928925505,747,145.5788443340944,0.20091002613096737,921512
0028 - Laparoscopic Cholecystectomy.mp4,lapchole,lapchole__1149484,False,False,0.053503198537191474,61,149.18919171147513,0.389782043699777,921515
0028 - Laparoscopic Cholecystectomy.mp4,lapchole,lapchole__1149485,False,False,0.028340718024180114,116,149.44086441577383,0.4818551472000573,921501
0028 - Laparoscopic Cholecystectomy.mp4,lapchole,lapchole__1150161,False,False,0.03332153720231957,898,142.075434810455,0.1996534976975834,921206
0028 - Laparoscopic Cholecystectomy.mp4,lapchole,lapchole__1150173,False,False,0.015200240512195467,505,153.18512492850297,0.4737211122169559,921367
0028 - Laparoscopic Cholecystectomy.mp4,lapchole,lapchole__1150280,False,True,0.024994193202465122,1196,148.76215357297136,0.05812875678092852,921334
0028 - Laparoscopic Cholecystectomy.mp4,lapchole,lapchole__1150416,False,True,0.02009616730637133,581,146.59264974460646,0.22531277163031907,921519
0028 - Laparoscopic Cholecystectomy.mp4,lapchole,lapchole__1150473,False,True,0.04544808374922546,551,151.13648098290528,0.1737023785882565,921513
0028 - Laparoscopic Cholecystectomy.mp4,lapchole,lapchole__1150518,False,False,0.053503198537191474,61,149.18919171147513,0.389782043699777,921515
0028 - Laparoscopic Cholecystectomy.mp4,lapchole,lapchole__1150519,False,False,0.028340718024180114,116,149.44086441577383,0.4818551472000573,921501
0028 - Laparoscopic Cholecystectomy.mp4,lapchole,lapchole__1150555,False,False,0.008858134191725101,451,140.41096120849173,0.31335568306503164,921413
0028 - Laparoscopic Cholecystectomy.mp4,lapchole,lapchole__1170253,False,True,0.031988653073361094,748,148.9427205927836,0.18791556653785257,921483
0028 - Laparoscopic Cholecystectomy.mp4,lapchole,lapchole__1170278,False,False,0.04104871760075994,909,143.1869865653413,0.1803316596553128,921125
0028 - Laparoscopic Cholecystectomy.mp4,lapchole,lapchole__1170318,False,True,0.033604326633013146,983,149.04481481159962,0.10641442442498926,921548
0028 - Laparoscopic Cholecystectomy.mp4,lapchole,lapchole__1170323,False,False,0.016036942377921394,590,139.73259969504088,0.17341646453629395,921435
0028 - Laparoscopic Cholecystectomy.mp4,lapchole,lapchole__1170333,False,False,0.09944541517891058,96,137.1236496239459,0.20355542049684722,921410
0028 - Laparoscopic Cholecystectomy.mp4,lapchole,lapchole__1177630,False,True,0.11323660946889437,292,139.62381030949322,0.10342817569210462,921248
0028 - Laparoscopic Cholecystectomy.mp4,lapchole,lapchole__1177654,False,True,0.03236404419723946,1391,147.81735470162954,0.1369432595084105,921053
0028 - Laparoscopic Cholecystectomy.mp4,lapchole,lapchole__1177674,False,False,0.02529968289935473,386,144.45899178924202,0.2954136524741881,921474
0028 - Laparoscopic Cholecystectomy.mp4,lapchole,lapchole__1177685,False,False,0.07818094790505536,134,137.97603482764723,0.27790265668262537,921337
0029 - Heico - Sigma - 10.avi,heico,heico__1973503,False,True,0.03706330522196064,75,123.20350647157572,0.02425922062957555,503355
0029 - Heico - Sigma - 10.avi,heico,heico__1973640,True,False,0.015717053261358166,153,127.6033681672985,0.01792086179256354,502766
0029 - Heico - Sigma - 10.avi,heico,heico__1973775,True,False,0.05377913652256739,152,121.88112957752666,0.03263649960362548,500789
0029 - Heico - Sigma - 10.avi,heico,heico__1975530,True,False,0.02964541601393207,168,137.90341184703348,0.028488385962959134,503012
0029 - Heico - Sigma - 10.avi,heico,heico__1975589,True,False,0.10446791741422398,129,126.3072015018476,0.010667791468143166,504978
0029 - Heico - Sigma - 10.avi,heico,heico__1975591,False,True,0.03706330522196064,75,123.20350647157572,0.02425922062957555,503355
0029 - Heico - Sigma - 10.avi,heico,heico__1975953,False,True,0.04081188161940723,214,117.64659666685807,0.01636870877875216,505049
0029 - Heico - Sigma - 10.avi,heico,heico__2015580,True,False,0.05943401103030351,144,115.02164707005078,0.007805510380175674,502978
0029 - Heico - Sigma - 10.avi,heico,heico__2015581,True,False,0.049964332480889564,130,111.45954866182224,0.013601346424008313,503259
0029 - Heico - Sigma - 10.avi,heico,heico__2015583,True,False,0.06254811777236155,149,112.05282284282791,0.012373996258282241,501374
0029 - Heico - Sigma - 10.avi,heico,heico__2015584,True,False,0.047538163367522486,211,122.92634583900018,0.013877588189994279,505131
0029 - Heico - Sigma - 10.avi,heico,heico__1964495,False,True,0.048230188276159464,184,119.01090332203175,0.0418112332701658,505534
0029 - Heico - Sigma - 10.avi,heico,heico__1964496,False,True,0.02979211032560938,186,115.62793012816961,0.033087391245833896,505268
0029 - Heico - Sigma - 10.avi,heico,heico__1964498,False,True,0.03202086628374816,167,115.31632794631213,0.036749870180320526,504546
0029 - Heico - Sigma - 10.avi,heico,heico__1964507,False,True,0.04505011938935413,323,113.54906228563728,0.008193308161323482,497113
0029 - Heico - Sigma - 10.avi,heico,heico__1964510,False,True,0.05262108870107227,322,120.33165962689903,0.006871323248144763,496702
0029 - Heico - Sigma - 10.avi,heico,heico__1964529,False,True,0.025277726319312063,217,119.06802875565462,0.020724150088740956,502023
0029 - Heico - Sigma - 10.avi,heico,heico__1964548,False,True,0.01792491984914195,348,109.26283065361797,0.003745385937158519,498747
0029 - Heico - Sigma - 10.avi,heico,heico__1964559,False,True,0.04076746688758128,275,116.93639522047529,0.007396411590882516,504569
0029 - Heico - Sigma - 10.avi,heico,heico__1964570,False,True,0.025709151356288498,248,116.70839252421625,0.01383729293097402,504723
0029 - Heico - Sigma - 10.avi,heico,heico__1964586,False,True,0.03078325558585477,183,119.10418096211764,0.011085689652103927,505697
0029 - Heico - Sigma - 10.avi,heico,heico__1964597,False,True,0.040447560404653395,281,123.85563924924587,0.012575783615923004,506211
0029 - Heico - Sigma - 10.avi,heico,heico__1964598,False,True,0.04133642046038231,251,124.49416619911969,0.011306076003382142,506188
0029 - Heico - Sigma - 10.avi,heico,heico__1964606,False,True,0.029810915094918605,235,111.86047391000501,0.014897538590069231,505117
0029 - Heico - Sigma - 10.avi,heico,heico__1964624,False,True,0.03348749656444702,177,113.63740333490858,0.004842399568158406,505741
0029 - Heico - Sigma - 10.avi,heico,heico__1964676,False,True,0.050017984260807356,189,118.29571065498283,0.035604883813770014,505998
0029 - Heico - Sigma - 10.avi,heico,heico__1964690,False,True,0.08178179258939354,122,109.82593952190152,0.05632932651935027,500148
0029 - Heico - Sigma - 10.avi,heico,heico__1973501,False,False,0.060563159347368965,103,133.86684484227288,0.00269050460364201,503623
0029 - Heico - Sigma - 10.avi,heico,heico__1973534,False,False,0.005339014516004137,101,128.38799684702303,0.036999827261337714,503651
0029 - Heico - Sigma - 10.avi,heico,heico__1973541,False,False,0.17242200429417903,124,150.4041806730193,0.004599772194198493,503938
0029 - Heico - Sigma - 10.avi,heico,heico__1973544,False,True,0.06141998160014848,184,121.01437263890192,0.008248002857764359,501091
0029 - Heico - Sigma - 10.avi,heico,heico__1973545,False,False,0.004510332292233021,142,122.16107224072039,0.005806085476055354,503954
0029 - Heico - Sigma - 10.avi,heico,heico__1973568,False,False,0.04434019250180818,154,142.4368765747077,0.022866544266673026,503268
0029 - Heico - Sigma - 10.avi,heico,heico__1973582,False,True,0.0310164676903518,117,131.22442144574006,0.014449454718817664,503410
0029 - Heico - Sigma - 10.avi,heico,heico__1973606,False,True,0.030696467770904012,158,116.77602474555977,0.01655956894831371,501100
0029 - Heico - Sigma - 10.avi,heico,heico__1973607,False,False,0.05909811450010754,147,127.83938400630889,0.011092347276101866,502148
0029 - Heico - Sigma - 10.avi,heico,heico__1973633,False,False,0.025571906460814774,147,131.89756934787962,0.021040754543070774,503404
0029 - Heico - Sigma - 10.avi,heico,heico__1973635,False,False,0.03024086436580343,169,128.92868982121715,0.01387681195467253,502565
0029 - Heico - Sigma - 10.avi,heico,heico__1973653,False,False,0.057540775870472086,220,130.3288447881087,0.06468438610904996,502687
0029 - Heico - Sigma - 10.avi,heico,heico__1973657,False,False,0.0925844982555968,78,135.51778178668215,0.007919352146927228,503324
0029 - Heico - Sigma - 10.avi,heico,heico__1973662,False,False,0.07287541897554395,74,124.17627868256406,0.0037193703296768796,503311
0029 - Heico - Sigma - 10.avi,heico,heico__1973667,False,False,0.11709028461228897,194,129.3244970574524,0.01832866483645651,501946
0029 - Heico - Sigma - 10.avi,heico,heico__1973691,False,True,0.050106448596271315,89,113.04195069539784,0.06764758550707337,502590
0029 - Heico - Sigma - 10.avi,heico,heico__1973716,False,False,0.005560744877476797,88,114.16392471729236,0.04183079277381402,503170
0029 - Heico - Sigma - 10.avi,heico,heico__1973736,False,False,0.031162391835938823,39,109.22590048011016,0.007280244651238677,502593
0029 - Heico - Sigma - 10.avi,heico,heico__1973741,False,True,0.049786524070977015,114,114.5935306949949,0.06847735087011078,502867
0029 - Heico - Sigma - 10.avi,heico,heico__1973757,False,False,0.025232921571631216,185,128.45932949623685,0.01767279368609951,502637
0029 - Heico - Sigma - 10.avi,heico,heico__1973770,False,False,0.07091838548724168,235,121.61559916090215,0.04701357805703811,506258
0029 - Heico - Sigma - 10.avi,heico,heico__1973773,False,True,0.012071358819779032,202,112.21885012388124,0.015055403562291682,495636
0029 - Heico - Sigma - 10.avi,heico,heico__1973780,False,False,0.042394515732673776,140,138.90938552506532,0.0485082490665373,502966
0029 - Heico - Sigma - 10.avi,heico,heico__1973790,False,True,0.01277637775635404,151,110.76748536576191,0.016240688427816632,505151
0029 - Heico - Sigma - 10.avi,heico,heico__1973798,False,False,0.039470568165853856,186,116.38434182270656,0.024872057318321393,498270
0029 - Heico - Sigma - 10.avi,heico,heico__1973809,False,True,0.044146793031449826,168,112.00735881834791,0.012957963591282788,490432
0029 - Heico - Sigma - 10.avi,heico,heico__1973813,False,True,0.02105659229042101,166,112.79340236370066,0.005259521831744648,486356
0029 - Heico - Sigma - 10.avi,heico,heico__1973835,False,True,0.020708319557483406,168,110.22841316067162,0.004109987705672615,505111
0029 - Heico - Sigma - 10.avi,heico,heico__1973854,False,False,0.05825862240333963,130,107.03965808567737,0.07852897326309512,503050
0029 - Heico - Sigma - 10.avi,heico,heico__1973868,False,True,0.02851720085130714,82,130.48905490613384,0.009253597407960357,503696
0029 - Heico - Sigma - 10.avi,heico,heico__1973871,False,True,0.0302426685637499,125,120.04991502648012,0.02029286222433009,506040
0029 - Heico - Sigma - 10.avi,heico,heico__1973916,False,False,0.044348094283443454,216,121.6948955503624,0.01600058521848816,505794
0029 - Heico - Sigma - 10.avi,heico,heico__1973926,False,False,0.04134040717184953,147,122.49451284796574,0.0054272268209274825,500624
0029 - Heico - Sigma - 10.avi,heico,heico__1973933,False,True,0.03221473843158292,92,121.66543680832886,0.025278655301901414,503310
0029 - Heico - Sigma - 10.avi,heico,heico__1973937,False,True,0.04014852865049974,44,92.37879385178991,0.06414605980966033,502260
0029 - Heico - Sigma - 10.avi,heico,heico__1973941,False,False,0.01394378221140165,140,118.83094547380402,0.008044945774180289,506032
0029 - Heico - Sigma - 10.avi,heico,heico__1973950,False,True,0.025567606422481067,124,127.62019316688045,0.016044288590683988,503606
0029 - Heico - Sigma - 10.avi,heico,heico__1975521,False,False,0.052148856868242846,126,122.39443965748832,0.068426718777051,502523
0029 - Heico - Sigma - 10.avi,heico,heico__1975540,False,False,0.030205650418137303,289,127.27137389106171,0.03500111291297021,503184
0029 - Heico - Sigma - 10.avi,heico,heico__1975565,False,True,0.053654342572967265,139,102.358964314285,0.007548266847005847,485012
0029 - Heico - Sigma - 10.avi,heico,heico__1975576,False,False,0.031162391835938823,39,109.22590048011016,0.007280244651238677,502593
0029 - Heico - Sigma - 10.avi,heico,heico__1975594,False,False,0.011400866202135141,74,116.7210113948731,0.017174215303969828,500576
0029 - Heico - Sigma - 10.avi,heico,heico__1975602,False,False,0.040084823839628934,135,140.82051775899865,0.044637751374019125,503632
0029 - Heico - Sigma - 10.avi,heico,heico__1975636,False,False,0.03304315267247028,207,131.73284857030757,0.03899215496483775,502101
0029 - Heico - Sigma - 10.avi,heico,heico__1975641,False,True,0.0310164676903518,117,131.22442144574006,0.014449454718817664,503410
0029 - Heico - Sigma - 10.avi,heico,heico__1975652,False,False,0.02146187384634969,125,136.77537433963465,0.01625254598688817,502752
0029 - Heico - Sigma - 10.avi,heico,heico__1975677,False,False,0.0024490735595319372,50,116.81671046155311,0.026066557642538464,503864
0029 - Heico - Sigma - 10.avi,heico,heico__1975697,False,False,0.0404854491345132,66,122.01494213076465,0.029073711976720217,499661
0029 - Heico - Sigma - 10.avi,heico,heico__1975701,False,False,0.09975426844081932,203,122.916178456073,0.019606749851645046,502174
0029 - Heico - Sigma - 10.avi,heico,heico__1975708,False,False,0.047894081927231096,131,109.17654870339953,0.054478124533373154,502275
0029 - Heico - Sigma - 10.avi,heico,heico__1975735,False,True,0.0580685497198517,68,120.19342975585086,0.05806257640860635,502234
0029 - Heico - Sigma - 10.avi,heico,heico__1975746,False,False,0.060563159347368965,103,133.86684484227288,0.00269050460364201,503623
0029 - Heico - Sigma - 10.avi,heico,heico__1975749,False,True,0.030696467770904012,158,116.77602474555977,0.01655956894831371,501100
0029 - Heico - Sigma - 10.avi,heico,heico__1975757,False,False,0.005560744877476797,88,114.16392471729236,0.04183079277381402,503170
0029 - Heico - Sigma - 10.avi,heico,heico__1975772,False,True,0.030006734381301067,107,129.77633311944885,0.023333935918090853,503387
0029 - Heico - Sigma - 10.avi,heico,heico__1975777,False,True,0.019743479746101352,90,130.02696084272742,0.009336495150027407,503508
0029 - Heico - Sigma - 10.avi,heico,heico__1975779,False,True,0.04014852865049974,44,92.37879385178991,0.06414605980966033,502260
0029 - Heico - Sigma - 10.avi,heico,heico__1975780,False,False,0.06939765423624203,166,112.34545317868991,0.06940161066018868,505507
0029 - Heico - Sigma - 10.avi,heico,heico__1975792,False,True,0.02955125938931237,124,130.31882748292944,0.016069577237645433,503498
0029 - Heico - Sigma - 10.avi,heico,heico__1975820,False,True,0.012301896260247433,157,113.91393053351361,0.017702145962058866,502199
0029 - Heico - Sigma - 10.avi,heico,heico__1975823,False,True,0.05229465056785778,192,105.7427999380815,0.005941324078147659,490968
0029 - Heico - Sigma - 10.avi,heico,heico__1975835,False,False,0.0017056433336779077,68,111.07257333471163,0.0018090156569311143,503036
0029 - Heico - Sigma - 10.avi,heico,heico__1975846,False,True,0.016647059291113885,246,114.21729211545035,0.023256599604142985,503212
0029 - Heico - Sigma - 10.avi,heico,heico__1975858,False,True,0.050106448596271315,89,113.04195069539784,0.06764758550707337,502590
0029 - Heico - Sigma - 10.avi,heico,heico__1975865,False,True,0.04009880293338881,292,112.11385967640625,0.007846471713317997,495127
0029 - Heico - Sigma - 10.avi,heico,heico__1975867,False,True,0.06569447322310491,296,123.30862682537735,0.011589473917145621,497089
0029 - Heico - Sigma - 10.avi,heico,heico__1975874,False,True,0.006803070314136341,100,94.97887002911789,0.006400594678286439,486986
0029 - Heico - Sigma - 10.avi,heico,heico__1975885,False,True,0.04108016382203153,161,116.32083020855742,0.024746214581125886,497369
0029 - Heico - Sigma - 10.avi,heico,heico__1975896,False,True,0.024759147006934722,220,120.01091573199085,0.01939840319121455,499371
0029 - Heico - Sigma - 10.avi,heico,heico__1975897,False,True,0.04122606246240762,203,118.39161583217371,0.020436359449657476,503759
0029 - Heico - Sigma - 10.avi,heico,heico__1975900,False,False,0.03277177368086459,145,137.48375715193896,0.037281468531468534,503360
0029 - Heico - Sigma - 10.avi,heico,heico__1975903,False,True,0.03116530354610778,291,119.21450352297362,0.010863083663892562,501423
0029 - Heico - Sigma - 10.avi,heico,heico__1975907,False,True,0.019948013902979296,241,117.58895765674369,0.008894465021440763,499749
0029 - Heico - Sigma - 10.avi,heico,heico__1975917,False,True,0.011178253144256769,126,112.15681588911683,0.013414699661548441,502583
0029 - Heico - Sigma - 10.avi,heico,heico__1975919,False,True,0.026343876090068982,369,115.3444127394147,0.004379298951731596,499395
0029 - Heico - Sigma - 10.avi,heico,heico__1975922,False,True,0.03622778779422061,328,112.30472200900091,0.00517879846321982,504171
0029 - Heico - Sigma - 10.avi,heico,heico__1975923,False,True,0.03177235726705185,311,112.29696114037955,0.005129943185578402,498641
0029 - Heico - Sigma - 10.avi,heico,heico__1975930,False,False,0.042024619365150326,292,117.76885371397148,0.013391700310758658,505537
0029 - Heico - Sigma - 10.avi,heico,heico__1975934,False,False,0.020188358378168725,180,128.09174465207403,0.015842391574592503,502765
0029 - Heico - Sigma - 10.avi,heico,heico__1975939,False,False,0.005656612005862307,108,104.6587797145191,0.006647508025071054,505603
0029 - Heico - Sigma - 10.avi,heico,heico__1975957,False,True,0.05107153182910939,254,117.31075809243175,0.017145301379466037,504978
0029 - Heico - Sigma - 10.avi,heico,heico__1975964,False,False,0.007447393114831501,170,112.88209153905517,0.008387740567263609,504069
0029 - Heico - Sigma - 10.avi,heico,heico__1975974,False,True,0.040708958026174843,268,124.76262594321537,0.012166440703424233,505982
0029 - Heico - Sigma - 10.avi,heico,heico__1975981,False,True,0.041881454756687655,286,124.38875837500667,0.014166628796784946,506119
0029 - Heico - Sigma - 10.avi,heico,heico__1975982,False,True,0.040447560404653395,281,123.85563924924587,0.012575783615923004,506211
0029 - Heico - Sigma - 10.avi,heico,heico__1975994,False,True,0.029810915094918605,235,111.86047391000501,0.014897538590069231,505117
0029 - Heico - Sigma - 10.avi,heico,heico__1976001,False,True,0.05538527024312234,41,125.42176544651329,0.05715751932865375,502751
0029 - Heico - Sigma - 10.avi,heico,heico__2004175,False,True,0.04925800427637997,50,118.13859413013095,0.048493511768008375,502294
0029 - Heico - Sigma - 10.avi,heico,heico__2004181,False,True,0.05538527024312234,41,125.42176544651329,0.05715751932865375,502751
0029 - Heico - Sigma - 10.avi,heico,heico__2004188,False,False,0.04601691693026793,140,128.02930303760223,0.04838186317153624,502337
0029 - Heico - Sigma - 10.avi,heico,heico__2004267,False,False,0.04286880838096756,164,129.15478699038022,0.01714832002230676,502090
0029 - Heico - Sigma - 10.avi,heico,heico__2004314,False,False,0.016711241838592412,370,117.42949512440525,0.015853342742549226,505887
0029 - Heico - Sigma - 10.avi,heico,heico__2004330,False,False,0.03901950381286476,193,115.68525454732624,0.01426755778687551,505132
0029 - Heico - Sigma - 10.avi,heico,heico__2004341,False,False,0.01943481833446465,182,112.41559191644933,0.006652932093252196,503838
0029 - Heico - Sigma - 10.avi,heico,heico__2004346,False,False,0.031191354301590913,175,113.71115615452307,0.008803899660856066,505685
0029 - Heico - Sigma - 10.avi,heico,heico__2004352,False,False,0.033078538296366304,207,113.21561354460363,0.007351225665624024,505766
0029 - Heico - Sigma - 10.avi,heico,heico__2004363,False,True,0.05420814406426586,210,107.14768245672936,0.006352564284067421,494446
0029 - Heico - Sigma - 10.avi,heico,heico__2004364,False,True,0.056570869112937766,198,107.34917290472596,0.006374038794949722,490270
0029 - Heico - Sigma - 10.avi,heico,heico__2004368,False,True,0.05502479535133231,192,111.49644142686907,0.005735076720215889,488398
0029 - Heico - Sigma - 10.avi,heico,heico__2004380,False,False,0.03725085339757054,165,114.5850351841084,0.004643748541412032,505626
0029 - Heico - Sigma - 10.avi,heico,heico__2004381,False,False,0.03643107535534435,160,114.31305298580205,0.0047570371922803925,505777
0029 - Heico - Sigma - 10.avi,heico,heico__2004384,False,False,0.03348749656444702,177,113.63740333490858,0.004842399568158406,505741
0029 - Heico - Sigma - 10.avi,heico,heico__2004415,False,True,0.03355009495309892,147,108.66773360744385,0.027519531366272897,503933
0029 - Heico - Sigma - 10.avi,heico,heico__2004419,False,True,0.041353614427983944,172,112.11136501015706,0.01794381410097607,504575
0029 - Heico - Sigma - 10.avi,heico,heico__2004421,False,True,0.02099690637415407,175,107.59953505272816,0.009455533896382606,498121
0029 - Heico - Sigma - 10.avi,heico,heico__2004436,False,False,0.014280006803770555,151,105.25348792132942,0.006578296763066602,505602
0029 - Heico - Sigma - 10.avi,heico,heico__2004438,False,False,0.004684753867346454,156,107.04480896812704,0.005460598191807717,505256
0029 - Heico - Sigma - 10.avi,heico,heico__2004439,False,True,0.04102182767124325,152,122.88202810544426,0.015577808301652077,501611
0029 - Heico - Sigma - 10.avi,heico,heico__2004440,False,True,0.012301896260247433,157,113.91393053351361,0.017702145962058866,502199
0029 - Heico - Sigma - 10.avi,heico,heico__2004441,False,True,0.011178253144256769,126,112.15681588911683,0.013414699661548441,502583
0029 - Heico - Sigma - 10.avi,heico,heico__2004442,False,True,0.04814108959691247,72,114.9643591842262,0.0651937970602351,502149
0029 - Heico - Sigma - 10.avi,heico,heico__2004443,False,True,0.04014852865049974,44,92.37879385178991,0.06414605980966033,502260
0029 - Heico - Sigma - 10.avi,heico,heico__2004444,False,True,0.050922067356368936,77,116.95068714953783,0.07755669555565722,502729
0029 - Heico - Sigma - 10.avi,heico,heico__2004445,False,True,0.050106448596271315,89,113.04195069539784,0.06764758550707337,502590
0029 - Heico - Sigma - 10.avi,heico,heico__2004446,False,True,0.049786524070977015,114,114.5935306949949,0.06847735087011078,502867
0029 - Heico - Sigma - 10.avi,heico,heico__2004448,False,False,0.015618396053135726,150,122.60702590820934,0.008944830010704567,506326
0029 - Heico - Sigma - 10.avi,heico,heico__2004456,False,False,0.020812978301702444,130,108.3748290177343,0.01830656771296514,501514
0029 - Heico - Sigma - 10.avi,heico,heico__2004462,False,False,0.04134040717184953,147,122.49451284796574,0.0054272268209274825,500624
0029 - Heico - Sigma - 10.avi,heico,heico__2004463,False,False,0.010433952127977078,153,118.8168805587059,0.014588431922640721,502590
0029 - Heico - Sigma - 10.avi,heico,heico__2004464,False,False,0.004510332292233021,142,122.16107224072039,0.005806085476055354,503954
0029 - Heico - Sigma - 10.avi,heico,heico__2015523,False,True,0.028469088333501973,277,108.74184559344329,0.006502074268946676,494150
0029 - Heico - Sigma - 10.avi,heico,heico__2015524,False,False,0.04329766276963284,239,112.86459308829207,0.005003118287020996,505085
0029 - Heico - Sigma - 10.avi,heico,heico__2015527,False,True,0.02979211032560938,186,115.62793012816961,0.033087391245833896,505268
0029 - Heico - Sigma - 10.avi,heico,heico__2015532,False,True,0.05872201088652918,321,120.26331666589472,0.017568272392801117,496577
0029 - Heico - Sigma - 10.avi,heico,heico__2015537,False,True,0.04767135017475627,283,116.13858062296059,0.009817161125882535,499839
0029 - Heico - Sigma - 10.avi,heico,heico__2015538,False,True,0.04505011938935413,323,113.54906228563728,0.008193308161323482,497113
0029 - Heico - Sigma - 10.avi,heico,heico__2015546,False,True,0.03851181196786185,250,116.8649998001359,0.01327097573649918,500340
0029 - Heico - Sigma - 10.avi,heico,heico__2015551,False,True,0.036068637782594,313,121.71497623923807,0.01902451633428111,502930
0029 - Heico - Sigma - 10.avi,heico,heico__2015553,False,True,0.04232100344103871,309,124.07535934332353,0.007940400335962924,503627
0029 - Heico - Sigma - 10.avi,heico,heico__2015557,False,True,0.026361214491683545,268,120.72659768715764,0.008371331929796553,501115
0029 - Heico - Sigma - 10.avi,heico,heico__2015567,False,True,0.03271210223100931,220,117.88260137308104,0.01109270572961505,505287
0029 - Heico - Sigma - 10.avi,heico,heico__2015573,False,True,0.047466970594578765,204,115.48243411432517,0.01116578911439443,505383
0029 - Heico - Sigma - 10.avi,heico,heico__2015574,False,True,0.03857008280426212,227,112.73473939614635,0.015593087506530929,505288
0029 - Heico - Sigma - 10.avi,heico,heico__2015576,False,True,0.033002660547736554,245,111.0746258913824,0.016261979882698528,505535
0029 - Heico - Sigma - 10.avi,heico,heico__2015582,False,False,0.05917895506260726,145,113.42130791965931,0.007085028284497553,503456
0029 - Heico - Sigma - 10.avi,heico,heico__2015585,False,False,0.07377678412440893,172,117.61667293195893,0.007761707852719467,505430
0029 - Heico - Sigma - 10.avi,heico,heico__2015591,False,True,0.04512587011450677,176,110.78561688563019,0.02721049278204413,503813
0029 - Heico - Sigma - 10.avi,heico,heico__2015593,False,True,0.04116630592417861,169,111.32110313796366,0.023753454497840505,504053
0032 - Laparoscopic Cholecystectomy.mp4,lapchole,lapchole__1291675,False,True,0.030781897126542928,61,102.73003621952097,0.3135821638424623,638882
0032 - Laparoscopic Cholecystectomy.mp4,lapchole,lapchole__1291676,False,True,0.027053411769166123,111,123.85452196055883,0.2879294330251926,633044
0032 - Laparoscopic Cholecystectomy.mp4,lapchole,lapchole__1299829,False,True,0.030781897126542928,61,102.73003621952097,0.3135821638424623,638882
0032 - Laparoscopic Cholecystectomy.mp4,lapchole,lapchole__1330241,True,False,0.12142847106321925,177,146.90237105338343,0.09596622728202374,640517
0032 - Laparoscopic Cholecystectomy.mp4,lapchole,lapchole__1291592,False,True,0.08419335705812574,105,132.64968002747082,0.17527314728101392,640680
0032 - Laparoscopic Cholecystectomy.mp4,lapchole,lapchole__1291610,False,True,0.08682626312484575,174,137.85938256601864,0.11410063761523778,640198
0032 - Laparoscopic Cholecystectomy.mp4,lapchole,lapchole__1291665,False,True,0.013340710108369826,147,129.4748439468247,0.16409573553636345,639846
0032 - Laparoscopic Cholecystectomy.mp4,lapchole,lapchole__1291672,False,True,0.03441134499030149,162,127.96441639352975,0.2720553182377315,639789
0032 - Laparoscopic Cholecystectomy.mp4,lapchole,lapchole__1291674,False,True,0.034654589118621834,61,103.56588457967847,0.3100518034131702,638761
0032 - Laparoscopic Cholecystectomy.mp4,lapchole,lapchole__1297924,False,True,0.16058037297195135,110,138.44425648499163,0.05553967532477675,640209
0032 - Laparoscopic Cholecystectomy.mp4,lapchole,lapchole__1297975,False,True,0.1097128944024736,106,130.4259640601626,0.1281710240537783,639068
0032 - Laparoscopic Cholecystectomy.mp4,lapchole,lapchole__1298000,False,True,0.07001491951315272,109,113.98307499018453,0.1509399293286219,636750
0032 - Laparoscopic Cholecystectomy.mp4,lapchole,lapchole__1298339,False,False,0.05434285769082011,53,128.7668460940971,0.3474174276882949,625694
0032 - Laparoscopic Cholecystectomy.mp4,lapchole,lapchole__1298342,False,False,0.028659710294196148,84,95.0225051105159,0.32092469721567163,636922
0032 - Laparoscopic Cholecystectomy.mp4,lapchole,lapchole__1298346,False,False,0.06451042107076306,114,121.8651900220792,0.32888460875964987,638610
0032 - Laparoscopic Cholecystectomy.mp4,lapchole,lapchole__1299657,False,False,0.047131198877657106,100,117.60530419751231,0.2724452920471484,638664
0032 - Laparoscopic Cholecystectomy.mp4,lapchole,lapchole__1299664,False,True,0.0510679163744039,121,120.9994397970088,0.17589275486490005,637269
0032 - Laparoscopic Cholecystectomy.mp4,lapchole,lapchole__1299668,False,True,0.043864380809431114,184,126.91336100752832,0.1948935637952735,639585
0032 - Laparoscopic Cholecystectomy.mp4,lapchole,lapchole__1299699,False,True,0.08470589706201816,191,134.18134876168418,0.12617427847610652,639861
0032 - Laparoscopic Cholecystectomy.mp4,lapchole,lapchole__1299888,False,True,0.12142847106321925,177,146.90237105338343,0.09596622728202374,640517
0032 - Laparoscopic Cholecystectomy.mp4,lapchole,lapchole__1299918,False,True,0.06756583313507218,156,120.0935688258349,0.13257409749439653,638888
0032 - Laparoscopic Cholecystectomy.mp4,lapchole,lapchole__1299973,False,False,0.029903975480708396,115,119.47813712120147,0.28964194273520694,640149
0032 - Laparoscopic Cholecystectomy.mp4,lapchole,lapchole__1321562,False,False,0.08682626312484575,174,137.85938256601864,0.11410063761523778,640198
0032 - Laparoscopic Cholecystectomy.mp4,lapchole,lapchole__1321586,False,False,0.013340710108369826,147,129.4748439468247,0.16409573553636345,639846
0032 - Laparoscopic Cholecystectomy.mp4,lapchole,lapchole__1321589,False,True,0.038863303099371874,192,125.97950218703785,0.19373966276783006,639678
0032 - Laparoscopic Cholecystectomy.mp4,lapchole,lapchole__1321602,False,True,0.07880983805490746,108,125.37696958134472,0.1632852523003209,639476
0032 - Laparoscopic Cholecystectomy.mp4,lapchole,lapchole__1330240,False,True,0.07699470079488077,125,138.1305819752037,0.15732952557116434,640096
0032 - Laparoscopic Cholecystectomy.mp4,lapchole,lapchole__1330242,False,False,0.027053411769166123,111,123.85452196055883,0.2879294330251926,633044
0033 - Laparoscopic Cholecystectomy.mp4,lapchole,lapchole__1347581,True,False,0.0014545667856898437,42,120.29701189181674,0.7618812252253818,920549
0033 - Laparoscopic Cholecystectomy.mp4,lapchole,lapchole__1349323,False,False,0.0019086062072042828,14,100.03839360063229,0.5923725234531658,921091
0033 - Laparoscopic Cholecystectomy.mp4,lapchole,lapchole__1349333,True,False,0.004636575426041682,156,107.39029630224697,0.5651628283652896,921154
0033 - Laparoscopic Cholecystectomy.mp4,lapchole,lapchole__1349483,False,True,0.002205020193685673,85,115.30294436965302,0.7921440048638555,921080
0033 - Laparoscopic Cholecystectomy.mp4,lapchole,lapchole__1349602,True,False,0.006142388779121524,219,105.94584536552533,0.4448183772282172,921140
0033 - Laparoscopic Cholecystectomy.mp4,lapchole,lapchole__1349671,True,False,0.0014545667856898437,42,120.29701189181674,0.7618812252253818,920549
0033 - Laparoscopic Cholecystectomy.mp4,lapchole,lapchole__1341162,False,True,0.002205020193685673,85,115.30294436965302,0.7921440048638555,921080
0033 - Laparoscopic Cholecystectomy.mp4,lapchole,lapchole__1341163,False,False,0.0011748036112724687,26,121.59285020168186,0.7427603541783161,921005
0033 - Laparoscopic Cholecystectomy.mp4,lapchole,lapchole__1347368,False,True,0.009630013868782651,318,103.25399405747623,0.167581123696953,921494
0033 - Laparoscopic Cholecystectomy.mp4,lapchole,lapchole__1347444,False,True,0.011117766940351471,424,116.71649640042627,0.28887528784652816,921498
0033 - Laparoscopic Cholecystectomy.mp4,lapchole,lapchole__1347505,False,True,0.005488494457239234,124,119.47092736780185,0.08364717348504747,921382
0033 - Laparoscopic Cholecystectomy.mp4,lapchole,lapchole__1347574,False,False,0.0033394817723572117,82,111.62781497360224,0.7012759729931897,921101
0033 - Laparoscopic Cholecystectomy.mp4,lapchole,lapchole__1347577,False,False,0.0059648795189879466,177,110.51779801054874,0.5580332617489887,921058
0033 - Laparoscopic Cholecystectomy.mp4,lapchole,lapchole__1347594,False,False,0.0012953846087026392,33,116.34902960165566,0.7513903939576225,920962
0033 - Laparoscopic Cholecystectomy.mp4,lapchole,lapchole__1347597,False,False,0.0008750825139839488,11,110.24869931904249,0.7153582409755759,921056
0033 - Laparoscopic Cholecystectomy.mp4,lapchole,lapchole__1347633,False,False,0.0021684719168227596,14,146.78483807041832,0.5526410945516735,920925
0033 - Laparoscopic Cholecystectomy.mp4,lapchole,lapchole__1349352,False,True,0.004092268771613618,290,107.63620610094408,0.31074532711548797,921005
0033 - Laparoscopic Cholecystectomy.mp4,lapchole,lapchole__1349377,False,True,0.008180220967974728,341,99.2721882253869,0.12352046845818353,921491
0033 - Laparoscopic Cholecystectomy.mp4,lapchole,lapchole__1349582,False,False,0.0012953846087026392,33,116.34902960165566,0.7513903939576225,920962
0033 - Laparoscopic Cholecystectomy.mp4,lapchole,lapchole__1349721,False,True,0.008626603106792745,233,119.46457101426624,0.1474402389573402,921336
0033 - Laparoscopic Cholecystectomy.mp4,lapchole,lapchole__1349729,False,False,0.002155017989243366,4,131.27065288902688,0.36172275503579393,921106
0033 - Laparoscopic Cholecystectomy.mp4,lapchole,lapchole__1349759,False,False,0.0011748036112724687,26,121.59285020168186,0.7427603541783161,921005
0033 - Laparoscopic Cholecystectomy.mp4,lapchole,lapchole__1372945,False,True,0.009049022501562608,238,118.75157671539691,0.47325877665115634,921536
0033 - Laparoscopic Cholecystectomy.mp4,lapchole,lapchole__1372960,False,True,0.008546266408201985,90,116.24477553297487,0.13883395670210064,921338
0033 - Laparoscopic Cholecystectomy.mp4,lapchole,lapchole__1373004,False,True,0.0034158773714134372,230,103.83840197289442,0.18673897139433357,921286
0033 - Laparoscopic Cholecystectomy.mp4,lapchole,lapchole__1373134,False,False,0.0020182281064590898,76,116.17433191655674,0.05215149195802867,921105
0033 - Laparoscopic Cholecystectomy.mp4,lapchole,lapchole__1373141,False,False,0.0009586384944924427,50,125.59242881864904,0.049080553860718405,921098
0033 - Laparoscopic Cholecystectomy.mp4,lapchole,lapchole__1373146,False,False,0.0013330351734574025,56,116.79576555081057,0.06978677950425854,921206
0033 - Laparoscopic Cholecystectomy.mp4,lapchole,lapchole__5026835,False,True,0.0027166448242052837,99,111.64966682555384,0.07879247200563742,920989
0043 - Laparoscopic Cholecystectomy.mp4,lapchole,lapchole__1717407,False,True,0.0008539496527777778,85,75.68218424479167,0.17475368923611112,921600
0043 - Laparoscopic Cholecystectomy.mp4,lapchole,lapchole__1712593,False,True,0.0008539496527777778,85,75.68218424479167,0.17475368923611112,921600
0043 - Laparoscopic Cholecystectomy.mp4,lapchole,lapchole__1712603,False,True,0.00041883907790298344,62,95.23394115636478,0.03521937510511667,921595
0043 - Laparoscopic Cholecystectomy.mp4,lapchole,lapchole__1712614,False,True,0.0008517795138888889,71,95.82305338541667,0.14189019097222222,921600
0043 - Laparoscopic Cholecystectomy.mp4,lapchole,lapchole__1716420,False,True,0.003582903193254333,318,90.75442464672813,0.08719844531081306,921599
0043 - Laparoscopic Cholecystectomy.mp4,lapchole,lapchole__1716439,False,True,0.009281684027777778,219,100.65725151909722,0.19037217881944443,921600
0043 - Laparoscopic Cholecystectomy.mp4,lapchole,lapchole__1716451,False,True,0.006336805555555556,220,102.5621875,0.1908322482638889,921600
0043 - Laparoscopic Cholecystectomy.mp4,lapchole,lapchole__1716455,False,False,0.00015082465277777777,38,76.58020073784722,0.028525390625,921600
0043 - Laparoscopic Cholecystectomy.mp4,lapchole,lapchole__1716458,False,False,0.0004763454861111111,45,95.43292534722222,0.07441731770833333,921600
0043 - Laparoscopic Cholecystectomy.mp4,lapchole,lapchole__1716461,False,False,0.00023329018369160556,25,103.46576330920497,0.10067610750445692,921599
0043 - Laparoscopic Cholecystectomy.mp4,lapchole,lapchole__1717176,False,True,0.008034939236111111,480,101.20159288194445,0.12217664930555555,921600
0043 - Laparoscopic Cholecystectomy.mp4,lapchole,lapchole__1717188,False,True,0.004920837985614009,307,98.59486258003821,0.22419055741646782,921591
0043 - Laparoscopic Cholecystectomy.mp4,lapchole,lapchole__1717330,False,True,0.003024091823016301,108,97.19230598123478,0.07796991967222186,921599
0043 - Laparoscopic Cholecystectomy.mp4,lapchole,lapchole__1717381,False,False,0.00015082465277777777,38,76.58020073784722,0.028525390625,921600
0043 - Laparoscopic Cholecystectomy.mp4,lapchole,lapchole__1717410,False,True,0.0001171876271567135,16,66.15483415238081,0.044397834633067096,921599
0043 - Laparoscopic Cholecystectomy.mp4,lapchole,lapchole__1717413,False,False,0.001115451388888889,34,87.11684136284723,0.24045789930555556,921600
0043 - Laparoscopic Cholecystectomy.mp4,lapchole,lapchole__1717421,False,False,0.00034071254494909926,52,119.80463607776926,0.055638141575828075,921598
0043 - Laparoscopic Cholecystectomy.mp4,lapchole,lapchole__1717428,False,True,0.00040909337529162825,58,91.76876349628344,0.03093049753133308,921550
0043 - Laparoscopic Cholecystectomy.mp4,lapchole,lapchole__1730071,False,True,0.016698133680555557,204,99.15848741319445,0.11960720486111111,921600
0043 - Laparoscopic Cholecystectomy.mp4,lapchole,lapchole__1730074,False,True,0.0047515190972222225,186,99.40811740451389,0.16569010416666666,921600
0043 - Laparoscopic Cholecystectomy.mp4,lapchole,lapchole__1730078,False,True,0.0035983401625112855,289,85.37981478748524,0.13032697583165498,921536
0045 - Laparoscopic Cholecystectomy.mp4,lapchole,lapchole__1800361,False,True,0.015131621328804428,187,140.85966326022665,0.15811308600040994,853775
0045 - Laparoscopic Cholecystectomy.mp4,lapchole,lapchole__1800388,True,False,0.053855919386052095,140,139.79988414314394,0.6784832095152115,856229
0045 - Laparoscopic Cholecystectomy.mp4,lapchole,lapchole__1800411,False,True,0.10017449118394076,93,158.20881827390104,0.09132171535207705,857923
0045 - Laparoscopic Cholecystectomy.mp4,lapchole,lapchole__1799507,False,True,0.020418702857283384,147,143.9493549184177,0.17179769136093068,853923
0045 - Laparoscopic Cholecystectomy.mp4,lapchole,lapchole__1799532,False,True,0.009535647279549718,47,110.78822936210132,0.07473616322701689,852800
0045 - Laparoscopic Cholecystectomy.mp4,lapchole,lapchole__1799551,False,True,0.015131621328804428,187,140.85966326022665,0.15811308600040994,853775
0045 - Laparoscopic Cholecystectomy.mp4,lapchole,lapchole__1799553,False,True,0.0068586043455816795,161,131.24637359801022,0.19778966633816697,852360
0045 - Laparoscopic Cholecystectomy.mp4,lapchole,lapchole__1799560,False,False,0.04975298980022765,23,137.35300407218804,0.9440504057565133,854823
0045 - Laparoscopic Cholecystectomy.mp4,lapchole,lapchole__1799577,False,False,0.015475998532549134,147,137.1275537266943,0.6061097830836564,855906
0045 - Laparoscopic Cholecystectomy.mp4,lapchole,lapchole__1799595,False,False,0.010604102229990624,107,153.33862954647088,0.6029906790852123,856461
0045 - Laparoscopic Cholecystectomy.mp4,lapchole,lapchole__1799616,False,True,0.16405857614690791,243,160.8184088526176,0.11433088070213608,864106
0045 - Laparoscopic Cholecystectomy.mp4,lapchole,lapchole__1799663,False,False,0.08072713621531087,36,129.79559484380587,0.019903282486666354,900354
0045 - Laparoscopic Cholecystectomy.mp4,lapchole,lapchole__1799721,False,False,0.041483748794111694,102,125.15469075664281,0.02606505246358515,839630
0045 - Laparoscopic Cholecystectomy.mp4,lapchole,lapchole__1800290,False,True,0.004924632174341578,196,142.16359681929865,0.02838657718749305,854277
0045 - Laparoscopic Cholecystectomy.mp4,lapchole,lapchole__1800332,False,True,0.0372154914940032,313,152.9110369638694,0.09411134101697455,854456
0045 - Laparoscopic Cholecystectomy.mp4,lapchole,lapchole__1800397,False,False,0.054822549507088446,48,143.01128339087666,0.41263805141780646,856746
0045 - Laparoscopic Cholecystectomy.mp4,lapchole,lapchole__1800464,False,False,0.09858171187365171,12,138.01554125159285,0.07043669912506001,856173
0045 - Laparoscopic Cholecystectomy.mp4,lapchole,lapchole__1800525,False,False,0.0048185167699093,58,116.16256147701418,0.22277870172882971,842998
0045 - Laparoscopic Cholecystectomy.mp4,lapchole,lapchole__1814127,False,True,0.014732031847462478,191,134.10924927630066,0.2698378068977813,852564
0045 - Laparoscopic Cholecystectomy.mp4,lapchole,lapchole__1814138,False,False,0.18141281389345223,10,151.27772309538904,0.034009721400040396,856461
0045 - Laparoscopic Cholecystectomy.mp4,lapchole,lapchole__1814140,False,False,0.13424641491535746,33,155.5408807977655,0.09235318573344185,853885
0045 - Laparoscopic Cholecystectomy.mp4,lapchole,lapchole__1814143,False,True,0.11163487043102258,129,151.26375463248016,0.04685038171870574,854294
0045 - Laparoscopic Cholecystectomy.mp4,lapchole,lapchole__1814149,False,False,0.07603424660570304,17,127.48600725180519,0.6170583646204105,902396
0045 - Laparoscopic Cholecystectomy.mp4,lapchole,lapchole__1814150,False,False,0.15175459833813473,4,129.09792833233752,0.6644662462767954,900434
0045 - Laparoscopic Cholecystectomy.mp4,lapchole,lapchole__1814152,False,True,0.03900949081929995,213,153.48989128272342,0.05476940000702157,854510
0045 - Laparoscopic Cholecystectomy.mp4,lapchole,lapchole__1814153,False,True,0.14202290436478304,132,158.65099209145905,0.08140357090020374,858439
0048 - Laparoscopic Cholecystectomy.mp4,lapchole,lapchole__1830598,False,False,0.022486089288969523,186,122.34532851847672,0.27861461471019716,921592
0048 - Laparoscopic Cholecystectomy.mp4,lapchole,lapchole__1841815,True,False,0.04179144965277778,33,114.549619140625,0.3005240885416667,921600
0048 - Laparoscopic Cholecystectomy.mp4,lapchole,lapchole__1845874,False,True,0.010428602430555555,173,118.57038302951389,0.2149609375,921600
0048 - Laparoscopic Cholecystectomy.mp4,lapchole,lapchole__1846018,False,True,0.01069997428360303,109,111.64369443712016,0.25895001144759444,921591
0048 - Laparoscopic Cholecystectomy.mp4,lapchole,lapchole__1846235,True,False,0.04805989583333333,307,126.09997395833334,0.277626953125,921600
0048 - Laparoscopic Cholecystectomy.mp4,lapchole,lapchole__1898186,False,True,0.01340713260322548,319,118.42118752298994,0.20945118213018896,921599
0048 - Laparoscopic Cholecystectomy.mp4,lapchole,lapchole__1830594,False,True,0.01069997428360303,109,111.64369443712016,0.25895001144759444,921591
0048 - Laparoscopic Cholecystectomy.mp4,lapchole,lapchole__1830597,False,True,0.01340713260322548,319,118.42118752298994,0.20945118213018896,921599
0048 - Laparoscopic Cholecystectomy.mp4,lapchole,lapchole__1830643,False,False,0.043988763008640415,167,116.70216439036935,0.3842354429638053,921599
0048 - Laparoscopic Cholecystectomy.mp4,lapchole,lapchole__1841679,False,False,0.0629939116555284,364,129.6330652118008,0.1917757978812865,921597
0048 - Laparoscopic Cholecystectomy.mp4,lapchole,lapchole__1841752,False,True,0.015168268057009857,243,113.90241157992394,0.2758945089762857,921595
0048 - Laparoscopic Cholecystectomy.mp4,lapchole,lapchole__1841801,False,False,0.0066026618981377995,360,118.1317233761358,0.4908257179377559,921598
0048 - Laparoscopic Cholecystectomy.mp4,lapchole,lapchole__1841853,False,True,0.0026085154357056283,135,128.02684904573258,0.19732594615650875,921597
0048 - Laparoscopic Cholecystectomy.mp4,lapchole,lapchole__1841876,False,False,0.007958993011060124,182,117.54938210653441,0.23330971496279834,921599
0048 - Laparoscopic Cholecystectomy.mp4,lapchole,lapchole__1841938,False,False,0.011884765625,55,113.59399522569444,0.3914529079861111,921600
0048 - Laparoscopic Cholecystectomy.mp4,lapchole,lapchole__1841991,False,False,0.007368730583975425,45,119.35835077588143,0.20009071210084234,921597
0048 - Laparoscopic Cholecystectomy.mp4,lapchole,lapchole__1845929,False,False,0.003953993055555555,138,115.38419270833333,0.2027680121527778,921600
0048 - Laparoscopic Cholecystectomy.mp4,lapchole,lapchole__1845977,False,False,0.007570529513888889,636,122.63810655381944,0.193408203125,921600
0048 - Laparoscopic Cholecystectomy.mp4,lapchole,lapchole__1846000,False,False,0.0003179253472222222,224,119.16794487847223,0.5257953559027778,921600
0048 - Laparoscopic Cholecystectomy.mp4,lapchole,lapchole__1846028,False,True,0.010971160961720837,322,120.31166625795629,0.28226840770053757,921598
0048 - Laparoscopic Cholecystectomy.mp4,lapchole,lapchole__1846100,False,False,0.055056722312946574,132,116.3817902657892,0.42786798973518736,921595
0048 - Laparoscopic Cholecystectomy.mp4,lapchole,lapchole__1846168,False,False,0.00042100694444444444,61,119.51482421875,0.237900390625,921600
0048 - Laparoscopic Cholecystectomy.mp4,lapchole,lapchole__1846191,False,False,0.04133246527777778,52,100.45930772569444,0.3353081597222222,921600
0048 - Laparoscopic Cholecystectomy.mp4,lapchole,lapchole__1846222,False,True,0.019095093522338374,351,115.79803450094293,0.26761342798052945,921598
0048 - Laparoscopic Cholecystectomy.mp4,lapchole,lapchole__1881573,False,False,0.017058432264861974,49,118.18144698821719,0.21602066847005796,921597
0048 - Laparoscopic Cholecystectomy.mp4,lapchole,lapchole__1881574,False,False,0.005529543888584465,86,113.77627916818125,0.22838014529158687,921595
0048 - Laparoscopic Cholecystectomy.mp4,lapchole,lapchole__1881603,False,False,0.07653103298611111,84,119.70363172743056,0.5029361979166667,921600
0048 - Laparoscopic Cholecystectomy.mp4,lapchole,lapchole__1881658,False,False,0.16931224968777092,6,124.02858293032001,0.5207275615533437,921599
0048 - Laparoscopic Cholecystectomy.mp4,lapchole,lapchole__1881660,False,False,0.08110902898115124,109,127.51336752752553,0.23638589017566208,921599
0048 - Laparoscopic Cholecystectomy.mp4,lapchole,lapchole__1881697,False,True,0.01856555833936452,160,118.0481890713857,0.29086728609731566,921599
0048 - Laparoscopic Cholecystectomy.mp4,lapchole,lapchole__1881737,False,False,0.0074197209629361174,51,120.58411910616125,0.22078823955781154,921598
0048 - Laparoscopic Cholecystectomy.mp4,lapchole,lapchole__1881743,False,True,0.0033604600694444446,282,116.0274338107639,0.225361328125,921600
0048 - Laparoscopic Cholecystectomy.mp4,lapchole,lapchole__1898185,False,True,0.0012434976790213477,93,115.81626182462125,0.22284433275390247,921594
0048 - Laparoscopic Cholecystectomy.mp4,lapchole,lapchole__1898187,False,False,0.013514539930555555,146,113.66112847222222,0.28082248263888887,921600
0048 - Laparoscopic Cholecystectomy.mp4,lapchole,lapchole__1898189,False,False,0.0306991178289695,209,119.08768324309075,0.3246704065799325,921590
0060 - Laparoscopic Cholecystectomy.mp4,lapchole,lapchole__2411975,False,True,0.04747304964189419,29,117.39080607079306,0.17068806593287425,202873
0060 - Laparoscopic Cholecystectomy.mp4,lapchole,lapchole__2412113,False,False,0.00860146849652097,8,118.8791661861377,0.8952302694806443,208104
0060 - Laparoscopic Cholecystectomy.mp4,lapchole,lapchole__2412160,False,True,0.044369604541376825,108,126.11991215298714,0.07625336411900525,203991
0060 - Laparoscopic Cholecystectomy.mp4,lapchole,lapchole__2412235,False,True,0.07889029769277088,89,149.58470854893744,0.08691884800093992,204271
0060 - Laparoscopic Cholecystectomy.mp4,lapchole,lapchole__2412254,False,True,0.05944732754100449,55,120.5999617765102,0.128896468247551,204063
0060 - Laparoscopic Cholecystectomy.mp4,lapchole,lapchole__2412264,False,False,0.0392809032795317,116,134.6443753214627,0.15706972984888193,204145
0060 - Laparoscopic Cholecystectomy.mp4,lapchole,lapchole__2427258,False,False,0.005309035950307808,15,110.02448991379435,0.8660178379757315,207759
0060 - Laparoscopic Cholecystectomy.mp4,lapchole,lapchole__2427337,True,False,0.2054712804610508,64,145.67991185214035,0.23073244561010842,202841
0060 - Laparoscopic Cholecystectomy.mp4,lapchole,lapchole__2427371,False,True,0.07490805447680426,118,142.91112504101432,0.08900228700715486,204197
0060 - Laparoscopic Cholecystectomy.mp4,lapchole,lapchole__2427393,False,False,0.00176887749306243,44,84.8184709758037,0.6087859658233394,61621
0060 - Laparoscopic Cholecystectomy.mp4,lapchole,lapchole__2427512,False,False,0.07212134578156779,48,139.59077164351,0.1049474380651327,204045
0060 - Laparoscopic Cholecystectomy.mp4,lapchole,lapchole__2427543,False,True,0.07178168001138924,48,119.07169822435824,0.12437346895695162,203701
0060 - Laparoscopic Cholecystectomy.mp4,lapchole,lapchole__2427550,False,True,0.02000235552763819,47,122.69782997016331,0.15867913787688442,203776
0060 - Laparoscopic Cholecystectomy.mp4,lapchole,lapchole__2427676,False,True,0.0734577503839982,44,116.98755502338341,0.1005020193643051,203777
0060 - Laparoscopic Cholecystectomy.mp4,lapchole,lapchole__2427717,False,True,0.050413468680366426,76,100.91659816786333,0.10980440703144342,201950
0060 - Laparoscopic Cholecystectomy.mp4,lapchole,lapchole__2469787,False,False,0.030754338725210793,102,137.01715344248117,0.14791957389099628,203516
0060 - Laparoscopic Cholecystectomy.mp4,lapchole,lapchole__2469849,False,False,0.018983810661080985,51,151.38718360315565,0.13855392204843098,204332
0060 - Laparoscopic Cholecystectomy.mp4,lapchole,lapchole__2487257,True,False,0.07943591486511115,149,121.36609873952685,0.11485131933464356,203019
0060 - Laparoscopic Cholecystectomy.mp4,lapchole,lapchole__2487475,False,False,0.025707559919599374,37,122.75043861589043,0.22418309326177874,203481
0060 - Laparoscopic Cholecystectomy.mp4,lapchole,lapchole__2411784,False,True,0.027412712799495587,25,127.04187027112232,0.7670141078184111,203008
0060 - Laparoscopic Cholecystectomy.mp4,lapchole,lapchole__2411789,False,True,0.08315282019904965,68,114.43701119592625,0.2444550806017872,202663
0060 - Laparoscopic Cholecystectomy.mp4,lapchole,lapchole__2412097,False,False,0.0007404465235790537,15,128.9145299145299,0.9661699300253517,203931
0060 - Laparoscopic Cholecystectomy.mp4,lapchole,lapchole__2412106,False,False,0.002251832373401886,33,128.90176319946625,0.9009684350991493,203834
0060 - Laparoscopic Cholecystectomy.mp4,lapchole,lapchole__2412118,False,False,0.001223000105929143,17,103.62500120374027,0.8974750344269715,207686
0060 - Laparoscopic Cholecystectomy.mp4,lapchole,lapchole__2412141,False,False,0.001512436660693987,21,123.12251218619348,0.9678534959443578,207612
0060 - Laparoscopic Cholecystectomy.mp4,lapchole,lapchole__2412143,False,False,0.011466962049701407,32,127.61469370063571,0.9491909073396263,207640
0060 - Laparoscopic Cholecystectomy.mp4,lapchole,lapchole__2412161,False,False,0.0012619390512337621,12,123.25411695574061,0.9468203470814047,207617
0060 - Laparoscopic Cholecystectomy.mp4,lapchole,lapchole__2424430,False,False,0.001783058875364873,56,60.49575232692625,0.30622487195021203,145256
0060 - Laparoscopic Cholecystectomy.mp4,lapchole,lapchole__2424453,False,False,0.07674566956180381,34,131.4381078561264,0.15367289857205949,203790
0060 - Laparoscopic Cholecystectomy.mp4,lapchole,lapchole__2424506,False,True,0.008082034875683788,82,127.57296048344097,0.7775243399095523,202548
0060 - Laparoscopic Cholecystectomy.mp4,lapchole,lapchole__2424751,False,False,0.07326444729062141,50,134.32548655181378,0.09123869687894225,207686
0060 - Laparoscopic Cholecystectomy.mp4,lapchole,lapchole__2424784,False,True,0.11727866526408494,106,149.6174278934364,0.07374807348875896,204385
0060 - Laparoscopic Cholecystectomy.mp4,lapchole,lapchole__2424794,False,False,0.007355373339600633,52,71.45667728625894,0.4158353789105343,114882
0060 - Laparoscopic Cholecystectomy.mp4,lapchole,lapchole__2427228,False,False,0.011466962049701407,32,127.61469370063571,0.9491909073396263,207640
0060 - Laparoscopic Cholecystectomy.mp4,lapchole,lapchole__2427256,False,False,0.000579707296942781,9,116.69470550378038,0.903685071554549,203551
0060 - Laparoscopic Cholecystectomy.mp4,lapchole,lapchole__2427323,False,False,0.002036081481766722,35,107.57166718009935,0.9692758673803381,207752
0060 - Laparoscopic Cholecystectomy.mp4,lapchole,lapchole__2427389,False,True,0.08502885057528096,73,128.0627048835841,0.052455141929008305,202249
0060 - Laparoscopic Cholecystectomy.mp4,lapchole,lapchole__2427397,False,True,0.0917518960875011,116,138.20533468779897,0.11297130965648516,202786
0060 - Laparoscopic Cholecystectomy.mp4,lapchole,lapchole__2427608,False,False,0.023487600231057677,67,135.29480413945703,0.10333467137919894,204278
0060 - Laparoscopic Cholecystectomy.mp4,lapchole,lapchole__2427612,False,False,0.007244813928865535,28,125.71815320967805,0.7375691149366691,204008
0060 - Laparoscopic Cholecystectomy.mp4,lapchole,lapchole__2427622,False,False,0.018660376248111895,183,120.24803342683956,0.19998724915157817,203908
0060 - Laparoscopic Cholecystectomy.mp4,lapchole,lapchole__2427693,False,False,0.0011726205370503932,21,127.34719871257059,0.9170628554046032,203817
0060 - Laparoscopic Cholecystectomy.mp4,lapchole,lapchole__2427720,False,True,0.10590584289444824,89,133.89088772062692,0.04322296044575368,203341
0060 - Laparoscopic Cholecystectomy.mp4,lapchole,lapchole__2469752,False,True,0.11211719922010525,230,147.26000889353654,0.04324604310921947,204643
0060 - Laparoscopic Cholecystectomy.mp4,lapchole,lapchole__2469762,False,False,0.0705699598661224,116,147.8443746416618,0.09081821166577643,204067
0060 - Laparoscopic Cholecystectomy.mp4,lapchole,lapchole__2469817,False,True,0.07742714767053485,84,122.91330585019243,0.12196255055284147,204489
0060 - Laparoscopic Cholecystectomy.mp4,lapchole,lapchole__2469959,False,False,0.04249545267851904,229,118.31275303643724,0.16009505368773103,204516
0060 - Laparoscopic Cholecystectomy.mp4,lapchole,lapchole__2487237,False,True,0.03950226065667634,154,147.7009072242295,0.2330105234061877,202596
0060 - Laparoscopic Cholecystectomy.mp4,lapchole,lapchole__2487245,False,True,0.06986032823110129,138,134.16072764249503,0.1223802376913337,204551
0060 - Laparoscopic Cholecystectomy.mp4,lapchole,lapchole__2487437,False,False,0.10384125428711416,58,126.30859872611465,0.048471337579617836,204100
0060 - Laparoscopic Cholecystectomy.mp4,lapchole,lapchole__5026834,False,True,0.07008561315065256,205,126.5663218837847,0.10046129684969206,203123
0061 - Laparoscopic Cholecystectomy.mp4,lapchole,lapchole__2501701,False,True,0.029097539182303366,76,159.71569224081722,0.25635731362747227,414090
0061 - Laparoscopic Cholecystectomy.mp4,lapchole,lapchole__2512860,True,False,0.15038841304836026,32,157.33440467882576,0.1861967878953253,414121
0061 - Laparoscopic Cholecystectomy.mp4,lapchole,lapchole__2512881,True,False,0.11025607582279032,79,162.37415281461193,0.15775159534126534,414018
0061 - Laparoscopic Cholecystectomy.mp4,lapchole,lapchole__2513192,False,True,0.14041677932712734,54,168.54376134651784,0.10939491676001391,414224
0061 - Laparoscopic Cholecystectomy.mp4,lapchole,lapchole__2543619,False,False,0.10047502553835826,19,165.042894781964,0.1082560742653043,414083
0061 - Laparoscopic Cholecystectomy.mp4,lapchole,lapchole__2501605,False,True,0.1588368456110205,90,157.85042089411039,0.16271273976966666,414356
0061 - Laparoscopic Cholecystectomy.mp4,lapchole,lapchole__2501739,False,False,0.07906784794607497,153,151.79597589494946,0.5404256756919824,414353
0061 - Laparoscopic Cholecystectomy.mp4,lapchole,lapchole__2501757,False,False,0.00048529156123848337,52,135.03043333397716,0.7519315087014466,414184
0061 - Laparoscopic Cholecystectomy.mp4,lapchole,lapchole__2510060,False,False,0.23620510591019975,4,153.71774992150327,0.09621525010264957,414030
0061 - Laparoscopic Cholecystectomy.mp4,lapchole,lapchole__2510160,False,False,0.018124421837223178,6,138.99053443374467,0.6575875486381323,414027
0061 - Laparoscopic Cholecystectomy.mp4,lapchole,lapchole__2510295,False,False,0.06732891299203662,213,165.48812737537003,0.1274429790460369,414146
0061 - Laparoscopic Cholecystectomy.mp4,lapchole,lapchole__2510441,False,False,0.030379575651905123,21,165.9339135558593,0.1546218974435756,414094
0061 - Laparoscopic Cholecystectomy.mp4,lapchole,lapchole__2510465,False,False,0.06430616649686388,68,148.99531634017856,0.41780901290662137,414206
0061 - Laparoscopic Cholecystectomy.mp4,lapchole,lapchole__2510481,False,False,0.001113427060866541,20,140.67529230479403,0.5520352045831652,414037
0061 - Laparoscopic Cholecystectomy.mp4,lapchole,lapchole__2512748,False,False,0.1313254669508154,110,162.5447860075253,0.1523807914813304,414337
0061 - Laparoscopic Cholecystectomy.mp4,lapchole,lapchole__2512814,False,False,0.06430616649686388,68,148.99531634017856,0.41780901290662137,414206
0061 - Laparoscopic Cholecystectomy.mp4,lapchole,lapchole__2512884,False,False,0.005665688186786659,11,169.59959492864178,0.12268978969119948,414248
0061 - Laparoscopic Cholecystectomy.mp4,lapchole,lapchole__2512923,False,False,0.0002873341188742297,25,137.69265390484654,0.6505268597036836,414152
0061 - Laparoscopic Cholecystectomy.mp4,lapchole,lapchole__2512947,False,False,0.0031035948564859094,70,137.92903757161213,0.8307200340067047,414036
0061 - Laparoscopic Cholecystectomy.mp4,lapchole,lapchole__2512984,False,True,0.03946214980692743,84,156.97298915944003,0.26259318558874456,414093
0061 - Laparoscopic Cholecystectomy.mp4,lapchole,lapchole__2513022,False,True,0.11681800846741686,94,153.00902740565877,0.18106948205863468,414294
0061 - Laparoscopic Cholecystectomy.mp4,lapchole,lapchole__2513053,False,True,0.04339280022408747,100,157.95953385942374,0.2384744665848876,414124
0061 - Laparoscopic Cholecystectomy.mp4,lapchole,lapchole__2513136,False,False,0.009759466102636167,16,152.10531627720553,0.7397829834702363,414162
0061 - Laparoscopic Cholecystectomy.mp4,lapchole,lapchole__2543620,False,False,0.1377619895143821,13,163.87621561444223,0.10405683774822443,414091
0061 - Laparoscopic Cholecystectomy.mp4,lapchole,lapchole__2543622,False,False,0.14312624524542655,8,156.12748656644328,0.15383203525931294,414075
0061 - Laparoscopic Cholecystectomy.mp4,lapchole,lapchole__2543623,False,False,0.10646182221117101,10,158.18800047316364,0.167555457918611,414233
0061 - Laparoscopic Cholecystectomy.mp4,lapchole,lapchole__2543739,False,False,0.012800301297171236,179,157.25950908840707,0.19065254497125847,414209
0061 - Laparoscopic Cholecystectomy.mp4,lapchole,lapchole__2543836,False,False,0.11822726691176648,70,163.16745322303038,0.1574279486207704,414253
0061 - Laparoscopic Cholecystectomy.mp4,lapchole,lapchole__2543902,False,True,0.10192683203518164,86,148.6010156719534,0.2874293700082306,414307
0061 - Laparoscopic Cholecystectomy.mp4,lapchole,lapchole__2543924,False,True,0.04804075424322171,103,157.99473671503415,0.21098771095391003,414190
0061 - Laparoscopic Cholecystectomy.mp4,lapchole,lapchole__2556790,False,True,0.0981093091121501,118,157.08842534148536,0.18577914664259354,414293
0061 - Laparoscopic Cholecystectomy.mp4,lapchole,lapchole__2556801,False,False,0.10747922972575032,50,158.9872409448363,0.1766861214499848,414294
0061 - Laparoscopic Cholecystectomy.mp4,lapchole,lapchole__2556802,False,True,0.04157953453330178,77,152.19073364853836,0.3176624279801604,414122
0061 - Laparoscopic Cholecystectomy.mp4,lapchole,lapchole__5026837,False,False,0.09384985953293494,85,168.56538476390912,0.15198439898438934,414332
0065 - Laparoscopic Cholecystectomy.mp4,lapchole,lapchole__2663325,True,False,0.05501918379393277,99,121.43336221891504,0.111223618358671,636996
0065 - Laparoscopic Cholecystectomy.mp4,lapchole,lapchole__2663639,False,False,0.056484353724461527,71,110.84470167684502,0.3790352115541727,638938
0065 - Laparoscopic Cholecystectomy.mp4,lapchole,lapchole__2679368,True,False,0.04827927820939928,55,132.49398559918995,0.09552568581982737,639964
0065 - Laparoscopic Cholecystectomy.mp4,lapchole,lapchole__2679374,False,False,0.11320574984579107,27,143.158091088676,0.07470895504907357,640365
0065 - Laparoscopic Cholecystectomy.mp4,lapchole,lapchole__2657586,False,False,0.05333671244106117,103,130.64558791781258,0.2856409823191317,639222
0065 - Laparoscopic Cholecystectomy.mp4,lapchole,lapchole__2657592,False,False,0.031359010772598526,80,94.09818050575507,0.3968866954877484,637265
0065 - Laparoscopic Cholecystectomy.mp4,lapchole,lapchole__2657593,False,False,0.04084417184114611,66,93.4836395909266,0.39714261349638996,633236
0065 - Laparoscopic Cholecystectomy.mp4,lapchole,lapchole__2662432,False,True,0.049599825094285115,264,137.3387923697382,0.09212846200095261,640345
0065 - Laparoscopic Cholecystectomy.mp4,lapchole,lapchole__2662519,False,True,0.00435578502698897,206,118.14933270750215,0.9213877806461707,639150
0065 - Laparoscopic Cholecystectomy.mp4,lapchole,lapchole__2662584,False,False,0.04827927820939928,55,132.49398559918995,0.09552568581982737,639964
0065 - Laparoscopic Cholecystectomy.mp4,lapchole,lapchole__2662615,False,False,0.041945698520190616,118,124.34839948582895,0.1199068848758465,637920
0065 - Laparoscopic Cholecystectomy.mp4,lapchole,lapchole__2662618,False,False,0.05501918379393277,99,121.43336221891504,0.111223618358671,636996
0065 - Laparoscopic Cholecystectomy.mp4,lapchole,lapchole__2662655,False,False,0.07480867805685085,65,117.10557812534206,0.22045573246515235,639498
0065 - Laparoscopic Cholecystectomy.mp4,lapchole,lapchole__2662672,False,False,0.05994013024955113,78,108.61033519553072,0.20974275400852066,639388
0065 - Laparoscopic Cholecystectomy.mp4,lapchole,lapchole__2662680,False,False,0.07051999624777211,50,116.30659454050843,0.17255245301898,639620
0065 - Laparoscopic Cholecystectomy.mp4,lapchole,lapchole__2663267,False,True,0.06714304006595939,257,148.4859836288285,0.03514242794279771,640394
0065 - Laparoscopic Cholecystectomy.mp4,lapchole,lapchole__2663290,False,False,0.015876960959399024,61,80.01410919649015,0.34682584228051494,607547
0065 - Laparoscopic Cholecystectomy.mp4,lapchole,lapchole__2663321,False,False,0.07941291892316145,140,113.30855505847265,0.19953064908562906,637050
0065 - Laparoscopic Cholecystectomy.mp4,lapchole,lapchole__2663380,False,False,0.09591115913470097,32,123.83876201153608,0.20087410567341113,640426
0065 - Laparoscopic Cholecystectomy.mp4,lapchole,lapchole__2663529,False,False,0.07549066666249732,52,141.97751368456932,0.0862178680371301,639589
0065 - Laparoscopic Cholecystectomy.mp4,lapchole,lapchole__2663531,False,True,0.064076792030449,253,137.26726092050941,0.27430842900788915,639233
0065 - Laparoscopic Cholecystectomy.mp4,lapchole,lapchole__2663547,False,False,0.07060601315377388,115,118.5714735358597,0.1771202630754776,638600
0065 - Laparoscopic Cholecystectomy.mp4,lapchole,lapchole__2663578,False,False,0.025224639013710172,66,105.74230914917727,0.4198663089417094,636243
0065 - Laparoscopic Cholecystectomy.mp4,lapchole,lapchole__2663627,False,False,0.10478486472233471,54,139.21328166445363,0.1066996895472538,637134
0065 - Laparoscopic Cholecystectomy.mp4,lapchole,lapchole__2663733,False,True,0.10776392430232286,123,152.58162140244997,0.06518047205782591,641235
0065 - Laparoscopic Cholecystectomy.mp4,lapchole,lapchole__2679277,False,True,0.06982233701181811,268,140.54299444314,0.1931705408155279,638850
0065 - Laparoscopic Cholecystectomy.mp4,lapchole,lapchole__2679310,False,True,0.013561109485579098,277,126.75981799604762,0.8875493461971157,639107
0065 - Laparoscopic Cholecystectomy.mp4,lapchole,lapchole__2679324,False,True,0.02763216873770451,318,141.08027709988295,0.09280916154095177,642512
0065 - Laparoscopic Cholecystectomy.mp4,lapchole,lapchole__2679372,False,False,0.04672904501715795,56,140.31407264967285,0.11250928249263263,639645
0065 - Laparoscopic Cholecystectomy.mp4,lapchole,lapchole__2686072,False,False,0.03358126794897221,136,138.4676407066683,0.25133324067668505,640357
0065 - Laparoscopic Cholecystectomy.mp4,lapchole,lapchole__5025238,False,True,0.03873499019130087,183,116.19162105933951,0.14681498419362496,640248
0066 - Laparoscopic Cholecystectomy.mp4,lapchole,lapchole__2693256,True,False,0.07179363548698167,109,118.50687634448484,0.55470476967584,539240
0066 - Laparoscopic Cholecystectomy.mp4,lapchole,lapchole__2693270,False,True,0.10748810005623148,133,122.95281569324112,0.4012832956665938,558406
0066 - Laparoscopic Cholecystectomy.mp4,lapchole,lapchole__2698656,False,True,0.07326590732274448,605,132.2653863300611,0.6333470283311625,571985
0066 - Laparoscopic Cholecystectomy.mp4,lapchole,lapchole__2698930,False,False,0.1230954147921157,14,141.0105371365265,0.31645852789012263,563246
0066 - Laparoscopic Cholecystectomy.mp4,lapchole,lapchole__2700457,False,True,0.016123465748696938,59,138.21242444890842,0.3986726016123466,565015
0066 - Laparoscopic Cholecystectomy.mp4,lapchole,lapchole__2700517,False,True,0.08885293034074737,120,116.90476302273335,0.38624296580968137,553724
0066 - Laparoscopic Cholecystectomy.mp4,lapchole,lapchole__2700610,False,False,0.015371238429512778,113,133.79320902936297,0.2527470776052744,564691
0066 - Laparoscopic Cholecystectomy.mp4,lapchole,lapchole__2700665,False,True,0.07279922320791526,487,134.0882188322011,0.6225512899147567,559223
0066 - Laparoscopic Cholecystectomy.mp4,lapchole,lapchole__2700714,False,True,0.07324999638503694,145,122.27433593128679,0.42194752519629247,553256
0066 - Laparoscopic Cholecystectomy.mp4,lapchole,lapchole__2700948,False,False,0.2880773742094481,77,136.28535935336643,0.7863836276639796,548193
0066 - Laparoscopic Cholecystectomy.mp4,lapchole,lapchole__2720373,False,True,0.07279922320791526,487,134.0882188322011,0.6225512899147567,559223
0066 - Laparoscopic Cholecystectomy.mp4,lapchole,lapchole__2729541,True,False,0.18887927072980454,48,130.3477035754616,0.6731375503617496,561438
0066 - Laparoscopic Cholecystectomy.mp4,lapchole,lapchole__2693219,False,True,0.028528315536752214,223,151.26611178688077,0.6805871275927982,563966
0066 - Laparoscopic Cholecystectomy.mp4,lapchole,lapchole__2693225,False,True,0.003131357524118719,137,119.46075967761372,0.5458929065093958,564292
0066 - Laparoscopic Cholecystectomy.mp4,lapchole,lapchole__2693238,False,False,0.2136271332271201,94,127.3409882205395,0.7580088300381711,548582
0066 - Laparoscopic Cholecystectomy.mp4,lapchole,lapchole__2693266,False,True,0.042481841403028096,254,119.55130071207387,0.29128494370478186,560616
0066 - Laparoscopic Cholecystectomy.mp4,lapchole,lapchole__2698557,False,True,0.03909128799306625,277,137.58795452603383,0.8538767794331275,573427
0066 - Laparoscopic Cholecystectomy.mp4,lapchole,lapchole__2698866,False,False,0.0037785164351259977,186,120.92461788687179,0.7489008920707975,563184
0066 - Laparoscopic Cholecystectomy.mp4,lapchole,lapchole__2698892,False,False,0.05005379799394863,130,117.17441201320037,0.5323871144777984,553924
0066 - Laparoscopic Cholecystectomy.mp4,lapchole,lapchole__2698916,False,False,0.0005512395800653334,17,77.56652008302271,0.3044863102929369,564183
0066 - Laparoscopic Cholecystectomy.mp4,lapchole,lapchole__2700455,False,False,0.10687047733335261,83,108.86924839696091,0.5752597031757162,553324
0066 - Laparoscopic Cholecystectomy.mp4,lapchole,lapchole__2700486,False,False,0.003135274589371295,140,122.0423430632715,0.6803758780809351,563587
0066 - Laparoscopic Cholecystectomy.mp4,lapchole,lapchole__2700487,False,True,0.08373308325721816,183,136.93412318805213,0.8319289793129414,573692
0066 - Laparoscopic Cholecystectomy.mp4,lapchole,lapchole__2700525,False,False,0.0037785164351259977,186,120.92461788687179,0.7489008920707975,563184
0066 - Laparoscopic Cholecystectomy.mp4,lapchole,lapchole__2700586,False,False,0.007003687845847329,196,121.54828001874327,0.4830309013581717,559134
0066 - Laparoscopic Cholecystectomy.mp4,lapchole,lapchole__2700803,False,True,0.003131357524118719,137,119.46075967761372,0.5458929065093958,564292
0066 - Laparoscopic Cholecystectomy.mp4,lapchole,lapchole__2720369,False,False,0.004355658895465961,65,144.87647429469033,0.16100851075159078,563405
0066 - Laparoscopic Cholecystectomy.mp4,lapchole,lapchole__2720370,False,False,0.0005182517878790053,19,111.35451291504974,0.006141911326939768,557644
0066 - Laparoscopic Cholecystectomy.mp4,lapchole,lapchole__2720430,False,False,0.002719938478003937,144,116.13513930160485,0.6280896108981822,564351
0066 - Laparoscopic Cholecystectomy.mp4,lapchole,lapchole__2720432,False,False,0.0040700083950564805,191,119.82936427814911,0.5844287642264328,564618
0066 - Laparoscopic Cholecystectomy.mp4,lapchole,lapchole__2720480,False,True,0.04041729407926075,466,138.83929048141667,0.7923457699159514,573121
0066 - Laparoscopic Cholecystectomy.mp4,lapchole,lapchole__2729542,False,False,0.010701361710032435,106,103.1188969365622,0.31401648913017743,549089
0070 - Laparoscopic Cholecystectomy.mp4,lapchole,lapchole__2792143,False,True,0.007764131908460936,311,94.51959625491807,0.024344054803832997,782573
0070 - Laparoscopic Cholecystectomy.mp4,lapchole,lapchole__2792146,False,True,0.00510694506130254,309,84.84986989449487,0.02794228512112675,781289
0070 - Laparoscopic Cholecystectomy.mp4,lapchole,lapchole__2792154,False,True,0.0034689982110425238,24,110.24851532866988,0.6473793270579138,734506
0070 - Laparoscopic Cholecystectomy.mp4,lapchole,lapchole__2792156,False,True,0.00437460442768768,37,112.8807573210652,0.623469603032551,734695
0070 - Laparoscopic Cholecystectomy.mp4,lapchole,lapchole__2799506,False,True,0.010601248830180574,102,96.44384611057414,0.024103394138373656,782172
0070 - Laparoscopic Cholecystectomy.mp4,lapchole,lapchole__2799519,False,True,0.029456144055595015,154,100.19881745407076,0.008334133215590666,781365
0070 - Laparoscopic Cholecystectomy.mp4,lapchole,lapchole__2799759,False,False,0.008659937063222854,25,124.94430503902898,0.7564292233710681,734070
0070 - Laparoscopic Cholecystectomy.mp4,lapchole,lapchole__2799820,True,False,0.003513550616196585,38,103.50691904425986,0.010718707992002426,735723
0070 - Laparoscopic Cholecystectomy.mp4,lapchole,lapchole__2801059,False,True,0.0034689982110425238,24,110.24851532866988,0.6473793270579138,734506
0070 - Laparoscopic Cholecystectomy.mp4,lapchole,lapchole__2801114,False,True,0.005104207455286481,46,95.03946591955703,0.006099679573794541,725284
0070 - Laparoscopic Cholecystectomy.mp4,lapchole,lapchole__2801122,False,True,0.010583127646261742,138,88.27019923815811,0.010191586471100807,781527
0070 - Laparoscopic Cholecystectomy.mp4,lapchole,lapchole__2801181,False,False,0.0011177970423253442,46,109.14467176610573,0.02259799422063573,735375
0070 - Laparoscopic Cholecystectomy.mp4,lapchole,lapchole__2801311,False,True,0.004851628788459279,331,102.56551806047231,0.029422657451253838,783036
0070 - Laparoscopic Cholecystectomy.mp4,lapchole,lapchole__2801444,False,True,0.004761917892072386,41,89.52833575519276,0.007837725308752609,725338
0070 - Laparoscopic Cholecystectomy.mp4,lapchole,lapchole__2826258,False,True,0.0043151739626444575,121,94.71575230338716,0.006656929601530646,781892
0070 - Laparoscopic Cholecystectomy.mp4,lapchole,lapchole__2837900,False,True,0.005396764975229773,29,81.03894414837863,0.01304988249313164,725064
0070 - Laparoscopic Cholecystectomy.mp4,lapchole,lapchole__5026648,False,True,0.007056854691901353,308,94.71400192900988,0.025850009900547404,782785
0070 - Laparoscopic Cholecystectomy.mp4,lapchole,lapchole__5026839,False,True,0.0039218645869442586,284,94.6569724382204,0.009070431110900763,781771
0070 - Laparoscopic Cholecystectomy.mp4,lapchole,lapchole__2792152,False,False,0.006709856232924171,17,116.88324931832815,0.8219989082360116,734591
0070 - Laparoscopic Cholecystectomy.mp4,lapchole,lapchole__2792155,False,False,0.008713300143700666,29,113.87463308656773,0.6896324395742102,734165
0070 - Laparoscopic Cholecystectomy.mp4,lapchole,lapchole__2792163,False,True,0.010952754526766277,21,106.70224059936825,0.0161120203171942,725297
0070 - Laparoscopic Cholecystectomy.mp4,lapchole,lapchole__2792165,False,True,0.005396764975229773,29,81.03894414837863,0.01304988249313164,725064
0070 - Laparoscopic Cholecystectomy.mp4,lapchole,lapchole__2799758,False,False,0.010955453174075269,118,126.68017666926474,0.5452262707795185,735159
0070 - Laparoscopic Cholecystectomy.mp4,lapchole,lapchole__2799818,False,False,0.0004446946701915859,38,102.8679080039601,0.008768780530260997,735336
0070 - Laparoscopic Cholecystectomy.mp4,lapchole,lapchole__2800984,False,True,0.00920901419829549,105,104.2948290694984,0.06904971001320503,782277
0070 - Laparoscopic Cholecystectomy.mp4,lapchole,lapchole__2801102,False,False,0.00012672298493236162,17,100.53133707900764,0.01167642112251771,725993
0070 - Laparoscopic Cholecystectomy.mp4,lapchole,lapchole__2801244,False,False,0.008713300143700666,29,113.87463308656773,0.6896324395742102,734165
0070 - Laparoscopic Cholecystectomy.mp4,lapchole,lapchole__2801312,False,True,0.006945571718715849,315,92.55704405465963,0.031017333253234726,782369
0070 - Laparoscopic Cholecystectomy.mp4,lapchole,lapchole__2801392,False,False,0.014195289385937324,20,94.9116953880967,0.4931971260870098,734469
0070 - Laparoscopic Cholecystectomy.mp4,lapchole,lapchole__2826200,False,True,0.0022100478566753927,107,91.28640507403469,0.005612677928664922,782336
0070 - Laparoscopic Cholecystectomy.mp4,lapchole,lapchole__2826313,False,False,9.233063185847782e-05,5,113.41415662858142,0.2523782028049219,725653
0070 - Laparoscopic Cholecystectomy.mp4,lapchole,lapchole__2826319,False,False,0.00012672298493236162,17,100.53133707900764,0.01167642112251771,725993
0070 - Laparoscopic Cholecystectomy.mp4,lapchole,lapchole__2837905,False,True,0.0003303906359407907,28,102.96055842815635,0.0022202794588119805,735493
0072 - Laparoscopic Cholecystectomy.mp4,lapchole,lapchole__2898988,False,True,0.001435546875,56,128.13419270833333,0.1792241753472222,921600
0072 - Laparoscopic Cholecystectomy.mp4,lapchole,lapchole__2899119,False,True,0.07849500868055556,141,129.41097547743055,0.40117838541666667,921600
0072 - Laparoscopic Cholecystectomy.mp4,lapchole,lapchole__2912682,False,True,0.07849500868055556,141,129.41097547743055,0.40117838541666667,921600
0072 - Laparoscopic Cholecystectomy.mp4,lapchole,lapchole__2912931,False,False,0.015250651041666667,41,142.65962456597222,0.7779231770833334,921600
0072 - Laparoscopic Cholecystectomy.mp4,lapchole,lapchole__2912962,False,False,0.002335074511880451,139,150.2869277060063,0.052161571531188215,921598
0072 - Laparoscopic Cholecystectomy.mp4,lapchole,lapchole__2947031,False,False,0.002335074511880451,139,150.2869277060063,0.052161571531188215,921598
0072 - Laparoscopic Cholecystectomy.mp4,lapchole,lapchole__2947082,False,True,0.020183376736111112,107,127.35300564236111,0.1606467013888889,921600
0072 - Laparoscopic Cholecystectomy.mp4,lapchole,lapchole__2961544,False,True,0.0015646701388888889,100,127.853349609375,0.17054470486111112,921600
0072 - Laparoscopic Cholecystectomy.mp4,lapchole,lapchole__2961545,False,True,0.0037977430555555555,108,128.0773687065972,0.18177083333333333,921600
0072 - Laparoscopic Cholecystectomy.mp4,lapchole,lapchole__2898879,False,True,0.004440104166666667,349,145.432724609375,0.9353721788194445,921600
0072 - Laparoscopic Cholecystectomy.mp4,lapchole,lapchole__2898881,False,True,0.00119140625,26,141.24913194444446,0.9650770399305556,921600
0072 - Laparoscopic Cholecystectomy.mp4,lapchole,lapchole__2898886,False,True,0.005060763888888889,43,145.5339995659722,0.7807454427083333,921600
0072 - Laparoscopic Cholecystectomy.mp4,lapchole,lapchole__2898887,False,False,0.0017057291666666666,26,146.35600477430555,0.8050282118055555,921600
0072 - Laparoscopic Cholecystectomy.mp4,lapchole,lapchole__2898888,False,False,0.013738064236111111,16,136.17133138020833,0.8622309027777778,921600
0072 - Laparoscopic Cholecystectomy.mp4,lapchole,lapchole__2898952,False,True,0.001345486111111111,65,130.18559136284722,0.18652669270833333,921600
0072 - Laparoscopic Cholecystectomy.mp4,lapchole,lapchole__2899149,False,True,0.03738932291666667,247,144.2922710503472,0.4674750434027778,921600
0072 - Laparoscopic Cholecystectomy.mp4,lapchole,lapchole__2899169,False,False,0.039501953125,17,127.73542100694445,0.3607345920138889,921600
0072 - Laparoscopic Cholecystectomy.mp4,lapchole,lapchole__2909786,False,True,0.12911783854166667,57,143.3336013454861,0.3895941840277778,921600
0072 - Laparoscopic Cholecystectomy.mp4,lapchole,lapchole__2909803,False,True,0.014571397569444445,190,146.15344292534724,0.3850607638888889,921600
0072 - Laparoscopic Cholecystectomy.mp4,lapchole,lapchole__2909926,False,False,0.0009646267361111111,95,150.30374457465277,0.9768044704861111,921600
0072 - Laparoscopic Cholecystectomy.mp4,lapchole,lapchole__2909930,False,False,0.003279079861111111,135,148.97415364583333,0.6646408420138888,921600
0072 - Laparoscopic Cholecystectomy.mp4,lapchole,lapchole__2909933,False,False,0.02854709201388889,32,144.802705078125,0.8962152777777778,921600
0072 - Laparoscopic Cholecystectomy.mp4,lapchole,lapchole__2909963,False,False,0.01334201388888889,59,135.80141276041667,0.2580490451388889,921600
0072 - Laparoscopic Cholecystectomy.mp4,lapchole,lapchole__2910016,False,False,0.01165798611111111,73,144.11369032118054,0.6774273003472222,921600
0072 - Laparoscopic Cholecystectomy.mp4,lapchole,lapchole__2910074,False,False,0.11700316515100385,13,118.39119725607341,0.7771915985151894,921599
0072 - Laparoscopic Cholecystectomy.mp4,lapchole,lapchole__2912479,False,True,0.006440972222222222,99,142.5818576388889,0.07509765625,921600
0072 - Laparoscopic Cholecystectomy.mp4,lapchole,lapchole__2912514,False,False,0.0009646267361111111,95,150.30374457465277,0.9768044704861111,921600
0072 - Laparoscopic Cholecystectomy.mp4,lapchole,lapchole__2912676,False,True,0.005901692708333333,229,140.30215386284723,0.174521484375,921600
0072 - Laparoscopic Cholecystectomy.mp4,lapchole,lapchole__2912747,False,True,0.010363498263888889,286,147.80325954861112,0.2953472222222222,921600
0072 - Laparoscopic Cholecystectomy.mp4,lapchole,lapchole__2912775,False,True,0.005060763888888889,43,145.5339995659722,0.7807454427083333,921600
0072 - Laparoscopic Cholecystectomy.mp4,lapchole,lapchole__2912779,False,False,0.009562717013888888,20,132.91514973958334,0.8256087239583333,921600
0072 - Laparoscopic Cholecystectomy.mp4,lapchole,lapchole__2912781,False,True,0.0005143229166666666,17,103.87343424479167,0.36104058159722224,921600
0072 - Laparoscopic Cholecystectomy.mp4,lapchole,lapchole__2912890,False,False,0.05412200215775356,23,94.73975974370903,0.677735876447163,909279
0072 - Laparoscopic Cholecystectomy.mp4,lapchole,lapchole__2912949,False,False,0.0017664930555555557,113,148.3796267361111,0.6502821180555556,921600
0072 - Laparoscopic Cholecystectomy.mp4,lapchole,lapchole__2912955,False,True,0.001072048611111111,84,135.77975368923612,0.42732096354166665,921600
0072 - Laparoscopic Cholecystectomy.mp4,lapchole,lapchole__2912959,False,True,0.02828559027777778,183,148.36789171006944,0.17116102430555555,921600
0072 - Laparoscopic Cholecystectomy.mp4,lapchole,lapchole__2947035,False,True,0.08070203993055555,59,149.7600954861111,0.4407248263888889,921600
0072 - Laparoscopic Cholecystectomy.mp4,lapchole,lapchole__2947112,False,False,0.00035047743055555554,17,144.51590169270833,0.40026150173611114,921600
0072 - Laparoscopic Cholecystectomy.mp4,lapchole,lapchole__2947124,False,False,0.09164388020833333,15,118.78941514756944,0.27984700520833333,921600
0072 - Laparoscopic Cholecystectomy.mp4,lapchole,lapchole__2947243,False,False,0.03139756944444445,258,143.88445855034723,0.7008409288194445,921600
0072 - Laparoscopic Cholecystectomy.mp4,lapchole,lapchole__2961549,False,False,0.043299696180555555,207,147.0363650173611,0.143369140625,921600
0072 - Laparoscopic Cholecystectomy.mp4,lapchole,lapchole__2961553,False,False,0.05672309027777778,145,145.1979275173611,0.12854058159722223,921600
0074 - Laparoscopic Cholecystectomy.mp4,lapchole,lapchole__3027808,False,True,0.00020135058090736888,40,133.00486524284085,0.9136610897662473,913829
0074 - Laparoscopic Cholecystectomy.mp4,lapchole,lapchole__3027852,False,True,0.0026507722481000245,94,134.9608436504045,0.3823744440163906,913696
0074 - Laparoscopic Cholecystectomy.mp4,lapchole,lapchole__3027859,False,True,0.0019445225633556529,41,126.12685903250974,0.17474549953000987,913849
0074 - Laparoscopic Cholecystectomy.mp4,lapchole,lapchole__3027874,False,False,0.0030384590546846013,58,113.788269971903,0.33135074609712345,913621
0074 - Laparoscopic Cholecystectomy.mp4,lapchole,lapchole__3027918,True,False,0.0034656943316692455,83,128.69361489318396,0.35313969801294354,913814
0074 - Laparoscopic Cholecystectomy.mp4,lapchole,lapchole__3039720,False,False,0.0032333811866454244,72,121.54756188833838,0.8865537299322467,913904
0074 - Laparoscopic Cholecystectomy.mp4,lapchole,lapchole__3039777,False,False,0.0014516153733397218,23,122.10335457701875,0.0242989693202677,914154
0074 - Laparoscopic Cholecystectomy.mp4,lapchole,lapchole__3041225,False,False,0.0051358263558833285,44,119.18295929969784,0.32698787559765674,913777
0074 - Laparoscopic Cholecystectomy.mp4,lapchole,lapchole__3041397,False,True,0.0017463617463617464,110,130.21565269723163,0.9922234380129117,913900
0074 - Laparoscopic Cholecystectomy.mp4,lapchole,lapchole__3041515,False,True,0.0029138759802736177,104,125.77372872175712,0.22031331552692135,913903
0074 - Laparoscopic Cholecystectomy.mp4,lapchole,lapchole__3041526,False,False,0.005687227676453606,4,128.67924846644252,0.8525834650784938,912747
0074 - Laparoscopic Cholecystectomy.mp4,lapchole,lapchole__3041676,False,False,0.00038079606073040625,21,79.55415346737793,0.04917740391191355,913875
0074 - Laparoscopic Cholecystectomy.mp4,lapchole,lapchole__3079775,False,False,0.002183946027209604,17,85.3313032993341,0.06816187460473422,913942
0074 - Laparoscopic Cholecystectomy.mp4,lapchole,lapchole__3095408,False,False,0.0018996095733319327,88,136.1643041913966,0.34693480049722497,913872
0074 - Laparoscopic Cholecystectomy.mp4,lapchole,lapchole__3027807,False,True,0.0017463617463617464,110,130.21565269723163,0.9922234380129117,913900
0074 - Laparoscopic Cholecystectomy.mp4,lapchole,lapchole__3027811,False,False,0.005687227676453606,4,128.67924846644252,0.8525834650784938,912747
0074 - Laparoscopic Cholecystectomy.mp4,lapchole,lapchole__3027812,False,False,0.0001925690239595255,9,103.84953684961454,0.8498836926860972,913958
0074 - Laparoscopic Cholecystectomy.mp4,lapchole,lapchole__3027830,False,True,0.005831302572273026,82,130.31107466015072,0.15464167964274655,913861
0074 - Laparoscopic Cholecystectomy.mp4,lapchole,lapchole__3039529,False,True,0.007148094242785699,253,110.91346778870881,0.2735054332957617,913810
0074 - Laparoscopic Cholecystectomy.mp4,lapchole,lapchole__3039540,False,True,0.010595506183538722,344,121.95177146183626,0.21548062213993552,913878
0074 - Laparoscopic Cholecystectomy.mp4,lapchole,lapchole__3039626,False,False,0.0006882899878427634,34,133.97724703701556,0.8897740242203666,913859
0074 - Laparoscopic Cholecystectomy.mp4,lapchole,lapchole__3039627,False,False,0.0009410168452957364,45,127.85957949677483,0.9798819352120844,913905
0074 - Laparoscopic Cholecystectomy.mp4,lapchole,lapchole__3039658,False,False,0.00018164429669735653,9,121.98421773679961,0.838963577035784,913874
0074 - Laparoscopic Cholecystectomy.mp4,lapchole,lapchole__3039775,False,False,0.0007659053931775336,9,95.40920136856353,0.277151619725784,913951
0074 - Laparoscopic Cholecystectomy.mp4,lapchole,lapchole__3041211,False,False,0.0003928224016001768,58,124.78898543493318,0.022324129909322584,913899
0074 - Laparoscopic Cholecystectomy.mp4,lapchole,lapchole__3041226,False,True,0.014387402815545135,215,117.7603963429647,0.0911468449589924,913855
0074 - Laparoscopic Cholecystectomy.mp4,lapchole,lapchole__3041414,False,True,0.001909597780708138,120,135.29593731704247,0.5283665552278659,913805
0074 - Laparoscopic Cholecystectomy.mp4,lapchole,lapchole__3041464,False,False,0.000506648808116886,0,99.11981204751775,0.06609523684463937,913848
0074 - Laparoscopic Cholecystectomy.mp4,lapchole,lapchole__3041558,False,True,0.009166663931655349,118,128.44382122653224,0.1961615757166003,914073
0074 - Laparoscopic Cholecystectomy.mp4,lapchole,lapchole__3041584,False,False,0.0005886852076975515,51,135.86849232028413,0.9448124030939894,913901
0074 - Laparoscopic Cholecystectomy.mp4,lapchole,lapchole__3041613,False,True,0.0016216429146678805,91,129.01363624426625,0.9757366329353269,913888
0074 - Laparoscopic Cholecystectomy.mp4,lapchole,lapchole__3041659,False,False,0.003775125098891864,41,116.00897932653957,0.38081601791050657,913877
0074 - Laparoscopic Cholecystectomy.mp4,lapchole,lapchole__3079629,False,True,0.007872257760899186,379,114.92353742687818,0.18313806821601922,913715
0074 - Laparoscopic Cholecystectomy.mp4,lapchole,lapchole__3079735,False,False,0.0005306914745782371,63,128.46511113883108,0.1441806670737125,913902
0074 - Laparoscopic Cholecystectomy.mp4,lapchole,lapchole__3095406,False,True,0.0029138759802736177,104,125.77372872175712,0.22031331552692135,913903
0074 - Laparoscopic Cholecystectomy.mp4,lapchole,lapchole__3095410,False,False,0.006636981721763281,55,128.90409698200628,0.21696747386517462,913819
0078 - Laparoscopic Cholecystectomy.mp4,lapchole,lapchole__3156543,False,True,0.004661463694609247,110,82.9480164448853,0.2037693473826056,801465
0078 - Laparoscopic Cholecystectomy.mp4,lapchole,lapchole__3156575,False,False,0.02095220810811177,19,115.72401594372293,0.7344392270842842,738347
0078 - Laparoscopic Cholecystectomy.mp4,lapchole,lapchole__3156576,False,False,0.0001969303314812828,2,70.11026876236757,0.15502763136271716,736301
0078 - Laparoscopic Cholecystectomy.mp4,lapchole,lapchole__3156577,False,False,0.0,0,87.74759510112439,0.38297514632767365,737557
0078 - Laparoscopic Cholecystectomy.mp4,lapchole,lapchole__3156594,False,False,0.010902693662521074,7,99.94077713228502,0.39089507072915664,737249
0078 - Laparoscopic Cholecystectomy.mp4,lapchole,lapchole__3147306,False,True,0.001681392876328506,49,114.6389953521764,0.4926780263513775,802311
0078 - Laparoscopic Cholecystectomy.mp4,lapchole,lapchole__3147307,False,True,0.0002502630251943896,34,111.26044038821897,0.023391499772771135,803155
0078 - Laparoscopic Cholecystectomy.mp4,lapchole,lapchole__3147308,False,True,0.00035727534600934644,49,113.43134338019823,0.019062569245439448,803302
0078 - Laparoscopic Cholecystectomy.mp4,lapchole,lapchole__3147311,False,False,0.0012742358990208717,2,96.55563191933815,0.5391224310252041,737697
0078 - Laparoscopic Cholecystectomy.mp4,lapchole,lapchole__3147313,False,False,0.0006333836687593699,7,69.88667325421928,0.19213136322922372,735731
0078 - Laparoscopic Cholecystectomy.mp4,lapchole,lapchole__3147315,False,False,0.0001969303314812828,2,70.11026876236757,0.15502763136271716,736301
0078 - Laparoscopic Cholecystectomy.mp4,lapchole,lapchole__3154290,False,True,0.0010754440682653865,103,78.14859525520498,0.05255723560250797,809898
0078 - Laparoscopic Cholecystectomy.mp4,lapchole,lapchole__3154292,False,True,0.0197098854396726,140,87.33229258382973,0.2081638375004304,813196
0078 - Laparoscopic Cholecystectomy.mp4,lapchole,lapchole__3154360,False,False,0.0,6,103.16713433466013,0.3577135858600687,715251
0078 - Laparoscopic Cholecystectomy.mp4,lapchole,lapchole__3154364,False,False,0.0,0,61.77419026167569,0.13650282161982985,736102
0078 - Laparoscopic Cholecystectomy.mp4,lapchole,lapchole__3154366,False,False,0.0,0,97.85648206448957,0.38514326878418215,738507
0078 - Laparoscopic Cholecystectomy.mp4,lapchole,lapchole__3154372,False,False,0.02757543802725503,2,122.83527065758166,0.9083427968851395,739680
0078 - Laparoscopic Cholecystectomy.mp4,lapchole,lapchole__3154410,False,False,0.0015245163661714702,21,96.79089169287776,0.4548863869097755,737283
0078 - Laparoscopic Cholecystectomy.mp4,lapchole,lapchole__3154434,False,False,0.0,3,99.6253601524363,0.21944701185284368,737882
0078 - Laparoscopic Cholecystectomy.mp4,lapchole,lapchole__3156189,False,True,0.003999629663920008,218,85.5095947906058,0.022778137826744437,810075
0078 - Laparoscopic Cholecystectomy.mp4,lapchole,lapchole__3156219,False,True,0.00644102513480498,180,101.48381723282702,0.03886948903668423,810430
0078 - Laparoscopic Cholecystectomy.mp4,lapchole,lapchole__3156498,False,True,0.007857242457744445,126,98.07329732771586,0.12061010348502504,803208
0078 - Laparoscopic Cholecystectomy.mp4,lapchole,lapchole__3156542,False,True,0.0011637562355232844,72,58.58845234155996,0.13371334386374562,800855
0078 - Laparoscopic Cholecystectomy.mp4,lapchole,lapchole__3156547,False,True,0.0002550652220436074,26,114.11285578487923,0.016192286827685403,803716
0078 - Laparoscopic Cholecystectomy.mp4,lapchole,lapchole__3156548,False,False,0.0,6,103.16713433466013,0.3577135858600687,715251
0078 - Laparoscopic Cholecystectomy.mp4,lapchole,lapchole__3156554,False,False,0.0,0,97.85648206448957,0.38514326878418215,738507
0078 - Laparoscopic Cholecystectomy.mp4,lapchole,lapchole__3156570,False,False,0.0035813628156397925,2,114.00844643137935,0.6752224457373378,737708
0078 - Laparoscopic Cholecystectomy.mp4,lapchole,lapchole__3156583,False,False,0.0,0,104.70719759420352,0.06562927088530707,737552
0078 - Laparoscopic Cholecystectomy.mp4,lapchole,lapchole__3156622,False,False,0.07854392662852445,3,128.52053162955193,0.6035382485588519,739688
0078 - Laparoscopic Cholecystectomy.mp4,lapchole,lapchole__3184451,False,True,0.005015977272391569,99,91.21942654147443,0.13775904599189565,812404
0078 - Laparoscopic Cholecystectomy.mp4,lapchole,lapchole__5026650,False,True,0.0011637562355232844,72,58.58845234155996,0.13371334386374562,800855
0078 - Laparoscopic Cholecystectomy.mp4,lapchole,lapchole__5026651,False,False,1.3569054956029477e-06,1,57.390891907551314,0.08664655732722183,736971
0079 - Laparoscopic Cholecystectomy.mp4,lapchole,lapchole__3205030,False,False,0.0006085285636148601,34,117.75440789454845,0.8399670105926925,698406
0079 - Laparoscopic Cholecystectomy.mp4,lapchole,lapchole__3205035,False,True,0.0035783659273096076,160,130.3958048028604,0.9170959368786564,698084
0079 - Laparoscopic Cholecystectomy.mp4,lapchole,lapchole__3210880,False,True,0.010034342364528485,368,115.04847253256641,0.40604643753578823,696807
0079 - Laparoscopic Cholecystectomy.mp4,lapchole,lapchole__3210887,False,True,0.006419415180518259,329,126.65142790745713,0.4814346209460855,697104
0079 - Laparoscopic Cholecystectomy.mp4,lapchole,lapchole__3212271,False,True,0.0100006020141674,320,115.02496352080819,0.25099834016093847,697658
0079 - Laparoscopic Cholecystectomy.mp4,lapchole,lapchole__3212280,False,True,0.02446261270111242,97,131.53782469464755,0.4517394727445078,697309
0079 - Laparoscopic Cholecystectomy.mp4,lapchole,lapchole__3212295,False,True,0.005337362251802631,107,127.14432072864231,0.9584195564848164,698285
0079 - Laparoscopic Cholecystectomy.mp4,lapchole,lapchole__3212304,False,False,0.006915680844266088,65,117.05382683433169,0.872722531766715,697979
0079 - Laparoscopic Cholecystectomy.mp4,lapchole,lapchole__3231812,False,True,0.009027962143118528,391,116.76653727209454,0.5116261381819226,696835
0079 - Laparoscopic Cholecystectomy.mp4,lapchole,lapchole__3205022,False,True,0.02446261270111242,97,131.53782469464755,0.4517394727445078,697309
0079 - Laparoscopic Cholecystectomy.mp4,lapchole,lapchole__3205024,False,True,0.024499688089314013,81,134.04922739364562,0.6506313502506041,697315
0079 - Laparoscopic Cholecystectomy.mp4,lapchole,lapchole__3205034,False,True,0.005662918129073848,87,116.12514576319748,0.9576477329704176,698050
0079 - Laparoscopic Cholecystectomy.mp4,lapchole,lapchole__3205036,False,False,0.00920185230984402,24,145.95774880108706,0.31964994868908425,703554
0079 - Laparoscopic Cholecystectomy.mp4,lapchole,lapchole__3210890,False,False,0.003430243818459618,58,125.49219336188283,0.3903046475428063,697035
0079 - Laparoscopic Cholecystectomy.mp4,lapchole,lapchole__3210895,False,False,0.003286640016168033,28,152.11919480902944,0.838207871022671,697673
0079 - Laparoscopic Cholecystectomy.mp4,lapchole,lapchole__3210904,False,False,0.06379694366330418,33,124.33736803029392,0.5841624886412172,697698
0079 - Laparoscopic Cholecystectomy.mp4,lapchole,lapchole__3210905,False,False,0.00691479680529222,14,90.25289239143052,0.7389560304910294,697779
0079 - Laparoscopic Cholecystectomy.mp4,lapchole,lapchole__3212197,False,True,0.03262330574737895,189,117.2772012637701,0.08944381975377874,691898
0079 - Laparoscopic Cholecystectomy.mp4,lapchole,lapchole__3212274,False,False,0.025187576214044903,55,119.09191162757334,0.29771608923319703,697050
0079 - Laparoscopic Cholecystectomy.mp4,lapchole,lapchole__3212281,False,True,0.0037239246378641083,147,122.62364979042165,0.5911959880306521,697114
0079 - Laparoscopic Cholecystectomy.mp4,lapchole,lapchole__3212287,False,False,0.0012854779725602102,12,101.96465796386602,0.6160882733132764,697017
0079 - Laparoscopic Cholecystectomy.mp4,lapchole,lapchole__3212293,False,False,0.0006085285636148601,34,117.75440789454845,0.8399670105926925,698406
0079 - Laparoscopic Cholecystectomy.mp4,lapchole,lapchole__3212294,False,False,0.0038110978711702833,69,106.73493176974725,0.8304283439125553,698224
0079 - Laparoscopic Cholecystectomy.mp4,lapchole,lapchole__3212297,False,True,0.005662918129073848,87,116.12514576319748,0.9576477329704176,698050
0079 - Laparoscopic Cholecystectomy.mp4,lapchole,lapchole__3212307,False,False,0.0084617302275469,16,121.23054847943882,0.8036222394787139,697966
0079 - Laparoscopic Cholecystectomy.mp4,lapchole,lapchole__3231803,False,True,0.02962731279555576,91,111.40056126899592,0.04943528763601304,696992
0079 - Laparoscopic Cholecystectomy.mp4,lapchole,lapchole__3231817,False,False,0.04101915741653452,9,118.89556136516237,0.20004428634694782,699990
0089 - Laparoscopic Cholecystectomy.mp4,lapchole,lapchole__3406517,True,False,0.000207933684369346,20,87.07829083583002,0.013101090003588124,788713
0089 - Laparoscopic Cholecystectomy.mp4,lapchole,lapchole__3406519,False,False,1.4924415298719635e-06,2,101.58352374399853,0.19431140986474002,670043
0089 - Laparoscopic Cholecystectomy.mp4,lapchole,lapchole__3400707,False,False,0.0014275240372052186,12,78.71188055386737,0.060905701286115534,669691
0089 - Laparoscopic Cholecystectomy.mp4,lapchole,lapchole__3400708,False,False,0.0006989059433886186,5,83.0575507229495,0.08786203477206407,669618
0089 - Laparoscopic Cholecystectomy.mp4,lapchole,lapchole__3400711,False,False,0.0002029817420908015,3,91.64333421391589,0.19252221232188726,670011
0089 - Laparoscopic Cholecystectomy.mp4,lapchole,lapchole__3405766,False,True,0.0036662704388233935,85,76.82347732430763,0.011408570953750443,788267
0089 - Laparoscopic Cholecystectomy.mp4,lapchole,lapchole__3405829,False,True,0.006672087421063431,161,106.13725907406422,0.014776621856785695,789558
0089 - Laparoscopic Cholecystectomy.mp4,lapchole,lapchole__3405873,False,False,7.367315286798152e-05,11,45.05786009976361,0.10276896734373987,787261
0089 - Laparoscopic Cholecystectomy.mp4,lapchole,lapchole__3405874,False,False,0.000207933684369346,20,87.07829083583002,0.013101090003588124,788713
0089 - Laparoscopic Cholecystectomy.mp4,lapchole,lapchole__3405884,False,False,0.00525302571296393,7,103.74212120759898,0.16927875360026265,670090
0089 - Laparoscopic Cholecystectomy.mp4,lapchole,lapchole__3405894,False,False,2.8360325397417717e-05,13,99.19144563027092,0.12737517725203373,669950
0089 - Laparoscopic Cholecystectomy.mp4,lapchole,lapchole__3405904,False,False,3.8831181438695273e-05,4,91.44190183178631,0.09493178406876106,669565
0089 - Laparoscopic Cholecystectomy.mp4,lapchole,lapchole__3406481,False,True,0.00790124271110677,233,85.17644544286408,0.03254870572595918,788357
0089 - Laparoscopic Cholecystectomy.mp4,lapchole,lapchole__3406502,False,False,0.0076023610002164,6,102.49766959428703,0.1566498272529867,670055
0089 - Laparoscopic Cholecystectomy.mp4,lapchole,lapchole__3406523,False,False,7.367315286798152e-05,11,45.05786009976361,0.10276896734373987,787261
0089 - Laparoscopic Cholecystectomy.mp4,lapchole,lapchole__3406597,False,False,0.0002029817420908015,3,91.64333421391589,0.19252221232188726,670011
0089 - Laparoscopic Cholecystectomy.mp4,lapchole,lapchole__3406731,False,False,0.00011486965278036774,8,109.15079103419983,0.08153805989631895,670325
0089 - Laparoscopic Cholecystectomy.mp4,lapchole,lapchole__3406735,False,True,0.0015370209164091238,20,94.62054843643284,0.014945722760960936,789189
0089 - Laparoscopic Cholecystectomy.mp4,lapchole,lapchole__3406805,False,False,0.0006508706140874674,0,88.1727553920749,0.05031408985597249,669872
0089 - Laparoscopic Cholecystectomy.mp4,lapchole,lapchole__3406840,False,True,0.003256664957297424,171,92.2930846517635,0.03848739815008262,789765
0089 - Laparoscopic Cholecystectomy.mp4,lapchole,lapchole__3406930,False,False,0.002937734361938427,15,96.44818809859323,0.2751528577228976,669904
0089 - Laparoscopic Cholecystectomy.mp4,lapchole,lapchole__3423971,False,True,0.008317107761832648,262,120.37869155473237,0.011474926589568318,790419
0089 - Laparoscopic Cholecystectomy.mp4,lapchole,lapchole__3424031,False,True,0.006971726690070452,84,85.39892263195034,0.026456581586178675,789331
0089 - Laparoscopic Cholecystectomy.mp4,lapchole,lapchole__3424091,False,True,0.010652103933104028,227,89.90268501456188,0.0191813911989922,789046
0089 - Laparoscopic Cholecystectomy.mp4,lapchole,lapchole__3430838,False,False,0.002769115480325845,6,98.92862847426962,0.24346421571334953,669889
0089 - Laparoscopic Cholecystectomy.mp4,lapchole,lapchole__5026653,False,False,0.010112183434470096,4,99.20070609134403,0.10914559961784485,669885
0093 - Laparoscopic Cholecystectomy.mp4,lapchole,lapchole__3494906,False,False,0.15866514000655818,10,156.8511936439334,0.4675168120756664,744108
0093 - Laparoscopic Cholecystectomy.mp4,lapchole,lapchole__3494916,True,False,0.018464477345291913,123,139.22208675603412,0.34158302300175636,662732
0093 - Laparoscopic Cholecystectomy.mp4,lapchole,lapchole__3491472,False,False,0.0181541974219892,39,129.59517891443275,0.3776018700846854,662216
0093 - Laparoscopic Cholecystectomy.mp4,lapchole,lapchole__3491485,False,False,0.02956073206310059,57,135.7635998616479,0.2763387822007008,664970
0093 - Laparoscopic Cholecystectomy.mp4,lapchole,lapchole__3491486,False,False,0.018254545893821934,56,133.3614653769143,0.3377627044934964,662246
0093 - Laparoscopic Cholecystectomy.mp4,lapchole,lapchole__3494459,False,True,0.2489400546192495,89,182.1489732486383,0.3064170074083015,662770
0093 - Laparoscopic Cholecystectomy.mp4,lapchole,lapchole__3494460,False,True,0.03574260575224,97,112.25742012172941,0.1969252592343436,657031
0093 - Laparoscopic Cholecystectomy.mp4,lapchole,lapchole__3494464,False,True,0.42007124310701266,169,205.04366218868512,0.14894831959843163,668977
0093 - Laparoscopic Cholecystectomy.mp4,lapchole,lapchole__3494479,False,False,0.05272416224631083,7,148.83249154054874,0.19505131538616016,662277
0093 - Laparoscopic Cholecystectomy.mp4,lapchole,lapchole__3494480,False,False,0.028962663924426743,39,143.89836648120624,0.23222820465611982,668067
0093 - Laparoscopic Cholecystectomy.mp4,lapchole,lapchole__3494481,False,False,0.15866514000655818,10,156.8511936439334,0.4675168120756664,744108
0093 - Laparoscopic Cholecystectomy.mp4,lapchole,lapchole__3494482,False,False,0.0006858213239070667,26,142.8922777123176,0.3341943865373576,661980
0093 - Laparoscopic Cholecystectomy.mp4,lapchole,lapchole__3494483,False,False,0.009673563683179268,12,147.27675282238522,0.5609388426213618,672658
0093 - Laparoscopic Cholecystectomy.mp4,lapchole,lapchole__3494818,False,True,0.029489923242711838,164,110.00303701743108,0.0921057208757137,661175
0093 - Laparoscopic Cholecystectomy.mp4,lapchole,lapchole__3494835,False,True,0.026331239181222838,198,120.62724848991054,0.2425600101681374,660888
0093 - Laparoscopic Cholecystectomy.mp4,lapchole,lapchole__3494847,False,True,0.05405687522124697,167,130.05704919322386,0.279376302898827,661026
0093 - Laparoscopic Cholecystectomy.mp4,lapchole,lapchole__3494904,False,False,0.05272416224631083,7,148.83249154054874,0.19505131538616016,662277
0093 - Laparoscopic Cholecystectomy.mp4,lapchole,lapchole__3494905,False,False,0.028962663924426743,39,143.89836648120624,0.23222820465611982,668067
0093 - Laparoscopic Cholecystectomy.mp4,lapchole,lapchole__3494907,False,False,0.0006858213239070667,26,142.8922777123176,0.3341943865373576,661980
0093 - Laparoscopic Cholecystectomy.mp4,lapchole,lapchole__3494912,False,False,0.013947953414198038,29,141.6567332552071,0.4363296162953656,662176
0093 - Laparoscopic Cholecystectomy.mp4,lapchole,lapchole__3494919,False,False,0.010827932420688295,80,143.09530207205268,0.34994449724444254,663931
0093 - Laparoscopic Cholecystectomy.mp4,lapchole,lapchole__3494923,False,False,0.009673563683179268,12,147.27675282238522,0.5609388426213618,672658
0093 - Laparoscopic Cholecystectomy.mp4,lapchole,lapchole__3503906,False,True,0.029489923242711838,164,110.00303701743108,0.0921057208757137,661175
0093 - Laparoscopic Cholecystectomy.mp4,lapchole,lapchole__3503910,False,True,0.03574260575224,97,112.25742012172941,0.1969252592343436,657031
0093 - Laparoscopic Cholecystectomy.mp4,lapchole,lapchole__3503912,False,True,0.021017201789879276,160,105.0121281519768,0.19707530346781565,662838
0100 - Laparoscopic Cholecystectomy.mp4,lapchole,lapchole__3750324,False,False,0.43675180557214566,0,146.32088636913207,0.0003496065469652695,343243
0100 - Laparoscopic Cholecystectomy.mp4,lapchole,lapchole__3750357,False,False,0.015611706157270894,3,104.41093926644211,0.3792205219053391,343204
0100 - Laparoscopic Cholecystectomy.mp4,lapchole,lapchole__3751750,False,True,0.004367715617715618,32,134.67516025641027,0.7891462703962704,343200
0100 - Laparoscopic Cholecystectomy.mp4,lapchole,lapchole__3768018,False,False,0.2140967365967366,1,149.18547202797203,0.06947843822843823,343200
0100 - Laparoscopic Cholecystectomy.mp4,lapchole,lapchole__3744668,False,True,0.0050029137529137525,77,137.23274475524477,0.8058362470862471,343200
0100 - Laparoscopic Cholecystectomy.mp4,lapchole,lapchole__3744671,False,True,0.005212278718519468,87,140.77284487279593,0.9883226310207792,343228
0100 - Laparoscopic Cholecystectomy.mp4,lapchole,lapchole__3744677,False,True,0.01122086247086247,47,136.17213578088578,0.7859090909090909,343200
0100 - Laparoscopic Cholecystectomy.mp4,lapchole,lapchole__3744678,False,True,0.004367715617715618,32,134.67516025641027,0.7891462703962704,343200
0100 - Laparoscopic Cholecystectomy.mp4,lapchole,lapchole__3750235,False,True,0.0072924648414624555,244,141.0066689780352,0.04521444741296678,343231
0100 - Laparoscopic Cholecystectomy.mp4,lapchole,lapchole__3750256,False,True,0.02306385681528811,106,138.13593865177248,0.18722921965730535,343221
0100 - Laparoscopic Cholecystectomy.mp4,lapchole,lapchole__3750284,False,True,0.010195132326931875,284,139.05180607395624,0.18582296774795093,343203
0100 - Laparoscopic Cholecystectomy.mp4,lapchole,lapchole__3750317,False,False,0.17427864653898936,6,133.06316559297687,0.3383769073654828,343209
0100 - Laparoscopic Cholecystectomy.mp4,lapchole,lapchole__3750353,False,False,0.0035635198135198134,58,135.3575815850816,0.10198717948717949,343200
0100 - Laparoscopic Cholecystectomy.mp4,lapchole,lapchole__3750439,False,True,0.011087998974520325,85,140.51438876167504,0.1054408688609601,343254
0100 - Laparoscopic Cholecystectomy.mp4,lapchole,lapchole__3751613,False,True,0.02488826213382904,65,137.13339199449905,0.1911810124295629,343214
0100 - Laparoscopic Cholecystectomy.mp4,lapchole,lapchole__3751675,False,True,0.025559887410619066,83,138.85836873605015,0.3721481144775258,343194
0100 - Laparoscopic Cholecystectomy.mp4,lapchole,lapchole__3751705,False,True,0.016867666469503294,318,138.93354914467034,0.28818971972692387,343201
0100 - Laparoscopic Cholecystectomy.mp4,lapchole,lapchole__3751744,False,True,0.004204520952675101,51,142.95037616330907,0.9821009201578079,343202
0100 - Laparoscopic Cholecystectomy.mp4,lapchole,lapchole__3751745,False,True,0.01331002331002331,60,144.93428321678323,0.8906905594405594,343200
0100 - Laparoscopic Cholecystectomy.mp4,lapchole,lapchole__3751746,False,True,0.01122086247086247,47,136.17213578088578,0.7859090909090909,343200
0100 - Laparoscopic Cholecystectomy.mp4,lapchole,lapchole__3751749,False,False,0.0069696969696969695,24,136.2150437062937,0.8268881118881118,343200
0100 - Laparoscopic Cholecystectomy.mp4,lapchole,lapchole__3751756,False,False,0.0,4,109.05879353975547,0.00046965619312757035,323641
0100 - Laparoscopic Cholecystectomy.mp4,lapchole,lapchole__3751838,False,False,0.00351981351981352,40,135.76288461538462,0.2083304195804196,343200
0100 - Laparoscopic Cholecystectomy.mp4,lapchole,lapchole__3751871,False,True,0.006378075039262019,167,143.2418802646799,0.06661577415379057,343207
0100 - Laparoscopic Cholecystectomy.mp4,lapchole,lapchole__3768012,False,True,0.014919807129226331,71,137.28319373024314,0.1806575669730651,343235
0100 - Laparoscopic Cholecystectomy.mp4,lapchole,lapchole__3768124,False,True,0.02306385681528811,106,138.13593865177248,0.18722921965730535,343221
0100 - Laparoscopic Cholecystectomy.mp4,lapchole,lapchole__3768153,False,True,0.012517263684201325,202,134.30068821640648,0.2428512322045652,343206
0149 - Laparoscopic Cholecystectomy.mp4,lapchole,lapchole__4649546,False,True,0.07835398108211314,56,102.70548787740307,0.19082369806501692,638972
0149 - Laparoscopic Cholecystectomy.mp4,lapchole,lapchole__4649549,False,True,0.0972804003210595,55,106.24747447827832,0.23995121400622052,637888
0149 - Laparoscopic Cholecystectomy.mp4,lapchole,lapchole__4655746,False,True,0.09202601103070825,61,102.79727351235117,0.22146051091080926,638037
0149 - Laparoscopic Cholecystectomy.mp4,lapchole,lapchole__4655774,False,True,0.03594116393093157,49,90.59884728045034,0.1865147603369731,633285
0149 - Laparoscopic Cholecystectomy.mp4,lapchole,lapchole__4655806,False,True,0.07835398108211314,56,102.70548787740307,0.19082369806501692,638972
0149 - Laparoscopic Cholecystectomy.mp4,lapchole,lapchole__4681374,False,True,0.006147341897511917,102,111.64756441154441,0.17195320310516765,638162
0149 - Laparoscopic Cholecystectomy.mp4,lapchole,lapchole__4681380,True,False,0.03651582420268013,65,125.74230565573077,0.13571278625655228,638326
0149 - Laparoscopic Cholecystectomy.mp4,lapchole,lapchole__4649477,False,True,0.04807994750211955,155,94.41001834551844,0.3506995725765634,626311
0149 - Laparoscopic Cholecystectomy.mp4,lapchole,lapchole__4649503,False,True,0.003565988310951631,114,107.76[redacted-port]0639647,0.2224313093136349,627596
0149 - Laparoscopic Cholecystectomy.mp4,lapchole,lapchole__4649544,False,True,0.07678848626964473,54,98.13630261762555,0.20412967984173006,638403
0149 - Laparoscopic Cholecystectomy.mp4,lapchole,lapchole__4649551,False,False,0.01755615511103306,35,87.1937099889845,0.3673494149012596,626390
0149 - Laparoscopic Cholecystectomy.mp4,lapchole,lapchole__4649552,False,False,0.010554629201087956,45,85.39144217540434,0.3584294382065214,630908
0149 - Laparoscopic Cholecystectomy.mp4,lapchole,lapchole__4654650,False,True,0.00755810587294558,86,94.93173606405769,0.17527450946641024,639049
0149 - Laparoscopic Cholecystectomy.mp4,lapchole,lapchole__4654666,False,True,0.014452213723270518,108,93.37554803645028,0.23348698159348047,639556
0149 - Laparoscopic Cholecystectomy.mp4,lapchole,lapchole__4654897,False,False,0.027407527955209073,88,93.3922523464224,0.2560080618660591,639058
0149 - Laparoscopic Cholecystectomy.mp4,lapchole,lapchole__4654898,False,False,0.032495149277085814,88,93.95702885397759,0.2557723602678851,639080
0149 - Laparoscopic Cholecystectomy.mp4,lapchole,lapchole__4654905,False,False,0.03235490659565343,24,92.53025376592895,0.38492265342150145,601578
0149 - Laparoscopic Cholecystectomy.mp4,lapchole,lapchole__4654920,False,False,0.048947827192664,34,102.14753086305997,0.5668538383713666,542639
0149 - Laparoscopic Cholecystectomy.mp4,lapchole,lapchole__4655580,False,False,0.032495149277085814,88,93.95702885397759,0.2557723602678851,639080
0149 - Laparoscopic Cholecystectomy.mp4,lapchole,lapchole__4655586,False,True,0.007222911733357957,86,94.81296806111382,0.17579299432340176,638939
0149 - Laparoscopic Cholecystectomy.mp4,lapchole,lapchole__4655618,False,True,0.041258781527121965,87,86.65448769626474,0.2507197973050789,625176
0149 - Laparoscopic Cholecystectomy.mp4,lapchole,lapchole__4655647,False,False,0.010554629201087956,45,85.39144217540434,0.3584294382065214,630908
0149 - Laparoscopic Cholecystectomy.mp4,lapchole,lapchole__4655720,False,True,0.010281089529262346,103,90.97314231752829,0.33025866375590984,638551
0149 - Laparoscopic Cholecystectomy.mp4,lapchole,lapchole__4655876,False,False,0.035463448836256475,29,90.26817101038344,0.4975082842904482,583333
0149 - Laparoscopic Cholecystectomy.mp4,lapchole,lapchole__4655924,False,False,0.024722170931771877,69,91.52426368646547,0.25248880390322065,639062
0149 - Laparoscopic Cholecystectomy.mp4,lapchole,lapchole__4656046,False,False,0.010720104268491366,49,89.434578038449,0.4578771586836103,613800
0149 - Laparoscopic Cholecystectomy.mp4,lapchole,lapchole__4674040,False,True,0.013588881302286403,92,88.99248447759861,0.3560564485766612,626836
0149 - Laparoscopic Cholecystectomy.mp4,lapchole,lapchole__4674044,False,True,0.011733227155086602,129,88.23992832968345,0.4602508461079036,627875
0149 - Laparoscopic Cholecystectomy.mp4,lapchole,lapchole__4681373,False,True,0.01637244764870972,108,118.98232643068384,0.1832868721852244,636374
0158 - Laparoscopic Cholecystectomy.mp4,lapchole,lapchole__4691528,True,False,0.014895300123092859,22,103.13138300325292,0.4486149392871966,281901
0158 - Laparoscopic Cholecystectomy.mp4,lapchole,lapchole__4691531,True,False,0.041353142824630526,42,118.01044407777762,0.20748047736227473,281212
0158 - Laparoscopic Cholecystectomy.mp4,lapchole,lapchole__4698961,True,False,0.02681420134410427,62,87.58119826073907,0.07063157180167852,279889
0158 - Laparoscopic Cholecystectomy.mp4,lapchole,lapchole__4700433,False,False,0.021739516103279555,25,110.04585274467156,0.42187860359001833,281837
0158 - Laparoscopic Cholecystectomy.mp4,lapchole,lapchole__4700554,True,False,0.03896830285394674,63,123.43857040702902,0.10501759379225874,282486
0158 - Laparoscopic Cholecystectomy.mp4,lapchole,lapchole__4700616,False,True,0.10066854086670324,16,133.43555951727922,0.046958996160175535,291680
0158 - Laparoscopic Cholecystectomy.mp4,lapchole,lapchole__4700677,False,False,0.03063434833320925,33,107.40857733391475,0.3113989839365545,282069
0158 - Laparoscopic Cholecystectomy.mp4,lapchole,lapchole__4700738,True,False,0.002935713353073233,26,72.84041007324542,0.2129424103175372,237421
0158 - Laparoscopic Cholecystectomy.mp4,lapchole,lapchole__4700784,False,False,0.021399007211230746,34,91.74972620080504,0.2534136003527387,281228
0158 - Laparoscopic Cholecystectomy.mp4,lapchole,lapchole__4726337,True,False,0.0590542138731296,49,110.14903587405516,0.18976740997206176,291715
0158 - Laparoscopic Cholecystectomy.mp4,lapchole,lapchole__4691290,False,True,0.0776635784597568,39,98.76728068905616,0.0949225535610886,276320
0158 - Laparoscopic Cholecystectomy.mp4,lapchole,lapchole__4691439,False,True,0.07208281619436567,106,122.66969554093313,0.14221379391636563,288446
0158 - Laparoscopic Cholecystectomy.mp4,lapchole,lapchole__4691494,False,True,0.03673508299289944,88,127.53000349555288,0.049982875321749755,283217
0158 - Laparoscopic Cholecystectomy.mp4,lapchole,lapchole__4691526,False,False,0.03063434833320925,33,107.40857733391475,0.3113989839365545,282069
0158 - Laparoscopic Cholecystectomy.mp4,lapchole,lapchole__4698656,False,False,0.007135198945036554,70,82.0595060649191,0.11360282718249298,267687
0158 - Laparoscopic Cholecystectomy.mp4,lapchole,lapchole__4698718,False,True,0.006396847407964526,42,70.68720473828942,0.22689417976982318,255282
0158 - Laparoscopic Cholecystectomy.mp4,lapchole,lapchole__4698732,False,False,0.04490191193653311,111,116.91157161954955,0.10171965515668475,284999
0158 - Laparoscopic Cholecystectomy.mp4,lapchole,lapchole__4698742,False,True,0.003896320923155404,61,70.01911659938257,0.28889504560366586,227394
0158 - Laparoscopic Cholecystectomy.mp4,lapchole,lapchole__4698805,False,False,0.023386467591671893,98,81.79749957931129,0.1192423013966865,261476
0158 - Laparoscopic Cholecystectomy.mp4,lapchole,lapchole__4698851,False,True,0.06952439839097124,78,135.1645487754609,0.023229286597586458,281412
0158 - Laparoscopic Cholecystectomy.mp4,lapchole,lapchole__4698962,False,False,0.028625150743190688,6,97.21697029377975,0.16311305204118767,280278
0158 - Laparoscopic Cholecystectomy.mp4,lapchole,lapchole__4698966,False,False,0.009090685559930731,22,125.12099955389603,0.1862782634964013,284687
0158 - Laparoscopic Cholecystectomy.mp4,lapchole,lapchole__4700363,False,False,0.009090685559930731,22,125.12099955389603,0.1862782634964013,284687
0158 - Laparoscopic Cholecystectomy.mp4,lapchole,lapchole__4700374,False,False,0.016590344198898963,88,101.55549343721735,0.1200351819275993,280826
0158 - Laparoscopic Cholecystectomy.mp4,lapchole,lapchole__4700477,False,True,0.06002082267453301,162,105.76132277649971,0.1087000855089212,279503
0158 - Laparoscopic Cholecystectomy.mp4,lapchole,lapchole__4700499,False,True,0.006396847407964526,42,70.68720473828942,0.22689417976982318,255282
0158 - Laparoscopic Cholecystectomy.mp4,lapchole,lapchole__4700609,False,False,0.0020727175473663467,18,123.79007488527913,0.17038864333774387,284168
0158 - Laparoscopic Cholecystectomy.mp4,lapchole,lapchole__4700673,False,True,0.04061947543085178,79,103.35596748236445,0.3210995895665119,290181
0158 - Laparoscopic Cholecystectomy.mp4,lapchole,lapchole__4700699,False,True,0.10104272367822527,45,123.98707092620455,0.22557122362573917,285790
0158 - Laparoscopic Cholecystectomy.mp4,lapchole,lapchole__4700731,False,False,0.061710220469113196,2,120.77972458970206,0.04410791012185673,283940
0158 - Laparoscopic Cholecystectomy.mp4,lapchole,lapchole__4700823,False,True,0.04567549922650052,67,136.28992747555316,0.02143090307838601,281836
0158 - Laparoscopic Cholecystectomy.mp4,lapchole,lapchole__4726279,False,False,0.012464401207078854,73,84.12267208977455,0.117902430365288,259138
0158 - Laparoscopic Cholecystectomy.mp4,lapchole,lapchole__4726298,False,True,0.003664062041992245,36,75.89623376297078,0.11324673584415802,238806
0158 - Laparoscopic Cholecystectomy.mp4,lapchole,lapchole__4726313,False,True,0.004175198012226845,44,81.74238736802221,0.06502160464590968,274478
0158 - Laparoscopic Cholecystectomy.mp4,lapchole,lapchole__4726318,False,False,0.021617677641759165,29,112.49785162652492,0.07026009594540769,283703
0158 - Laparoscopic Cholecystectomy.mp4,lapchole,lapchole__4726369,False,True,0.06233973609727502,51,123.83703701039715,0.025617049741599743,278057
0158 - Laparoscopic Cholecystectomy.mp4,lapchole,lapchole__4736340,False,True,0.006805833987042041,54,90.39999709462796,0.07806008309364014,275352
0158 - Laparoscopic Cholecystectomy.mp4,lapchole,lapchole__4736356,False,False,0.06817858058634149,35,126.5699699421636,0.04619433602096926,280792
0158 - Laparoscopic Cholecystectomy.mp4,lapchole,lapchole__4736361,False,True,0.021018361485699123,20,92.40381643534039,0.08184324791411945,278899
0158 - Laparoscopic Cholecystectomy.mp4,lapchole,lapchole__4736382,False,False,0.1308118119289742,11,113.5493552184959,0.6083288006995173,290486
0183 - Laparoscopic Cholecystectomy.mp4,lapchole,lapchole__4923914,True,False,0.007321142674870109,8,104.51476190184087,0.7806785628845363,326042
0183 - Laparoscopic Cholecystectomy.mp4,lapchole,lapchole__4950776,True,False,0.01608737042193687,31,105.99950385904636,0.17357801351363922,322489
0183 - Laparoscopic Cholecystectomy.mp4,lapchole,lapchole__4962712,False,True,0.00523818024018072,44,106.7819692110722,0.06835178904475536,324922
0183 - Laparoscopic Cholecystectomy.mp4,lapchole,lapchole__4962738,False,True,0.013616125837316145,18,89.95961752663521,0.1523074597116331,324101
0183 - Laparoscopic Cholecystectomy.mp4,lapchole,lapchole__4912345,False,True,0.03121473542705976,61,103.25856370284953,0.16033779992230232,324334
0183 - Laparoscopic Cholecystectomy.mp4,lapchole,lapchole__4912375,False,True,0.036691987076725774,116,111.9997996152613,0.1669174044935507,324376
0183 - Laparoscopic Cholecystectomy.mp4,lapchole,lapchole__4912519,False,False,0.004816077007931275,4,105.14141949478952,0.8029075177637134,324538
0183 - Laparoscopic Cholecystectomy.mp4,lapchole,lapchole__4912530,False,False,0.00034242138190164175,2,79.58693184272062,0.676235956096026,324162
0183 - Laparoscopic Cholecystectomy.mp4,lapchole,lapchole__4912546,False,False,0.0055628935647366,18,96.84593150053755,0.7174688987866688,325550
0183 - Laparoscopic Cholecystectomy.mp4,lapchole,lapchole__4912580,False,False,0.006152382705820983,16,97.41270981005862,0.7466998066832367,325890
0183 - Laparoscopic Cholecystectomy.mp4,lapchole,lapchole__4920741,False,False,0.0003804038568549718,39,78.23325672858971,0.17159357777686957,318083
0183 - Laparoscopic Cholecystectomy.mp4,lapchole,lapchole__4920833,False,False,0.02248101421815549,131,130.9870881279172,0.07705531678913073,324585
0183 - Laparoscopic Cholecystectomy.mp4,lapchole,lapchole__4920884,False,True,0.00883611421358274,51,94.69096494946152,0.22607891244017214,323219
0183 - Laparoscopic Cholecystectomy.mp4,lapchole,lapchole__4920907,False,True,0.017783794451776837,61,91.6994702174637,0.39056197653908303,324284
0183 - Laparoscopic Cholecystectomy.mp4,lapchole,lapchole__4920977,False,False,0.026311904029529376,10,117.37942171639496,0.9063334358658874,325100
0183 - Laparoscopic Cholecystectomy.mp4,lapchole,lapchole__4920987,False,False,0.007137596661347736,37,112.43105437584387,0.7595034982202038,325880
0183 - Laparoscopic Cholecystectomy.mp4,lapchole,lapchole__4921008,False,False,0.015521118874234328,49,111.40471817401497,0.5446082186554927,325041
0183 - Laparoscopic Cholecystectomy.mp4,lapchole,lapchole__4921042,False,False,0.00306782446013059,16,119.13479349879687,0.45092403980479157,324986
0183 - Laparoscopic Cholecystectomy.mp4,lapchole,lapchole__4923456,False,False,0.023634140892617783,28,105.13903092885866,0.11782629201211339,322288
0183 - Laparoscopic Cholecystectomy.mp4,lapchole,lapchole__4923486,False,False,0.0004375410194705754,29,107.56737361381151,0.9087603723412451,324541
0183 - Laparoscopic Cholecystectomy.mp4,lapchole,lapchole__4923506,False,False,0.010656508798174051,7,98.14417901701032,0.7645728914454915,324215
0183 - Laparoscopic Cholecystectomy.mp4,lapchole,lapchole__4923563,False,False,0.001085569308833705,4,120.31735834550626,0.8500284462212655,325175
0183 - Laparoscopic Cholecystectomy.mp4,lapchole,lapchole__4923574,False,False,0.0,1,91.16751874784153,0.21961801272879766,324304
0183 - Laparoscopic Cholecystectomy.mp4,lapchole,lapchole__4923596,False,False,0.0026474674588794203,72,86.0098311639253,0.22327402408651167,312374
0183 - Laparoscopic Cholecystectomy.mp4,lapchole,lapchole__4923630,False,False,0.006908611221891585,11,105.72548087247293,0.7511089977605301,325970
0183 - Laparoscopic Cholecystectomy.mp4,lapchole,lapchole__4923660,False,True,0.037413450279817205,54,115.54700959768402,0.20518084396925546,325391
0183 - Laparoscopic Cholecystectomy.mp4,lapchole,lapchole__4923716,False,True,0.03833004090902021,54,99.10705408390238,0.155597380578326,321445
0183 - Laparoscopic Cholecystectomy.mp4,lapchole,lapchole__4923841,False,True,0.01764431986728215,44,90.9894911146264,0.28595084135838444,324297
0183 - Laparoscopic Cholecystectomy.mp4,lapchole,lapchole__4923864,False,True,0.006569931091147764,30,70.01877581674803,0.35406055120662705,311571
0183 - Laparoscopic Cholecystectomy.mp4,lapchole,lapchole__4923913,False,False,0.015144290667019408,13,112.93203680404093,0.19428559123642997,325073
0183 - Laparoscopic Cholecystectomy.mp4,lapchole,lapchole__4923921,False,False,0.011164225229856222,15,112.75670176713032,0.8556899995998486,324877
0183 - Laparoscopic Cholecystectomy.mp4,lapchole,lapchole__4950810,False,False,0.023492850404188016,108,122.75476177263114,0.11600288573595516,324354
0183 - Laparoscopic Cholecystectomy.mp4,lapchole,lapchole__4950885,False,True,0.026595022764006958,99,107.40287357030932,0.19874705425113204,324196
0183 - Laparoscopic Cholecystectomy.mp4,lapchole,lapchole__4950889,False,True,0.03224493947716407,97,117.77303397108096,0.15443726246289566,324423
0183 - Laparoscopic Cholecystectomy.mp4,lapchole,lapchole__4950901,False,False,0.007545573037317075,26,110.01436531322004,0.1377414552485437,323766
0183 - Laparoscopic Cholecystectomy.mp4,lapchole,lapchole__4950908,False,False,0.004037657821148961,47,88.20686165709255,0.24578778178432767,296459
0183 - Laparoscopic Cholecystectomy.mp4,lapchole,lapchole__4962744,False,False,0.0029192185476503213,29,120.27554470034175,0.6249188678722927,325087
0183 - Laparoscopic Cholecystectomy.mp4,lapchole,lapchole__4962747,False,False,0.0006805863513180587,10,113.41876693766937,0.9263950480413895,324720
0183 - Laparoscopic Cholecystectomy.mp4,lapchole,lapchole__4962748,False,False,0.001085569308833705,4,120.31735834550626,0.8500284462212655,325175
0183 - Laparoscopic Cholecystectomy.mp4,lapchole,lapchole__4962749,False,False,0.006579028158117717,27,101.93967740350963,0.6879551287561554,325732
