qID,dataset,video,_video_key,timestamp_start,question,answer,answer_format,_subtmpl,_nclasses,probe_pred_set,probe_correct,token_head_answer,token_head_joint_logprob,token_head_mean_logprob,token_head_conf,n_gen_tokens,token_head_correct
heico__2211523,heico,0023 - Heico - Sigma - 4.avi,heico/0023 - Heico - Sigma - 4.avi,00:58:28,Which combination of foreign object classes is visible in this frame? Please provide the class names or answer with none.,"Clip, Sponge",fo_class,,2.0,"Clip,Sponge",True,"Clip, Sponge",-0.0001580796422656669,-3.951991056641673e-05,0.999960480870335,4,True
heico__2219994,heico,0023 - Heico - Sigma - 4.avi,heico/0023 - Heico - Sigma - 4.avi,00:56:28,There is one surgical foreign object visible in the frame. What surgical foreign object is visible in this video frame? Please provide a class name.,Clip,fo_class,,1.0,Clip,True,Clip,-0.16985167257293168,-0.08492583628646584,0.9185804072094843,2,True
heico__2219817,heico,0023 - Heico - Sigma - 4.avi,heico/0023 - Heico - Sigma - 4.avi,02:26:14,There is one surgical foreign object visible in the frame. What surgical foreign object is visible in this video frame? Please provide a class name.,External drain,fo_class,,1.0,External drain,True,External drain,-3.957810349689878e-05,-1.3192701165632927e-05,0.9999868073858577,3,True
heico__2219543,heico,0023 - Heico - Sigma - 4.avi,heico/0023 - Heico - Sigma - 4.avi,00:04:16,There is one surgical foreign object visible in the frame. What surgical foreign object is visible in this video frame? Please provide a class name.,Sponge,fo_class,,1.0,Sponge,True,Sponge,-0.06693533283243717,-0.02231177761081239,0.9779352891880417,3,True
heico__2222143,heico,0023 - Heico - Sigma - 4.avi,heico/0023 - Heico - Sigma - 4.avi,00:56:26,List all foreign objects that are visible in this video frame. Please provide the class names or answer with none.,Clip,fo_class,,1.0,Clip,True,Clip,-0.04580605009508892,-0.02290302504754446,0.9773572583514835,2,True
heico__2222168,heico,0023 - Heico - Sigma - 4.avi,heico/0023 - Heico - Sigma - 4.avi,00:58:10,List all foreign objects that are visible in this video frame. Please provide the class names or answer with none.,"Clip, Sponge",fo_class,,2.0,Sponge,False,Sponge,-0.026719427809355073,-0.008906475936451691,0.9911330692305735,3,False
heico__2221884,heico,0023 - Heico - Sigma - 4.avi,heico/0023 - Heico - Sigma - 4.avi,02:26:01,List all foreign objects that are visible in this video frame. Please provide the class names or answer with none.,External drain,fo_class,,1.0,"Clip,External drain",False,"Clip, External drain",-0.14335592293951097,-0.028671184587902195,0.9717359336920111,5,False
heico__2221684,heico,0023 - Heico - Sigma - 4.avi,heico/0023 - Heico - Sigma - 4.avi,00:04:13,List all foreign objects that are visible in this video frame. Please provide the class names or answer with none.,Sponge,fo_class,,1.0,none,False,Clip,-0.7915242113602512,-0.3957621056801256,0.6731668194530697,2,False
heico__2250743,heico,0023 - Heico - Sigma - 4.avi,heico/0023 - Heico - Sigma - 4.avi,01:09:29,What class is the foreign object located in the bottom/left relative to the image center? Please provide a class name.,Clip,fo_class,,1.0,Clip,True,Clip,-0.0013597265719056321,-0.0006798632859528161,0.9993203677687261,2,True
heico__2250718,heico,0023 - Heico - Sigma - 4.avi,heico/0023 - Heico - Sigma - 4.avi,02:26:24,What class is the foreign object located in the top/left relative to the image center? Please provide a class name.,External drain,fo_class,,1.0,External drain,True,External drain,-0.00020750490322917026,-6.916830107639008e-05,0.9999308340909954,3,True
heico__2250729,heico,0023 - Heico - Sigma - 4.avi,heico/0023 - Heico - Sigma - 4.avi,00:03:59,What class is the foreign object located in the bottom/left relative to the image center? Please provide a class name.,Sponge,fo_class,,1.0,Sponge,True,Sponge,-0.0033512165736764854,-0.001117072191225495,0.9988835515016564,3,True
heico__2262222,heico,0023 - Heico - Sigma - 4.avi,heico/0023 - Heico - Sigma - 4.avi,00:58:35,Which of the visible foreign objects has its centre closest to the centre of the image? Please provide a class name.,Clip,fo_class,,1.0,Clip,True,Clip,-0.042305675376869356,-0.021152837688434678,0.9790693144428244,2,True
heico__2262194,heico,0023 - Heico - Sigma - 4.avi,heico/0023 - Heico - Sigma - 4.avi,00:57:45,Which of the visible foreign objects has its centre closest to the centre of the image? Please provide a class name.,Sponge,fo_class,,1.0,Sponge,True,Sponge,-0.002177160117885399,-0.000725720039295133,0.9992745432318016,3,True
heico__2211542,heico,0023 - Heico - Sigma - 4.avi,heico/0023 - Heico - Sigma - 4.avi,00:58:53,Which combination of foreign object classes is visible in this frame? Please provide the class names or answer with none.,"Clip, Sponge",fo_class,,2.0,"Clip,Sponge",True,"Clip, Sponge",-4.756508488734186e-05,-1.1891271221835466e-05,0.9999881087994791,4,True
heico__2219582,heico,0023 - Heico - Sigma - 4.avi,heico/0023 - Heico - Sigma - 4.avi,01:07:54,There is one surgical foreign object visible in the frame. What surgical foreign object is visible in this video frame? Please provide a class name.,Clip,fo_class,,1.0,Clip,True,Clip,-0.11413654880610867,-0.057068274403054335,0.9445295799718212,2,True
heico__2219873,heico,0023 - Heico - Sigma - 4.avi,heico/0023 - Heico - Sigma - 4.avi,02:26:05,There is one surgical foreign object visible in the frame. What surgical foreign object is visible in this video frame? Please provide a class name.,External drain,fo_class,,1.0,External drain,True,External drain,-3.71938743613567e-05,-1.2397958120452235e-05,0.9999876021187339,3,True
heico__2219647,heico,0023 - Heico - Sigma - 4.avi,heico/0023 - Heico - Sigma - 4.avi,00:49:41,There is one surgical foreign object visible in the frame. What surgical foreign object is visible in this video frame? Please provide a class name.,Sponge,fo_class,,1.0,Clip,False,Clip,-0.1278171756788799,-0.06390858783943995,0.9380907485135429,2,False
heico__2222091,heico,0023 - Heico - Sigma - 4.avi,heico/0023 - Heico - Sigma - 4.avi,01:09:59,List all foreign objects that are visible in this video frame. Please provide the class names or answer with none.,Clip,fo_class,,1.0,Clip,True,Clip,-0.0006619198299063089,-0.00033095991495315445,0.9996690948462381,2,True
heico__2222095,heico,0023 - Heico - Sigma - 4.avi,heico/0023 - Heico - Sigma - 4.avi,00:58:49,List all foreign objects that are visible in this video frame. Please provide the class names or answer with none.,"Clip, Sponge",fo_class,,2.0,"Clip,Sponge",True,Sponge,-0.6950324622396871,-0.23167748741322902,0.7932018996554102,3,False
heico__2222020,heico,0023 - Heico - Sigma - 4.avi,heico/0023 - Heico - Sigma - 4.avi,02:26:05,List all foreign objects that are visible in this video frame. Please provide the class names or answer with none.,External drain,fo_class,,1.0,External drain,True,External drain,-0.0014097387931629886,-0.00046991293105432956,0.9995301974607349,3,True
heico__2222028,heico,0023 - Heico - Sigma - 4.avi,heico/0023 - Heico - Sigma - 4.avi,00:53:54,List all foreign objects that are visible in this video frame. Please provide the class names or answer with none.,Sponge,fo_class,,1.0,Sponge,True,Sponge,-0.043360704991255244,-0.014453568330418415,0.9856503830628264,3,True
heico__2250751,heico,0023 - Heico - Sigma - 4.avi,heico/0023 - Heico - Sigma - 4.avi,01:14:51,What class is the foreign object located in the bottom/left relative to the image center? Please provide a class name.,Clip,fo_class,,1.0,Clip,True,Clip,-0.032818810926196394,-0.016409405463098197,0.9837244954190002,2,True
heico__2250719,heico,0023 - Heico - Sigma - 4.avi,heico/0023 - Heico - Sigma - 4.avi,02:26:41,What class is the foreign object located in the top/left relative to the image center? Please provide a class name.,External drain,fo_class,,1.0,External drain,True,External drain,-0.001254625248948959,-0.0004182084163163197,0.999581879020634,3,True
heico__2250767,heico,0023 - Heico - Sigma - 4.avi,heico/0023 - Heico - Sigma - 4.avi,00:45:21,What class is the foreign object located in the bottom/right relative to the image center? Please provide a class name.,Sponge,fo_class,,1.0,Sponge,True,Sponge,-0.04482476479892299,-0.014941588266307664,0.9851694833799354,3,True
heico__2262235,heico,0023 - Heico - Sigma - 4.avi,heico/0023 - Heico - Sigma - 4.avi,00:59:07,Which of the visible foreign objects has its centre closest to the centre of the image? Please provide a class name.,Clip,fo_class,,1.0,"Clip,Sponge",False,Clip,-0.1620610913190811,-0.08103054565954056,0.922165522860295,2,True
heico__2262249,heico,0023 - Heico - Sigma - 4.avi,heico/0023 - Heico - Sigma - 4.avi,01:20:47,Which of the visible foreign objects has its centre closest to the centre of the image? Please provide a class name.,Sponge,fo_class,,1.0,Clip,False,Clip,-0.001873901203829147,-0.0009369506019145735,0.999063488199245,2,False
heico__2211602,heico,0023 - Heico - Sigma - 4.avi,heico/0023 - Heico - Sigma - 4.avi,01:21:42,Which combination of foreign object classes is visible in this frame? Please provide the class names or answer with none.,"Clip, Sponge",fo_class,,2.0,"Clip,Sponge",True,"Clip, Sponge",-0.004970267325700341,-0.0012425668314250853,0.9987582048350914,4,True
heico__2219964,heico,0023 - Heico - Sigma - 4.avi,heico/0023 - Heico - Sigma - 4.avi,01:22:14,There is one surgical foreign object visible in the frame. What surgical foreign object is visible in this video frame? Please provide a class name.,Clip,fo_class,,1.0,Clip,True,Clip,-0.021758910918318185,-0.010879455459159092,0.9891795117788371,2,True
heico__2219907,heico,0023 - Heico - Sigma - 4.avi,heico/0023 - Heico - Sigma - 4.avi,02:26:08,There is one surgical foreign object visible in the frame. What surgical foreign object is visible in this video frame? Please provide a class name.,External drain,fo_class,,1.0,External drain,True,External drain,-0.003805451260229821,-0.0012684837534099403,0.9987323204320384,3,True
heico__2219777,heico,0023 - Heico - Sigma - 4.avi,heico/0023 - Heico - Sigma - 4.avi,00:59:05,There is one surgical foreign object visible in the frame. What surgical foreign object is visible in this video frame? Please provide a class name.,Sponge,fo_class,,1.0,Sponge,True,Sponge,-0.01833466368172662,-0.00611155456057554,0.9939070830015095,3,True
heico__2221756,heico,0023 - Heico - Sigma - 4.avi,heico/0023 - Heico - Sigma - 4.avi,01:20:52,List all foreign objects that are visible in this video frame. Please provide the class names or answer with none.,Clip,fo_class,,1.0,Clip,True,Clip,-0.0013073981006509411,-0.0006536990503254706,0.9993465145643496,2,True
heico__2221883,heico,0023 - Heico - Sigma - 4.avi,heico/0023 - Heico - Sigma - 4.avi,01:21:14,List all foreign objects that are visible in this video frame. Please provide the class names or answer with none.,"Clip, Sponge",fo_class,,2.0,Clip,False,Clip,-0.10757386543381066,-0.05378693271690533,0.9476339947937784,2,False
heico__2222108,heico,0023 - Heico - Sigma - 4.avi,heico/0023 - Heico - Sigma - 4.avi,02:26:41,List all foreign objects that are visible in this video frame. Please provide the class names or answer with none.,External drain,fo_class,,1.0,External drain,True,External drain,-0.015628858464416275,-0.005209619488138758,0.9948039270451631,3,True
heico__2221712,heico,0023 - Heico - Sigma - 4.avi,heico/0023 - Heico - Sigma - 4.avi,00:58:46,List all foreign objects that are visible in this video frame. Please provide the class names or answer with none.,Sponge,fo_class,,1.0,Sponge,True,Sponge,-0.14350082914532972,-0.04783360971510991,0.9532923924747077,3,True
heico__2250681,heico,0023 - Heico - Sigma - 4.avi,heico/0023 - Heico - Sigma - 4.avi,01:09:01,What class is the foreign object located in the top/left relative to the image center? Please provide a class name.,Clip,fo_class,,1.0,Clip,True,Clip,-0.01293728544470312,-0.00646864272235156,0.9935522339082402,2,True
heico__2250720,heico,0023 - Heico - Sigma - 4.avi,heico/0023 - Heico - Sigma - 4.avi,02:26:42,What class is the foreign object located in the top/left relative to the image center? Please provide a class name.,External drain,fo_class,,1.0,External drain,True,External drain,-0.0003949581003952204,-0.00013165270013174013,0.9998683559657047,3,True
heico__2250808,heico,0023 - Heico - Sigma - 4.avi,heico/0023 - Heico - Sigma - 4.avi,00:59:04,What class is the foreign object located in the bottom/right relative to the image center? Please provide a class name.,Sponge,fo_class,,1.0,Sponge,True,Sponge,-3.910140677574895e-05,-1.3033802258582985e-05,0.999986966282681,3,True
heico__2262260,heico,0023 - Heico - Sigma - 4.avi,heico/0023 - Heico - Sigma - 4.avi,01:22:02,Which of the visible foreign objects has its centre closest to the centre of the image? Please provide a class name.,Clip,fo_class,,1.0,"Clip,Sponge",False,Clip,-0.5272263499533869,-0.26361317497669345,0.7682706685038142,2,True
heico__2262245,heico,0023 - Heico - Sigma - 4.avi,heico/0023 - Heico - Sigma - 4.avi,01:20:30,Which of the visible foreign objects has its centre closest to the centre of the image? Please provide a class name.,Sponge,fo_class,,1.0,Sponge,True,Sponge,-0.0028305639735267283,-0.0009435213245089094,0.9990569236517768,3,True
heico__2211496,heico,0023 - Heico - Sigma - 4.avi,heico/0023 - Heico - Sigma - 4.avi,00:57:45,Which combination of foreign object classes is visible in this frame? Please provide the class names or answer with none.,"Clip, Sponge",fo_class,,2.0,"Clip,Sponge",True,"Clip, Sponge",-0.003232052346034354,-0.0008080130865085885,0.9991923132681598,4,True
heico__2219993,heico,0023 - Heico - Sigma - 4.avi,heico/0023 - Heico - Sigma - 4.avi,00:56:27,There is one surgical foreign object visible in the frame. What surgical foreign object is visible in this video frame? Please provide a class name.,Clip,fo_class,,1.0,Clip,True,Clip,-0.018799788897665454,-0.009399894448832727,0.9906441464576753,2,True
heico__2219712,heico,0023 - Heico - Sigma - 4.avi,heico/0023 - Heico - Sigma - 4.avi,02:26:24,There is one surgical foreign object visible in the frame. What surgical foreign object is visible in this video frame? Please provide a class name.,External drain,fo_class,,1.0,External drain,True,External drain,-0.006869055567780093,-0.002289685189260031,0.9977129341403448,3,True
heico__2219738,heico,0023 - Heico - Sigma - 4.avi,heico/0023 - Heico - Sigma - 4.avi,01:17:51,There is one surgical foreign object visible in the frame. What surgical foreign object is visible in this video frame? Please provide a class name.,Sponge,fo_class,,1.0,Sponge,True,Sponge,-0.14366963320797704,-0.04788987773599235,0.9532387541075373,3,True
heico__2222067,heico,0023 - Heico - Sigma - 4.avi,heico/0023 - Heico - Sigma - 4.avi,01:12:10,List all foreign objects that are visible in this video frame. Please provide the class names or answer with none.,Clip,fo_class,,1.0,Clip,True,Clip,-0.026001066563004428,-0.013000533281502214,0.9870836086267176,2,True
heico__2221989,heico,0023 - Heico - Sigma - 4.avi,heico/0023 - Heico - Sigma - 4.avi,00:58:11,List all foreign objects that are visible in this video frame. Please provide the class names or answer with none.,"Clip, Sponge",fo_class,,2.0,Sponge,False,Sponge,-0.16092905929653692,-0.053643019765512306,0.9477703814124746,3,False
heico__2221949,heico,0023 - Heico - Sigma - 4.avi,heico/0023 - Heico - Sigma - 4.avi,02:25:59,List all foreign objects that are visible in this video frame. Please provide the class names or answer with none.,External drain,fo_class,,1.0,External drain,True,External drain,-0.00021024686704975654,-7.008228901658551e-05,0.9999299201666897,3,True
heico__2221991,heico,0023 - Heico - Sigma - 4.avi,heico/0023 - Heico - Sigma - 4.avi,01:24:34,List all foreign objects that are visible in this video frame. Please provide the class names or answer with none.,Sponge,fo_class,,1.0,"Clip,Sponge",False,"Clip, Sponge",-0.3242286440778221,-0.08105716101945552,0.9221409794196206,4,False
heico__2250763,heico,0023 - Heico - Sigma - 4.avi,heico/0023 - Heico - Sigma - 4.avi,01:22:14,What class is the foreign object located in the bottom/left relative to the image center? Please provide a class name.,Clip,fo_class,,1.0,Clip,True,Clip,-0.0007082332779693574,-0.0003541166389846787,0.999645946052912,2,True
heico__2250866,heico,0023 - Heico - Sigma - 4.avi,heico/0023 - Heico - Sigma - 4.avi,01:24:49,What class is the foreign object located in the bottom/right relative to the image center? Please provide a class name.,Sponge,fo_class,,1.0,Sponge,True,Sponge,-0.0037673055647525575,-0.0012557685215841858,0.998745019625761,3,True
heico__2262224,heico,0023 - Heico - Sigma - 4.avi,heico/0023 - Heico - Sigma - 4.avi,00:58:38,Which of the visible foreign objects has its centre closest to the centre of the image? Please provide a class name.,Clip,fo_class,,1.0,Clip,True,Sponge,-0.43233166171384757,-0.14411055390461586,0.8657920260790148,3,False
heico__2262246,heico,0023 - Heico - Sigma - 4.avi,heico/0023 - Heico - Sigma - 4.avi,01:20:31,Which of the visible foreign objects has its centre closest to the centre of the image? Please provide a class name.,Sponge,fo_class,,1.0,Sponge,True,Sponge,-0.0007229667352710147,-0.0002409889117570049,0.9997590401237383,3,True
heico__2211540,heico,0023 - Heico - Sigma - 4.avi,heico/0023 - Heico - Sigma - 4.avi,00:58:50,Which combination of foreign object classes is visible in this frame? Please provide the class names or answer with none.,"Clip, Sponge",fo_class,,2.0,"Clip,Sponge",True,"Clip, Sponge",-0.0005371577176809467,-0.00013428942942023668,0.9998657195870015,4,True
heico__2220028,heico,0023 - Heico - Sigma - 4.avi,heico/0023 - Heico - Sigma - 4.avi,00:58:56,There is one surgical foreign object visible in the frame. What surgical foreign object is visible in this video frame? Please provide a class name.,Clip,fo_class,,1.0,Sponge,False,Sponge,-0.6958016707847037,-0.23193389026156788,0.792998546500309,3,False
heico__2219695,heico,0023 - Heico - Sigma - 4.avi,heico/0023 - Heico - Sigma - 4.avi,02:25:56,There is one surgical foreign object visible in the frame. What surgical foreign object is visible in this video frame? Please provide a class name.,External drain,fo_class,,1.0,External drain,True,External drain,-1.2159387367413987e-05,-4.053129122471329e-06,0.9999959468790914,3,True
heico__2219594,heico,0023 - Heico - Sigma - 4.avi,heico/0023 - Heico - Sigma - 4.avi,01:30:03,There is one surgical foreign object visible in the frame. What surgical foreign object is visible in this video frame? Please provide a class name.,Sponge,fo_class,,1.0,Clip,False,Clip,-0.4807026966761967,-0.24035134833809835,0.7863515292220756,2,False
heico__2221792,heico,0023 - Heico - Sigma - 4.avi,heico/0023 - Heico - Sigma - 4.avi,01:20:17,List all foreign objects that are visible in this video frame. Please provide the class names or answer with none.,Clip,fo_class,,1.0,Clip,True,Clip,-0.03560230068734222,-0.01780115034367111,0.9823563541612379,2,True
heico__2221908,heico,0023 - Heico - Sigma - 4.avi,heico/0023 - Heico - Sigma - 4.avi,01:21:39,List all foreign objects that are visible in this video frame. Please provide the class names or answer with none.,"Clip, Sponge",fo_class,,2.0,Clip,False,Clip,-0.071944362724893,-0.0359721813624465,0.9646671288350767,2,False
heico__2221988,heico,0023 - Heico - Sigma - 4.avi,heico/0023 - Heico - Sigma - 4.avi,02:25:56,List all foreign objects that are visible in this video frame. Please provide the class names or answer with none.,External drain,fo_class,,1.0,External drain,True,External drain,-0.00010514777863692452,-3.5049259545641506e-05,0.9999649513546724,3,True
heico__2221877,heico,0023 - Heico - Sigma - 4.avi,heico/0023 - Heico - Sigma - 4.avi,01:30:08,List all foreign objects that are visible in this video frame. Please provide the class names or answer with none.,Sponge,fo_class,,1.0,Specimen,False,Specimen,-0.11074357183441584,-0.03691452394480528,0.9637585101040728,3,False
heico__2250692,heico,0023 - Heico - Sigma - 4.avi,heico/0023 - Heico - Sigma - 4.avi,01:09:40,What class is the foreign object located in the top/left relative to the image center? Please provide a class name.,Clip,fo_class,,1.0,Clip,True,Clip,-0.0006048109420072309,-0.00030240547100361545,0.999697640248922,2,True
heico__2250913,heico,0023 - Heico - Sigma - 4.avi,heico/0023 - Heico - Sigma - 4.avi,01:28:27,What class is the foreign object located in the bottom/right relative to the image center? Please provide a class name.,Sponge,fo_class,,1.0,Sponge,True,Sponge,-5.6028516511314005e-06,-1.8676172170438e-06,0.999998132384527,3,True
heico__2262232,heico,0023 - Heico - Sigma - 4.avi,heico/0023 - Heico - Sigma - 4.avi,00:58:53,Which of the visible foreign objects has its centre closest to the centre of the image? Please provide a class name.,Clip,fo_class,,1.0,Clip,True,Clip,-0.002319875689520871,-0.0011599378447604354,0.9988407346231093,2,True
heico__2262261,heico,0023 - Heico - Sigma - 4.avi,heico/0023 - Heico - Sigma - 4.avi,01:22:13,Which of the visible foreign objects has its centre closest to the centre of the image? Please provide a class name.,Sponge,fo_class,,1.0,Sponge,True,Sponge,-0.12384505797327768,-0.04128168599109256,0.9595587976042547,3,True
heico__2211575,heico,0023 - Heico - Sigma - 4.avi,heico/0023 - Heico - Sigma - 4.avi,01:21:15,Which combination of foreign object classes is visible in this frame? Please provide the class names or answer with none.,"Clip, Sponge",fo_class,,2.0,"Clip,Sponge",True,"Clip, Sponge",-0.0021846083940196877,-0.0005461520985049219,0.9994539970154049,4,True
heico__2219951,heico,0023 - Heico - Sigma - 4.avi,heico/0023 - Heico - Sigma - 4.avi,01:20:00,There is one surgical foreign object visible in the frame. What surgical foreign object is visible in this video frame? Please provide a class name.,Clip,fo_class,,1.0,Clip,True,Clip,-0.6738982543334369,-0.33694912716671843,0.7139451593919405,2,True
heico__2219641,heico,0023 - Heico - Sigma - 4.avi,heico/0023 - Heico - Sigma - 4.avi,02:26:04,There is one surgical foreign object visible in the frame. What surgical foreign object is visible in this video frame? Please provide a class name.,External drain,fo_class,,1.0,External drain,True,External drain,-4.148555911300297e-05,-1.3828519704334325e-05,0.9999861715759092,3,True
heico__2219715,heico,0023 - Heico - Sigma - 4.avi,heico/0023 - Heico - Sigma - 4.avi,02:08:43,There is one surgical foreign object visible in the frame. What surgical foreign object is visible in this video frame? Please provide a class name.,Sponge,fo_class,,1.0,Sponge,True,Sponge,-0.006517679176789036,-0.0021725597255963453,0.9978297985741261,3,True
heico__2222084,heico,0023 - Heico - Sigma - 4.avi,heico/0023 - Heico - Sigma - 4.avi,01:12:01,List all foreign objects that are visible in this video frame. Please provide the class names or answer with none.,Clip,fo_class,,1.0,Clip,True,Clip,-0.0006447010473284504,-0.0003223505236642252,0.9996777014256837,2,True
heico__2222151,heico,0023 - Heico - Sigma - 4.avi,heico/0023 - Heico - Sigma - 4.avi,00:56:34,List all foreign objects that are visible in this video frame. Please provide the class names or answer with none.,"Clip, Sponge",fo_class,,2.0,Sponge,False,Sponge,-0.10074836530189954,-0.03358278843396651,0.9669748535837118,3,False
heico__2222060,heico,0023 - Heico - Sigma - 4.avi,heico/0023 - Heico - Sigma - 4.avi,02:26:27,List all foreign objects that are visible in this video frame. Please provide the class names or answer with none.,External drain,fo_class,,1.0,External drain,True,External drain,-0.00017107918461958484,-5.7026394873194946e-05,0.9999429752311008,3,True
heico__2221743,heico,0023 - Heico - Sigma - 4.avi,heico/0023 - Heico - Sigma - 4.avi,02:08:33,List all foreign objects that are visible in this video frame. Please provide the class names or answer with none.,Sponge,fo_class,,1.0,"Clip,Sponge",False,"Clip, Sponge",-0.06749237213035188,-0.01687309303258797,0.9832684603357423,4,False
heico__2250754,heico,0023 - Heico - Sigma - 4.avi,heico/0023 - Heico - Sigma - 4.avi,01:19:47,What class is the foreign object located in the bottom/left relative to the image center? Please provide a class name.,Clip,fo_class,,1.0,Clip,True,Clip,-0.005831149671314709,-0.0029155748356573547,0.997088671324985,2,True
heico__2250791,heico,0023 - Heico - Sigma - 4.avi,heico/0023 - Heico - Sigma - 4.avi,00:56:50,What class is the foreign object located in the bottom/right relative to the image center? Please provide a class name.,Sponge,fo_class,,1.0,Sponge,True,Sponge,-0.012744528523300219,-0.004248176174433406,0.9957608345617237,3,True
heico__2262265,heico,0023 - Heico - Sigma - 4.avi,heico/0023 - Heico - Sigma - 4.avi,01:22:24,Which of the visible foreign objects has its centre closest to the centre of the image? Please provide a class name.,Clip,fo_class,,1.0,Clip,True,Sponge,-0.2877949695640924,-0.09593165652136414,0.9085261057814691,3,False
heico__2262239,heico,0023 - Heico - Sigma - 4.avi,heico/0023 - Heico - Sigma - 4.avi,01:20:24,Which of the visible foreign objects has its centre closest to the centre of the image? Please provide a class name.,Sponge,fo_class,,1.0,Sponge,True,Sponge,-0.014664148278861557,-0.0048880494262871855,0.9951238776460234,3,True
heico__2211480,heico,0023 - Heico - Sigma - 4.avi,heico/0023 - Heico - Sigma - 4.avi,00:56:19,Which combination of foreign object classes is visible in this frame? Please provide the class names or answer with none.,"Clip, Sponge",fo_class,,2.0,"Clip,Sponge",True,"Clip, Sponge",-4.55384730696722e-05,-1.138461826741805e-05,0.999988615446537,4,True
heico__2219885,heico,0023 - Heico - Sigma - 4.avi,heico/0023 - Heico - Sigma - 4.avi,00:57:56,There is one surgical foreign object visible in the frame. What surgical foreign object is visible in this video frame? Please provide a class name.,Clip,fo_class,,1.0,Clip,True,Clip,-0.05659297931668662,-0.02829648965834331,0.9721001064418163,2,True
heico__2219569,heico,0023 - Heico - Sigma - 4.avi,heico/0023 - Heico - Sigma - 4.avi,02:25:59,There is one surgical foreign object visible in the frame. What surgical foreign object is visible in this video frame? Please provide a class name.,External drain,fo_class,,1.0,External drain,True,External drain,-1.2993857645225384e-05,-4.3312858817417945e-06,0.9999956687234982,3,True
heico__2219531,heico,0023 - Heico - Sigma - 4.avi,heico/0023 - Heico - Sigma - 4.avi,00:03:48,There is one surgical foreign object visible in the frame. What surgical foreign object is visible in this video frame? Please provide a class name.,Sponge,fo_class,,1.0,"Clip,External drain",False,External drain,-0.6788399573727232,-0.22627998579090772,0.797494783196516,3,False
heico__2221992,heico,0023 - Heico - Sigma - 4.avi,heico/0023 - Heico - Sigma - 4.avi,01:20:51,List all foreign objects that are visible in this video frame. Please provide the class names or answer with none.,Clip,fo_class,,1.0,Clip,True,Clip,-0.23567871405445473,-0.11783935702722736,0.8888388268579331,2,True
heico__2222153,heico,0023 - Heico - Sigma - 4.avi,heico/0023 - Heico - Sigma - 4.avi,01:21:36,List all foreign objects that are visible in this video frame. Please provide the class names or answer with none.,"Clip, Sponge",fo_class,,2.0,Sponge,False,Sponge,-0.028418357777195872,-0.009472785925731957,0.9905719395744236,3,False
heico__2222083,heico,0023 - Heico - Sigma - 4.avi,heico/0023 - Heico - Sigma - 4.avi,02:26:13,List all foreign objects that are visible in this video frame. Please provide the class names or answer with none.,External drain,fo_class,,1.0,"External drain,Sponge",False,External drain,-0.1977614480790938,-0.06592048269303126,0.9362053058565748,3,True
heico__2221682,heico,0023 - Heico - Sigma - 4.avi,heico/0023 - Heico - Sigma - 4.avi,00:04:11,List all foreign objects that are visible in this video frame. Please provide the class names or answer with none.,Sponge,fo_class,,1.0,Sponge,True,Sponge,-0.0035808332019436574,-0.0011936110673145524,0.9988071010030356,3,True
heico__2250726,heico,0023 - Heico - Sigma - 4.avi,heico/0023 - Heico - Sigma - 4.avi,00:58:59,What class is the foreign object located in the top/right relative to the image center? Please provide a class name.,Clip,fo_class,,1.0,none,False,Sponge,-0.5821324737483402,-0.1940441579161134,0.8236215340549563,3,False
heico__2250809,heico,0023 - Heico - Sigma - 4.avi,heico/0023 - Heico - Sigma - 4.avi,00:59:05,What class is the foreign object located in the bottom/right relative to the image center? Please provide a class name.,Sponge,fo_class,,1.0,Sponge,True,Sponge,-0.00026760102047413716,-8.920034015804572e-05,0.999910803638074,3,True
heico__2262204,heico,0023 - Heico - Sigma - 4.avi,heico/0023 - Heico - Sigma - 4.avi,00:58:03,Which of the visible foreign objects has its centre closest to the centre of the image? Please provide a class name.,Clip,fo_class,,1.0,"Clip,Sponge",False,Clip,-0.5257894451871725,-0.26289472259358626,0.7688228327245713,2,True
heico__2262244,heico,0023 - Heico - Sigma - 4.avi,heico/0023 - Heico - Sigma - 4.avi,01:20:29,Which of the visible foreign objects has its centre closest to the centre of the image? Please provide a class name.,Sponge,fo_class,,1.0,Sponge,True,Sponge,-0.0004695560153838628,-0.00015651867179462093,0.9998434935766136,3,True
heico__2211535,heico,0023 - Heico - Sigma - 4.avi,heico/0023 - Heico - Sigma - 4.avi,00:58:42,Which combination of foreign object classes is visible in this frame? Please provide the class names or answer with none.,"Clip, Sponge",fo_class,,2.0,"Clip,Sponge",True,"Clip, Sponge",-0.0002643765661557166,-6.609414153892914e-05,0.9999339080426307,4,True
heico__2219696,heico,0023 - Heico - Sigma - 4.avi,heico/0023 - Heico - Sigma - 4.avi,01:08:06,There is one surgical foreign object visible in the frame. What surgical foreign object is visible in this video frame? Please provide a class name.,Clip,fo_class,,1.0,Clip,True,Clip,-0.4546522559269597,-0.22732612796347984,0.7966609265137774,2,True
heico__2219948,heico,0023 - Heico - Sigma - 4.avi,heico/0023 - Heico - Sigma - 4.avi,02:25:55,There is one surgical foreign object visible in the frame. What surgical foreign object is visible in this video frame? Please provide a class name.,External drain,fo_class,,1.0,External drain,True,External drain,-1.9669670857136147e-05,-6.556556952378716e-06,0.9999934434645418,3,True
heico__2219728,heico,0023 - Heico - Sigma - 4.avi,heico/0023 - Heico - Sigma - 4.avi,00:51:18,There is one surgical foreign object visible in the frame. What surgical foreign object is visible in this video frame? Please provide a class name.,Sponge,fo_class,,1.0,Sponge,True,Sponge,-0.00026664680677584675,-8.888226892528225e-05,0.9999111216809865,3,True
heico__2221809,heico,0023 - Heico - Sigma - 4.avi,heico/0023 - Heico - Sigma - 4.avi,01:07:07,List all foreign objects that are visible in this video frame. Please provide the class names or answer with none.,Clip,fo_class,,1.0,Clip,True,Clip,-0.0012727865140611482,-0.0006363932570305741,0.9993638091982089,2,True
heico__2222157,heico,0023 - Heico - Sigma - 4.avi,heico/0023 - Heico - Sigma - 4.avi,00:56:40,List all foreign objects that are visible in this video frame. Please provide the class names or answer with none.,"Clip, Sponge",fo_class,,2.0,Sponge,False,Sponge,-0.08944620713164513,-0.02981540237721504,0.970624692022649,3,False
heico__2222033,heico,0023 - Heico - Sigma - 4.avi,heico/0023 - Heico - Sigma - 4.avi,02:26:29,List all foreign objects that are visible in this video frame. Please provide the class names or answer with none.,External drain,fo_class,,1.0,External drain,True,External drain,-0.00013507117729867968,-4.502372576622656e-05,0.9999549772877865,3,True
heico__2221927,heico,0023 - Heico - Sigma - 4.avi,heico/0023 - Heico - Sigma - 4.avi,00:52:13,List all foreign objects that are visible in this video frame. Please provide the class names or answer with none.,Sponge,fo_class,,1.0,Sponge,True,Sponge,-0.07416634963447297,-0.024722116544824323,0.9755809721763752,3,True
heico__2250760,heico,0023 - Heico - Sigma - 4.avi,heico/0023 - Heico - Sigma - 4.avi,01:21:28,What class is the foreign object located in the bottom/left relative to the image center? Please provide a class name.,Clip,fo_class,,1.0,Clip,True,Clip,-0.40067678781530663,-0.20033839390765332,0.8184537464504528,2,True
heico__2250902,heico,0023 - Heico - Sigma - 4.avi,heico/0023 - Heico - Sigma - 4.avi,01:26:25,What class is the foreign object located in the bottom/right relative to the image center? Please provide a class name.,Sponge,fo_class,,1.0,Sponge,True,Sponge,-0.058867096685316644,-0.019622365561772215,0.9805688999828728,3,True
heico__2262230,heico,0023 - Heico - Sigma - 4.avi,heico/0023 - Heico - Sigma - 4.avi,00:58:49,Which of the visible foreign objects has its centre closest to the centre of the image? Please provide a class name.,Clip,fo_class,,1.0,Clip,True,Clip,-0.04480769852599821,-0.022403849262999105,0.9778452532151785,2,True
heico__2262254,heico,0023 - Heico - Sigma - 4.avi,heico/0023 - Heico - Sigma - 4.avi,01:21:26,Which of the visible foreign objects has its centre closest to the centre of the image? Please provide a class name.,Sponge,fo_class,,1.0,Sponge,True,Sponge,-0.0019231402795705493,-0.0006410467598568498,0.999359158666719,3,True
heico__2211547,heico,0023 - Heico - Sigma - 4.avi,heico/0023 - Heico - Sigma - 4.avi,01:16:08,Which combination of foreign object classes is visible in this frame? Please provide the class names or answer with none.,"Clip, Sponge",fo_class,,2.0,"Clip,Sponge",True,"Clip, Sponge",-0.004842120559068767,-0.0012105301397671918,0.9987902022562835,4,True
heico__2219668,heico,0023 - Heico - Sigma - 4.avi,heico/0023 - Heico - Sigma - 4.avi,01:20:01,There is one surgical foreign object visible in the frame. What surgical foreign object is visible in this video frame? Please provide a class name.,Clip,fo_class,,1.0,Clip,True,Clip,-0.5077317339343376,-0.2538658669671688,0.7757958549187345,2,True
heico__2219862,heico,0023 - Heico - Sigma - 4.avi,heico/0023 - Heico - Sigma - 4.avi,02:26:30,There is one surgical foreign object visible in the frame. What surgical foreign object is visible in this video frame? Please provide a class name.,External drain,fo_class,,1.0,External drain,True,External drain,-1.6570181636475594e-05,-5.523393878825198e-06,0.9999944766213751,3,True
heico__2219914,heico,0023 - Heico - Sigma - 4.avi,heico/0023 - Heico - Sigma - 4.avi,00:58:51,There is one surgical foreign object visible in the frame. What surgical foreign object is visible in this video frame? Please provide a class name.,Sponge,fo_class,,1.0,Sponge,True,Sponge,-0.0013503004768984394,-0.00045010015896614644,0.9995500011209145,3,True
heico__2222142,heico,0023 - Heico - Sigma - 4.avi,heico/0023 - Heico - Sigma - 4.avi,01:17:06,List all foreign objects that are visible in this video frame. Please provide the class names or answer with none.,Clip,fo_class,,1.0,Clip,True,Clip,-0.0031119462177388534,-0.0015559731088694267,0.9984452367896838,2,True
heico__2221818,heico,0023 - Heico - Sigma - 4.avi,heico/0023 - Heico - Sigma - 4.avi,01:20:26,List all foreign objects that are visible in this video frame. Please provide the class names or answer with none.,"Clip, Sponge",fo_class,,2.0,Sponge,False,Sponge,-0.004893809345779888,-0.0016312697819266294,0.9983700600154397,3,False
heico__2222024,heico,0023 - Heico - Sigma - 4.avi,heico/0023 - Heico - Sigma - 4.avi,02:26:00,List all foreign objects that are visible in this video frame. Please provide the class names or answer with none.,External drain,fo_class,,1.0,External drain,True,External drain,-0.00036818501091796606,-0.00012272833697265535,0.9998772791938416,3,True
heico__2221686,heico,0023 - Heico - Sigma - 4.avi,heico/0023 - Heico - Sigma - 4.avi,00:58:43,List all foreign objects that are visible in this video frame. Please provide the class names or answer with none.,Sponge,fo_class,,1.0,Sponge,True,Sponge,-0.023513535781324035,-0.007837845260441345,0.9921927905568726,3,True
heico__2250693,heico,0023 - Heico - Sigma - 4.avi,heico/0023 - Heico - Sigma - 4.avi,01:09:43,What class is the foreign object located in the top/left relative to the image center? Please provide a class name.,Clip,fo_class,,1.0,Clip,True,Clip,-4.4823660729727144e-05,-2.2411830364863572e-05,0.9999775884207783,2,True
heico__2250911,heico,0023 - Heico - Sigma - 4.avi,heico/0023 - Heico - Sigma - 4.avi,01:28:24,What class is the foreign object located in the bottom/right relative to the image center? Please provide a class name.,Sponge,fo_class,,1.0,Sponge,True,Sponge,-9.179156343711887e-06,-3.059718781237296e-06,0.9999969402858997,3,True
heico__2262256,heico,0023 - Heico - Sigma - 4.avi,heico/0023 - Heico - Sigma - 4.avi,01:21:31,Which of the visible foreign objects has its centre closest to the centre of the image? Please provide a class name.,Clip,fo_class,,1.0,Sponge,False,Sponge,-0.2117217569386305,-0.0705739189795435,0.9318588549242574,3,False
heico__2262243,heico,0023 - Heico - Sigma - 4.avi,heico/0023 - Heico - Sigma - 4.avi,01:20:28,Which of the visible foreign objects has its centre closest to the centre of the image? Please provide a class name.,Sponge,fo_class,,1.0,Sponge,True,Sponge,-0.004549038517614144,-0.001516346172538048,0.9984848028994491,3,True
heico__2211484,heico,0023 - Heico - Sigma - 4.avi,heico/0023 - Heico - Sigma - 4.avi,00:56:29,Which combination of foreign object classes is visible in this frame? Please provide the class names or answer with none.,"Clip, Sponge",fo_class,,2.0,"Clip,Sponge",True,"Clip, Sponge",-0.000154144655894902,-3.85361639737255e-05,0.9999614645785347,4,True
heico__2219717,heico,0023 - Heico - Sigma - 4.avi,heico/0023 - Heico - Sigma - 4.avi,01:08:21,There is one surgical foreign object visible in the frame. What surgical foreign object is visible in this video frame? Please provide a class name.,Clip,fo_class,,1.0,Clip,True,Clip,-0.007187995308995369,-0.0035939976544976846,0.9964124530248498,2,True
heico__2219643,heico,0023 - Heico - Sigma - 4.avi,heico/0023 - Heico - Sigma - 4.avi,02:26:42,There is one surgical foreign object visible in the frame. What surgical foreign object is visible in this video frame? Please provide a class name.,External drain,fo_class,,1.0,External drain,True,External drain,-0.02085662708364852,-0.00695220902788284,0.9930719016707396,3,True
heico__2219551,heico,0023 - Heico - Sigma - 4.avi,heico/0023 - Heico - Sigma - 4.avi,01:25:09,There is one surgical foreign object visible in the frame. What surgical foreign object is visible in this video frame? Please provide a class name.,Sponge,fo_class,,1.0,Sponge,True,Sponge,-0.37687265318889357,-0.1256242177296312,0.8819462042673657,3,True
heico__2221850,heico,0023 - Heico - Sigma - 4.avi,heico/0023 - Heico - Sigma - 4.avi,01:12:41,List all foreign objects that are visible in this video frame. Please provide the class names or answer with none.,Clip,fo_class,,1.0,Clip,True,Clip,-0.007806271639261857,-0.0039031358196309285,0.9961044715142781,2,True
heico__2222158,heico,0023 - Heico - Sigma - 4.avi,heico/0023 - Heico - Sigma - 4.avi,00:56:41,List all foreign objects that are visible in this video frame. Please provide the class names or answer with none.,"Clip, Sponge",fo_class,,2.0,Sponge,False,Sponge,-0.012718867393880562,-0.004239622464626854,0.9957693520473673,3,False
heico__2221780,heico,0023 - Heico - Sigma - 4.avi,heico/0023 - Heico - Sigma - 4.avi,02:25:58,List all foreign objects that are visible in this video frame. Please provide the class names or answer with none.,External drain,fo_class,,1.0,External drain,True,External drain,-0.0003727167172471909,-0.00012423890574906363,0.9998757688115841,3,True
heico__2221910,heico,0023 - Heico - Sigma - 4.avi,heico/0023 - Heico - Sigma - 4.avi,01:15:14,List all foreign objects that are visible in this video frame. Please provide the class names or answer with none.,Sponge,fo_class,,1.0,Sponge,True,Sponge,-0.01044414188732432,-0.003481380629108107,0.9965246723501553,3,True
heico__2250815,heico,0023 - Heico - Sigma - 4.avi,heico/0023 - Heico - Sigma - 4.avi,01:19:25,What class is the foreign object located in the bottom/right relative to the image center? Please provide a class name.,Clip,fo_class,,1.0,Clip,True,Clip,-0.03297970519313912,-0.01648985259656956,0.983645360786338,2,True
heico__2250779,heico,0023 - Heico - Sigma - 4.avi,heico/0023 - Heico - Sigma - 4.avi,00:55:22,What class is the foreign object located in the bottom/right relative to the image center? Please provide a class name.,Sponge,fo_class,,1.0,Sponge,True,Sponge,-0.00506405533525995,-0.00168801844508665,0.9983134054567453,3,True
heico__2262220,heico,0023 - Heico - Sigma - 4.avi,heico/0023 - Heico - Sigma - 4.avi,00:58:32,Which of the visible foreign objects has its centre closest to the centre of the image? Please provide a class name.,Clip,fo_class,,1.0,Clip,True,Clip,-0.0341560375592862,-0.0170780187796431,0.9830669839565062,2,True
heico__2262237,heico,0023 - Heico - Sigma - 4.avi,heico/0023 - Heico - Sigma - 4.avi,01:20:22,Which of the visible foreign objects has its centre closest to the centre of the image? Please provide a class name.,Sponge,fo_class,,1.0,Sponge,True,Sponge,-0.005188842472124446,-0.0017296141573748154,0.9982718807631891,3,True
heico__2211544,heico,0023 - Heico - Sigma - 4.avi,heico/0023 - Heico - Sigma - 4.avi,00:59:04,Which combination of foreign object classes is visible in this frame? Please provide the class names or answer with none.,"Clip, Sponge",fo_class,,2.0,"Clip,Sponge",True,"Clip, Sponge",-8.571361921662365e-05,-2.1428404804155913e-05,0.9999785718247824,4,True
heico__2219754,heico,0023 - Heico - Sigma - 4.avi,heico/0023 - Heico - Sigma - 4.avi,01:13:44,There is one surgical foreign object visible in the frame. What surgical foreign object is visible in this video frame? Please provide a class name.,Clip,fo_class,,1.0,Clip,True,Clip,-5.9010210872913206e-05,-2.9505105436456603e-05,0.9999704953298348,2,True
heico__2219689,heico,0023 - Heico - Sigma - 4.avi,heico/0023 - Heico - Sigma - 4.avi,02:26:28,There is one surgical foreign object visible in the frame. What surgical foreign object is visible in this video frame? Please provide a class name.,External drain,fo_class,,1.0,External drain,True,External drain,-3.3855873419840495e-05,-1.1285291139946832e-05,0.9999887147725387,3,True
heico__2219642,heico,0023 - Heico - Sigma - 4.avi,heico/0023 - Heico - Sigma - 4.avi,01:30:01,There is one surgical foreign object visible in the frame. What surgical foreign object is visible in this video frame? Please provide a class name.,Sponge,fo_class,,1.0,Sponge,True,Sponge,-0.013669138688244674,-0.004556379562748225,0.9954539849870289,3,True
heico__2221871,heico,0023 - Heico - Sigma - 4.avi,heico/0023 - Heico - Sigma - 4.avi,01:19:37,List all foreign objects that are visible in this video frame. Please provide the class names or answer with none.,Clip,fo_class,,1.0,Clip,True,Clip,-0.0017114824388156497,-0.0008557412194078248,0.9991446248226896,2,True
heico__2222123,heico,0023 - Heico - Sigma - 4.avi,heico/0023 - Heico - Sigma - 4.avi,01:21:26,List all foreign objects that are visible in this video frame. Please provide the class names or answer with none.,"Clip, Sponge",fo_class,,2.0,Sponge,False,Sponge,-0.0021726200490127913,-0.0007242066830042637,0.9992760554913623,3,False
heico__2221841,heico,0023 - Heico - Sigma - 4.avi,heico/0023 - Heico - Sigma - 4.avi,02:26:28,List all foreign objects that are visible in this video frame. Please provide the class names or answer with none.,External drain,fo_class,,1.0,External drain,True,External drain,-0.0010182226953320708,-0.0003394075651106903,0.999660650027121,3,True
heico__2511990,heico,0027 - Heico - Sigma - 8.avi,heico/0027 - Heico - Sigma - 8.avi,02:22:09,Which combination of foreign object classes is visible in this frame? Please provide the class names or answer with none.,"Clip, External drain",fo_class,,2.0,"Clip,External drain,Silicone loop",False,"Clip, External drain",-0.17336762927702487,-0.03467352585540497,0.9659207129251599,5,True
heico__2511941,heico,0027 - Heico - Sigma - 8.avi,heico/0027 - Heico - Sigma - 8.avi,00:42:11,Which combination of foreign object classes is visible in this frame? Please provide the class names or answer with none.,"Clip, Sponge",fo_class,,2.0,"Clip,Sponge",True,"Clip, Sponge",-0.00018359592467157175,-4.589898116789294e-05,0.9999541020721743,4,True
heico__2525216,heico,0027 - Heico - Sigma - 8.avi,heico/0027 - Heico - Sigma - 8.avi,00:51:09,There is one surgical foreign object visible in the frame. What surgical foreign object is visible in this video frame? Please provide a class name.,Clip,fo_class,,1.0,Clip,True,Clip,-0.004201560773589671,-0.0021007803867948353,0.9979014247079118,2,True
heico__2525247,heico,0027 - Heico - Sigma - 8.avi,heico/0027 - Heico - Sigma - 8.avi,02:24:08,There is one surgical foreign object visible in the frame. What surgical foreign object is visible in this video frame? Please provide a class name.,External drain,fo_class,,1.0,"Clip,External drain",False,External drain,-0.23310063538128004,-0.07770021179376001,0.9252417615386118,3,True
heico__2525276,heico,0027 - Heico - Sigma - 8.avi,heico/0027 - Heico - Sigma - 8.avi,02:03:36,There is one surgical foreign object visible in the frame. What surgical foreign object is visible in this video frame? Please provide a class name.,Needle,fo_class,,1.0,Needle,True,Needle,-3.6120933789143834e-05,-1.2040311263047944e-05,0.9999879597612212,3,True
heico__2524799,heico,0027 - Heico - Sigma - 8.avi,heico/0027 - Heico - Sigma - 8.avi,00:13:38,There is one surgical foreign object visible in the frame. What surgical foreign object is visible in this video frame? Please provide a class name.,Sponge,fo_class,,1.0,Sponge,True,Sponge,-1.9550507732416163e-05,-6.516835910805388e-06,0.9999934831853238,3,True
heico__2529192,heico,0027 - Heico - Sigma - 8.avi,heico/0027 - Heico - Sigma - 8.avi,00:50:32,List all foreign objects that are visible in this video frame. Please provide the class names or answer with none.,Clip,fo_class,,1.0,Clip,True,Clip,-0.006602841776009124,-0.003301420888004562,0.9967040228096419,2,True
heico__2529100,heico,0027 - Heico - Sigma - 8.avi,heico/0027 - Heico - Sigma - 8.avi,00:41:36,List all foreign objects that are visible in this video frame. Please provide the class names or answer with none.,"Clip, Sponge",fo_class,,2.0,Sponge,False,Sponge,-0.3148510280032977,-0.10495034266776589,0.9003692314102535,3,False
heico__2528955,heico,0027 - Heico - Sigma - 8.avi,heico/0027 - Heico - Sigma - 8.avi,02:22:11,List all foreign objects that are visible in this video frame. Please provide the class names or answer with none.,External drain,fo_class,,1.0,External drain,True,External drain,-0.003363805655220158,-0.0011212685517400527,0.9988793598349571,3,True
heico__2528956,heico,0027 - Heico - Sigma - 8.avi,heico/0027 - Heico - Sigma - 8.avi,02:04:53,List all foreign objects that are visible in this video frame. Please provide the class names or answer with none.,Needle,fo_class,,1.0,Needle,True,Needle,-0.021305819760977177,-0.007101939920325726,0.9929232192600952,3,True
heico__2528805,heico,0027 - Heico - Sigma - 8.avi,heico/0027 - Heico - Sigma - 8.avi,00:13:44,List all foreign objects that are visible in this video frame. Please provide the class names or answer with none.,Sponge,fo_class,,1.0,Sponge,True,Sponge,-0.0012355327775376262,-0.0004118442591792087,0.9995882405370263,3,True
heico__2569526,heico,0027 - Heico - Sigma - 8.avi,heico/0027 - Heico - Sigma - 8.avi,00:50:39,What class is the foreign object located in the bottom/left relative to the image center? Please provide a class name.,Clip,fo_class,,1.0,Clip,True,Clip,-0.17288272268263113,-0.08644136134131557,0.9171893299599307,2,True
heico__2569390,heico,0027 - Heico - Sigma - 8.avi,heico/0027 - Heico - Sigma - 8.avi,02:20:20,What class is the foreign object located in the top/left relative to the image center? Please provide a class name.,External drain,fo_class,,1.0,External drain,True,External drain,-4.053187871417611e-05,-1.3510626238058703e-05,0.99998648946503,3,True
heico__2569405,heico,0027 - Heico - Sigma - 8.avi,heico/0027 - Heico - Sigma - 8.avi,02:10:20,What class is the foreign object located in the top/right relative to the image center? Please provide a class name.,Needle,fo_class,,1.0,Needle,True,Needle,-4.410748580603812e-06,-1.4702495268679373e-06,0.9999985297515539,3,True
heico__2569412,heico,0027 - Heico - Sigma - 8.avi,heico/0027 - Heico - Sigma - 8.avi,00:14:17,What class is the foreign object located in the bottom/left relative to the image center? Please provide a class name.,Sponge,fo_class,,1.0,Sponge,True,Sponge,-0.005450050988197264,-0.0018166836627324214,0.9981849655082077,3,True
heico__2586624,heico,0027 - Heico - Sigma - 8.avi,heico/0027 - Heico - Sigma - 8.avi,00:41:26,Which of the visible foreign objects has its centre closest to the centre of the image? Please provide a class name.,Clip,fo_class,,1.0,Clip,True,Clip,-0.002949999748610116,-0.001474999874305058,0.9985260874033657,2,True
heico__2586634,heico,0027 - Heico - Sigma - 8.avi,heico/0027 - Heico - Sigma - 8.avi,01:59:27,Which of the visible foreign objects has its centre closest to the centre of the image? Please provide a class name.,Sponge,fo_class,,1.0,Sponge,True,Sponge,-0.015678114338316288,-0.005226038112772096,0.9947875938669857,3,True
heico__2511958,heico,0027 - Heico - Sigma - 8.avi,heico/0027 - Heico - Sigma - 8.avi,00:50:40,Which combination of foreign object classes is visible in this frame? Please provide the class names or answer with none.,"Clip, Sponge",fo_class,,2.0,"Clip,Sponge",True,"Clip, Sponge",-0.0015371353324035238,-0.00038428383310088095,0.9996157899944741,4,True
heico__2524907,heico,0027 - Heico - Sigma - 8.avi,heico/0027 - Heico - Sigma - 8.avi,01:48:47,There is one surgical foreign object visible in the frame. What surgical foreign object is visible in this video frame? Please provide a class name.,Clip,fo_class,,1.0,Clip,True,Clip,-0.0010689770707010614,-0.0005344885353505307,0.9994656542782014,2,True
heico__2524835,heico,0027 - Heico - Sigma - 8.avi,heico/0027 - Heico - Sigma - 8.avi,02:22:50,There is one surgical foreign object visible in the frame. What surgical foreign object is visible in this video frame? Please provide a class name.,External drain,fo_class,,1.0,External drain,True,External drain,-0.0001471143500302105,-4.903811667673683e-05,0.9999509630856721,3,True
heico__2525039,heico,0027 - Heico - Sigma - 8.avi,heico/0027 - Heico - Sigma - 8.avi,02:12:17,There is one surgical foreign object visible in the frame. What surgical foreign object is visible in this video frame? Please provide a class name.,Needle,fo_class,,1.0,Needle,True,Needle,-1.7166230819798955e-05,-5.722076939932985e-06,0.9999942779394311,3,True
heico__2525193,heico,0027 - Heico - Sigma - 8.avi,heico/0027 - Heico - Sigma - 8.avi,00:28:35,There is one surgical foreign object visible in the frame. What surgical foreign object is visible in this video frame? Please provide a class name.,Sponge,fo_class,,1.0,Sponge,True,Sponge,-9.286827188907399e-05,-3.095609062969133e-05,0.9999690443885051,3,True
heico__2528826,heico,0027 - Heico - Sigma - 8.avi,heico/0027 - Heico - Sigma - 8.avi,01:48:51,List all foreign objects that are visible in this video frame. Please provide the class names or answer with none.,Clip,fo_class,,1.0,Clip,True,Clip,-0.002896256530656797,-0.0014481282653283985,0.9985529197664522,2,True
heico__2528872,heico,0027 - Heico - Sigma - 8.avi,heico/0027 - Heico - Sigma - 8.avi,00:50:45,List all foreign objects that are visible in this video frame. Please provide the class names or answer with none.,"Clip, Sponge",fo_class,,2.0,Sponge,False,Sponge,-0.28215691650422486,-0.09405230550140829,0.9102351506896484,3,False
heico__2529080,heico,0027 - Heico - Sigma - 8.avi,heico/0027 - Heico - Sigma - 8.avi,02:23:18,List all foreign objects that are visible in this video frame. Please provide the class names or answer with none.,External drain,fo_class,,1.0,External drain,True,External drain,-0.000708580754919254,-0.00023619358497308464,0.9997638343065357,3,True
heico__2529234,heico,0027 - Heico - Sigma - 8.avi,heico/0027 - Heico - Sigma - 8.avi,02:11:19,List all foreign objects that are visible in this video frame. Please provide the class names or answer with none.,Needle,fo_class,,1.0,Needle,True,Needle,-0.002421525145409629,-0.0008071750484698764,0.9991931506296773,3,True
heico__2528864,heico,0027 - Heico - Sigma - 8.avi,heico/0027 - Heico - Sigma - 8.avi,00:15:07,List all foreign objects that are visible in this video frame. Please provide the class names or answer with none.,Sponge,fo_class,,1.0,Sponge,True,Sponge,-0.011385695095467233,-0.0037952316984890774,0.9962119610910222,3,True
heico__2569401,heico,0027 - Heico - Sigma - 8.avi,heico/0027 - Heico - Sigma - 8.avi,01:49:47,What class is the foreign object located in the top/right relative to the image center? Please provide a class name.,Clip,fo_class,,1.0,Clip,True,Clip,-0.03183456707091247,-0.015917283535456236,0.9842087269546601,2,True
heico__2569554,heico,0027 - Heico - Sigma - 8.avi,heico/0027 - Heico - Sigma - 8.avi,02:23:16,What class is the foreign object located in the bottom/right relative to the image center? Please provide a class name.,External drain,fo_class,,1.0,"External drain,Specimen bag",False,External drain,-0.08601339506643157,-0.028671131688810525,0.9717359850959607,3,True
heico__2569389,heico,0027 - Heico - Sigma - 8.avi,heico/0027 - Heico - Sigma - 8.avi,02:11:34,What class is the foreign object located in the top/left relative to the image center? Please provide a class name.,Needle,fo_class,,1.0,Needle,True,Needle,-1.0252027578986418e-05,-3.417342526328806e-06,0.9999965826633128,3,True
heico__2569437,heico,0027 - Heico - Sigma - 8.avi,heico/0027 - Heico - Sigma - 8.avi,00:17:21,What class is the foreign object located in the bottom/left relative to the image center? Please provide a class name.,Sponge,fo_class,,1.0,Sponge,True,Sponge,-7.62942273993781e-06,-2.5431409133126034e-06,0.9999974568623204,3,True
heico__2586631,heico,0027 - Heico - Sigma - 8.avi,heico/0027 - Heico - Sigma - 8.avi,00:51:08,Which of the visible foreign objects has its centre closest to the centre of the image? Please provide a class name.,Clip,fo_class,,1.0,Clip,True,Clip,-0.031088212984289185,-0.015544106492144593,0.9845760795969098,2,True
heico__2586636,heico,0027 - Heico - Sigma - 8.avi,heico/0027 - Heico - Sigma - 8.avi,01:59:29,Which of the visible foreign objects has its centre closest to the centre of the image? Please provide a class name.,Sponge,fo_class,,1.0,Sponge,True,Sponge,-0.008280056579722462,-0.002760018859907487,0.9972437864903948,3,True
heico__2511982,heico,0027 - Heico - Sigma - 8.avi,heico/0027 - Heico - Sigma - 8.avi,01:59:25,Which combination of foreign object classes is visible in this frame? Please provide the class names or answer with none.,"Clip, Sponge",fo_class,,2.0,"Clip,Sponge",True,"Clip, Sponge",-0.002092054061906791,-0.0005230135154766978,0.9994771232322507,4,True
heico__2524814,heico,0027 - Heico - Sigma - 8.avi,heico/0027 - Heico - Sigma - 8.avi,01:58:48,There is one surgical foreign object visible in the frame. What surgical foreign object is visible in this video frame? Please provide a class name.,Clip,fo_class,,1.0,"Clip,Sponge",False,Clip,-0.2578918991210555,-0.12894594956052774,0.879021475758668,2,True
heico__2525262,heico,0027 - Heico - Sigma - 8.avi,heico/0027 - Heico - Sigma - 8.avi,02:24:03,There is one surgical foreign object visible in the frame. What surgical foreign object is visible in this video frame? Please provide a class name.,External drain,fo_class,,1.0,Clip,False,Clip,-0.15559244430072589,-0.07779622215036294,0.9251529330114401,2,False
heico__2525017,heico,0027 - Heico - Sigma - 8.avi,heico/0027 - Heico - Sigma - 8.avi,02:06:16,There is one surgical foreign object visible in the frame. What surgical foreign object is visible in this video frame? Please provide a class name.,Needle,fo_class,,1.0,none,False,External drain,-0.8354905405243277,-0.27849684684144255,0.7569206544369821,3,False
heico__2525093,heico,0027 - Heico - Sigma - 8.avi,heico/0027 - Heico - Sigma - 8.avi,00:39:32,There is one surgical foreign object visible in the frame. What surgical foreign object is visible in this video frame? Please provide a class name.,Sponge,fo_class,,1.0,Sponge,True,Sponge,-0.0001521225512105656,-5.070751707018854e-05,0.9999492937685343,3,True
heico__2529141,heico,0027 - Heico - Sigma - 8.avi,heico/0027 - Heico - Sigma - 8.avi,01:58:44,List all foreign objects that are visible in this video frame. Please provide the class names or answer with none.,Clip,fo_class,,1.0,Clip,True,Clip,-0.05216454183832556,-0.02608227091916278,0.9742549334626598,2,True
heico__2529270,heico,0027 - Heico - Sigma - 8.avi,heico/0027 - Heico - Sigma - 8.avi,01:59:25,List all foreign objects that are visible in this video frame. Please provide the class names or answer with none.,"Clip, Sponge",fo_class,,2.0,Sponge,False,Sponge,-0.05552500063449382,-0.018508333544831272,0.9816618938343028,3,False
heico__2529140,heico,0027 - Heico - Sigma - 8.avi,heico/0027 - Heico - Sigma - 8.avi,02:23:30,List all foreign objects that are visible in this video frame. Please provide the class names or answer with none.,External drain,fo_class,,1.0,External drain,True,External drain,-0.006891292675298142,-0.0022970975584327142,0.9977055387511573,3,True
heico__2529075,heico,0027 - Heico - Sigma - 8.avi,heico/0027 - Heico - Sigma - 8.avi,02:09:56,List all foreign objects that are visible in this video frame. Please provide the class names or answer with none.,Needle,fo_class,,1.0,Needle,True,Needle,-0.004008025085618308,-0.0013360083618727692,0.9986648836999872,3,True
heico__2528877,heico,0027 - Heico - Sigma - 8.avi,heico/0027 - Heico - Sigma - 8.avi,00:38:57,List all foreign objects that are visible in this video frame. Please provide the class names or answer with none.,Sponge,fo_class,,1.0,Sponge,True,Sponge,-0.014892706444669578,-0.0049642354815565256,0.9950480659712141,3,True
heico__2569376,heico,0027 - Heico - Sigma - 8.avi,heico/0027 - Heico - Sigma - 8.avi,01:49:12,What class is the foreign object located in the top/left relative to the image center? Please provide a class name.,Clip,fo_class,,1.0,Sponge,False,Sponge,-0.6677021934141192,-0.22256739780470639,0.8004610556142537,3,False
heico__2569408,heico,0027 - Heico - Sigma - 8.avi,heico/0027 - Heico - Sigma - 8.avi,02:20:03,What class is the foreign object located in the top/right relative to the image center? Please provide a class name.,External drain,fo_class,,1.0,External drain,True,External drain,-0.00010812851816396622,-3.604283938798874e-05,0.9999639578101474,3,True
heico__2569380,heico,0027 - Heico - Sigma - 8.avi,heico/0027 - Heico - Sigma - 8.avi,02:06:56,What class is the foreign object located in the top/left relative to the image center? Please provide a class name.,Needle,fo_class,,1.0,Silicone loop,False,Silicone loop,-0.008613255599023652,-0.002153313899755913,0.997849002817448,4,False
heico__2569348,heico,0027 - Heico - Sigma - 8.avi,heico/0027 - Heico - Sigma - 8.avi,00:41:18,What class is the foreign object located in the top/left relative to the image center? Please provide a class name.,Sponge,fo_class,,1.0,Sponge,True,Sponge,-0.005547611103573303,-0.0018492037011911008,0.9981525050225515,3,True
heico__2586621,heico,0027 - Heico - Sigma - 8.avi,heico/0027 - Heico - Sigma - 8.avi,00:41:21,Which of the visible foreign objects has its centre closest to the centre of the image? Please provide a class name.,Clip,fo_class,,1.0,Sponge,False,Sponge,-0.07496654622931029,-0.02498884874310343,0.9753207880203558,3,False
heico__2586637,heico,0027 - Heico - Sigma - 8.avi,heico/0027 - Heico - Sigma - 8.avi,01:59:31,Which of the visible foreign objects has its centre closest to the centre of the image? Please provide a class name.,Sponge,fo_class,,1.0,Sponge,True,Sponge,-0.06729198139082143,-0.022430660463607144,0.9778190363613851,3,True
heico__2511921,heico,0027 - Heico - Sigma - 8.avi,heico/0027 - Heico - Sigma - 8.avi,00:41:29,Which combination of foreign object classes is visible in this frame? Please provide the class names or answer with none.,"Clip, Sponge",fo_class,,2.0,"Clip,Specimen bag,Sponge",False,"Clip, Sponge",-0.09977844175176724,-0.02494461043794181,0.9753639355133857,4,True
heico__2525016,heico,0027 - Heico - Sigma - 8.avi,heico/0027 - Heico - Sigma - 8.avi,02:17:36,There is one surgical foreign object visible in the frame. What surgical foreign object is visible in this video frame? Please provide a class name.,Clip,fo_class,,1.0,Clip,True,Clip,-0.015741444795388096,-0.007870722397694048,0.9921601706345441,2,True
heico__2525053,heico,0027 - Heico - Sigma - 8.avi,heico/0027 - Heico - Sigma - 8.avi,02:24:05,There is one surgical foreign object visible in the frame. What surgical foreign object is visible in this video frame? Please provide a class name.,External drain,fo_class,,1.0,"Clip,External drain",False,External drain,-0.18594279538418854,-0.061980931794729514,0.9399008088417746,3,True
heico__2525269,heico,0027 - Heico - Sigma - 8.avi,heico/0027 - Heico - Sigma - 8.avi,02:11:08,There is one surgical foreign object visible in the frame. What surgical foreign object is visible in this video frame? Please provide a class name.,Needle,fo_class,,1.0,Needle,True,Needle,-9.775185631688678e-06,-3.2583952105628926e-06,0.999996741610098,3,True
heico__2525056,heico,0027 - Heico - Sigma - 8.avi,heico/0027 - Heico - Sigma - 8.avi,00:50:12,There is one surgical foreign object visible in the frame. What surgical foreign object is visible in this video frame? Please provide a class name.,Sponge,fo_class,,1.0,Sponge,True,Sponge,-0.02912358649214542,-0.009707862164048474,0.9903391070168596,3,True
heico__2528851,heico,0027 - Heico - Sigma - 8.avi,heico/0027 - Heico - Sigma - 8.avi,02:17:47,List all foreign objects that are visible in this video frame. Please provide the class names or answer with none.,Clip,fo_class,,1.0,Clip,True,Clip,-0.01709634644538647,-0.008548173222693235,0.9914882585278192,2,True
heico__2528823,heico,0027 - Heico - Sigma - 8.avi,heico/0027 - Heico - Sigma - 8.avi,00:41:28,List all foreign objects that are visible in this video frame. Please provide the class names or answer with none.,"Clip, Sponge",fo_class,,2.0,Clip,False,"Clip, Sponge",-0.04570621686309466,-0.011426554215773665,0.988638480910027,4,True
heico__2529258,heico,0027 - Heico - Sigma - 8.avi,heico/0027 - Heico - Sigma - 8.avi,02:22:39,List all foreign objects that are visible in this video frame. Please provide the class names or answer with none.,External drain,fo_class,,1.0,External drain,True,External drain,-0.004243865147295651,-0.0014146217157652169,0.9985863783898882,3,True
heico__2528952,heico,0027 - Heico - Sigma - 8.avi,heico/0027 - Heico - Sigma - 8.avi,02:11:13,List all foreign objects that are visible in this video frame. Please provide the class names or answer with none.,Needle,fo_class,,1.0,Needle,True,Needle,-0.004796218598845738,-0.0015987395329485794,0.9984025377703161,3,True
heico__2529073,heico,0027 - Heico - Sigma - 8.avi,heico/0027 - Heico - Sigma - 8.avi,00:50:25,List all foreign objects that are visible in this video frame. Please provide the class names or answer with none.,Sponge,fo_class,,1.0,Sponge,True,Sponge,-0.07051799775332848,-0.023505999251109494,0.9767681147740701,3,True
heico__2569394,heico,0027 - Heico - Sigma - 8.avi,heico/0027 - Heico - Sigma - 8.avi,01:49:24,What class is the foreign object located in the top/right relative to the image center? Please provide a class name.,Clip,fo_class,,1.0,Clip,True,Clip,-6.282523932817399e-05,-3.1412619664086994e-05,0.9999685878737071,2,True
heico__2569391,heico,0027 - Heico - Sigma - 8.avi,heico/0027 - Heico - Sigma - 8.avi,02:24:38,What class is the foreign object located in the top/left relative to the image center? Please provide a class name.,External drain,fo_class,,1.0,External drain,True,External drain,-0.2523709770569187,-0.0841236590189729,0.919317567157459,3,True
heico__2569407,heico,0027 - Heico - Sigma - 8.avi,heico/0027 - Heico - Sigma - 8.avi,02:10:59,What class is the foreign object located in the top/right relative to the image center? Please provide a class name.,Needle,fo_class,,1.0,Needle,True,Needle,-9.441795262435143e-05,-3.147265087478381e-05,0.999968527844384,3,True
heico__2569392,heico,0027 - Heico - Sigma - 8.avi,heico/0027 - Heico - Sigma - 8.avi,00:51:04,What class is the foreign object located in the top/right relative to the image center? Please provide a class name.,Sponge,fo_class,,1.0,none,False,Sponge,-0.5496454531520936,-0.18321515105069786,0.8325890040664226,3,True
heico__2586630,heico,0027 - Heico - Sigma - 8.avi,heico/0027 - Heico - Sigma - 8.avi,00:41:57,Which of the visible foreign objects has its centre closest to the centre of the image? Please provide a class name.,Clip,fo_class,,1.0,Clip,True,Clip,-0.11580098588883674,-0.05790049294441837,0.9437438519365704,2,True
heico__2586633,heico,0027 - Heico - Sigma - 8.avi,heico/0027 - Heico - Sigma - 8.avi,01:59:26,Which of the visible foreign objects has its centre closest to the centre of the image? Please provide a class name.,Sponge,fo_class,,1.0,Sponge,True,Sponge,-0.019255745685096377,-0.006418581895032125,0.9936019732000394,3,True
heico__2511954,heico,0027 - Heico - Sigma - 8.avi,heico/0027 - Heico - Sigma - 8.avi,00:50:23,Which combination of foreign object classes is visible in this frame? Please provide the class names or answer with none.,"Clip, Sponge",fo_class,,2.0,"Clip,Sponge",True,"Clip, Sponge",-2.8014401673898745e-05,-7.003600418474686e-06,0.9999929964241067,4,True
heico__2524925,heico,0027 - Heico - Sigma - 8.avi,heico/0027 - Heico - Sigma - 8.avi,01:47:10,There is one surgical foreign object visible in the frame. What surgical foreign object is visible in this video frame? Please provide a class name.,Clip,fo_class,,1.0,none,False,External drain,-0.3503525919317196,-0.1167841973105732,0.8897771887564078,3,False
heico__2525274,heico,0027 - Heico - Sigma - 8.avi,heico/0027 - Heico - Sigma - 8.avi,02:20:35,There is one surgical foreign object visible in the frame. What surgical foreign object is visible in this video frame? Please provide a class name.,External drain,fo_class,,1.0,External drain,True,External drain,-0.001099469162976378,-0.00036648972099212604,0.9996335774281623,3,True
heico__2525055,heico,0027 - Heico - Sigma - 8.avi,heico/0027 - Heico - Sigma - 8.avi,02:04:27,There is one surgical foreign object visible in the frame. What surgical foreign object is visible in this video frame? Please provide a class name.,Needle,fo_class,,1.0,Needle,True,Needle,-0.00032286666795473796,-0.00010762222265157932,0.999892383568412,3,True
heico__2525172,heico,0027 - Heico - Sigma - 8.avi,heico/0027 - Heico - Sigma - 8.avi,01:50:35,There is one surgical foreign object visible in the frame. What surgical foreign object is visible in this video frame? Please provide a class name.,Sponge,fo_class,,1.0,Sponge,True,Sponge,-0.0036202517378935454,-0.0012067505792978485,0.998793977251383,3,True
heico__2529179,heico,0027 - Heico - Sigma - 8.avi,heico/0027 - Heico - Sigma - 8.avi,00:50:33,List all foreign objects that are visible in this video frame. Please provide the class names or answer with none.,Clip,fo_class,,1.0,Clip,True,Clip,-0.0011467061360459986,-0.0005733530680229993,0.9994268112674384,2,True
heico__2528892,heico,0027 - Heico - Sigma - 8.avi,heico/0027 - Heico - Sigma - 8.avi,00:50:38,List all foreign objects that are visible in this video frame. Please provide the class names or answer with none.,"Clip, Sponge",fo_class,,2.0,Clip,False,Clip,-0.00610044630432302,-0.00305022315216151,0.9969544240522732,2,False
heico__2528974,heico,0027 - Heico - Sigma - 8.avi,heico/0027 - Heico - Sigma - 8.avi,02:20:19,List all foreign objects that are visible in this video frame. Please provide the class names or answer with none.,External drain,fo_class,,1.0,External drain,True,External drain,-0.009450721619821021,-0.0031502405399403406,0.9968547162613844,3,True
heico__2529142,heico,0027 - Heico - Sigma - 8.avi,heico/0027 - Heico - Sigma - 8.avi,02:08:12,List all foreign objects that are visible in this video frame. Please provide the class names or answer with none.,Needle,fo_class,,1.0,none,False,Clip,-1.003448562209522,-0.501724281104761,0.605485731490521,2,False
heico__2529138,heico,0027 - Heico - Sigma - 8.avi,heico/0027 - Heico - Sigma - 8.avi,01:48:05,List all foreign objects that are visible in this video frame. Please provide the class names or answer with none.,Sponge,fo_class,,1.0,none,False,Sponge,-0.789163801248228,-0.26305460041607603,0.7686999248295799,3,True
heico__2569374,heico,0027 - Heico - Sigma - 8.avi,heico/0027 - Heico - Sigma - 8.avi,01:47:07,What class is the foreign object located in the top/left relative to the image center? Please provide a class name.,Clip,fo_class,,1.0,Silicone loop,False,Silicone loop,-0.328586900178247,-0.08214672504456175,0.9211367949433518,4,False
heico__2569378,heico,0027 - Heico - Sigma - 8.avi,heico/0027 - Heico - Sigma - 8.avi,02:02:22,What class is the foreign object located in the top/left relative to the image center? Please provide a class name.,Needle,fo_class,,1.0,Needle,True,Needle,-1.1205705121265262e-05,-3.735235040421754e-06,0.9999962647719356,3,True
heico__2569359,heico,0027 - Heico - Sigma - 8.avi,heico/0027 - Heico - Sigma - 8.avi,01:45:58,What class is the foreign object located in the top/left relative to the image center? Please provide a class name.,Sponge,fo_class,,1.0,Sponge,True,Sponge,-0.19351964916676845,-0.06450654972225615,0.9375299736810058,3,True
heico__2586625,heico,0027 - Heico - Sigma - 8.avi,heico/0027 - Heico - Sigma - 8.avi,00:41:27,Which of the visible foreign objects has its centre closest to the centre of the image? Please provide a class name.,Clip,fo_class,,1.0,Clip,True,Clip,-0.0005927643234199129,-0.00029638216170995644,0.9997036617551441,2,True
heico__2586638,heico,0027 - Heico - Sigma - 8.avi,heico/0027 - Heico - Sigma - 8.avi,01:59:32,Which of the visible foreign objects has its centre closest to the centre of the image? Please provide a class name.,Sponge,fo_class,,1.0,Sponge,True,Sponge,-0.021849962857030832,-0.0072833209523436105,0.9927431381540135,3,True
heico__2511985,heico,0027 - Heico - Sigma - 8.avi,heico/0027 - Heico - Sigma - 8.avi,01:59:28,Which combination of foreign object classes is visible in this frame? Please provide the class names or answer with none.,"Clip, Sponge",fo_class,,2.0,Sponge,False,"Clip, Sponge",-0.46086233643828434,-0.11521558410957108,0.8911740002427,4,True
heico__2524951,heico,0027 - Heico - Sigma - 8.avi,heico/0027 - Heico - Sigma - 8.avi,01:58:54,There is one surgical foreign object visible in the frame. What surgical foreign object is visible in this video frame? Please provide a class name.,Clip,fo_class,,1.0,"Clip,Sponge",False,Clip,-0.25622126949402374,-0.12811063474701187,0.8797560421731595,2,True
heico__2524827,heico,0027 - Heico - Sigma - 8.avi,heico/0027 - Heico - Sigma - 8.avi,02:22:17,There is one surgical foreign object visible in the frame. What surgical foreign object is visible in this video frame? Please provide a class name.,External drain,fo_class,,1.0,Clip,False,Clip,-0.11477109102533573,-0.05738554551266786,0.9442299555575193,2,False
heico__2525015,heico,0027 - Heico - Sigma - 8.avi,heico/0027 - Heico - Sigma - 8.avi,02:11:30,There is one surgical foreign object visible in the frame. What surgical foreign object is visible in this video frame? Please provide a class name.,Needle,fo_class,,1.0,Needle,True,Needle,-6.711671121932523e-05,-2.237223707310841e-05,0.9999776280131836,3,True
heico__2524837,heico,0027 - Heico - Sigma - 8.avi,heico/0027 - Heico - Sigma - 8.avi,00:14:17,There is one surgical foreign object visible in the frame. What surgical foreign object is visible in this video frame? Please provide a class name.,Sponge,fo_class,,1.0,Sponge,True,Sponge,-0.1306939853413585,-0.04356466178045284,0.9573706467988953,3,True
heico__2528968,heico,0027 - Heico - Sigma - 8.avi,heico/0027 - Heico - Sigma - 8.avi,01:48:53,List all foreign objects that are visible in this video frame. Please provide the class names or answer with none.,Clip,fo_class,,1.0,Clip,True,Clip,-0.012732211410935544,-0.006366105705467772,0.9936541150136264,2,True
heico__2528961,heico,0027 - Heico - Sigma - 8.avi,heico/0027 - Heico - Sigma - 8.avi,00:41:54,List all foreign objects that are visible in this video frame. Please provide the class names or answer with none.,"Clip, Sponge",fo_class,,2.0,Clip,False,Clip,-0.038424825963740465,-0.019212412981870233,0.9809709691422059,2,False
heico__2529228,heico,0027 - Heico - Sigma - 8.avi,heico/0027 - Heico - Sigma - 8.avi,02:24:08,List all foreign objects that are visible in this video frame. Please provide the class names or answer with none.,External drain,fo_class,,1.0,External drain,True,External drain,-0.33072275985885435,-0.11024091995295145,0.8956183369749049,3,True
heico__2529194,heico,0027 - Heico - Sigma - 8.avi,heico/0027 - Heico - Sigma - 8.avi,02:11:34,List all foreign objects that are visible in this video frame. Please provide the class names or answer with none.,Needle,fo_class,,1.0,Needle,True,Needle,-0.0023599429374047574,-0.0007866476458015858,0.9992136616803422,3,True
heico__2528824,heico,0027 - Heico - Sigma - 8.avi,heico/0027 - Heico - Sigma - 8.avi,00:14:03,List all foreign objects that are visible in this video frame. Please provide the class names or answer with none.,Sponge,fo_class,,1.0,Sponge,True,Sponge,-0.012792337414688965,-0.004264112471562988,0.995744965947638,3,True
heico__2569397,heico,0027 - Heico - Sigma - 8.avi,heico/0027 - Heico - Sigma - 8.avi,01:49:27,What class is the foreign object located in the top/right relative to the image center? Please provide a class name.,Clip,fo_class,,1.0,"Clip,Needle",False,Clip,-0.522869602213068,-0.261434801106534,0.7699460734199118,2,True
heico__2569406,heico,0027 - Heico - Sigma - 8.avi,heico/0027 - Heico - Sigma - 8.avi,02:10:58,What class is the foreign object located in the top/right relative to the image center? Please provide a class name.,Needle,fo_class,,1.0,Needle,True,Needle,-1.680861118649364e-05,-5.60287039549788e-06,0.9999943971453006,3,True
heico__2569411,heico,0027 - Heico - Sigma - 8.avi,heico/0027 - Heico - Sigma - 8.avi,00:14:16,What class is the foreign object located in the bottom/left relative to the image center? Please provide a class name.,Sponge,fo_class,,1.0,Sponge,True,Sponge,-0.00020488212659546838,-6.829404219848946e-05,0.9999317082897865,3,True
heico__2586629,heico,0027 - Heico - Sigma - 8.avi,heico/0027 - Heico - Sigma - 8.avi,00:41:32,Which of the visible foreign objects has its centre closest to the centre of the image? Please provide a class name.,Clip,fo_class,,1.0,Clip,True,Clip,-0.0007029845442483681,-0.00035149227212418404,0.9996485694940475,2,True
heico__2586632,heico,0027 - Heico - Sigma - 8.avi,heico/0027 - Heico - Sigma - 8.avi,01:59:24,Which of the visible foreign objects has its centre closest to the centre of the image? Please provide a class name.,Sponge,fo_class,,1.0,Sponge,True,Sponge,-0.00727154992732621,-0.0024238499757754032,0.9975790851766418,3,True
heico__2511947,heico,0027 - Heico - Sigma - 8.avi,heico/0027 - Heico - Sigma - 8.avi,00:42:17,Which combination of foreign object classes is visible in this frame? Please provide the class names or answer with none.,"Clip, Sponge",fo_class,,2.0,"Clip,Sponge",True,"Clip, Sponge",-0.2079773024939458,-0.05199432562348645,0.9493342537075987,4,True
heico__2525185,heico,0027 - Heico - Sigma - 8.avi,heico/0027 - Heico - Sigma - 8.avi,02:17:38,There is one surgical foreign object visible in the frame. What surgical foreign object is visible in this video frame? Please provide a class name.,Clip,fo_class,,1.0,Clip,True,Clip,-0.12551819273679843,-0.06275909636839921,0.9391696958295863,2,True
heico__2525101,heico,0027 - Heico - Sigma - 8.avi,heico/0027 - Heico - Sigma - 8.avi,02:21:25,There is one surgical foreign object visible in the frame. What surgical foreign object is visible in this video frame? Please provide a class name.,External drain,fo_class,,1.0,External drain,True,External drain,-9.012596160778282e-05,-3.004198720259427e-05,0.9999699584640533,3,True
heico__2525119,heico,0027 - Heico - Sigma - 8.avi,heico/0027 - Heico - Sigma - 8.avi,02:03:55,There is one surgical foreign object visible in the frame. What surgical foreign object is visible in this video frame? Please provide a class name.,Needle,fo_class,,1.0,Needle,True,Needle,-0.0020539240106522824,-0.0006846413368840941,0.9993155929765194,3,True
heico__2525169,heico,0027 - Heico - Sigma - 8.avi,heico/0027 - Heico - Sigma - 8.avi,00:28:11,There is one surgical foreign object visible in the frame. What surgical foreign object is visible in this video frame? Please provide a class name.,Sponge,fo_class,,1.0,Sponge,True,Sponge,-0.03846298738890158,-0.012820995796300527,0.9872608430451291,3,True
heico__2528874,heico,0027 - Heico - Sigma - 8.avi,heico/0027 - Heico - Sigma - 8.avi,01:58:26,List all foreign objects that are visible in this video frame. Please provide the class names or answer with none.,Clip,fo_class,,1.0,none,False,Clip,-0.9082707076381775,-0.45413535381908876,0.6349967781898498,2,True
heico__2529157,heico,0027 - Heico - Sigma - 8.avi,heico/0027 - Heico - Sigma - 8.avi,00:50:47,List all foreign objects that are visible in this video frame. Please provide the class names or answer with none.,"Clip, Sponge",fo_class,,2.0,"Clip,Sponge",True,"Clip, Sponge",-0.5025839624062653,-0.12564599060156634,0.8819270019746518,4,True
heico__2529136,heico,0027 - Heico - Sigma - 8.avi,heico/0027 - Heico - Sigma - 8.avi,02:22:00,List all foreign objects that are visible in this video frame. Please provide the class names or answer with none.,External drain,fo_class,,1.0,External drain,True,External drain,-0.0030830309486039463,-0.001027676982867982,0.9989728508962773,3,True
heico__2529169,heico,0027 - Heico - Sigma - 8.avi,heico/0027 - Heico - Sigma - 8.avi,02:02:11,List all foreign objects that are visible in this video frame. Please provide the class names or answer with none.,Needle,fo_class,,1.0,Needle,True,Needle,-0.4141776142725932,-0.13805920475753106,0.8710471200856268,3,True
heico__2528987,heico,0027 - Heico - Sigma - 8.avi,heico/0027 - Heico - Sigma - 8.avi,00:18:28,List all foreign objects that are visible in this video frame. Please provide the class names or answer with none.,Sponge,fo_class,,1.0,Sponge,True,Sponge,-0.002623717165141721,-0.0008745723883805736,0.999125809938585,3,True
heico__2569375,heico,0027 - Heico - Sigma - 8.avi,heico/0027 - Heico - Sigma - 8.avi,01:49:11,What class is the foreign object located in the top/left relative to the image center? Please provide a class name.,Clip,fo_class,,1.0,Clip,True,Clip,-0.07320037562554577,-0.03660018781277288,0.9640615018444832,2,True
heico__2569550,heico,0027 - Heico - Sigma - 8.avi,heico/0027 - Heico - Sigma - 8.avi,02:06:31,What class is the foreign object located in the bottom/right relative to the image center? Please provide a class name.,Needle,fo_class,,1.0,Needle,True,Needle,-0.0054623009232287354,-0.0018207669744095786,0.9981808896162037,3,True
heico__2569332,heico,0027 - Heico - Sigma - 8.avi,heico/0027 - Heico - Sigma - 8.avi,00:19:00,What class is the foreign object located in the top/left relative to the image center? Please provide a class name.,Sponge,fo_class,,1.0,Sponge,True,Sponge,-8.940735632963059e-06,-2.9802452109876863e-06,0.9999970197592299,3,True
heico__2586622,heico,0027 - Heico - Sigma - 8.avi,heico/0027 - Heico - Sigma - 8.avi,00:41:22,Which of the visible foreign objects has its centre closest to the centre of the image? Please provide a class name.,Clip,fo_class,,1.0,Clip,True,Clip,-0.038905827582874405,-0.019452913791437203,0.9807350731976854,2,True
heico__2586635,heico,0027 - Heico - Sigma - 8.avi,heico/0027 - Heico - Sigma - 8.avi,01:59:28,Which of the visible foreign objects has its centre closest to the centre of the image? Please provide a class name.,Sponge,fo_class,,1.0,Sponge,True,Sponge,-0.025784242397902904,-0.008594747465967634,0.9914420817877945,3,True
heico__2511967,heico,0027 - Heico - Sigma - 8.avi,heico/0027 - Heico - Sigma - 8.avi,00:50:51,Which combination of foreign object classes is visible in this frame? Please provide the class names or answer with none.,"Clip, Sponge",fo_class,,2.0,"Clip,Sponge",True,"Clip, Sponge",-0.21236079198077965,-0.05309019799519491,0.9482944743642308,4,True
heico__2525058,heico,0027 - Heico - Sigma - 8.avi,heico/0027 - Heico - Sigma - 8.avi,01:47:09,There is one surgical foreign object visible in the frame. What surgical foreign object is visible in this video frame? Please provide a class name.,Clip,fo_class,,1.0,External drain,False,External drain,-0.20081378821500465,-0.06693792940500155,0.9352532512609413,3,False
heico__2524989,heico,0027 - Heico - Sigma - 8.avi,heico/0027 - Heico - Sigma - 8.avi,02:24:12,There is one surgical foreign object visible in the frame. What surgical foreign object is visible in this video frame? Please provide a class name.,External drain,fo_class,,1.0,External drain,True,External drain,-0.01232077380420318,-0.00410692460140106,0.9959014972801508,3,True
heico__2524922,heico,0027 - Heico - Sigma - 8.avi,heico/0027 - Heico - Sigma - 8.avi,02:11:33,There is one surgical foreign object visible in the frame. What surgical foreign object is visible in this video frame? Please provide a class name.,Needle,fo_class,,1.0,Needle,True,Needle,-1.5854911574395498e-05,-5.284970524798499e-06,0.9999947150434406,3,True
heico__2525117,heico,0027 - Heico - Sigma - 8.avi,heico/0027 - Heico - Sigma - 8.avi,00:30:22,There is one surgical foreign object visible in the frame. What surgical foreign object is visible in this video frame? Please provide a class name.,Sponge,fo_class,,1.0,Sponge,True,Sponge,-3.051802947078271e-05,-1.0172676490260902e-05,0.9999898273752512,3,True
heico__2529175,heico,0027 - Heico - Sigma - 8.avi,heico/0027 - Heico - Sigma - 8.avi,02:17:37,List all foreign objects that are visible in this video frame. Please provide the class names or answer with none.,Clip,fo_class,,1.0,Clip,True,Clip,-0.436524796580386,-0.218262398290193,0.8039144682063137,2,True
heico__2528971,heico,0027 - Heico - Sigma - 8.avi,heico/0027 - Heico - Sigma - 8.avi,00:41:21,List all foreign objects that are visible in this video frame. Please provide the class names or answer with none.,"Clip, Sponge",fo_class,,2.0,Sponge,False,Sponge,-0.009101965402715469,-0.003033988467571823,0.9969706094242798,3,False
heico__2528799,heico,0027 - Heico - Sigma - 8.avi,heico/0027 - Heico - Sigma - 8.avi,02:23:23,List all foreign objects that are visible in this video frame. Please provide the class names or answer with none.,External drain,fo_class,,1.0,External drain,True,External drain,-0.00507767683103145,-0.00169255894367715,0.9983088726264256,3,True
heico__2529043,heico,0027 - Heico - Sigma - 8.avi,heico/0027 - Heico - Sigma - 8.avi,02:10:32,List all foreign objects that are visible in this video frame. Please provide the class names or answer with none.,Needle,fo_class,,1.0,"Needle,Silicone loop",False,"Needle, Silicone loop",-0.1809605789044775,-0.030160096484079583,0.9702901810666212,6,False
heico__2529285,heico,0027 - Heico - Sigma - 8.avi,heico/0027 - Heico - Sigma - 8.avi,00:34:40,List all foreign objects that are visible in this video frame. Please provide the class names or answer with none.,Sponge,fo_class,,1.0,Sponge,True,Sponge,-0.009341333599954971,-0.003113777866651657,0.9968910649119002,3,True
heico__2569400,heico,0027 - Heico - Sigma - 8.avi,heico/0027 - Heico - Sigma - 8.avi,01:49:46,What class is the foreign object located in the top/right relative to the image center? Please provide a class name.,Clip,fo_class,,1.0,Clip,True,Clip,-0.003166314115404878,-0.001583157057702439,0.99841809547436,2,True
heico__2569388,heico,0027 - Heico - Sigma - 8.avi,heico/0027 - Heico - Sigma - 8.avi,02:11:02,What class is the foreign object located in the top/left relative to the image center? Please provide a class name.,Needle,fo_class,,1.0,Needle,True,Needle,-2.0623363733199778e-05,-6.874454577733259e-06,0.9999931255690513,3,True
heico__2569522,heico,0027 - Heico - Sigma - 8.avi,heico/0027 - Heico - Sigma - 8.avi,00:42:18,What class is the foreign object located in the bottom/left relative to the image center? Please provide a class name.,Sponge,fo_class,,1.0,Clip,False,Clip,-0.07343749068034887,-0.036718745340174434,0.9639472118716637,2,False
heico__2586627,heico,0027 - Heico - Sigma - 8.avi,heico/0027 - Heico - Sigma - 8.avi,00:41:30,Which of the visible foreign objects has its centre closest to the centre of the image? Please provide a class name.,Clip,fo_class,,1.0,Clip,True,Clip,-0.000959319577633191,-0.0004796597888165955,0.9995204552295492,2,True
heico__2511983,heico,0027 - Heico - Sigma - 8.avi,heico/0027 - Heico - Sigma - 8.avi,01:59:26,Which combination of foreign object classes is visible in this frame? Please provide the class names or answer with none.,"Clip, Sponge",fo_class,,2.0,"Clip,Sponge",True,"Clip, Sponge",-0.002815901920437352,-0.000703975480109338,0.999296272252493,4,True
heico__2524795,heico,0027 - Heico - Sigma - 8.avi,heico/0027 - Heico - Sigma - 8.avi,01:48:50,There is one surgical foreign object visible in the frame. What surgical foreign object is visible in this video frame? Please provide a class name.,Clip,fo_class,,1.0,Clip,True,Clip,-0.0002513833498473891,-0.00012569167492369456,0.999874316223944,2,True
heico__2525090,heico,0027 - Heico - Sigma - 8.avi,heico/0027 - Heico - Sigma - 8.avi,02:22:59,There is one surgical foreign object visible in the frame. What surgical foreign object is visible in this video frame? Please provide a class name.,External drain,fo_class,,1.0,External drain,True,External drain,-4.136627546223668e-05,-1.3788758487412227e-05,0.9999862113365771,3,True
heico__2525279,heico,0027 - Heico - Sigma - 8.avi,heico/0027 - Heico - Sigma - 8.avi,02:08:17,There is one surgical foreign object visible in the frame. What surgical foreign object is visible in this video frame? Please provide a class name.,Needle,fo_class,,1.0,Needle,True,Needle,-1.2993862619055688e-05,-4.3312875396852295e-06,0.9999956687218403,3,True
heico__2525244,heico,0027 - Heico - Sigma - 8.avi,heico/0027 - Heico - Sigma - 8.avi,00:51:04,There is one surgical foreign object visible in the frame. What surgical foreign object is visible in this video frame? Please provide a class name.,Sponge,fo_class,,1.0,Clip,False,Clip,-0.4297668083660456,-0.2148834041830228,0.8066354850179813,2,False
heico__2528964,heico,0027 - Heico - Sigma - 8.avi,heico/0027 - Heico - Sigma - 8.avi,00:50:34,List all foreign objects that are visible in this video frame. Please provide the class names or answer with none.,Clip,fo_class,,1.0,Clip,True,Clip,-0.0012416889686617805,-0.0006208444843308902,0.9993793481997283,2,True
heico__2528972,heico,0027 - Heico - Sigma - 8.avi,heico/0027 - Heico - Sigma - 8.avi,00:50:24,List all foreign objects that are visible in this video frame. Please provide the class names or answer with none.,"Clip, Sponge",fo_class,,2.0,"Clip,Sponge",True,"Clip, Sponge",-0.00017882271402073927,-4.4705678505184817e-05,0.9999552953207788,4,True
heico__2528859,heico,0027 - Heico - Sigma - 8.avi,heico/0027 - Heico - Sigma - 8.avi,02:23:42,List all foreign objects that are visible in this video frame. Please provide the class names or answer with none.,External drain,fo_class,,1.0,External drain,True,External drain,-0.02609490292781334,-0.00869830097593778,0.9913394197958898,3,True
heico__2529017,heico,0027 - Heico - Sigma - 8.avi,heico/0027 - Heico - Sigma - 8.avi,02:06:32,List all foreign objects that are visible in this video frame. Please provide the class names or answer with none.,Needle,fo_class,,1.0,Needle,True,Needle,-0.43432652417235906,-0.144775508057453,0.8652165054444045,3,True
heico__2529038,heico,0027 - Heico - Sigma - 8.avi,heico/0027 - Heico - Sigma - 8.avi,00:51:04,List all foreign objects that are visible in this video frame. Please provide the class names or answer with none.,Sponge,fo_class,,1.0,Clip,False,Clip,-0.3631201353970969,-0.18156006769854846,0.8339681492515292,2,False
heico__2569393,heico,0027 - Heico - Sigma - 8.avi,heico/0027 - Heico - Sigma - 8.avi,01:49:17,What class is the foreign object located in the top/right relative to the image center? Please provide a class name.,Clip,fo_class,,1.0,Clip,True,Clip,-0.00515510925466497,-0.002577554627332485,0.9974257644143132,2,True
heico__2569532,heico,0027 - Heico - Sigma - 8.avi,heico/0027 - Heico - Sigma - 8.avi,02:07:32,What class is the foreign object located in the bottom/left relative to the image center? Please provide a class name.,Needle,fo_class,,1.0,Needle,True,Needle,-0.0007244791087827315,-0.0002414930362609105,0.9997585361208352,3,True
heico__2569525,heico,0027 - Heico - Sigma - 8.avi,heico/0027 - Heico - Sigma - 8.avi,00:50:08,What class is the foreign object located in the bottom/left relative to the image center? Please provide a class name.,Sponge,fo_class,,1.0,Sponge,True,Sponge,-0.00019701273324755712,-6.567091108251904e-05,0.9999343312452046,3,True
heico__2586628,heico,0027 - Heico - Sigma - 8.avi,heico/0027 - Heico - Sigma - 8.avi,00:41:31,Which of the visible foreign objects has its centre closest to the centre of the image? Please provide a class name.,Clip,fo_class,,1.0,Clip,True,Clip,-0.00046371127019816674,-0.00023185563509908337,0.9997681712413415,2,True
heico__2511924,heico,0027 - Heico - Sigma - 8.avi,heico/0027 - Heico - Sigma - 8.avi,00:41:32,Which combination of foreign object classes is visible in this frame? Please provide the class names or answer with none.,"Clip, Sponge",fo_class,,2.0,"Clip,Sponge",True,"Clip, Sponge",-0.00015581706289858664,-3.895426572464666e-05,0.9999610464929829,4,True
heico__2524863,heico,0027 - Heico - Sigma - 8.avi,heico/0027 - Heico - Sigma - 8.avi,02:20:43,There is one surgical foreign object visible in the frame. What surgical foreign object is visible in this video frame? Please provide a class name.,External drain,fo_class,,1.0,External drain,True,External drain,-0.0003122563684241581,-0.00010408545614138603,0.9998959199605618,3,True
heico__2525190,heico,0027 - Heico - Sigma - 8.avi,heico/0027 - Heico - Sigma - 8.avi,02:11:36,There is one surgical foreign object visible in the frame. What surgical foreign object is visible in this video frame? Please provide a class name.,Needle,fo_class,,1.0,Needle,True,Needle,-1.5020437246431897e-05,-5.006812415477299e-06,0.9999949932001186,3,True
heico__2525196,heico,0027 - Heico - Sigma - 8.avi,heico/0027 - Heico - Sigma - 8.avi,01:46:42,There is one surgical foreign object visible in the frame. What surgical foreign object is visible in this video frame? Please provide a class name.,Sponge,fo_class,,1.0,Sponge,True,Sponge,-0.3215389962720954,-0.1071796654240318,0.8983642534954495,3,True
heico__2529040,heico,0027 - Heico - Sigma - 8.avi,heico/0027 - Heico - Sigma - 8.avi,01:49:43,List all foreign objects that are visible in this video frame. Please provide the class names or answer with none.,Clip,fo_class,,1.0,Clip,True,Clip,-0.002646470067847022,-0.001323235033923511,0.9986776400555284,2,True
heico__2528962,heico,0027 - Heico - Sigma - 8.avi,heico/0027 - Heico - Sigma - 8.avi,00:42:16,List all foreign objects that are visible in this video frame. Please provide the class names or answer with none.,"Clip, Sponge",fo_class,,2.0,Clip,False,Clip,-0.01371029584048562,-0.00685514792024281,0.9931682950074282,2,False
heico__2529184,heico,0027 - Heico - Sigma - 8.avi,heico/0027 - Heico - Sigma - 8.avi,02:22:36,List all foreign objects that are visible in this video frame. Please provide the class names or answer with none.,External drain,fo_class,,1.0,External drain,True,External drain,-0.0009280271207765962,-0.00030934237359219873,0.9996907054678266,3,True
heico__2529011,heico,0027 - Heico - Sigma - 8.avi,heico/0027 - Heico - Sigma - 8.avi,02:12:04,List all foreign objects that are visible in this video frame. Please provide the class names or answer with none.,Needle,fo_class,,1.0,Needle,True,Needle,-0.028995388309150025,-0.009665129436383342,0.990381427812451,3,True
heico__2528812,heico,0027 - Heico - Sigma - 8.avi,heico/0027 - Heico - Sigma - 8.avi,01:50:58,List all foreign objects that are visible in this video frame. Please provide the class names or answer with none.,Sponge,fo_class,,1.0,Sponge,True,Sponge,-0.2580385248958477,-0.08601284163194924,0.9175824478884137,3,True
heico__2569395,heico,0027 - Heico - Sigma - 8.avi,heico/0027 - Heico - Sigma - 8.avi,01:49:25,What class is the foreign object located in the top/right relative to the image center? Please provide a class name.,Clip,fo_class,,1.0,none,False,Clip,-0.5401312553915688,-0.2700656276957844,0.7633293971435304,2,True
heico__2569530,heico,0027 - Heico - Sigma - 8.avi,heico/0027 - Heico - Sigma - 8.avi,02:06:30,What class is the foreign object located in the bottom/left relative to the image center? Please provide a class name.,Needle,fo_class,,1.0,none,False,External drain,-0.325027651757995,-0.10834255058599833,0.8973201662294733,3,False
heico__2569527,heico,0027 - Heico - Sigma - 8.avi,heico/0027 - Heico - Sigma - 8.avi,01:45:44,What class is the foreign object located in the bottom/left relative to the image center? Please provide a class name.,Sponge,fo_class,,1.0,none,False,External drain,-0.34190070748088874,-0.11396690249362958,0.8922874878845023,3,False
heico__2586623,heico,0027 - Heico - Sigma - 8.avi,heico/0027 - Heico - Sigma - 8.avi,00:41:25,Which of the visible foreign objects has its centre closest to the centre of the image? Please provide a class name.,Clip,fo_class,,1.0,Clip,True,Clip,-0.0007983632044481908,-0.0003991816022240954,0.9996008980601514,2,True
heico__2511966,heico,0027 - Heico - Sigma - 8.avi,heico/0027 - Heico - Sigma - 8.avi,00:50:50,Which combination of foreign object classes is visible in this frame? Please provide the class names or answer with none.,"Clip, Sponge",fo_class,,2.0,Sponge,False,"Clip, Sponge",-0.09766913675100637,-0.024417284187751593,0.9758784061550863,4,True
heico__2525108,heico,0027 - Heico - Sigma - 8.avi,heico/0027 - Heico - Sigma - 8.avi,02:23:07,There is one surgical foreign object visible in the frame. What surgical foreign object is visible in this video frame? Please provide a class name.,External drain,fo_class,,1.0,External drain,True,External drain,-0.00026974504417371547,-8.991501472457182e-05,0.9999100890275092,3,True
heico__2525171,heico,0027 - Heico - Sigma - 8.avi,heico/0027 - Heico - Sigma - 8.avi,02:09:34,There is one surgical foreign object visible in the frame. What surgical foreign object is visible in this video frame? Please provide a class name.,Needle,fo_class,,1.0,Needle,True,Needle,-4.828062955832938e-05,-1.6093543186109793e-05,0.9999839065863143,3,True
heico__2524823,heico,0027 - Heico - Sigma - 8.avi,heico/0027 - Heico - Sigma - 8.avi,00:14:02,There is one surgical foreign object visible in the frame. What surgical foreign object is visible in this video frame? Please provide a class name.,Sponge,fo_class,,1.0,Sponge,True,Sponge,-0.0001313772042778736,-4.379240142595787e-05,0.9999562085574473,3,True
heico__2529203,heico,0027 - Heico - Sigma - 8.avi,heico/0027 - Heico - Sigma - 8.avi,01:59:19,List all foreign objects that are visible in this video frame. Please provide the class names or answer with none.,Clip,fo_class,,1.0,Sponge,False,Sponge,-0.10049149872218721,-0.03349716624072907,0.9670576516361059,3,False
heico__2529200,heico,0027 - Heico - Sigma - 8.avi,heico/0027 - Heico - Sigma - 8.avi,00:42:04,List all foreign objects that are visible in this video frame. Please provide the class names or answer with none.,"Clip, Sponge",fo_class,,2.0,"Clip,Sponge",True,Clip,-0.34838808883582184,-0.17419404441791092,0.8401338585549785,2,False
heico__2528801,heico,0027 - Heico - Sigma - 8.avi,heico/0027 - Heico - Sigma - 8.avi,02:21:25,List all foreign objects that are visible in this video frame. Please provide the class names or answer with none.,External drain,fo_class,,1.0,External drain,True,External drain,-0.006463054314166496,-0.0021543514380554987,0.9978479675114276,3,True
heico__2529084,heico,0027 - Heico - Sigma - 8.avi,heico/0027 - Heico - Sigma - 8.avi,02:07:45,List all foreign objects that are visible in this video frame. Please provide the class names or answer with none.,Needle,fo_class,,1.0,Needle,True,Needle,-0.016331677421552927,-0.0054438924738509755,0.99457089865617,3,True
heico__2528817,heico,0027 - Heico - Sigma - 8.avi,heico/0027 - Heico - Sigma - 8.avi,00:13:56,List all foreign objects that are visible in this video frame. Please provide the class names or answer with none.,Sponge,fo_class,,1.0,Sponge,True,Sponge,-0.009244651432197836,-0.0030815504773992787,0.9969231926259847,3,True
heico__2569403,heico,0027 - Heico - Sigma - 8.avi,heico/0027 - Heico - Sigma - 8.avi,01:49:57,What class is the foreign object located in the top/right relative to the image center? Please provide a class name.,Clip,fo_class,,1.0,none,False,Sponge,-0.6764074712983831,-0.22546915709946103,0.798141677072627,3,False
heico__2569549,heico,0027 - Heico - Sigma - 8.avi,heico/0027 - Heico - Sigma - 8.avi,02:03:53,What class is the foreign object located in the bottom/right relative to the image center? Please provide a class name.,Needle,fo_class,,1.0,External drain,False,External drain,-0.15673603205454054,-0.05224534401818018,0.9490959832535899,3,False
heico__2569409,heico,0027 - Heico - Sigma - 8.avi,heico/0027 - Heico - Sigma - 8.avi,00:13:47,What class is the foreign object located in the bottom/left relative to the image center? Please provide a class name.,Sponge,fo_class,,1.0,Sponge,True,Sponge,-5.483641714983222e-06,-1.827880571661074e-06,0.9999981721210989,3,True
heico__2586626,heico,0027 - Heico - Sigma - 8.avi,heico/0027 - Heico - Sigma - 8.avi,00:41:29,Which of the visible foreign objects has its centre closest to the centre of the image? Please provide a class name.,Clip,fo_class,,1.0,Clip,True,Clip,-0.00022694025573214376,-0.00011347012786607188,0.9998865363096254,2,True
heico__2511989,heico,0027 - Heico - Sigma - 8.avi,heico/0027 - Heico - Sigma - 8.avi,01:59:32,Which combination of foreign object classes is visible in this frame? Please provide the class names or answer with none.,"Clip, Sponge",fo_class,,2.0,Sponge,False,"Specimen, Sponge",-0.4532467111866458,-0.09064934223732915,0.9133379237863347,5,False
heico__2524888,heico,0027 - Heico - Sigma - 8.avi,heico/0027 - Heico - Sigma - 8.avi,02:23:25,There is one surgical foreign object visible in the frame. What surgical foreign object is visible in this video frame? Please provide a class name.,External drain,fo_class,,1.0,External drain,True,External drain,-0.0070684295007907875,-0.0023561431669302624,0.9976466303596784,3,True
heico__2524883,heico,0027 - Heico - Sigma - 8.avi,heico/0027 - Heico - Sigma - 8.avi,02:11:45,There is one surgical foreign object visible in the frame. What surgical foreign object is visible in this video frame? Please provide a class name.,Needle,fo_class,,1.0,Needle,True,Needle,-1.5854915269276305e-05,-5.284971756425435e-06,0.999994715042209,3,True
heico__2525043,heico,0027 - Heico - Sigma - 8.avi,heico/0027 - Heico - Sigma - 8.avi,00:20:02,There is one surgical foreign object visible in the frame. What surgical foreign object is visible in this video frame? Please provide a class name.,Sponge,fo_class,,1.0,Sponge,True,Sponge,-0.14658913785688177,-0.048863045952293925,0.9523115436885244,3,True
heico__2528947,heico,0027 - Heico - Sigma - 8.avi,heico/0027 - Heico - Sigma - 8.avi,00:50:31,List all foreign objects that are visible in this video frame. Please provide the class names or answer with none.,Clip,fo_class,,1.0,Clip,True,Clip,-0.005136721312078587,-0.0025683606560392936,0.9974349347603142,2,True
heico__2528854,heico,0027 - Heico - Sigma - 8.avi,heico/0027 - Heico - Sigma - 8.avi,02:22:17,List all foreign objects that are visible in this video frame. Please provide the class names or answer with none.,External drain,fo_class,,1.0,Clip,False,Clip,-0.16564347704182736,-0.08282173852091368,0.9205152250008464,2,False
heico__2529053,heico,0027 - Heico - Sigma - 8.avi,heico/0027 - Heico - Sigma - 8.avi,02:10:51,List all foreign objects that are visible in this video frame. Please provide the class names or answer with none.,Needle,fo_class,,1.0,"Specimen,Sponge",False,"Clip, Sponge",-0.8623319122974497,-0.2155829780743624,0.8060713812319812,4,False
heico__2528988,heico,0027 - Heico - Sigma - 8.avi,heico/0027 - Heico - Sigma - 8.avi,00:18:29,List all foreign objects that are visible in this video frame. Please provide the class names or answer with none.,Sponge,fo_class,,1.0,Sponge,True,Sponge,-0.003967634216134414,-0.0013225447387114713,0.9986783294381597,3,True
heico__2569398,heico,0027 - Heico - Sigma - 8.avi,heico/0027 - Heico - Sigma - 8.avi,01:49:28,What class is the foreign object located in the top/right relative to the image center? Please provide a class name.,Clip,fo_class,,1.0,Clip,True,Clip,-0.0001785315308938128,-8.92657654469064e-05,0.999910738218623,2,True
heico__2569548,heico,0027 - Heico - Sigma - 8.avi,heico/0027 - Heico - Sigma - 8.avi,02:03:21,What class is the foreign object located in the bottom/right relative to the image center? Please provide a class name.,Needle,fo_class,,1.0,Needle,True,Needle,-0.0029458570354817166,-0.0009819523451605721,0.9990185296122776,3,True
heico__2569457,heico,0027 - Heico - Sigma - 8.avi,heico/0027 - Heico - Sigma - 8.avi,00:22:56,What class is the foreign object located in the bottom/left relative to the image center? Please provide a class name.,Sponge,fo_class,,1.0,Sponge,True,Sponge,-1.2159420024331395e-05,-4.053140008110465e-06,0.9999959468682058,3,True
heico__2511926,heico,0027 - Heico - Sigma - 8.avi,heico/0027 - Heico - Sigma - 8.avi,00:41:49,Which combination of foreign object classes is visible in this frame? Please provide the class names or answer with none.,"Clip, Sponge",fo_class,,2.0,"Clip,Sponge",True,"Clip, Sponge",-0.11921176770517776,-0.02980294192629444,0.9706367865193375,4,True
heico__2525180,heico,0027 - Heico - Sigma - 8.avi,heico/0027 - Heico - Sigma - 8.avi,02:21:49,There is one surgical foreign object visible in the frame. What surgical foreign object is visible in this video frame? Please provide a class name.,External drain,fo_class,,1.0,External drain,True,External drain,-0.3272085121362115,-0.10906950404540383,0.8966680932725006,3,True
heico__2525161,heico,0027 - Heico - Sigma - 8.avi,heico/0027 - Heico - Sigma - 8.avi,02:04:58,There is one surgical foreign object visible in the frame. What surgical foreign object is visible in this video frame? Please provide a class name.,Needle,fo_class,,1.0,Needle,True,Needle,-0.1112516789980711,-0.037083892999357035,0.9635952930587487,3,True
heico__2525114,heico,0027 - Heico - Sigma - 8.avi,heico/0027 - Heico - Sigma - 8.avi,00:41:10,There is one surgical foreign object visible in the frame. What surgical foreign object is visible in this video frame? Please provide a class name.,Sponge,fo_class,,1.0,Sponge,True,Sponge,-0.00020070883659753893,-6.690294553251298e-05,0.9999330992924197,3,True
heico__2529048,heico,0027 - Heico - Sigma - 8.avi,heico/0027 - Heico - Sigma - 8.avi,01:48:46,List all foreign objects that are visible in this video frame. Please provide the class names or answer with none.,Clip,fo_class,,1.0,Clip,True,Clip,-0.03889210204150526,-0.01944605102075263,0.9807418037806903,2,True
heico__2528809,heico,0027 - Heico - Sigma - 8.avi,heico/0027 - Heico - Sigma - 8.avi,02:20:27,List all foreign objects that are visible in this video frame. Please provide the class names or answer with none.,External drain,fo_class,,1.0,External drain,True,External drain,-0.004426955713312183,-0.0014756519044373945,0.9985254363344811,3,True
heico__2528990,heico,0027 - Heico - Sigma - 8.avi,heico/0027 - Heico - Sigma - 8.avi,02:03:52,List all foreign objects that are visible in this video frame. Please provide the class names or answer with none.,Needle,fo_class,,1.0,Needle,True,Needle,-0.05672752753835983,-0.018909175846119942,0.9812684810751963,3,True
heico__2529218,heico,0027 - Heico - Sigma - 8.avi,heico/0027 - Heico - Sigma - 8.avi,00:38:20,List all foreign objects that are visible in this video frame. Please provide the class names or answer with none.,Sponge,fo_class,,1.0,Sponge,True,Sponge,-0.08963838133958965,-0.029879460446529883,0.9705625176702545,3,True
heico__2569396,heico,0027 - Heico - Sigma - 8.avi,heico/0027 - Heico - Sigma - 8.avi,01:49:26,What class is the foreign object located in the top/right relative to the image center? Please provide a class name.,Clip,fo_class,,1.0,Needle,False,Clip,-0.2032118055616994,-0.1016059027808497,0.9033855032391551,2,True
heico__2569553,heico,0027 - Heico - Sigma - 8.avi,heico/0027 - Heico - Sigma - 8.avi,02:07:43,What class is the foreign object located in the bottom/right relative to the image center? Please provide a class name.,Needle,fo_class,,1.0,none,False,Clip,-0.6578283993787697,-0.32891419968938485,0.7197047649904157,2,False
heico__2569511,heico,0027 - Heico - Sigma - 8.avi,heico/0027 - Heico - Sigma - 8.avi,00:37:19,What class is the foreign object located in the bottom/left relative to the image center? Please provide a class name.,Sponge,fo_class,,1.0,Sponge,True,Sponge,-3.802848192120021e-05,-1.2676160640400069e-05,0.9999873239197018,3,True
heico__2511974,heico,0027 - Heico - Sigma - 8.avi,heico/0027 - Heico - Sigma - 8.avi,00:50:58,Which combination of foreign object classes is visible in this frame? Please provide the class names or answer with none.,"Clip, Sponge",fo_class,,2.0,"Clip,Sponge",True,"Clip, Sponge",-0.015193644507255953,-0.0037984111268139884,0.9962087937115307,4,True
heico__2524933,heico,0027 - Heico - Sigma - 8.avi,heico/0027 - Heico - Sigma - 8.avi,02:20:56,There is one surgical foreign object visible in the frame. What surgical foreign object is visible in this video frame? Please provide a class name.,External drain,fo_class,,1.0,External drain,True,External drain,-0.03867790028309153,-0.012892633427697177,0.9871901205499889,3,True
heico__2525290,heico,0027 - Heico - Sigma - 8.avi,heico/0027 - Heico - Sigma - 8.avi,02:13:21,There is one surgical foreign object visible in the frame. What surgical foreign object is visible in this video frame? Please provide a class name.,Needle,fo_class,,1.0,Needle,True,Needle,-5.0188129856337246e-05,-1.6729376618779083e-05,0.9999832707633165,3,True
heico__2525204,heico,0027 - Heico - Sigma - 8.avi,heico/0027 - Heico - Sigma - 8.avi,00:50:20,There is one surgical foreign object visible in the frame. What surgical foreign object is visible in this video frame? Please provide a class name.,Sponge,fo_class,,1.0,Sponge,True,Sponge,-0.0005126118546460489,-0.00017087061821534962,0.9998291439793373,3,True
heico__2528939,heico,0027 - Heico - Sigma - 8.avi,heico/0027 - Heico - Sigma - 8.avi,01:58:32,List all foreign objects that are visible in this video frame. Please provide the class names or answer with none.,Clip,fo_class,,1.0,Sponge,False,Sponge,-0.26765311702656486,-0.08921770567552162,0.914646428179187,3,False
lapchole__1291676,lapchole,0032 - Laparoscopic Cholecystectomy.mp4,lapchole/0032 - Laparoscopic Cholecystectomy.mp4,00:59:28,Which combination of foreign object classes is visible in this frame? Please provide the class names or answer with none.,"Clip, Specimen bag",fo_class,,2.0,Specimen bag,False,"Specimen, Specimen bag",-0.20413755448091994,-0.029162507782988564,0.9712586145568726,7,False
lapchole__1291610,lapchole,0032 - Laparoscopic Cholecystectomy.mp4,lapchole/0032 - Laparoscopic Cholecystectomy.mp4,00:57:10,Which combination of foreign object classes is visible in this frame? Please provide the class names or answer with none.,"Clip, Specimen",fo_class,,2.0,"Clip,Specimen",True,"Clip, Specimen",-0.001904005898153114,-0.0003808011796306228,0.9996192713159362,5,True
lapchole__1291672,lapchole,0032 - Laparoscopic Cholecystectomy.mp4,lapchole/0032 - Laparoscopic Cholecystectomy.mp4,00:58:38,Which combination of foreign object classes is visible in this frame? Please provide the class names or answer with none.,"Clip, Specimen, Specimen bag",fo_class,,3.0,"Clip,Specimen,Specimen bag",True,"Clip, Specimen, Specimen bag",-0.0008010699329017394,-8.90077703224155e-05,0.9999109961907516,9,True
lapchole__1297924,lapchole,0032 - Laparoscopic Cholecystectomy.mp4,lapchole/0032 - Laparoscopic Cholecystectomy.mp4,00:28:15,There is one surgical foreign object visible in the frame. What surgical foreign object is visible in this video frame? Please provide a class name.,Clip,fo_class,,1.0,Clip,True,Clip,-3.123321702225873e-05,-1.5616608511129365e-05,0.9999843835134274,2,True
lapchole__1298346,lapchole,0032 - Laparoscopic Cholecystectomy.mp4,lapchole/0032 - Laparoscopic Cholecystectomy.mp4,00:59:49,There is one surgical foreign object visible in the frame. What surgical foreign object is visible in this video frame? Please provide a class name.,Specimen bag,fo_class,,1.0,Specimen bag,True,Specimen bag,-7.844251812858926e-05,-1.9610629532147315e-05,0.999980389562755,4,True
lapchole__1299668,lapchole,0032 - Laparoscopic Cholecystectomy.mp4,lapchole/0032 - Laparoscopic Cholecystectomy.mp4,00:29:47,List all foreign objects that are visible in this video frame. Please provide the class names or answer with none.,Clip,fo_class,,1.0,Clip,True,Clip,-0.00930716117916476,-0.00465358058958238,0.995357230539914,2,True
lapchole__1299699,lapchole,0032 - Laparoscopic Cholecystectomy.mp4,lapchole/0032 - Laparoscopic Cholecystectomy.mp4,00:57:13,List all foreign objects that are visible in this video frame. Please provide the class names or answer with none.,"Clip, Specimen",fo_class,,2.0,"Clip,Specimen",True,"Clip, Specimen",-0.00413006032092268,-0.000826012064184536,0.9991743289898691,5,True
lapchole__1299829,lapchole,0032 - Laparoscopic Cholecystectomy.mp4,lapchole/0032 - Laparoscopic Cholecystectomy.mp4,00:58:41,List all foreign objects that are visible in this video frame. Please provide the class names or answer with none.,"Clip, Specimen, Specimen bag",fo_class,,3.0,Specimen bag,False,Specimen bag,-0.021677350584235672,-0.005419337646058918,0.994595320473149,4,False
lapchole__1299973,lapchole,0032 - Laparoscopic Cholecystectomy.mp4,lapchole/0032 - Laparoscopic Cholecystectomy.mp4,00:59:38,List all foreign objects that are visible in this video frame. Please provide the class names or answer with none.,Specimen bag,fo_class,,1.0,Specimen bag,True,Specimen bag,-0.017408700118632024,-0.004352175029658006,0.9956572819596211,4,True
lapchole__1321589,lapchole,0032 - Laparoscopic Cholecystectomy.mp4,lapchole/0032 - Laparoscopic Cholecystectomy.mp4,00:28:50,What class is the foreign object located in the bottom/right relative to the image center? Please provide a class name.,Clip,fo_class,,1.0,Clip,True,Clip,-0.00019474717468358647,-9.737358734179323e-05,0.9999026311533121,2,True
lapchole__1321562,lapchole,0032 - Laparoscopic Cholecystectomy.mp4,lapchole/0032 - Laparoscopic Cholecystectomy.mp4,00:57:10,What class is the foreign object located in the top/right relative to the image center? Please provide a class name.,Specimen,fo_class,,1.0,Specimen,True,Specimen,-3.2902256602411734e-05,-1.0967418867470579e-05,0.9999890326412745,3,True
lapchole__1330240,lapchole,0032 - Laparoscopic Cholecystectomy.mp4,lapchole/0032 - Laparoscopic Cholecystectomy.mp4,00:56:43,Which of the visible foreign objects has its centre closest to the centre of the image? Please provide a class name.,Clip,fo_class,,1.0,Clip,True,Clip,-0.0018481951070255457,-0.0009240975535127729,0.9990763292931386,2,True
lapchole__1330242,lapchole,0032 - Laparoscopic Cholecystectomy.mp4,lapchole/0032 - Laparoscopic Cholecystectomy.mp4,00:59:28,Which of the visible foreign objects has its centre closest to the centre of the image? Please provide a class name.,Specimen bag,fo_class,,1.0,Specimen bag,True,Specimen bag,-0.003625791569507191,-0.0009064478923767978,0.999093962807412,4,True
lapchole__1330241,lapchole,0032 - Laparoscopic Cholecystectomy.mp4,lapchole/0032 - Laparoscopic Cholecystectomy.mp4,00:57:45,Which of the visible foreign objects has its centre closest to the centre of the image? Please provide a class name.,Specimen,fo_class,,1.0,Clip,False,Clip,-0.26111817115242186,-0.13055908557621093,0.8776046376411029,2,False
lapchole__1291665,lapchole,0032 - Laparoscopic Cholecystectomy.mp4,lapchole/0032 - Laparoscopic Cholecystectomy.mp4,00:58:31,Which combination of foreign object classes is visible in this frame? Please provide the class names or answer with none.,"Clip, Specimen",fo_class,,2.0,"Clip,Specimen",True,"Clip, Specimen",-0.004947542627439861,-0.0009895085254879722,0.9990109808766372,5,True
lapchole__1291674,lapchole,0032 - Laparoscopic Cholecystectomy.mp4,lapchole/0032 - Laparoscopic Cholecystectomy.mp4,00:58:40,Which combination of foreign object classes is visible in this frame? Please provide the class names or answer with none.,"Clip, Specimen, Specimen bag",fo_class,,3.0,"Specimen,Specimen bag",False,"Specimen, Specimen bag",-0.06807432531475169,-0.009724903616393098,0.9903222303439643,7,False
lapchole__1297975,lapchole,0032 - Laparoscopic Cholecystectomy.mp4,lapchole/0032 - Laparoscopic Cholecystectomy.mp4,00:34:55,There is one surgical foreign object visible in the frame. What surgical foreign object is visible in this video frame? Please provide a class name.,Clip,fo_class,,1.0,Clip,True,Clip,-0.00023814760800956836,-0.00011907380400478418,0.9998809332849993,2,True
lapchole__1298339,lapchole,0032 - Laparoscopic Cholecystectomy.mp4,lapchole/0032 - Laparoscopic Cholecystectomy.mp4,00:59:42,There is one surgical foreign object visible in the frame. What surgical foreign object is visible in this video frame? Please provide a class name.,Specimen bag,fo_class,,1.0,Specimen bag,True,Specimen bag,-7.17654815268913e-05,-1.7941370381722826e-05,0.9999820587905637,4,True
lapchole__1299918,lapchole,0032 - Laparoscopic Cholecystectomy.mp4,lapchole/0032 - Laparoscopic Cholecystectomy.mp4,00:34:32,List all foreign objects that are visible in this video frame. Please provide the class names or answer with none.,Clip,fo_class,,1.0,Clip,True,Clip,-0.008924545356669518,-0.004462272678334759,0.9955476684681941,2,True
lapchole__1299888,lapchole,0032 - Laparoscopic Cholecystectomy.mp4,lapchole/0032 - Laparoscopic Cholecystectomy.mp4,00:57:45,List all foreign objects that are visible in this video frame. Please provide the class names or answer with none.,"Clip, Specimen",fo_class,,2.0,"Clip,Specimen",True,"Clip, Specimen",-0.019066196524199316,-0.0038132393048398634,0.9961940218597066,5,True
lapchole__1299657,lapchole,0032 - Laparoscopic Cholecystectomy.mp4,lapchole/0032 - Laparoscopic Cholecystectomy.mp4,00:59:32,List all foreign objects that are visible in this video frame. Please provide the class names or answer with none.,Specimen bag,fo_class,,1.0,Specimen bag,True,Specimen bag,-0.08801287423803929,-0.022003218559509822,0.9782370865318655,4,True
lapchole__1321602,lapchole,0032 - Laparoscopic Cholecystectomy.mp4,lapchole/0032 - Laparoscopic Cholecystectomy.mp4,00:35:55,What class is the foreign object located in the bottom/right relative to the image center? Please provide a class name.,Clip,fo_class,,1.0,Clip,True,Clip,-9.23914344466536e-05,-4.61957172233268e-05,0.9999538053497824,2,True
lapchole__1321586,lapchole,0032 - Laparoscopic Cholecystectomy.mp4,lapchole/0032 - Laparoscopic Cholecystectomy.mp4,00:58:31,What class is the foreign object located in the bottom/left relative to the image center? Please provide a class name.,Specimen,fo_class,,1.0,Specimen,True,Specimen,-0.0001849701650236442,-6.165672167454806e-05,0.9999383451790621,3,True
lapchole__1291592,lapchole,0032 - Laparoscopic Cholecystectomy.mp4,lapchole/0032 - Laparoscopic Cholecystectomy.mp4,00:56:52,Which combination of foreign object classes is visible in this frame? Please provide the class names or answer with none.,"Clip, Specimen",fo_class,,2.0,"Clip,Specimen",True,"Clip, Specimen",-0.005555552889672819,-0.0011111105779345637,0.9988895064768638,5,True
lapchole__1291675,lapchole,0032 - Laparoscopic Cholecystectomy.mp4,lapchole/0032 - Laparoscopic Cholecystectomy.mp4,00:58:41,Which combination of foreign object classes is visible in this frame? Please provide the class names or answer with none.,"Clip, Specimen, Specimen bag",fo_class,,3.0,"Clip,Specimen bag",False,"Specimen, Specimen bag",-0.33082895585967975,-0.04726127940852568,0.9538381467629192,7,False
lapchole__1298000,lapchole,0032 - Laparoscopic Cholecystectomy.mp4,lapchole/0032 - Laparoscopic Cholecystectomy.mp4,00:38:51,There is one surgical foreign object visible in the frame. What surgical foreign object is visible in this video frame? Please provide a class name.,Clip,fo_class,,1.0,Clip,True,Clip,-8.154205305680163e-05,-4.0771026528400814e-05,0.9999592298045986,2,True
lapchole__1298342,lapchole,0032 - Laparoscopic Cholecystectomy.mp4,lapchole/0032 - Laparoscopic Cholecystectomy.mp4,00:59:45,There is one surgical foreign object visible in the frame. What surgical foreign object is visible in this video frame? Please provide a class name.,Specimen bag,fo_class,,1.0,Specimen bag,True,Specimen bag,-1.0490451373529468e-05,-2.622612843382367e-06,0.9999973773905957,4,True
lapchole__1299664,lapchole,0032 - Laparoscopic Cholecystectomy.mp4,lapchole/0032 - Laparoscopic Cholecystectomy.mp4,00:39:46,List all foreign objects that are visible in this video frame. Please provide the class names or answer with none.,Clip,fo_class,,1.0,Clip,True,Clip,-0.0021496151389848385,-0.0010748075694924193,0.9989257698292806,2,True
lapchole__1712614,lapchole,0043 - Laparoscopic Cholecystectomy.mp4,lapchole/0043 - Laparoscopic Cholecystectomy.mp4,00:24:59,Which combination of foreign object classes is visible in this frame? Please provide the class names or answer with none.,"Clip, Specimen",fo_class,,2.0,"Clip,Specimen",True,"Clip, Specimen",-0.00012875029764612456,-2.5750059529224912e-05,0.9999742502720007,5,True
lapchole__1716420,lapchole,0043 - Laparoscopic Cholecystectomy.mp4,lapchole/0043 - Laparoscopic Cholecystectomy.mp4,00:16:56,There is one surgical foreign object visible in the frame. What surgical foreign object is visible in this video frame? Please provide a class name.,Clip,fo_class,,1.0,Clip,True,Clip,-3.349827396664239e-05,-1.6749136983321196e-05,0.9999832510032827,2,True
lapchole__1716455,lapchole,0043 - Laparoscopic Cholecystectomy.mp4,lapchole/0043 - Laparoscopic Cholecystectomy.mp4,00:23:43,There is one surgical foreign object visible in the frame. What surgical foreign object is visible in this video frame? Please provide a class name.,Specimen,fo_class,,1.0,Specimen,True,Specimen,-0.002518988732451322,-0.0008396629108171073,0.9991606895074404,3,True
lapchole__1717176,lapchole,0043 - Laparoscopic Cholecystectomy.mp4,lapchole/0043 - Laparoscopic Cholecystectomy.mp4,00:17:30,List all foreign objects that are visible in this video frame. Please provide the class names or answer with none.,Clip,fo_class,,1.0,Clip,True,Clip,-0.0005881049099449896,-0.0002940524549724948,0.9997059907742133,2,True
lapchole__1717410,lapchole,0043 - Laparoscopic Cholecystectomy.mp4,lapchole/0043 - Laparoscopic Cholecystectomy.mp4,00:24:14,List all foreign objects that are visible in this video frame. Please provide the class names or answer with none.,"Clip, Specimen",fo_class,,2.0,"Clip,Specimen",True,"Clip, Specimen",-0.00513238375930706,-0.001026476751861412,0.9989740498951872,5,True
lapchole__1717421,lapchole,0043 - Laparoscopic Cholecystectomy.mp4,lapchole/0043 - Laparoscopic Cholecystectomy.mp4,00:24:43,List all foreign objects that are visible in this video frame. Please provide the class names or answer with none.,Specimen,fo_class,,1.0,Specimen,True,Specimen,-0.004640891167807101,-0.001546963722602367,0.9984542322090101,3,True
lapchole__1730078,lapchole,0043 - Laparoscopic Cholecystectomy.mp4,lapchole/0043 - Laparoscopic Cholecystectomy.mp4,00:16:14,What class is the foreign object located in the bottom/left relative to the image center? Please provide a class name.,Clip,fo_class,,1.0,Clip,True,Clip,-1.2517049392246378e-05,-6.258524696123189e-06,0.9999937414948884,2,True
lapchole__1712593,lapchole,0043 - Laparoscopic Cholecystectomy.mp4,lapchole/0043 - Laparoscopic Cholecystectomy.mp4,00:24:11,Which combination of foreign object classes is visible in this frame? Please provide the class names or answer with none.,"Clip, Specimen",fo_class,,2.0,Specimen,False,"Specimen, Specimen bag",-0.21047087406539042,-0.0300672677236272,0.9703802560821201,7,False
lapchole__1716439,lapchole,0043 - Laparoscopic Cholecystectomy.mp4,lapchole/0043 - Laparoscopic Cholecystectomy.mp4,00:21:27,There is one surgical foreign object visible in the frame. What surgical foreign object is visible in this video frame? Please provide a class name.,Clip,fo_class,,1.0,Clip,True,Clip,-2.8849003988411555e-05,-1.4424501994205777e-05,0.9999855756020384,2,True
lapchole__1716461,lapchole,0043 - Laparoscopic Cholecystectomy.mp4,lapchole/0043 - Laparoscopic Cholecystectomy.mp4,00:24:39,There is one surgical foreign object visible in the frame. What surgical foreign object is visible in this video frame? Please provide a class name.,Specimen,fo_class,,1.0,Specimen,True,Specimen,-0.0067782316391086775,-0.0022594105463695593,0.9977431400003666,3,True
lapchole__1717188,lapchole,0043 - Laparoscopic Cholecystectomy.mp4,lapchole/0043 - Laparoscopic Cholecystectomy.mp4,00:17:42,List all foreign objects that are visible in this video frame. Please provide the class names or answer with none.,Clip,fo_class,,1.0,Clip,True,Clip,-0.006051793268302969,-0.0030258966341514845,0.996978676777016,2,True
lapchole__1717407,lapchole,0043 - Laparoscopic Cholecystectomy.mp4,lapchole/0043 - Laparoscopic Cholecystectomy.mp4,00:24:11,List all foreign objects that are visible in this video frame. Please provide the class names or answer with none.,"Clip, Specimen",fo_class,,2.0,Specimen,False,Specimen,-0.007883621228676922,-0.0026278737428923073,0.9973755760947377,3,False
lapchole__1717413,lapchole,0043 - Laparoscopic Cholecystectomy.mp4,lapchole/0043 - Laparoscopic Cholecystectomy.mp4,00:24:35,List all foreign objects that are visible in this video frame. Please provide the class names or answer with none.,Specimen,fo_class,,1.0,Specimen,True,Specimen,-0.004075266232388389,-0.0013584220774627963,0.9986425001601642,3,True
lapchole__1730071,lapchole,0043 - Laparoscopic Cholecystectomy.mp4,lapchole/0043 - Laparoscopic Cholecystectomy.mp4,00:20:04,What class is the foreign object located in the top/right relative to the image center? Please provide a class name.,Clip,fo_class,,1.0,Clip,True,Clip,-1.764312431079623e-05,-8.821562155398114e-06,0.9999911784767544,2,True
lapchole__1712603,lapchole,0043 - Laparoscopic Cholecystectomy.mp4,lapchole/0043 - Laparoscopic Cholecystectomy.mp4,00:24:48,Which combination of foreign object classes is visible in this frame? Please provide the class names or answer with none.,"Clip, Specimen",fo_class,,2.0,"Clip,Specimen",True,"Clip, Specimen",-4.1842817123162384e-05,-8.368563424632477e-06,0.9999916314715916,5,True
lapchole__1716451,lapchole,0043 - Laparoscopic Cholecystectomy.mp4,lapchole/0043 - Laparoscopic Cholecystectomy.mp4,00:23:32,There is one surgical foreign object visible in the frame. What surgical foreign object is visible in this video frame? Please provide a class name.,Clip,fo_class,,1.0,none,False,Clip,-0.02359333912677886,-0.01179666956338943,0.9882726383411498,2,True
lapchole__1716458,lapchole,0043 - Laparoscopic Cholecystectomy.mp4,lapchole/0043 - Laparoscopic Cholecystectomy.mp4,00:24:36,There is one surgical foreign object visible in the frame. What surgical foreign object is visible in this video frame? Please provide a class name.,Specimen,fo_class,,1.0,Specimen,True,Specimen,-7.093093730293958e-05,-2.3643645767646527e-05,0.9999763566337412,3,True
lapchole__1717330,lapchole,0043 - Laparoscopic Cholecystectomy.mp4,lapchole/0043 - Laparoscopic Cholecystectomy.mp4,00:20:13,List all foreign objects that are visible in this video frame. Please provide the class names or answer with none.,Clip,fo_class,,1.0,Clip,True,Clip,-0.014333770148890044,-0.007166885074445022,0.9928587358025585,2,True
lapchole__1717428,lapchole,0043 - Laparoscopic Cholecystectomy.mp4,lapchole/0043 - Laparoscopic Cholecystectomy.mp4,00:24:50,List all foreign objects that are visible in this video frame. Please provide the class names or answer with none.,"Clip, Specimen",fo_class,,2.0,"Clip,Specimen",True,"Clip, Specimen",-0.0003967093918781852,-7.934187837563703e-05,0.999920661269108,5,True
lapchole__1717381,lapchole,0043 - Laparoscopic Cholecystectomy.mp4,lapchole/0043 - Laparoscopic Cholecystectomy.mp4,00:23:43,List all foreign objects that are visible in this video frame. Please provide the class names or answer with none.,Specimen,fo_class,,1.0,Specimen,True,Specimen,-0.4355554580437544,-0.14518515268125146,0.864862146740052,3,True
lapchole__1730074,lapchole,0043 - Laparoscopic Cholecystectomy.mp4,lapchole/0043 - Laparoscopic Cholecystectomy.mp4,00:23:34,What class is the foreign object located in the top/right relative to the image center? Please provide a class name.,Clip,fo_class,,1.0,Clip,True,Clip,-0.0029370302515542472,-0.0014685151257771236,0.9985325626149362,2,True
lapchole__1799507,lapchole,0045 - Laparoscopic Cholecystectomy.mp4,lapchole/0045 - Laparoscopic Cholecystectomy.mp4,00:13:47,There is one surgical foreign object visible in the frame. What surgical foreign object is visible in this video frame? Please provide a class name.,Clip,fo_class,,1.0,Clip,True,Clip,-0.0011936354893347777,-0.0005968177446673889,0.9994033603156178,2,True
lapchole__1799560,lapchole,0045 - Laparoscopic Cholecystectomy.mp4,lapchole/0045 - Laparoscopic Cholecystectomy.mp4,00:24:49,There is one surgical foreign object visible in the frame. What surgical foreign object is visible in this video frame? Please provide a class name.,Specimen,fo_class,,1.0,Specimen,True,Specimen,-7.629410234290251e-06,-2.543136744763417e-06,0.999997456866489,3,True
lapchole__1800290,lapchole,0045 - Laparoscopic Cholecystectomy.mp4,lapchole/0045 - Laparoscopic Cholecystectomy.mp4,00:14:10,List all foreign objects that are visible in this video frame. Please provide the class names or answer with none.,Clip,fo_class,,1.0,Clip,True,Clip,-0.006173389654041789,-0.0030866948270208945,0.9969180641177274,2,True
lapchole__1800397,lapchole,0045 - Laparoscopic Cholecystectomy.mp4,lapchole/0045 - Laparoscopic Cholecystectomy.mp4,00:25:25,List all foreign objects that are visible in this video frame. Please provide the class names or answer with none.,Specimen,fo_class,,1.0,Specimen,True,Specimen,-0.0018276825150602004,-0.0006092275050200668,0.9993909580363755,3,True
lapchole__1814152,lapchole,0045 - Laparoscopic Cholecystectomy.mp4,lapchole/0045 - Laparoscopic Cholecystectomy.mp4,00:15:02,What class is the foreign object located in the bottom/right relative to the image center? Please provide a class name.,Clip,fo_class,,1.0,Clip,True,Clip,-0.002575789523800936,-0.001287894761900468,0.9987129342186403,2,True
lapchole__1814149,lapchole,0045 - Laparoscopic Cholecystectomy.mp4,lapchole/0045 - Laparoscopic Cholecystectomy.mp4,00:25:21,What class is the foreign object located in the bottom/left relative to the image center? Please provide a class name.,Specimen,fo_class,,1.0,Specimen,True,Specimen,-6.437312904978061e-06,-2.1457709683260204e-06,0.9999978542313338,3,True
lapchole__1799551,lapchole,0045 - Laparoscopic Cholecystectomy.mp4,lapchole/0045 - Laparoscopic Cholecystectomy.mp4,00:17:43,There is one surgical foreign object visible in the frame. What surgical foreign object is visible in this video frame? Please provide a class name.,Clip,fo_class,,1.0,Clip,True,Clip,-4.649256919602168e-05,-2.324628459801084e-05,0.9999767539855948,2,True
lapchole__1799663,lapchole,0045 - Laparoscopic Cholecystectomy.mp4,lapchole/0045 - Laparoscopic Cholecystectomy.mp4,00:27:56,There is one surgical foreign object visible in the frame. What surgical foreign object is visible in this video frame? Please provide a class name.,Specimen,fo_class,,1.0,Clip,False,Clip,-0.007157570395137258,-0.003578785197568629,0.9964276110216699,2,False
lapchole__1800361,lapchole,0045 - Laparoscopic Cholecystectomy.mp4,lapchole/0045 - Laparoscopic Cholecystectomy.mp4,00:17:43,List all foreign objects that are visible in this video frame. Please provide the class names or answer with none.,Clip,fo_class,,1.0,Clip,True,Clip,-0.030247264713163836,-0.015123632356581918,0.9849901554208604,2,True
lapchole__1800464,lapchole,0045 - Laparoscopic Cholecystectomy.mp4,lapchole/0045 - Laparoscopic Cholecystectomy.mp4,00:26:55,List all foreign objects that are visible in this video frame. Please provide the class names or answer with none.,Specimen,fo_class,,1.0,Specimen,True,Specimen,-0.002111720356327171,-0.0007039067854423903,0.9992963408988199,3,True
lapchole__1814143,lapchole,0045 - Laparoscopic Cholecystectomy.mp4,lapchole/0045 - Laparoscopic Cholecystectomy.mp4,00:16:43,What class is the foreign object located in the bottom/left relative to the image center? Please provide a class name.,Clip,fo_class,,1.0,Clip,True,Clip,-1.7166279023845625e-05,-8.583139511922813e-06,0.9999914168973231,2,True
lapchole__1814138,lapchole,0045 - Laparoscopic Cholecystectomy.mp4,lapchole/0045 - Laparoscopic Cholecystectomy.mp4,00:26:43,What class is the foreign object located in the top/right relative to the image center? Please provide a class name.,Specimen,fo_class,,1.0,Specimen,True,Specimen,-0.003266882475625994,-0.0010889608252086646,0.9989116318774679,3,True
lapchole__1799616,lapchole,0045 - Laparoscopic Cholecystectomy.mp4,lapchole/0045 - Laparoscopic Cholecystectomy.mp4,00:25:58,There is one surgical foreign object visible in the frame. What surgical foreign object is visible in this video frame? Please provide a class name.,Clip,fo_class,,1.0,Clip,True,Clip,-0.0004868492115476815,-0.00024342460577384076,0.9997566050195916,2,True
lapchole__1799721,lapchole,0045 - Laparoscopic Cholecystectomy.mp4,lapchole/0045 - Laparoscopic Cholecystectomy.mp4,00:30:39,There is one surgical foreign object visible in the frame. What surgical foreign object is visible in this video frame? Please provide a class name.,Specimen,fo_class,,1.0,Specimen,True,Specimen,-0.11604560683928211,-0.03868186894642737,0.9620567205860316,3,True
lapchole__1800411,lapchole,0045 - Laparoscopic Cholecystectomy.mp4,lapchole/0045 - Laparoscopic Cholecystectomy.mp4,00:25:39,List all foreign objects that are visible in this video frame. Please provide the class names or answer with none.,Clip,fo_class,,1.0,"Clip,Specimen",False,Clip,-0.6445095788850034,-0.3222547894425017,0.7245135684028644,2,True
lapchole__1800525,lapchole,0045 - Laparoscopic Cholecystectomy.mp4,lapchole/0045 - Laparoscopic Cholecystectomy.mp4,00:30:33,List all foreign objects that are visible in this video frame. Please provide the class names or answer with none.,Specimen,fo_class,,1.0,Specimen,True,Specimen,-0.1461315550982449,-0.04871051836608164,0.9524568085477729,3,True
lapchole__1814153,lapchole,0045 - Laparoscopic Cholecystectomy.mp4,lapchole/0045 - Laparoscopic Cholecystectomy.mp4,00:25:44,What class is the foreign object located in the bottom/right relative to the image center? Please provide a class name.,Clip,fo_class,,1.0,Clip,True,Clip,-0.0005079603820328266,-0.0002539801910164133,0.999746052059222,2,True
lapchole__1814140,lapchole,0045 - Laparoscopic Cholecystectomy.mp4,lapchole/0045 - Laparoscopic Cholecystectomy.mp4,00:30:11,What class is the foreign object located in the top/right relative to the image center? Please provide a class name.,Specimen,fo_class,,1.0,Specimen,True,Specimen,-0.026677039576541564,-0.008892346525513855,0.9911470734559382,3,True
lapchole__1799532,lapchole,0045 - Laparoscopic Cholecystectomy.mp4,lapchole/0045 - Laparoscopic Cholecystectomy.mp4,00:15:18,There is one surgical foreign object visible in the frame. What surgical foreign object is visible in this video frame? Please provide a class name.,Clip,fo_class,,1.0,Clip,True,Clip,-0.0032559343645302136,-0.0016279671822651068,0.9983733572375066,2,True
lapchole__1799577,lapchole,0045 - Laparoscopic Cholecystectomy.mp4,lapchole/0045 - Laparoscopic Cholecystectomy.mp4,00:25:15,There is one surgical foreign object visible in the frame. What surgical foreign object is visible in this video frame? Please provide a class name.,Specimen,fo_class,,1.0,Specimen,True,Specimen,-1.3947540914517933e-05,-4.649180304839311e-06,0.9999953508305026,3,True
lapchole__1800332,lapchole,0045 - Laparoscopic Cholecystectomy.mp4,lapchole/0045 - Laparoscopic Cholecystectomy.mp4,00:14:53,List all foreign objects that are visible in this video frame. Please provide the class names or answer with none.,Clip,fo_class,,1.0,Clip,True,Clip,-0.0004958365349238968,-0.0002479182674619484,0.9997521124617322,2,True
lapchole__1800388,lapchole,0045 - Laparoscopic Cholecystectomy.mp4,lapchole/0045 - Laparoscopic Cholecystectomy.mp4,00:25:16,List all foreign objects that are visible in this video frame. Please provide the class names or answer with none.,Specimen,fo_class,,1.0,Specimen,True,Specimen,-0.28630459656412693,-0.09543486552137564,0.9089775655053547,3,True
lapchole__1814127,lapchole,0045 - Laparoscopic Cholecystectomy.mp4,lapchole/0045 - Laparoscopic Cholecystectomy.mp4,00:15:46,What class is the foreign object located in the top/left relative to the image center? Please provide a class name.,Clip,fo_class,,1.0,Clip,True,Clip,-1.4066785554061823e-05,-7.0333927770309114e-06,0.9999929666319572,2,True
lapchole__1814150,lapchole,0045 - Laparoscopic Cholecystectomy.mp4,lapchole/0045 - Laparoscopic Cholecystectomy.mp4,00:25:22,What class is the foreign object located in the bottom/left relative to the image center? Please provide a class name.,Specimen,fo_class,,1.0,Specimen,True,Specimen,-0.010374624128444854,-0.0034582080428149516,0.9965477646716719,3,True
lapchole__1799553,lapchole,0045 - Laparoscopic Cholecystectomy.mp4,lapchole/0045 - Laparoscopic Cholecystectomy.mp4,00:17:45,There is one surgical foreign object visible in the frame. What surgical foreign object is visible in this video frame? Please provide a class name.,Clip,fo_class,,1.0,Clip,True,Clip,-0.04098671224890825,-0.020493356124454125,0.9797152055587912,2,True
lapchole__1799595,lapchole,0045 - Laparoscopic Cholecystectomy.mp4,lapchole/0045 - Laparoscopic Cholecystectomy.mp4,00:25:33,There is one surgical foreign object visible in the frame. What surgical foreign object is visible in this video frame? Please provide a class name.,Specimen,fo_class,,1.0,Specimen,True,Specimen,-0.00046928197536357365,-0.00015642732512119123,0.9998435849089949,3,True
lapchole__2501605,lapchole,0061 - Laparoscopic Cholecystectomy.mp4,lapchole/0061 - Laparoscopic Cholecystectomy.mp4,00:26:29,Which combination of foreign object classes is visible in this frame? Please provide the class names or answer with none.,"Clip, Sponge",fo_class,,2.0,"Clip,Sponge",True,"Clip, Sponge",-8.166074178270414e-05,-2.0415185445676034e-05,0.9999795850229428,4,True
lapchole__2501739,lapchole,0061 - Laparoscopic Cholecystectomy.mp4,lapchole/0061 - Laparoscopic Cholecystectomy.mp4,00:33:41,Which combination of foreign object classes is visible in this frame? Please provide the class names or answer with none.,"Specimen, Specimen bag",fo_class,,2.0,"Clip,Specimen,Specimen bag",False,"Clip, Specimen, Specimen bag",-0.9021894126332405,-0.10024326807036005,0.9046173267549604,9,False
lapchole__2510441,lapchole,0061 - Laparoscopic Cholecystectomy.mp4,lapchole/0061 - Laparoscopic Cholecystectomy.mp4,00:34:27,There is one surgical foreign object visible in the frame. What surgical foreign object is visible in this video frame? Please provide a class name.,Specimen bag,fo_class,,1.0,Specimen bag,True,Specimen bag,-0.011857511834835582,-0.0029643779587088955,0.9970400114712511,4,True
lapchole__2510160,lapchole,0061 - Laparoscopic Cholecystectomy.mp4,lapchole/0061 - Laparoscopic Cholecystectomy.mp4,00:33:38,There is one surgical foreign object visible in the frame. What surgical foreign object is visible in this video frame? Please provide a class name.,Specimen,fo_class,,1.0,Specimen,True,Specimen,-0.24676030814407307,-0.08225343604802436,0.9210385047560525,3,True
lapchole__2510060,lapchole,0061 - Laparoscopic Cholecystectomy.mp4,lapchole/0061 - Laparoscopic Cholecystectomy.mp4,00:17:44,There is one surgical foreign object visible in the frame. What surgical foreign object is visible in this video frame? Please provide a class name.,Sponge,fo_class,,1.0,Sponge,True,Sponge,-0.000305579984787404,-0.00010185999492913467,0.999898145192624,3,True
lapchole__2513022,lapchole,0061 - Laparoscopic Cholecystectomy.mp4,lapchole/0061 - Laparoscopic Cholecystectomy.mp4,00:28:04,List all foreign objects that are visible in this video frame. Please provide the class names or answer with none.,Clip,fo_class,,1.0,Clip,True,Clip,-0.0002873772202178771,-0.00014368861010893855,0.999856321712605,2,True
lapchole__2513192,lapchole,0061 - Laparoscopic Cholecystectomy.mp4,lapchole/0061 - Laparoscopic Cholecystectomy.mp4,00:26:11,List all foreign objects that are visible in this video frame. Please provide the class names or answer with none.,"Clip, Sponge",fo_class,,2.0,Sponge,False,Sponge,-0.34996242473597056,-0.11665414157865685,0.8898929169053255,3,False
lapchole__2512884,lapchole,0061 - Laparoscopic Cholecystectomy.mp4,lapchole/0061 - Laparoscopic Cholecystectomy.mp4,00:34:25,List all foreign objects that are visible in this video frame. Please provide the class names or answer with none.,Specimen bag,fo_class,,1.0,Specimen bag,True,Specimen bag,-0.0017857521503696306,-0.00044643803759240766,0.9995536616010402,4,True
lapchole__2512860,lapchole,0061 - Laparoscopic Cholecystectomy.mp4,lapchole/0061 - Laparoscopic Cholecystectomy.mp4,00:33:09,List all foreign objects that are visible in this video frame. Please provide the class names or answer with none.,Specimen,fo_class,,1.0,none,False,Clip,-0.8610801753938659,-0.43054008769693297,0.6501578576224697,2,False
lapchole__2512923,lapchole,0061 - Laparoscopic Cholecystectomy.mp4,lapchole/0061 - Laparoscopic Cholecystectomy.mp4,00:33:55,List all foreign objects that are visible in this video frame. Please provide the class names or answer with none.,"Specimen, Specimen bag",fo_class,,2.0,"Specimen,Specimen bag",True,"Specimen, Specimen bag",-0.004183706160292958,-0.0005976723086132797,0.9994025062619036,7,True
lapchole__2512748,lapchole,0061 - Laparoscopic Cholecystectomy.mp4,lapchole/0061 - Laparoscopic Cholecystectomy.mp4,00:17:51,List all foreign objects that are visible in this video frame. Please provide the class names or answer with none.,Sponge,fo_class,,1.0,Sponge,True,Sponge,-0.014350668958379751,-0.004783556319459917,0.9952278666646498,3,True
lapchole__2543902,lapchole,0061 - Laparoscopic Cholecystectomy.mp4,lapchole/0061 - Laparoscopic Cholecystectomy.mp4,00:27:55,What class is the foreign object located in the bottom/left relative to the image center? Please provide a class name.,Clip,fo_class,,1.0,Clip,True,Clip,-1.0609680579792768e-05,-5.304840289896384e-06,0.9999946951737807,2,True
lapchole__2543620,lapchole,0061 - Laparoscopic Cholecystectomy.mp4,lapchole/0061 - Laparoscopic Cholecystectomy.mp4,00:34:32,What class is the foreign object located in the top/left relative to the image center? Please provide a class name.,Specimen bag,fo_class,,1.0,Specimen bag,True,Specimen bag,-0.002461436441638903,-0.0006153591104097257,0.9993848301841776,4,True
lapchole__2543623,lapchole,0061 - Laparoscopic Cholecystectomy.mp4,lapchole/0061 - Laparoscopic Cholecystectomy.mp4,00:33:11,What class is the foreign object located in the top/right relative to the image center? Please provide a class name.,Specimen,fo_class,,1.0,Specimen,True,Specimen,-0.05605427234103201,-0.01868475744701067,0.9814887204887796,3,True
lapchole__2543739,lapchole,0061 - Laparoscopic Cholecystectomy.mp4,lapchole/0061 - Laparoscopic Cholecystectomy.mp4,00:20:16,What class is the foreign object located in the bottom/left relative to the image center? Please provide a class name.,Sponge,fo_class,,1.0,Sponge,True,Sponge,-6.377899615800809e-05,-2.1259665386002696e-05,0.9999787405605991,3,True
lapchole__2556790,lapchole,0061 - Laparoscopic Cholecystectomy.mp4,lapchole/0061 - Laparoscopic Cholecystectomy.mp4,00:27:34,Which of the visible foreign objects has its centre closest to the centre of the image? Please provide a class name.,Clip,fo_class,,1.0,Clip,True,Clip,-0.012736769222053699,-0.006368384611026849,0.9936518505723202,2,True
lapchole__2556801,lapchole,0061 - Laparoscopic Cholecystectomy.mp4,lapchole/0061 - Laparoscopic Cholecystectomy.mp4,00:29:32,Which of the visible foreign objects has its centre closest to the centre of the image? Please provide a class name.,Sponge,fo_class,,1.0,Sponge,True,Sponge,-0.0934748274149551,-0.031158275804985033,0.9693221406919214,3,True
lapchole__2501701,lapchole,0061 - Laparoscopic Cholecystectomy.mp4,lapchole/0061 - Laparoscopic Cholecystectomy.mp4,00:28:55,Which combination of foreign object classes is visible in this frame? Please provide the class names or answer with none.,"Clip, Sponge",fo_class,,2.0,"Clip,Specimen",False,"Clip, Specimen",-0.11191238926300578,-0.022382477852601158,0.9778661513707014,5,False
lapchole__2501757,lapchole,0061 - Laparoscopic Cholecystectomy.mp4,lapchole/0061 - Laparoscopic Cholecystectomy.mp4,00:33:59,Which combination of foreign object classes is visible in this frame? Please provide the class names or answer with none.,"Specimen, Specimen bag",fo_class,,2.0,"Specimen,Specimen bag",True,"Specimen, Specimen bag",-0.16716652011366928,-0.0238809314448099,0.9764019616076555,7,True
lapchole__2510481,lapchole,0061 - Laparoscopic Cholecystectomy.mp4,lapchole/0061 - Laparoscopic Cholecystectomy.mp4,00:34:15,There is one surgical foreign object visible in the frame. What surgical foreign object is visible in this video frame? Please provide a class name.,Specimen bag,fo_class,,1.0,Specimen bag,True,Specimen bag,-6.318101476686092e-06,-1.579525369171523e-06,0.9999984204758783,4,True
lapchole__2510465,lapchole,0061 - Laparoscopic Cholecystectomy.mp4,lapchole/0061 - Laparoscopic Cholecystectomy.mp4,00:33:40,There is one surgical foreign object visible in the frame. What surgical foreign object is visible in this video frame? Please provide a class name.,Specimen,fo_class,,1.0,Specimen,True,Specimen,-8.654892310088917e-05,-2.8849641033629723e-05,0.9999711507751132,3,True
lapchole__2510295,lapchole,0061 - Laparoscopic Cholecystectomy.mp4,lapchole/0061 - Laparoscopic Cholecystectomy.mp4,00:21:51,There is one surgical foreign object visible in the frame. What surgical foreign object is visible in this video frame? Please provide a class name.,Sponge,fo_class,,1.0,Sponge,True,Sponge,-2.5272685737907187e-05,-8.424228579302395e-06,0.9999915758069045,3,True
lapchole__2513053,lapchole,0061 - Laparoscopic Cholecystectomy.mp4,lapchole/0061 - Laparoscopic Cholecystectomy.mp4,00:31:11,List all foreign objects that are visible in this video frame. Please provide the class names or answer with none.,Clip,fo_class,,1.0,Clip,True,Clip,-0.06638724051891551,-0.033193620259457754,0.9673512426568507,2,True
lapchole__2512984,lapchole,0061 - Laparoscopic Cholecystectomy.mp4,lapchole/0061 - Laparoscopic Cholecystectomy.mp4,00:32:19,List all foreign objects that are visible in this video frame. Please provide the class names or answer with none.,"Clip, Sponge",fo_class,,2.0,Clip,False,Clip,-0.2368948671883223,-0.11844743359416116,0.8882985090894756,2,False
lapchole__2513136,lapchole,0061 - Laparoscopic Cholecystectomy.mp4,lapchole/0061 - Laparoscopic Cholecystectomy.mp4,00:34:12,List all foreign objects that are visible in this video frame. Please provide the class names or answer with none.,Specimen bag,fo_class,,1.0,Specimen bag,True,Specimen bag,-0.10167659872694738,-0.025419149681736846,0.9749011968515131,4,True
lapchole__2512814,lapchole,0061 - Laparoscopic Cholecystectomy.mp4,lapchole/0061 - Laparoscopic Cholecystectomy.mp4,00:33:40,List all foreign objects that are visible in this video frame. Please provide the class names or answer with none.,Specimen,fo_class,,1.0,Specimen,True,Specimen,-0.00911440156926495,-0.0030381338564216503,0.996966476601998,3,True
lapchole__2512947,lapchole,0061 - Laparoscopic Cholecystectomy.mp4,lapchole/0061 - Laparoscopic Cholecystectomy.mp4,00:33:51,List all foreign objects that are visible in this video frame. Please provide the class names or answer with none.,"Specimen, Specimen bag",fo_class,,2.0,"Specimen,Specimen bag",True,"Specimen, Specimen bag",-0.04970889643617235,-0.007101270919453193,0.9929238835268175,7,True
lapchole__2512881,lapchole,0061 - Laparoscopic Cholecystectomy.mp4,lapchole/0061 - Laparoscopic Cholecystectomy.mp4,00:20:11,List all foreign objects that are visible in this video frame. Please provide the class names or answer with none.,Sponge,fo_class,,1.0,Clip,False,Clip,-0.006104199320863332,-0.003052099660431666,0.9969525532608068,2,False
lapchole__2543924,lapchole,0061 - Laparoscopic Cholecystectomy.mp4,lapchole/0061 - Laparoscopic Cholecystectomy.mp4,00:29:42,What class is the foreign object located in the bottom/right relative to the image center? Please provide a class name.,Clip,fo_class,,1.0,Clip,True,Clip,-0.036823003259469064,-0.018411501629734532,0.9817569546378457,2,True
lapchole__2543619,lapchole,0061 - Laparoscopic Cholecystectomy.mp4,lapchole/0061 - Laparoscopic Cholecystectomy.mp4,00:34:31,What class is the foreign object located in the top/left relative to the image center? Please provide a class name.,Specimen bag,fo_class,,1.0,Specimen bag,True,Specimen bag,-0.00012672338570580798,-3.1680846426451994e-05,0.9999683196554062,4,True
lapchole__2543622,lapchole,0061 - Laparoscopic Cholecystectomy.mp4,lapchole/0061 - Laparoscopic Cholecystectomy.mp4,00:33:10,What class is the foreign object located in the top/right relative to the image center? Please provide a class name.,Specimen,fo_class,,1.0,none,False,Specimen bag,-0.5877662671392978,-0.14694156678482445,0.8633444239329233,4,False
lapchole__2543836,lapchole,0061 - Laparoscopic Cholecystectomy.mp4,lapchole/0061 - Laparoscopic Cholecystectomy.mp4,00:23:53,What class is the foreign object located in the bottom/left relative to the image center? Please provide a class name.,Sponge,fo_class,,1.0,Sponge,True,Sponge,-4.1723338384500676e-06,-1.3907779461500226e-06,0.999998609223021,3,True
lapchole__2556802,lapchole,0061 - Laparoscopic Cholecystectomy.mp4,lapchole/0061 - Laparoscopic Cholecystectomy.mp4,00:31:20,Which of the visible foreign objects has its centre closest to the centre of the image? Please provide a class name.,Clip,fo_class,,1.0,Clip,True,Clip,-0.021458007162023413,-0.010729003581011707,0.9893283468901894,2,True
lapchole__2657593,lapchole,0065 - Laparoscopic Cholecystectomy.mp4,lapchole/0065 - Laparoscopic Cholecystectomy.mp4,00:34:08,Which combination of foreign object classes is visible in this frame? Please provide the class names or answer with none.,"Specimen, Specimen bag",fo_class,,2.0,"Specimen,Specimen bag",True,"Specimen, Specimen bag",-0.005609943659001061,-0.0008014205227144373,0.9991989005289411,7,True
lapchole__2662432,lapchole,0065 - Laparoscopic Cholecystectomy.mp4,lapchole/0065 - Laparoscopic Cholecystectomy.mp4,00:18:46,There is one surgical foreign object visible in the frame. What surgical foreign object is visible in this video frame? Please provide a class name.,Clip,fo_class,,1.0,Clip,True,Clip,-0.00012720388872623165,-6.360194436311583e-05,0.9999364000781976,2,True
lapchole__2662655,lapchole,0065 - Laparoscopic Cholecystectomy.mp4,lapchole/0065 - Laparoscopic Cholecystectomy.mp4,00:34:44,There is one surgical foreign object visible in the frame. What surgical foreign object is visible in this video frame? Please provide a class name.,Specimen bag,fo_class,,1.0,Specimen bag,True,Specimen bag,-4.529957365668703e-06,-1.1324893414171757e-06,0.9999988675112998,4,True
lapchole__2662584,lapchole,0065 - Laparoscopic Cholecystectomy.mp4,lapchole/0065 - Laparoscopic Cholecystectomy.mp4,00:33:03,There is one surgical foreign object visible in the frame. What surgical foreign object is visible in this video frame? Please provide a class name.,Specimen,fo_class,,1.0,none,False,Specimen,-0.07624690600446338,-0.025415635334821125,0.9749046229985477,3,True
lapchole__2663267,lapchole,0065 - Laparoscopic Cholecystectomy.mp4,lapchole/0065 - Laparoscopic Cholecystectomy.mp4,00:18:59,List all foreign objects that are visible in this video frame. Please provide the class names or answer with none.,Clip,fo_class,,1.0,Clip,True,Clip,-0.012200339507328978,-0.006100169753664489,0.9939183985061494,2,True
lapchole__2663380,lapchole,0065 - Laparoscopic Cholecystectomy.mp4,lapchole/0065 - Laparoscopic Cholecystectomy.mp4,00:35:11,List all foreign objects that are visible in this video frame. Please provide the class names or answer with none.,Specimen bag,fo_class,,1.0,Specimen bag,True,Specimen bag,-0.0008708884243981002,-0.00021772210609952505,0.9997823015936382,4,True
lapchole__2663529,lapchole,0065 - Laparoscopic Cholecystectomy.mp4,lapchole/0065 - Laparoscopic Cholecystectomy.mp4,00:33:09,List all foreign objects that are visible in this video frame. Please provide the class names or answer with none.,Specimen,fo_class,,1.0,Specimen,True,Specimen,-0.0022059083890995867,-0.0007353027963665289,0.9992649674724874,3,True
lapchole__2663290,lapchole,0065 - Laparoscopic Cholecystectomy.mp4,lapchole/0065 - Laparoscopic Cholecystectomy.mp4,00:34:10,List all foreign objects that are visible in this video frame. Please provide the class names or answer with none.,"Specimen, Specimen bag",fo_class,,2.0,"Specimen,Specimen bag",True,"Specimen, Specimen bag",-0.6957702862603136,-0.0993957551800448,0.9053843265753951,7,True
lapchole__2679277,lapchole,0065 - Laparoscopic Cholecystectomy.mp4,lapchole/0065 - Laparoscopic Cholecystectomy.mp4,00:24:07,What class is the foreign object located in the top/left relative to the image center? Please provide a class name.,Clip,fo_class,,1.0,Clip,True,Clip,-0.004117007012484908,-0.002058503506242454,0.9979436137590516,2,True
lapchole__2679374,lapchole,0065 - Laparoscopic Cholecystectomy.mp4,lapchole/0065 - Laparoscopic Cholecystectomy.mp4,00:33:10,What class is the foreign object located in the top/right relative to the image center? Please provide a class name.,Specimen,fo_class,,1.0,none,False,Specimen,-0.16934940453366104,-0.056449801511220345,0.9451139265952156,3,True
lapchole__2686072,lapchole,0065 - Laparoscopic Cholecystectomy.mp4,lapchole/0065 - Laparoscopic Cholecystectomy.mp4,00:34:00,Which of the visible foreign objects has its centre closest to the centre of the image? Please provide a class name.,Specimen,fo_class,,1.0,Specimen,True,Specimen,-0.025902132463000258,-0.00863404415433342,0.9914031221627709,3,True
lapchole__2657586,lapchole,0065 - Laparoscopic Cholecystectomy.mp4,lapchole/0065 - Laparoscopic Cholecystectomy.mp4,00:34:01,Which combination of foreign object classes is visible in this frame? Please provide the class names or answer with none.,"Specimen, Specimen bag",fo_class,,2.0,"Specimen,Specimen bag",True,"Specimen, Specimen bag",-0.007799508899921326,-0.001114215557131618,0.998886404950541,7,True
lapchole__2662672,lapchole,0065 - Laparoscopic Cholecystectomy.mp4,lapchole/0065 - Laparoscopic Cholecystectomy.mp4,00:35:01,There is one surgical foreign object visible in the frame. What surgical foreign object is visible in this video frame? Please provide a class name.,Specimen bag,fo_class,,1.0,Specimen bag,True,Specimen bag,-5.006795149150265e-06,-1.2516987872875662e-06,0.9999987483019961,4,True
lapchole__2662615,lapchole,0065 - Laparoscopic Cholecystectomy.mp4,lapchole/0065 - Laparoscopic Cholecystectomy.mp4,00:33:37,There is one surgical foreign object visible in the frame. What surgical foreign object is visible in this video frame? Please provide a class name.,Specimen,fo_class,,1.0,Specimen,True,Specimen,-4.4227281839865514e-05,-1.4742427279955172e-05,0.9999852576813891,3,True
lapchole__2663531,lapchole,0065 - Laparoscopic Cholecystectomy.mp4,lapchole/0065 - Laparoscopic Cholecystectomy.mp4,00:23:38,List all foreign objects that are visible in this video frame. Please provide the class names or answer with none.,Clip,fo_class,,1.0,Clip,True,Clip,-0.0038612190473426506,-0.0019306095236713253,0.998071252904162,2,True
lapchole__2663547,lapchole,0065 - Laparoscopic Cholecystectomy.mp4,lapchole/0065 - Laparoscopic Cholecystectomy.mp4,00:35:27,List all foreign objects that are visible in this video frame. Please provide the class names or answer with none.,Specimen bag,fo_class,,1.0,Specimen bag,True,Specimen bag,-0.00042568420392086003,-0.00010642105098021501,0.999893584611539,4,True
lapchole__2663325,lapchole,0065 - Laparoscopic Cholecystectomy.mp4,lapchole/0065 - Laparoscopic Cholecystectomy.mp4,00:33:40,List all foreign objects that are visible in this video frame. Please provide the class names or answer with none.,Specimen,fo_class,,1.0,Specimen,True,Specimen,-0.05348922783117957,-0.01782974261039319,0.9823282667678866,3,True
lapchole__2663578,lapchole,0065 - Laparoscopic Cholecystectomy.mp4,lapchole/0065 - Laparoscopic Cholecystectomy.mp4,00:34:13,List all foreign objects that are visible in this video frame. Please provide the class names or answer with none.,"Specimen, Specimen bag",fo_class,,2.0,"Specimen,Specimen bag",True,"Specimen, Specimen bag",-0.35865223821806386,-0.05123603403115198,0.9500543988960138,7,True
lapchole__2679310,lapchole,0065 - Laparoscopic Cholecystectomy.mp4,lapchole/0065 - Laparoscopic Cholecystectomy.mp4,00:25:12,What class is the foreign object located in the top/left relative to the image center? Please provide a class name.,Clip,fo_class,,1.0,Clip,True,Clip,-0.41483237969814546,-0.20741618984907273,0.8126813498655711,2,True
lapchole__2679368,lapchole,0065 - Laparoscopic Cholecystectomy.mp4,lapchole/0065 - Laparoscopic Cholecystectomy.mp4,00:33:03,What class is the foreign object located in the top/right relative to the image center? Please provide a class name.,Specimen,fo_class,,1.0,none,False,Specimen,-0.03209531936881964,-0.010698439789606546,0.989358584977508,3,True
lapchole__2657592,lapchole,0065 - Laparoscopic Cholecystectomy.mp4,lapchole/0065 - Laparoscopic Cholecystectomy.mp4,00:34:07,Which combination of foreign object classes is visible in this frame? Please provide the class names or answer with none.,"Specimen, Specimen bag",fo_class,,2.0,"Specimen,Specimen bag",True,"Specimen, Specimen bag",-0.040679783318483334,-0.005811397616926191,0.9942054558909219,7,True
lapchole__2662519,lapchole,0065 - Laparoscopic Cholecystectomy.mp4,lapchole/0065 - Laparoscopic Cholecystectomy.mp4,00:25:24,There is one surgical foreign object visible in the frame. What surgical foreign object is visible in this video frame? Please provide a class name.,Clip,fo_class,,1.0,none,False,Specimen,-0.6652694472470044,-0.22175648241566814,0.8011104250588305,3,False
lapchole__2662680,lapchole,0065 - Laparoscopic Cholecystectomy.mp4,lapchole/0065 - Laparoscopic Cholecystectomy.mp4,00:35:09,There is one surgical foreign object visible in the frame. What surgical foreign object is visible in this video frame? Please provide a class name.,Specimen bag,fo_class,,1.0,Specimen bag,True,Specimen bag,-4.649166292840945e-06,-1.1622915732102362e-06,0.9999988377091023,4,True
lapchole__2662618,lapchole,0065 - Laparoscopic Cholecystectomy.mp4,lapchole/0065 - Laparoscopic Cholecystectomy.mp4,00:33:40,There is one surgical foreign object visible in the frame. What surgical foreign object is visible in this video frame? Please provide a class name.,Specimen,fo_class,,1.0,Specimen,True,Specimen,-0.00012231505033253356,-4.077168344417785e-05,0.9999592291477096,3,True
lapchole__2663733,lapchole,0065 - Laparoscopic Cholecystectomy.mp4,lapchole/0065 - Laparoscopic Cholecystectomy.mp4,00:28:14,List all foreign objects that are visible in this video frame. Please provide the class names or answer with none.,Clip,fo_class,,1.0,"Clip,Specimen",False,Clip,-0.6001323323478795,-0.3000661661739398,0.7407692051960719,2,True
lapchole__2663321,lapchole,0065 - Laparoscopic Cholecystectomy.mp4,lapchole/0065 - Laparoscopic Cholecystectomy.mp4,00:35:21,List all foreign objects that are visible in this video frame. Please provide the class names or answer with none.,Specimen bag,fo_class,,1.0,Specimen bag,True,Specimen bag,-0.0007756655963941086,-0.00019391639909852715,0.9998061024014712,4,True
lapchole__2663627,lapchole,0065 - Laparoscopic Cholecystectomy.mp4,lapchole/0065 - Laparoscopic Cholecystectomy.mp4,00:33:00,List all foreign objects that are visible in this video frame. Please provide the class names or answer with none.,Specimen,fo_class,,1.0,Sponge,False,Specimen,-0.5002361727259816,-0.16674539090866056,0.8464150888814295,3,True
lapchole__2663639,lapchole,0065 - Laparoscopic Cholecystectomy.mp4,lapchole/0065 - Laparoscopic Cholecystectomy.mp4,00:34:03,List all foreign objects that are visible in this video frame. Please provide the class names or answer with none.,"Specimen, Specimen bag",fo_class,,2.0,"Specimen,Specimen bag",True,"Specimen, Specimen bag",-0.2106055051209641,-0.0300865007315663,0.9703615929304258,7,True
lapchole__2679324,lapchole,0065 - Laparoscopic Cholecystectomy.mp4,lapchole/0065 - Laparoscopic Cholecystectomy.mp4,00:29:23,What class is the foreign object located in the top/left relative to the image center? Please provide a class name.,Clip,fo_class,,1.0,Clip,True,Clip,-0.009228460184030361,-0.004614230092015181,0.9953963991128392,2,True
lapchole__2679372,lapchole,0065 - Laparoscopic Cholecystectomy.mp4,lapchole/0065 - Laparoscopic Cholecystectomy.mp4,00:33:07,What class is the foreign object located in the top/right relative to the image center? Please provide a class name.,Specimen,fo_class,,1.0,Specimen,True,Specimen,-0.00042914400119653404,-0.00014304800039884467,0.9998569622304785,3,True
lapchole__4649503,lapchole,0149 - Laparoscopic Cholecystectomy.mp4,lapchole/0149 - Laparoscopic Cholecystectomy.mp4,00:25:22,Which combination of foreign object classes is visible in this frame? Please provide the class names or answer with none.,"Clip, Specimen",fo_class,,2.0,"Clip,Specimen",True,"Clip, Specimen",-0.0031182278039157143,-0.0006236455607831428,0.9993765488656897,5,True
lapchole__4649549,lapchole,0149 - Laparoscopic Cholecystectomy.mp4,lapchole/0149 - Laparoscopic Cholecystectomy.mp4,00:26:44,Which combination of foreign object classes is visible in this frame? Please provide the class names or answer with none.,"Clip, Specimen, Specimen bag",fo_class,,3.0,"Clip,Specimen,Specimen bag",True,"Clip, Specimen, Specimen bag",-0.0840828919354874,-0.00934254354838749,0.9907009624207032,9,True
lapchole__4649551,lapchole,0149 - Laparoscopic Cholecystectomy.mp4,lapchole/0149 - Laparoscopic Cholecystectomy.mp4,00:26:46,Which combination of foreign object classes is visible in this frame? Please provide the class names or answer with none.,"Specimen, Specimen bag",fo_class,,2.0,"Specimen,Specimen bag",True,"Specimen, Specimen bag",-0.08028552653469567,-0.011469360933527952,0.9885961614473988,7,True
lapchole__4654650,lapchole,0149 - Laparoscopic Cholecystectomy.mp4,lapchole/0149 - Laparoscopic Cholecystectomy.mp4,00:07:38,There is one surgical foreign object visible in the frame. What surgical foreign object is visible in this video frame? Please provide a class name.,Clip,fo_class,,1.0,Clip,True,Clip,-2.0623354098041574e-05,-1.0311677049020787e-05,0.9999896883761161,2,True
lapchole__4654905,lapchole,0149 - Laparoscopic Cholecystectomy.mp4,lapchole/0149 - Laparoscopic Cholecystectomy.mp4,00:26:53,There is one surgical foreign object visible in the frame. What surgical foreign object is visible in this video frame? Please provide a class name.,Specimen bag,fo_class,,1.0,Specimen bag,True,Specimen bag,-5.483633358959097e-06,-1.3709083397397742e-06,0.9999986290926,4,True
lapchole__4654898,lapchole,0149 - Laparoscopic Cholecystectomy.mp4,lapchole/0149 - Laparoscopic Cholecystectomy.mp4,00:25:46,There is one surgical foreign object visible in the frame. What surgical foreign object is visible in this video frame? Please provide a class name.,Specimen,fo_class,,1.0,Specimen,True,Specimen,-0.0001056242287922215,-3.520807626407383e-05,0.999964792543533,3,True
lapchole__4655586,lapchole,0149 - Laparoscopic Cholecystectomy.mp4,lapchole/0149 - Laparoscopic Cholecystectomy.mp4,00:08:08,List all foreign objects that are visible in this video frame. Please provide the class names or answer with none.,Clip,fo_class,,1.0,Clip,True,Clip,-0.0009912600883710849,-0.0004956300441855424,0.9995044927600955,2,True
lapchole__4655774,lapchole,0149 - Laparoscopic Cholecystectomy.mp4,lapchole/0149 - Laparoscopic Cholecystectomy.mp4,00:26:32,List all foreign objects that are visible in this video frame. Please provide the class names or answer with none.,"Clip, Specimen",fo_class,,2.0,"Clip,Specimen",True,"Clip, Specimen",-0.2862506919749558,-0.05725013839499116,0.9443578196708855,5,True
lapchole__4655806,lapchole,0149 - Laparoscopic Cholecystectomy.mp4,lapchole/0149 - Laparoscopic Cholecystectomy.mp4,00:26:41,List all foreign objects that are visible in this video frame. Please provide the class names or answer with none.,"Clip, Specimen, Specimen bag",fo_class,,3.0,"Clip,Specimen,Specimen bag",True,"Clip, Specimen, Specimen bag",-0.7974445775153207,-0.08860495305725785,0.9152070519171298,9,True
lapchole__4656046,lapchole,0149 - Laparoscopic Cholecystectomy.mp4,lapchole/0149 - Laparoscopic Cholecystectomy.mp4,00:26:51,List all foreign objects that are visible in this video frame. Please provide the class names or answer with none.,Specimen bag,fo_class,,1.0,Specimen bag,True,Specimen bag,-0.1740779211140968,-0.0435194802785242,0.9574139032198078,4,True
lapchole__4655580,lapchole,0149 - Laparoscopic Cholecystectomy.mp4,lapchole/0149 - Laparoscopic Cholecystectomy.mp4,00:25:46,List all foreign objects that are visible in this video frame. Please provide the class names or answer with none.,Specimen,fo_class,,1.0,Specimen,True,Specimen,-0.042681044008856216,-0.014227014669618739,0.9858737110623106,3,True
lapchole__4655647,lapchole,0149 - Laparoscopic Cholecystectomy.mp4,lapchole/0149 - Laparoscopic Cholecystectomy.mp4,00:26:47,List all foreign objects that are visible in this video frame. Please provide the class names or answer with none.,"Specimen, Specimen bag",fo_class,,2.0,Specimen bag,False,Specimen bag,-0.4834296463363109,-0.12085741158407773,0.8861603067792357,4,False
lapchole__4674040,lapchole,0149 - Laparoscopic Cholecystectomy.mp4,lapchole/0149 - Laparoscopic Cholecystectomy.mp4,00:13:24,What class is the foreign object located in the top/right relative to the image center? Please provide a class name.,Clip,fo_class,,1.0,none,False,Specimen,-0.4240370198607171,-0.1413456732869057,0.8681891500245759,3,False
lapchole__4681373,lapchole,0149 - Laparoscopic Cholecystectomy.mp4,lapchole/0149 - Laparoscopic Cholecystectomy.mp4,00:25:09,Which of the visible foreign objects has its centre closest to the centre of the image? Please provide a class name.,Clip,fo_class,,1.0,none,False,Clip,-0.5261500422698839,-0.26307502113494197,0.7686842275847978,2,True
lapchole__4681380,lapchole,0149 - Laparoscopic Cholecystectomy.mp4,lapchole/0149 - Laparoscopic Cholecystectomy.mp4,00:25:40,Which of the visible foreign objects has its centre closest to the centre of the image? Please provide a class name.,Specimen,fo_class,,1.0,Clip,False,Clip,-0.09810757105905978,-0.04905378552952989,0.9521299175094854,2,False
lapchole__4649477,lapchole,0149 - Laparoscopic Cholecystectomy.mp4,lapchole/0149 - Laparoscopic Cholecystectomy.mp4,00:24:56,Which combination of foreign object classes is visible in this frame? Please provide the class names or answer with none.,"Clip, Specimen",fo_class,,2.0,"Clip,Specimen",True,"Clip, Specimen",-0.0072524472117643495,-0.00145048944235287,0.9985505620090238,5,True
lapchole__4649546,lapchole,0149 - Laparoscopic Cholecystectomy.mp4,lapchole/0149 - Laparoscopic Cholecystectomy.mp4,00:26:41,Which combination of foreign object classes is visible in this frame? Please provide the class names or answer with none.,"Clip, Specimen, Specimen bag",fo_class,,3.0,"Clip,Specimen,Specimen bag",True,"Clip, Specimen, Specimen bag",-0.2609340486477817,-0.028992672071975742,0.9714235829626199,9,True
lapchole__4649552,lapchole,0149 - Laparoscopic Cholecystectomy.mp4,lapchole/0149 - Laparoscopic Cholecystectomy.mp4,00:26:47,Which combination of foreign object classes is visible in this frame? Please provide the class names or answer with none.,"Specimen, Specimen bag",fo_class,,2.0,"Specimen bag,Sponge",False,"Specimen, Specimen bag",-0.6152335602348973,-0.08789050860498533,0.9158611501486563,7,True
lapchole__4654666,lapchole,0149 - Laparoscopic Cholecystectomy.mp4,lapchole/0149 - Laparoscopic Cholecystectomy.mp4,00:08:22,There is one surgical foreign object visible in the frame. What surgical foreign object is visible in this video frame? Please provide a class name.,Clip,fo_class,,1.0,Clip,True,Clip,-0.00017274816745909013,-8.637408372954506e-05,0.9999136296464042,2,True
lapchole__4654920,lapchole,0149 - Laparoscopic Cholecystectomy.mp4,lapchole/0149 - Laparoscopic Cholecystectomy.mp4,00:27:08,There is one surgical foreign object visible in the frame. What surgical foreign object is visible in this video frame? Please provide a class name.,Specimen bag,fo_class,,1.0,Specimen bag,True,Specimen bag,-7.510198109663652e-06,-1.877549527415913e-06,0.9999981224522352,4,True
lapchole__4654897,lapchole,0149 - Laparoscopic Cholecystectomy.mp4,lapchole/0149 - Laparoscopic Cholecystectomy.mp4,00:25:45,There is one surgical foreign object visible in the frame. What surgical foreign object is visible in this video frame? Please provide a class name.,Specimen,fo_class,,1.0,Specimen,True,Specimen,-8.428397619753954e-05,-2.809465873251318e-05,0.9999719057359188,3,True
lapchole__4655720,lapchole,0149 - Laparoscopic Cholecystectomy.mp4,lapchole/0149 - Laparoscopic Cholecystectomy.mp4,00:10:22,List all foreign objects that are visible in this video frame. Please provide the class names or answer with none.,Clip,fo_class,,1.0,Clip,True,Clip,-0.0018077271940187861,-0.0009038635970093931,0.9990965447646479,2,True
lapchole__4655618,lapchole,0149 - Laparoscopic Cholecystectomy.mp4,lapchole/0149 - Laparoscopic Cholecystectomy.mp4,00:25:05,List all foreign objects that are visible in this video frame. Please provide the class names or answer with none.,"Clip, Specimen",fo_class,,2.0,"Clip,Specimen",True,"Clip, Specimen",-0.017709956897204247,-0.0035419913794408494,0.9964642740724501,5,True
lapchole__4655746,lapchole,0149 - Laparoscopic Cholecystectomy.mp4,lapchole/0149 - Laparoscopic Cholecystectomy.mp4,00:26:43,List all foreign objects that are visible in this video frame. Please provide the class names or answer with none.,"Clip, Specimen, Specimen bag",fo_class,,3.0,"Clip,Specimen",False,"Clip, Specimen",-0.49863739054018746,-0.09972747810803749,0.9050840396444085,5,False
lapchole__4655876,lapchole,0149 - Laparoscopic Cholecystectomy.mp4,lapchole/0149 - Laparoscopic Cholecystectomy.mp4,00:27:30,List all foreign objects that are visible in this video frame. Please provide the class names or answer with none.,Specimen bag,fo_class,,1.0,Specimen bag,True,Specimen bag,-0.0007945309200127358,-0.00019863273000318395,0.9998013869961714,4,True
lapchole__4655924,lapchole,0149 - Laparoscopic Cholecystectomy.mp4,lapchole/0149 - Laparoscopic Cholecystectomy.mp4,00:25:43,List all foreign objects that are visible in this video frame. Please provide the class names or answer with none.,Specimen,fo_class,,1.0,Specimen,True,Specimen,-0.10781902112207654,-0.03593967370735885,0.9646984884110856,3,True
lapchole__4674044,lapchole,0149 - Laparoscopic Cholecystectomy.mp4,lapchole/0149 - Laparoscopic Cholecystectomy.mp4,00:16:15,What class is the foreign object located in the top/right relative to the image center? Please provide a class name.,Clip,fo_class,,1.0,Clip,True,Clip,-2.7895349752547612e-05,-1.3947674876273806e-05,0.9999860524223921,2,True
lapchole__4681374,lapchole,0149 - Laparoscopic Cholecystectomy.mp4,lapchole/0149 - Laparoscopic Cholecystectomy.mp4,00:25:10,Which of the visible foreign objects has its centre closest to the centre of the image? Please provide a class name.,Clip,fo_class,,1.0,Specimen,False,Clip,-0.39402257208877556,-0.19701128604438778,0.8211813653710188,2,True
lapchole__4649544,lapchole,0149 - Laparoscopic Cholecystectomy.mp4,lapchole/0149 - Laparoscopic Cholecystectomy.mp4,00:26:39,Which combination of foreign object classes is visible in this frame? Please provide the class names or answer with none.,"Clip, Specimen",fo_class,,2.0,"Clip,Specimen",True,"Clip, Specimen",-0.07580781948640368,-0.015161563897280735,0.9849527939352859,5,True
lapchole__5025238,lapchole,0065 - Laparoscopic Cholecystectomy.mp4,lapchole/0065 - Laparoscopic Cholecystectomy.mp4,00:29:57,There is one surgical foreign object visible in the frame. What surgical foreign object is visible in this video frame? Please provide a class name.,Clip,fo_class,,1.0,Clip,True,Clip,-0.02002656962512352,-0.01001328481256176,0.9900366812100646,2,True
lapchole__5026837,lapchole,0061 - Laparoscopic Cholecystectomy.mp4,lapchole/0061 - Laparoscopic Cholecystectomy.mp4,00:22:15,There is one surgical foreign object visible in the frame. What surgical foreign object is visible in this video frame? Please provide a class name.,Sponge,fo_class,,1.0,Sponge,True,Sponge,-0.00013006577759661075,-4.3355259198870254e-05,0.9999566456806268,3,True
