qID,dataset,video,_video_key,timestamp_start,question,answer,answer_format,_subtmpl,_nclasses
heico__2211523,heico,0023 - Heico - Sigma - 4.avi,heico/0023 - Heico - Sigma - 4.avi,00:58:28,Which combination of foreign object classes is visible in this frame? Please provide the class names or answer with none.,"Clip, Sponge",fo_class,,2.0
heico__2219994,heico,0023 - Heico - Sigma - 4.avi,heico/0023 - Heico - Sigma - 4.avi,00:56:28,There is one surgical foreign object visible in the frame. What surgical foreign object is visible in this video frame? Please provide a class name.,Clip,fo_class,,1.0
heico__2219817,heico,0023 - Heico - Sigma - 4.avi,heico/0023 - Heico - Sigma - 4.avi,02:26:14,There is one surgical foreign object visible in the frame. What surgical foreign object is visible in this video frame? Please provide a class name.,External drain,fo_class,,1.0
heico__2219543,heico,0023 - Heico - Sigma - 4.avi,heico/0023 - Heico - Sigma - 4.avi,00:04:16,There is one surgical foreign object visible in the frame. What surgical foreign object is visible in this video frame? Please provide a class name.,Sponge,fo_class,,1.0
heico__2222143,heico,0023 - Heico - Sigma - 4.avi,heico/0023 - Heico - Sigma - 4.avi,00:56:26,List all foreign objects that are visible in this video frame. Please provide the class names or answer with none.,Clip,fo_class,,1.0
heico__2222168,heico,0023 - Heico - Sigma - 4.avi,heico/0023 - Heico - Sigma - 4.avi,00:58:10,List all foreign objects that are visible in this video frame. Please provide the class names or answer with none.,"Clip, Sponge",fo_class,,2.0
heico__2221884,heico,0023 - Heico - Sigma - 4.avi,heico/0023 - Heico - Sigma - 4.avi,02:26:01,List all foreign objects that are visible in this video frame. Please provide the class names or answer with none.,External drain,fo_class,,1.0
heico__2221684,heico,0023 - Heico - Sigma - 4.avi,heico/0023 - Heico - Sigma - 4.avi,00:04:13,List all foreign objects that are visible in this video frame. Please provide the class names or answer with none.,Sponge,fo_class,,1.0
heico__2250743,heico,0023 - Heico - Sigma - 4.avi,heico/0023 - Heico - Sigma - 4.avi,01:09:29,What class is the foreign object located in the bottom/left relative to the image center? Please provide a class name.,Clip,fo_class,,1.0
heico__2250718,heico,0023 - Heico - Sigma - 4.avi,heico/0023 - Heico - Sigma - 4.avi,02:26:24,What class is the foreign object located in the top/left relative to the image center? Please provide a class name.,External drain,fo_class,,1.0
heico__2250729,heico,0023 - Heico - Sigma - 4.avi,heico/0023 - Heico - Sigma - 4.avi,00:03:59,What class is the foreign object located in the bottom/left relative to the image center? Please provide a class name.,Sponge,fo_class,,1.0
heico__2681795,heico,0023 - Heico - Sigma - 4.avi,heico/0023 - Heico - Sigma - 4.avi,02:26:29,Is the external drain currently grasped by an instrument? Please answer with 'yes' or 'no'.,No.,open_ended,,
heico__2681785,heico,0023 - Heico - Sigma - 4.avi,heico/0023 - Heico - Sigma - 4.avi,00:56:12,Which foreign object is partially occluded by an anatomical structure in this frame? Please provide the class name(s) or answer 'none'.,Clip.,open_ended,,
heico__2244532,heico,0023 - Heico - Sigma - 4.avi,heico/0023 - Heico - Sigma - 4.avi,00:03:59,"At timepoint 00:03:59 please provide all relative central positions of foreign objects present in the frame. Please provide the answer in the following format: “number. object type: quadrant”, where number represents an enumeration starting with 1, object type is the type of the foreign object and quadrant is one of the following options: top/left, top/right, bottom/left, bottom/right. Respond “none” in case there are no foreign objects present at timepoint 00:03:59. For example: 1. Sponge: top/left 2. Sponge: top/right 3. Needle: bottom/left",1. Sponge: bottom/left,open_ended,,
heico__2262222,heico,0023 - Heico - Sigma - 4.avi,heico/0023 - Heico - Sigma - 4.avi,00:58:35,Which of the visible foreign objects has its centre closest to the centre of the image? Please provide a class name.,Clip,fo_class,,1.0
heico__2262194,heico,0023 - Heico - Sigma - 4.avi,heico/0023 - Heico - Sigma - 4.avi,00:57:45,Which of the visible foreign objects has its centre closest to the centre of the image? Please provide a class name.,Sponge,fo_class,,1.0
heico__2267080,heico,0023 - Heico - Sigma - 4.avi,heico/0023 - Heico - Sigma - 4.avi,02:26:24,Where is the center of the External drain located relative to the image center in this frame? Please select one answer: top/left; top/right; bottom/left; bottom/right,top/left,multiple_choice,,
heico__2681979,heico,0023 - Heico - Sigma - 4.avi,heico/0023 - Heico - Sigma - 4.avi,00:04:17,In which abdominal quadrant is the sponge located before being not visible for >1 min? Please provide an abdominal quadrant.,Lower left abdominal quadrant.,open_ended,,
heico__2681985,heico,0023 - Heico - Sigma - 4.avi,heico/0023 - Heico - Sigma - 4.avi,01:30:21,Which structure is the sponge in contact with before being not visible for >1 min? Please provide an anatomical structure.,Rectal stump.,open_ended,,
heico__2226865,heico,0023 - Heico - Sigma - 4.avi,heico/0023 - Heico - Sigma - 4.avi,00:03:59,How many different foreign object instances appear in this frame? Please provide a number.,1,number,n_instances_total,
heico__2227130,heico,0023 - Heico - Sigma - 4.avi,heico/0023 - Heico - Sigma - 4.avi,01:13:23,How many different foreign object instances appear in this frame? Please provide a number.,10,number,n_instances_total,
heico__2226968,heico,0023 - Heico - Sigma - 4.avi,heico/0023 - Heico - Sigma - 4.avi,01:12:55,How many different foreign object instances appear in this frame? Please provide a number.,11,number,n_instances_total,
heico__2227141,heico,0023 - Heico - Sigma - 4.avi,heico/0023 - Heico - Sigma - 4.avi,00:58:10,How many different foreign object instances appear in this frame? Please provide a number.,2,number,n_instances_total,
heico__2227277,heico,0023 - Heico - Sigma - 4.avi,heico/0023 - Heico - Sigma - 4.avi,01:08:38,How many different foreign object instances appear in this frame? Please provide a number.,3,number,n_instances_total,
heico__2227348,heico,0023 - Heico - Sigma - 4.avi,heico/0023 - Heico - Sigma - 4.avi,01:09:32,How many different foreign object instances appear in this frame? Please provide a number.,4,number,n_instances_total,
heico__2226970,heico,0023 - Heico - Sigma - 4.avi,heico/0023 - Heico - Sigma - 4.avi,01:07:07,How many different foreign object instances appear in this frame? Please provide a number.,5,number,n_instances_total,
heico__2227110,heico,0023 - Heico - Sigma - 4.avi,heico/0023 - Heico - Sigma - 4.avi,01:11:53,How many different foreign object instances appear in this frame? Please provide a number.,6,number,n_instances_total,
heico__2226933,heico,0023 - Heico - Sigma - 4.avi,heico/0023 - Heico - Sigma - 4.avi,01:12:09,How many different foreign object instances appear in this frame? Please provide a number.,7,number,n_instances_total,
heico__2227006,heico,0023 - Heico - Sigma - 4.avi,heico/0023 - Heico - Sigma - 4.avi,01:11:35,How many different foreign object instances appear in this frame? Please provide a number.,8,number,n_instances_total,
heico__2227164,heico,0023 - Heico - Sigma - 4.avi,heico/0023 - Heico - Sigma - 4.avi,01:13:09,How many different foreign object instances appear in this frame? Please provide a number.,9,number,n_instances_total,
heico__2227369,heico,0023 - Heico - Sigma - 4.avi,heico/0023 - Heico - Sigma - 4.avi,00:04:12,How many different foreign object classes appear in this frame? Please provide a number.,1,number,n_classes,
heico__2227843,heico,0023 - Heico - Sigma - 4.avi,heico/0023 - Heico - Sigma - 4.avi,00:58:13,How many different foreign object classes appear in this frame? Please provide a number.,2,number,n_classes,
heico__2228868,heico,0023 - Heico - Sigma - 4.avi,heico/0023 - Heico - Sigma - 4.avi,00:04:11,How many Sponges appear in this frame? Please provide a number.,1,number,n_instances_per_class,
heico__2229829,heico,0023 - Heico - Sigma - 4.avi,heico/0023 - Heico - Sigma - 4.avi,01:13:20,How many Clips appear in this frame? Please provide a number.,10,number,n_instances_per_class,
heico__2229807,heico,0023 - Heico - Sigma - 4.avi,heico/0023 - Heico - Sigma - 4.avi,01:12:53,How many Clips appear in this frame? Please provide a number.,11,number,n_instances_per_class,
heico__2229826,heico,0023 - Heico - Sigma - 4.avi,heico/0023 - Heico - Sigma - 4.avi,01:13:17,How many Clips appear in this frame? Please provide a number.,12,number,n_instances_per_class,
heico__2229592,heico,0023 - Heico - Sigma - 4.avi,heico/0023 - Heico - Sigma - 4.avi,01:09:08,How many Clips appear in this frame? Please provide a number.,2,number,n_instances_per_class,
heico__2229636,heico,0023 - Heico - Sigma - 4.avi,heico/0023 - Heico - Sigma - 4.avi,01:09:55,How many Clips appear in this frame? Please provide a number.,3,number,n_instances_per_class,
heico__2229553,heico,0023 - Heico - Sigma - 4.avi,heico/0023 - Heico - Sigma - 4.avi,01:08:29,How many Clips appear in this frame? Please provide a number.,4,number,n_instances_per_class,
heico__2229498,heico,0023 - Heico - Sigma - 4.avi,heico/0023 - Heico - Sigma - 4.avi,01:07:13,How many Clips appear in this frame? Please provide a number.,5,number,n_instances_per_class,
heico__2229757,heico,0023 - Heico - Sigma - 4.avi,heico/0023 - Heico - Sigma - 4.avi,01:12:03,How many Clips appear in this frame? Please provide a number.,6,number,n_instances_per_class,
heico__2229740,heico,0023 - Heico - Sigma - 4.avi,heico/0023 - Heico - Sigma - 4.avi,01:11:46,How many Clips appear in this frame? Please provide a number.,7,number,n_instances_per_class,
heico__2229781,heico,0023 - Heico - Sigma - 4.avi,heico/0023 - Heico - Sigma - 4.avi,01:12:27,How many Clips appear in this frame? Please provide a number.,8,number,n_instances_per_class,
heico__2229818,heico,0023 - Heico - Sigma - 4.avi,heico/0023 - Heico - Sigma - 4.avi,01:13:09,How many Clips appear in this frame? Please provide a number.,9,number,n_instances_per_class,
heico__2233594,heico,0023 - Heico - Sigma - 4.avi,heico/0023 - Heico - Sigma - 4.avi,00:04:11,Do External drains and Sponges co-occur in this frame? Please answer with yes or no.,no,binary,,
heico__2234459,heico,0023 - Heico - Sigma - 4.avi,heico/0023 - Heico - Sigma - 4.avi,00:58:37,Do Clips and Sponges co-occur in this frame? Please answer with yes or no.,yes,binary,,
heico__2245758,heico,0023 - Heico - Sigma - 4.avi,heico/0023 - Heico - Sigma - 4.avi,00:56:41,Are all visible foreign objects in this frame of the same class? Please answer with yes or no.,no,binary,,
heico__2245892,heico,0023 - Heico - Sigma - 4.avi,heico/0023 - Heico - Sigma - 4.avi,01:09:18,Are all visible foreign objects in this frame of the same class? Please answer with yes or no.,yes,binary,,
heico__2211542,heico,0023 - Heico - Sigma - 4.avi,heico/0023 - Heico - Sigma - 4.avi,00:58:53,Which combination of foreign object classes is visible in this frame? Please provide the class names or answer with none.,"Clip, Sponge",fo_class,,2.0
heico__2219582,heico,0023 - Heico - Sigma - 4.avi,heico/0023 - Heico - Sigma - 4.avi,01:07:54,There is one surgical foreign object visible in the frame. What surgical foreign object is visible in this video frame? Please provide a class name.,Clip,fo_class,,1.0
heico__2219873,heico,0023 - Heico - Sigma - 4.avi,heico/0023 - Heico - Sigma - 4.avi,02:26:05,There is one surgical foreign object visible in the frame. What surgical foreign object is visible in this video frame? Please provide a class name.,External drain,fo_class,,1.0
heico__2219647,heico,0023 - Heico - Sigma - 4.avi,heico/0023 - Heico - Sigma - 4.avi,00:49:41,There is one surgical foreign object visible in the frame. What surgical foreign object is visible in this video frame? Please provide a class name.,Sponge,fo_class,,1.0
heico__2222091,heico,0023 - Heico - Sigma - 4.avi,heico/0023 - Heico - Sigma - 4.avi,01:09:59,List all foreign objects that are visible in this video frame. Please provide the class names or answer with none.,Clip,fo_class,,1.0
heico__2222095,heico,0023 - Heico - Sigma - 4.avi,heico/0023 - Heico - Sigma - 4.avi,00:58:49,List all foreign objects that are visible in this video frame. Please provide the class names or answer with none.,"Clip, Sponge",fo_class,,2.0
heico__2222020,heico,0023 - Heico - Sigma - 4.avi,heico/0023 - Heico - Sigma - 4.avi,02:26:05,List all foreign objects that are visible in this video frame. Please provide the class names or answer with none.,External drain,fo_class,,1.0
heico__2222028,heico,0023 - Heico - Sigma - 4.avi,heico/0023 - Heico - Sigma - 4.avi,00:53:54,List all foreign objects that are visible in this video frame. Please provide the class names or answer with none.,Sponge,fo_class,,1.0
heico__2250751,heico,0023 - Heico - Sigma - 4.avi,heico/0023 - Heico - Sigma - 4.avi,01:14:51,What class is the foreign object located in the bottom/left relative to the image center? Please provide a class name.,Clip,fo_class,,1.0
heico__2250719,heico,0023 - Heico - Sigma - 4.avi,heico/0023 - Heico - Sigma - 4.avi,02:26:41,What class is the foreign object located in the top/left relative to the image center? Please provide a class name.,External drain,fo_class,,1.0
heico__2250767,heico,0023 - Heico - Sigma - 4.avi,heico/0023 - Heico - Sigma - 4.avi,00:45:21,What class is the foreign object located in the bottom/right relative to the image center? Please provide a class name.,Sponge,fo_class,,1.0
heico__2681790,heico,0023 - Heico - Sigma - 4.avi,heico/0023 - Heico - Sigma - 4.avi,01:21:05,Which foreign object is partially occluded by an anatomical structure in this frame? Please provide the class name(s) or answer 'none'.,Clip.,open_ended,,
heico__2244559,heico,0023 - Heico - Sigma - 4.avi,heico/0023 - Heico - Sigma - 4.avi,00:50:17,"At timepoint 00:50:17 please provide all relative central positions of foreign objects present in the frame. Please provide the answer in the following format: “number. object type: quadrant”, where number represents an enumeration starting with 1, object type is the type of the foreign object and quadrant is one of the following options: top/left, top/right, bottom/left, bottom/right. Respond “none” in case there are no foreign objects present at timepoint 00:50:17. For example: 1. Sponge: top/left 2. Sponge: top/right 3. Needle: bottom/left",1. Sponge: bottom/right,open_ended,,
heico__2262235,heico,0023 - Heico - Sigma - 4.avi,heico/0023 - Heico - Sigma - 4.avi,00:59:07,Which of the visible foreign objects has its centre closest to the centre of the image? Please provide a class name.,Clip,fo_class,,1.0
heico__2262249,heico,0023 - Heico - Sigma - 4.avi,heico/0023 - Heico - Sigma - 4.avi,01:20:47,Which of the visible foreign objects has its centre closest to the centre of the image? Please provide a class name.,Sponge,fo_class,,1.0
heico__2267082,heico,0023 - Heico - Sigma - 4.avi,heico/0023 - Heico - Sigma - 4.avi,02:26:42,Where is the center of the External drain located relative to the image center in this frame? Please select one answer: top/left; top/right; bottom/left; bottom/right,top/left,multiple_choice,,
heico__2681981,heico,0023 - Heico - Sigma - 4.avi,heico/0023 - Heico - Sigma - 4.avi,00:59:08,In which abdominal quadrant is the sponge located before being not visible for >1 min? Please provide an anatomical quadrant.,(small) pelvis.,open_ended,,
heico__2227262,heico,0023 - Heico - Sigma - 4.avi,heico/0023 - Heico - Sigma - 4.avi,00:54:42,How many different foreign object instances appear in this frame? Please provide a number.,1,number,n_instances_total,
heico__2227225,heico,0023 - Heico - Sigma - 4.avi,heico/0023 - Heico - Sigma - 4.avi,01:13:32,How many different foreign object instances appear in this frame? Please provide a number.,10,number,n_instances_total,
heico__2226902,heico,0023 - Heico - Sigma - 4.avi,heico/0023 - Heico - Sigma - 4.avi,01:13:30,How many different foreign object instances appear in this frame? Please provide a number.,11,number,n_instances_total,
heico__2227240,heico,0023 - Heico - Sigma - 4.avi,heico/0023 - Heico - Sigma - 4.avi,00:58:50,How many different foreign object instances appear in this frame? Please provide a number.,2,number,n_instances_total,
heico__2227291,heico,0023 - Heico - Sigma - 4.avi,heico/0023 - Heico - Sigma - 4.avi,01:21:01,How many different foreign object instances appear in this frame? Please provide a number.,3,number,n_instances_total,
heico__2227340,heico,0023 - Heico - Sigma - 4.avi,heico/0023 - Heico - Sigma - 4.avi,01:20:53,How many different foreign object instances appear in this frame? Please provide a number.,4,number,n_instances_total,
heico__2227284,heico,0023 - Heico - Sigma - 4.avi,heico/0023 - Heico - Sigma - 4.avi,01:21:19,How many different foreign object instances appear in this frame? Please provide a number.,5,number,n_instances_total,
heico__2227322,heico,0023 - Heico - Sigma - 4.avi,heico/0023 - Heico - Sigma - 4.avi,01:13:27,How many different foreign object instances appear in this frame? Please provide a number.,6,number,n_instances_total,
heico__2226941,heico,0023 - Heico - Sigma - 4.avi,heico/0023 - Heico - Sigma - 4.avi,01:12:11,How many different foreign object instances appear in this frame? Please provide a number.,7,number,n_instances_total,
heico__2227209,heico,0023 - Heico - Sigma - 4.avi,heico/0023 - Heico - Sigma - 4.avi,01:13:24,How many different foreign object instances appear in this frame? Please provide a number.,8,number,n_instances_total,
heico__2227144,heico,0023 - Heico - Sigma - 4.avi,heico/0023 - Heico - Sigma - 4.avi,01:13:06,How many different foreign object instances appear in this frame? Please provide a number.,9,number,n_instances_total,
heico__2227601,heico,0023 - Heico - Sigma - 4.avi,heico/0023 - Heico - Sigma - 4.avi,00:52:01,How many different foreign object classes appear in this frame? Please provide a number.,1,number,n_classes,
heico__2227564,heico,0023 - Heico - Sigma - 4.avi,heico/0023 - Heico - Sigma - 4.avi,00:58:41,How many different foreign object classes appear in this frame? Please provide a number.,2,number,n_classes,
heico__2229231,heico,0023 - Heico - Sigma - 4.avi,heico/0023 - Heico - Sigma - 4.avi,00:54:11,How many Sponges appear in this frame? Please provide a number.,1,number,n_instances_per_class,
heico__2229846,heico,0023 - Heico - Sigma - 4.avi,heico/0023 - Heico - Sigma - 4.avi,01:13:37,How many Clips appear in this frame? Please provide a number.,10,number,n_instances_per_class,
heico__2229839,heico,0023 - Heico - Sigma - 4.avi,heico/0023 - Heico - Sigma - 4.avi,01:13:30,How many Clips appear in this frame? Please provide a number.,11,number,n_instances_per_class,
heico__2229828,heico,0023 - Heico - Sigma - 4.avi,heico/0023 - Heico - Sigma - 4.avi,01:13:19,How many Clips appear in this frame? Please provide a number.,12,number,n_instances_per_class,
heico__2229778,heico,0023 - Heico - Sigma - 4.avi,heico/0023 - Heico - Sigma - 4.avi,01:20:12,How many Clips appear in this frame? Please provide a number.,2,number,n_instances_per_class,
heico__2229645,heico,0023 - Heico - Sigma - 4.avi,heico/0023 - Heico - Sigma - 4.avi,01:21:32,How many Clips appear in this frame? Please provide a number.,3,number,n_instances_per_class,
heico__2229491,heico,0023 - Heico - Sigma - 4.avi,heico/0023 - Heico - Sigma - 4.avi,01:21:19,How many Clips appear in this frame? Please provide a number.,4,number,n_instances_per_class,
heico__2229570,heico,0023 - Heico - Sigma - 4.avi,heico/0023 - Heico - Sigma - 4.avi,01:08:46,How many Clips appear in this frame? Please provide a number.,5,number,n_instances_per_class,
heico__2229847,heico,0023 - Heico - Sigma - 4.avi,heico/0023 - Heico - Sigma - 4.avi,01:13:38,How many Clips appear in this frame? Please provide a number.,6,number,n_instances_per_class,
heico__2229837,heico,0023 - Heico - Sigma - 4.avi,heico/0023 - Heico - Sigma - 4.avi,01:13:28,How many Clips appear in this frame? Please provide a number.,7,number,n_instances_per_class,
heico__2229831,heico,0023 - Heico - Sigma - 4.avi,heico/0023 - Heico - Sigma - 4.avi,01:13:22,How many Clips appear in this frame? Please provide a number.,8,number,n_instances_per_class,
heico__2229842,heico,0023 - Heico - Sigma - 4.avi,heico/0023 - Heico - Sigma - 4.avi,01:13:33,How many Clips appear in this frame? Please provide a number.,9,number,n_instances_per_class,
heico__2234352,heico,0023 - Heico - Sigma - 4.avi,heico/0023 - Heico - Sigma - 4.avi,00:52:26,Do Clips and Sponges co-occur in this frame? Please answer with yes or no.,no,binary,,
heico__2234534,heico,0023 - Heico - Sigma - 4.avi,heico/0023 - Heico - Sigma - 4.avi,00:59:07,Do Clips and Sponges co-occur in this frame? Please answer with yes or no.,yes,binary,,
heico__2245802,heico,0023 - Heico - Sigma - 4.avi,heico/0023 - Heico - Sigma - 4.avi,00:58:42,Are all visible foreign objects in this frame of the same class? Please answer with yes or no.,no,binary,,
heico__2246147,heico,0023 - Heico - Sigma - 4.avi,heico/0023 - Heico - Sigma - 4.avi,01:19:16,Are all visible foreign objects in this frame of the same class? Please answer with yes or no.,yes,binary,,
heico__2211602,heico,0023 - Heico - Sigma - 4.avi,heico/0023 - Heico - Sigma - 4.avi,01:21:42,Which combination of foreign object classes is visible in this frame? Please provide the class names or answer with none.,"Clip, Sponge",fo_class,,2.0
heico__2219964,heico,0023 - Heico - Sigma - 4.avi,heico/0023 - Heico - Sigma - 4.avi,01:22:14,There is one surgical foreign object visible in the frame. What surgical foreign object is visible in this video frame? Please provide a class name.,Clip,fo_class,,1.0
heico__2219907,heico,0023 - Heico - Sigma - 4.avi,heico/0023 - Heico - Sigma - 4.avi,02:26:08,There is one surgical foreign object visible in the frame. What surgical foreign object is visible in this video frame? Please provide a class name.,External drain,fo_class,,1.0
heico__2219777,heico,0023 - Heico - Sigma - 4.avi,heico/0023 - Heico - Sigma - 4.avi,00:59:05,There is one surgical foreign object visible in the frame. What surgical foreign object is visible in this video frame? Please provide a class name.,Sponge,fo_class,,1.0
heico__2221756,heico,0023 - Heico - Sigma - 4.avi,heico/0023 - Heico - Sigma - 4.avi,01:20:52,List all foreign objects that are visible in this video frame. Please provide the class names or answer with none.,Clip,fo_class,,1.0
heico__2221883,heico,0023 - Heico - Sigma - 4.avi,heico/0023 - Heico - Sigma - 4.avi,01:21:14,List all foreign objects that are visible in this video frame. Please provide the class names or answer with none.,"Clip, Sponge",fo_class,,2.0
heico__2222108,heico,0023 - Heico - Sigma - 4.avi,heico/0023 - Heico - Sigma - 4.avi,02:26:41,List all foreign objects that are visible in this video frame. Please provide the class names or answer with none.,External drain,fo_class,,1.0
heico__2221712,heico,0023 - Heico - Sigma - 4.avi,heico/0023 - Heico - Sigma - 4.avi,00:58:46,List all foreign objects that are visible in this video frame. Please provide the class names or answer with none.,Sponge,fo_class,,1.0
heico__2250681,heico,0023 - Heico - Sigma - 4.avi,heico/0023 - Heico - Sigma - 4.avi,01:09:01,What class is the foreign object located in the top/left relative to the image center? Please provide a class name.,Clip,fo_class,,1.0
heico__2250720,heico,0023 - Heico - Sigma - 4.avi,heico/0023 - Heico - Sigma - 4.avi,02:26:42,What class is the foreign object located in the top/left relative to the image center? Please provide a class name.,External drain,fo_class,,1.0
heico__2250808,heico,0023 - Heico - Sigma - 4.avi,heico/0023 - Heico - Sigma - 4.avi,00:59:04,What class is the foreign object located in the bottom/right relative to the image center? Please provide a class name.,Sponge,fo_class,,1.0
heico__2244592,heico,0023 - Heico - Sigma - 4.avi,heico/0023 - Heico - Sigma - 4.avi,00:58:59,"At timepoint 00:58:59 please provide all relative central positions of foreign objects present in the frame. Please provide the answer in the following format: “number. object type: quadrant”, where number represents an enumeration starting with 1, object type is the type of the foreign object and quadrant is one of the following options: top/left, top/right, bottom/left, bottom/right. Respond “none” in case there are no foreign objects present at timepoint 00:58:59. For example: 1. Sponge: top/left 2. Sponge: top/right 3. Needle: bottom/left",1. Clip: top/right,open_ended,,
heico__2262260,heico,0023 - Heico - Sigma - 4.avi,heico/0023 - Heico - Sigma - 4.avi,01:22:02,Which of the visible foreign objects has its centre closest to the centre of the image? Please provide a class name.,Clip,fo_class,,1.0
heico__2262245,heico,0023 - Heico - Sigma - 4.avi,heico/0023 - Heico - Sigma - 4.avi,01:20:30,Which of the visible foreign objects has its centre closest to the centre of the image? Please provide a class name.,Sponge,fo_class,,1.0
heico__2267081,heico,0023 - Heico - Sigma - 4.avi,heico/0023 - Heico - Sigma - 4.avi,02:26:41,Where is the center of the External drain located relative to the image center in this frame? Please select one answer: top/left; top/right; bottom/left; bottom/right,top/left,multiple_choice,,
heico__2681984,heico,0023 - Heico - Sigma - 4.avi,heico/0023 - Heico - Sigma - 4.avi,01:21:20,In which abdominal quadrant is the sponge located before becoming not visible for over 1 min? Please provide an abdominal region or quadrant.,(small) pelvis.,open_ended,,
heico__2227320,heico,0023 - Heico - Sigma - 4.avi,heico/0023 - Heico - Sigma - 4.avi,01:08:25,How many different foreign object instances appear in this frame? Please provide a number.,1,number,n_instances_total,
heico__2226878,heico,0023 - Heico - Sigma - 4.avi,heico/0023 - Heico - Sigma - 4.avi,01:13:35,How many different foreign object instances appear in this frame? Please provide a number.,10,number,n_instances_total,
heico__2227050,heico,0023 - Heico - Sigma - 4.avi,heico/0023 - Heico - Sigma - 4.avi,01:13:31,How many different foreign object instances appear in this frame? Please provide a number.,11,number,n_instances_total,
heico__2227248,heico,0023 - Heico - Sigma - 4.avi,heico/0023 - Heico - Sigma - 4.avi,01:19:18,How many different foreign object instances appear in this frame? Please provide a number.,2,number,n_instances_total,
heico__2226989,heico,0023 - Heico - Sigma - 4.avi,heico/0023 - Heico - Sigma - 4.avi,01:09:55,How many different foreign object instances appear in this frame? Please provide a number.,3,number,n_instances_total,
heico__2227205,heico,0023 - Heico - Sigma - 4.avi,heico/0023 - Heico - Sigma - 4.avi,01:09:27,How many different foreign object instances appear in this frame? Please provide a number.,4,number,n_instances_total,
heico__2227189,heico,0023 - Heico - Sigma - 4.avi,heico/0023 - Heico - Sigma - 4.avi,01:10:31,How many different foreign object instances appear in this frame? Please provide a number.,5,number,n_instances_total,
heico__2226930,heico,0023 - Heico - Sigma - 4.avi,heico/0023 - Heico - Sigma - 4.avi,01:10:59,How many different foreign object instances appear in this frame? Please provide a number.,6,number,n_instances_total,
heico__2227002,heico,0023 - Heico - Sigma - 4.avi,heico/0023 - Heico - Sigma - 4.avi,01:10:07,How many different foreign object instances appear in this frame? Please provide a number.,7,number,n_instances_total,
heico__2227247,heico,0023 - Heico - Sigma - 4.avi,heico/0023 - Heico - Sigma - 4.avi,01:11:21,How many different foreign object instances appear in this frame? Please provide a number.,8,number,n_instances_total,
heico__2226959,heico,0023 - Heico - Sigma - 4.avi,heico/0023 - Heico - Sigma - 4.avi,01:11:41,How many different foreign object instances appear in this frame? Please provide a number.,9,number,n_instances_total,
heico__2227675,heico,0023 - Heico - Sigma - 4.avi,heico/0023 - Heico - Sigma - 4.avi,01:10:10,How many different foreign object classes appear in this frame? Please provide a number.,1,number,n_classes,
heico__2227482,heico,0023 - Heico - Sigma - 4.avi,heico/0023 - Heico - Sigma - 4.avi,01:21:10,How many different foreign object classes appear in this frame? Please provide a number.,2,number,n_classes,
heico__2229468,heico,0023 - Heico - Sigma - 4.avi,heico/0023 - Heico - Sigma - 4.avi,00:58:57,How many Clips appear in this frame? Please provide a number.,1,number,n_instances_per_class,
heico__2229817,heico,0023 - Heico - Sigma - 4.avi,heico/0023 - Heico - Sigma - 4.avi,01:13:08,How many Clips appear in this frame? Please provide a number.,10,number,n_instances_per_class,
heico__2229840,heico,0023 - Heico - Sigma - 4.avi,heico/0023 - Heico - Sigma - 4.avi,01:13:31,How many Clips appear in this frame? Please provide a number.,11,number,n_instances_per_class,
heico__2229479,heico,0023 - Heico - Sigma - 4.avi,heico/0023 - Heico - Sigma - 4.avi,01:06:47,How many Clips appear in this frame? Please provide a number.,2,number,n_instances_per_class,
heico__2229777,heico,0023 - Heico - Sigma - 4.avi,heico/0023 - Heico - Sigma - 4.avi,01:12:23,How many Clips appear in this frame? Please provide a number.,3,number,n_instances_per_class,
heico__2229601,heico,0023 - Heico - Sigma - 4.avi,heico/0023 - Heico - Sigma - 4.avi,01:09:20,How many Clips appear in this frame? Please provide a number.,4,number,n_instances_per_class,
heico__2229656,heico,0023 - Heico - Sigma - 4.avi,heico/0023 - Heico - Sigma - 4.avi,01:10:16,How many Clips appear in this frame? Please provide a number.,5,number,n_instances_per_class,
heico__2229811,heico,0023 - Heico - Sigma - 4.avi,heico/0023 - Heico - Sigma - 4.avi,01:12:57,How many Clips appear in this frame? Please provide a number.,6,number,n_instances_per_class,
heico__2229799,heico,0023 - Heico - Sigma - 4.avi,heico/0023 - Heico - Sigma - 4.avi,01:12:45,How many Clips appear in this frame? Please provide a number.,7,number,n_instances_per_class,
heico__2229646,heico,0023 - Heico - Sigma - 4.avi,heico/0023 - Heico - Sigma - 4.avi,01:10:06,How many Clips appear in this frame? Please provide a number.,8,number,n_instances_per_class,
heico__2229815,heico,0023 - Heico - Sigma - 4.avi,heico/0023 - Heico - Sigma - 4.avi,01:13:06,How many Clips appear in this frame? Please provide a number.,9,number,n_instances_per_class,
heico__2234452,heico,0023 - Heico - Sigma - 4.avi,heico/0023 - Heico - Sigma - 4.avi,01:06:42,Do Clips and External drains co-occur in this frame? Please answer with yes or no.,no,binary,,
heico__2234088,heico,0023 - Heico - Sigma - 4.avi,heico/0023 - Heico - Sigma - 4.avi,01:20:27,Do Clips and Sponges co-occur in this frame? Please answer with yes or no.,yes,binary,,
heico__2246219,heico,0023 - Heico - Sigma - 4.avi,heico/0023 - Heico - Sigma - 4.avi,01:20:47,Are all visible foreign objects in this frame of the same class? Please answer with yes or no.,no,binary,,
heico__2245856,heico,0023 - Heico - Sigma - 4.avi,heico/0023 - Heico - Sigma - 4.avi,01:08:34,Are all visible foreign objects in this frame of the same class? Please answer with yes or no.,yes,binary,,
heico__2211496,heico,0023 - Heico - Sigma - 4.avi,heico/0023 - Heico - Sigma - 4.avi,00:57:45,Which combination of foreign object classes is visible in this frame? Please provide the class names or answer with none.,"Clip, Sponge",fo_class,,2.0
heico__2219993,heico,0023 - Heico - Sigma - 4.avi,heico/0023 - Heico - Sigma - 4.avi,00:56:27,There is one surgical foreign object visible in the frame. What surgical foreign object is visible in this video frame? Please provide a class name.,Clip,fo_class,,1.0
heico__2219712,heico,0023 - Heico - Sigma - 4.avi,heico/0023 - Heico - Sigma - 4.avi,02:26:24,There is one surgical foreign object visible in the frame. What surgical foreign object is visible in this video frame? Please provide a class name.,External drain,fo_class,,1.0
heico__2219738,heico,0023 - Heico - Sigma - 4.avi,heico/0023 - Heico - Sigma - 4.avi,01:17:51,There is one surgical foreign object visible in the frame. What surgical foreign object is visible in this video frame? Please provide a class name.,Sponge,fo_class,,1.0
heico__2222067,heico,0023 - Heico - Sigma - 4.avi,heico/0023 - Heico - Sigma - 4.avi,01:12:10,List all foreign objects that are visible in this video frame. Please provide the class names or answer with none.,Clip,fo_class,,1.0
heico__2221989,heico,0023 - Heico - Sigma - 4.avi,heico/0023 - Heico - Sigma - 4.avi,00:58:11,List all foreign objects that are visible in this video frame. Please provide the class names or answer with none.,"Clip, Sponge",fo_class,,2.0
heico__2221949,heico,0023 - Heico - Sigma - 4.avi,heico/0023 - Heico - Sigma - 4.avi,02:25:59,List all foreign objects that are visible in this video frame. Please provide the class names or answer with none.,External drain,fo_class,,1.0
heico__2221991,heico,0023 - Heico - Sigma - 4.avi,heico/0023 - Heico - Sigma - 4.avi,01:24:34,List all foreign objects that are visible in this video frame. Please provide the class names or answer with none.,Sponge,fo_class,,1.0
heico__2250763,heico,0023 - Heico - Sigma - 4.avi,heico/0023 - Heico - Sigma - 4.avi,01:22:14,What class is the foreign object located in the bottom/left relative to the image center? Please provide a class name.,Clip,fo_class,,1.0
heico__2250866,heico,0023 - Heico - Sigma - 4.avi,heico/0023 - Heico - Sigma - 4.avi,01:24:49,What class is the foreign object located in the bottom/right relative to the image center? Please provide a class name.,Sponge,fo_class,,1.0
heico__2244620,heico,0023 - Heico - Sigma - 4.avi,heico/0023 - Heico - Sigma - 4.avi,01:19:36,"At timepoint 01:19:36 please provide all relative central positions of foreign objects present in the frame. Please provide the answer in the following format: “number. object type: quadrant”, where number represents an enumeration starting with 1, object type is the type of the foreign object and quadrant is one of the following options: top/left, top/right, bottom/left, bottom/right. Respond “none” in case there are no foreign objects present at timepoint 01:19:36. For example: 1. Sponge: top/left 2. Sponge: top/right 3. Needle: bottom/left",1. Clip: bottom/left,open_ended,,
heico__2262224,heico,0023 - Heico - Sigma - 4.avi,heico/0023 - Heico - Sigma - 4.avi,00:58:38,Which of the visible foreign objects has its centre closest to the centre of the image? Please provide a class name.,Clip,fo_class,,1.0
heico__2262246,heico,0023 - Heico - Sigma - 4.avi,heico/0023 - Heico - Sigma - 4.avi,01:20:31,Which of the visible foreign objects has its centre closest to the centre of the image? Please provide a class name.,Sponge,fo_class,,1.0
heico__2681986,heico,0023 - Heico - Sigma - 4.avi,heico/0023 - Heico - Sigma - 4.avi,01:30:21,In which abdominal quadrant is the sponge located before being not visible for >1 min? Please provide an abdominal quadrant.,(small) pelvis.,open_ended,,
heico__2226887,heico,0023 - Heico - Sigma - 4.avi,heico/0023 - Heico - Sigma - 4.avi,01:24:56,How many different foreign object instances appear in this frame? Please provide a number.,1,number,n_instances_total,
heico__2227051,heico,0023 - Heico - Sigma - 4.avi,heico/0023 - Heico - Sigma - 4.avi,00:58:13,How many different foreign object instances appear in this frame? Please provide a number.,2,number,n_instances_total,
heico__2227191,heico,0023 - Heico - Sigma - 4.avi,heico/0023 - Heico - Sigma - 4.avi,01:19:29,How many different foreign object instances appear in this frame? Please provide a number.,3,number,n_instances_total,
heico__2227177,heico,0023 - Heico - Sigma - 4.avi,heico/0023 - Heico - Sigma - 4.avi,01:21:49,How many different foreign object instances appear in this frame? Please provide a number.,4,number,n_instances_total,
heico__2226885,heico,0023 - Heico - Sigma - 4.avi,heico/0023 - Heico - Sigma - 4.avi,01:21:39,How many different foreign object instances appear in this frame? Please provide a number.,5,number,n_instances_total,
heico__2227161,heico,0023 - Heico - Sigma - 4.avi,heico/0023 - Heico - Sigma - 4.avi,01:11:50,How many different foreign object instances appear in this frame? Please provide a number.,6,number,n_instances_total,
heico__2227066,heico,0023 - Heico - Sigma - 4.avi,heico/0023 - Heico - Sigma - 4.avi,01:10:04,How many different foreign object instances appear in this frame? Please provide a number.,7,number,n_instances_total,
heico__2227308,heico,0023 - Heico - Sigma - 4.avi,heico/0023 - Heico - Sigma - 4.avi,01:12:01,How many different foreign object instances appear in this frame? Please provide a number.,8,number,n_instances_total,
heico__2227552,heico,0023 - Heico - Sigma - 4.avi,heico/0023 - Heico - Sigma - 4.avi,01:26:23,How many different foreign object classes appear in this frame? Please provide a number.,1,number,n_classes,
heico__2227835,heico,0023 - Heico - Sigma - 4.avi,heico/0023 - Heico - Sigma - 4.avi,00:56:32,How many different foreign object classes appear in this frame? Please provide a number.,2,number,n_classes,
heico__2228952,heico,0023 - Heico - Sigma - 4.avi,heico/0023 - Heico - Sigma - 4.avi,01:26:03,How many Sponges appear in this frame? Please provide a number.,1,number,n_instances_per_class,
heico__2229844,heico,0023 - Heico - Sigma - 4.avi,heico/0023 - Heico - Sigma - 4.avi,01:13:35,How many Clips appear in this frame? Please provide a number.,10,number,n_instances_per_class,
heico__2229581,heico,0023 - Heico - Sigma - 4.avi,heico/0023 - Heico - Sigma - 4.avi,01:19:59,How many Clips appear in this frame? Please provide a number.,2,number,n_instances_per_class,
heico__2229830,heico,0023 - Heico - Sigma - 4.avi,heico/0023 - Heico - Sigma - 4.avi,01:21:05,How many Clips appear in this frame? Please provide a number.,3,number,n_instances_per_class,
heico__2229591,heico,0023 - Heico - Sigma - 4.avi,heico/0023 - Heico - Sigma - 4.avi,01:21:44,How many Clips appear in this frame? Please provide a number.,4,number,n_instances_per_class,
heico__2229620,heico,0023 - Heico - Sigma - 4.avi,heico/0023 - Heico - Sigma - 4.avi,01:09:39,How many Clips appear in this frame? Please provide a number.,5,number,n_instances_per_class,
heico__2229795,heico,0023 - Heico - Sigma - 4.avi,heico/0023 - Heico - Sigma - 4.avi,01:12:41,How many Clips appear in this frame? Please provide a number.,6,number,n_instances_per_class,
heico__2229745,heico,0023 - Heico - Sigma - 4.avi,heico/0023 - Heico - Sigma - 4.avi,01:11:51,How many Clips appear in this frame? Please provide a number.,7,number,n_instances_per_class,
heico__2229833,heico,0023 - Heico - Sigma - 4.avi,heico/0023 - Heico - Sigma - 4.avi,01:13:24,How many Clips appear in this frame? Please provide a number.,8,number,n_instances_per_class,
heico__2229843,heico,0023 - Heico - Sigma - 4.avi,heico/0023 - Heico - Sigma - 4.avi,01:13:34,How many Clips appear in this frame? Please provide a number.,9,number,n_instances_per_class,
heico__2234150,heico,0023 - Heico - Sigma - 4.avi,heico/0023 - Heico - Sigma - 4.avi,01:19:29,Do Clips and External drains co-occur in this frame? Please answer with yes or no.,no,binary,,
heico__2234561,heico,0023 - Heico - Sigma - 4.avi,heico/0023 - Heico - Sigma - 4.avi,00:56:32,Do Clips and Sponges co-occur in this frame? Please answer with yes or no.,yes,binary,,
heico__2245753,heico,0023 - Heico - Sigma - 4.avi,heico/0023 - Heico - Sigma - 4.avi,00:56:32,Are all visible foreign objects in this frame of the same class? Please answer with yes or no.,no,binary,,
heico__2246190,heico,0023 - Heico - Sigma - 4.avi,heico/0023 - Heico - Sigma - 4.avi,01:20:16,Are all visible foreign objects in this frame of the same class? Please answer with yes or no.,yes,binary,,
heico__2211540,heico,0023 - Heico - Sigma - 4.avi,heico/0023 - Heico - Sigma - 4.avi,00:58:50,Which combination of foreign object classes is visible in this frame? Please provide the class names or answer with none.,"Clip, Sponge",fo_class,,2.0
heico__2220028,heico,0023 - Heico - Sigma - 4.avi,heico/0023 - Heico - Sigma - 4.avi,00:58:56,There is one surgical foreign object visible in the frame. What surgical foreign object is visible in this video frame? Please provide a class name.,Clip,fo_class,,1.0
heico__2219695,heico,0023 - Heico - Sigma - 4.avi,heico/0023 - Heico - Sigma - 4.avi,02:25:56,There is one surgical foreign object visible in the frame. What surgical foreign object is visible in this video frame? Please provide a class name.,External drain,fo_class,,1.0
heico__2219594,heico,0023 - Heico - Sigma - 4.avi,heico/0023 - Heico - Sigma - 4.avi,01:30:03,There is one surgical foreign object visible in the frame. What surgical foreign object is visible in this video frame? Please provide a class name.,Sponge,fo_class,,1.0
heico__2221792,heico,0023 - Heico - Sigma - 4.avi,heico/0023 - Heico - Sigma - 4.avi,01:20:17,List all foreign objects that are visible in this video frame. Please provide the class names or answer with none.,Clip,fo_class,,1.0
heico__2221908,heico,0023 - Heico - Sigma - 4.avi,heico/0023 - Heico - Sigma - 4.avi,01:21:39,List all foreign objects that are visible in this video frame. Please provide the class names or answer with none.,"Clip, Sponge",fo_class,,2.0
heico__2221988,heico,0023 - Heico - Sigma - 4.avi,heico/0023 - Heico - Sigma - 4.avi,02:25:56,List all foreign objects that are visible in this video frame. Please provide the class names or answer with none.,External drain,fo_class,,1.0
heico__2221877,heico,0023 - Heico - Sigma - 4.avi,heico/0023 - Heico - Sigma - 4.avi,01:30:08,List all foreign objects that are visible in this video frame. Please provide the class names or answer with none.,Sponge,fo_class,,1.0
heico__2250692,heico,0023 - Heico - Sigma - 4.avi,heico/0023 - Heico - Sigma - 4.avi,01:09:40,What class is the foreign object located in the top/left relative to the image center? Please provide a class name.,Clip,fo_class,,1.0
heico__2250913,heico,0023 - Heico - Sigma - 4.avi,heico/0023 - Heico - Sigma - 4.avi,01:28:27,What class is the foreign object located in the bottom/right relative to the image center? Please provide a class name.,Sponge,fo_class,,1.0
heico__2244724,heico,0023 - Heico - Sigma - 4.avi,heico/0023 - Heico - Sigma - 4.avi,01:28:30,"At timepoint 01:28:30 please provide all relative central positions of foreign objects present in the frame. Please provide the answer in the following format: “number. object type: quadrant”, where number represents an enumeration starting with 1, object type is the type of the foreign object and quadrant is one of the following options: top/left, top/right, bottom/left, bottom/right. Respond “none” in case there are no foreign objects present at timepoint 01:28:30. For example: 1. Sponge: top/left 2. Sponge: top/right 3. Needle: bottom/left",1. Sponge: bottom/right,open_ended,,
heico__2262232,heico,0023 - Heico - Sigma - 4.avi,heico/0023 - Heico - Sigma - 4.avi,00:58:53,Which of the visible foreign objects has its centre closest to the centre of the image? Please provide a class name.,Clip,fo_class,,1.0
heico__2262261,heico,0023 - Heico - Sigma - 4.avi,heico/0023 - Heico - Sigma - 4.avi,01:22:13,Which of the visible foreign objects has its centre closest to the centre of the image? Please provide a class name.,Sponge,fo_class,,1.0
heico__2681980,heico,0023 - Heico - Sigma - 4.avi,heico/0023 - Heico - Sigma - 4.avi,00:59:07,In which abdominal quadrant is the sponge located before becoming not visible for >1 minute? Please provide an anatomical region or quadrant.,(small) pelvis.,open_ended,,
heico__2227315,heico,0023 - Heico - Sigma - 4.avi,heico/0023 - Heico - Sigma - 4.avi,01:28:48,How many different foreign object instances appear in this frame? Please provide a number.,1,number,n_instances_total,
heico__2226969,heico,0023 - Heico - Sigma - 4.avi,heico/0023 - Heico - Sigma - 4.avi,00:58:48,How many different foreign object instances appear in this frame? Please provide a number.,2,number,n_instances_total,
heico__2227278,heico,0023 - Heico - Sigma - 4.avi,heico/0023 - Heico - Sigma - 4.avi,01:12:34,How many different foreign object instances appear in this frame? Please provide a number.,3,number,n_instances_total,
heico__2227252,heico,0023 - Heico - Sigma - 4.avi,heico/0023 - Heico - Sigma - 4.avi,01:09:28,How many different foreign object instances appear in this frame? Please provide a number.,4,number,n_instances_total,
heico__2227089,heico,0023 - Heico - Sigma - 4.avi,heico/0023 - Heico - Sigma - 4.avi,01:10:54,How many different foreign object instances appear in this frame? Please provide a number.,5,number,n_instances_total,
heico__2227352,heico,0023 - Heico - Sigma - 4.avi,heico/0023 - Heico - Sigma - 4.avi,01:09:51,How many different foreign object instances appear in this frame? Please provide a number.,6,number,n_instances_total,
heico__2227237,heico,0023 - Heico - Sigma - 4.avi,heico/0023 - Heico - Sigma - 4.avi,01:10:02,How many different foreign object instances appear in this frame? Please provide a number.,7,number,n_instances_total,
heico__2226951,heico,0023 - Heico - Sigma - 4.avi,heico/0023 - Heico - Sigma - 4.avi,01:12:13,How many different foreign object instances appear in this frame? Please provide a number.,8,number,n_instances_total,
heico__2227384,heico,0023 - Heico - Sigma - 4.avi,heico/0023 - Heico - Sigma - 4.avi,01:29:39,How many different foreign object classes appear in this frame? Please provide a number.,1,number,n_classes,
heico__2227398,heico,0023 - Heico - Sigma - 4.avi,heico/0023 - Heico - Sigma - 4.avi,00:58:53,How many different foreign object classes appear in this frame? Please provide a number.,2,number,n_classes,
heico__2229265,heico,0023 - Heico - Sigma - 4.avi,heico/0023 - Heico - Sigma - 4.avi,01:30:19,How many Sponges appear in this frame? Please provide a number.,1,number,n_instances_per_class,
heico__2229727,heico,0023 - Heico - Sigma - 4.avi,heico/0023 - Heico - Sigma - 4.avi,01:11:33,How many Clips appear in this frame? Please provide a number.,10,number,n_instances_per_class,
heico__2229507,heico,0023 - Heico - Sigma - 4.avi,heico/0023 - Heico - Sigma - 4.avi,01:07:23,How many Clips appear in this frame? Please provide a number.,2,number,n_instances_per_class,
heico__2229483,heico,0023 - Heico - Sigma - 4.avi,heico/0023 - Heico - Sigma - 4.avi,01:06:55,How many Clips appear in this frame? Please provide a number.,3,number,n_instances_per_class,
heico__2229625,heico,0023 - Heico - Sigma - 4.avi,heico/0023 - Heico - Sigma - 4.avi,01:09:44,How many Clips appear in this frame? Please provide a number.,4,number,n_instances_per_class,
heico__2229739,heico,0023 - Heico - Sigma - 4.avi,heico/0023 - Heico - Sigma - 4.avi,01:11:45,How many Clips appear in this frame? Please provide a number.,5,number,n_instances_per_class,
heico__2229744,heico,0023 - Heico - Sigma - 4.avi,heico/0023 - Heico - Sigma - 4.avi,01:11:50,How many Clips appear in this frame? Please provide a number.,6,number,n_instances_per_class,
heico__2229637,heico,0023 - Heico - Sigma - 4.avi,heico/0023 - Heico - Sigma - 4.avi,01:09:56,How many Clips appear in this frame? Please provide a number.,7,number,n_instances_per_class,
heico__2229819,heico,0023 - Heico - Sigma - 4.avi,heico/0023 - Heico - Sigma - 4.avi,01:13:10,How many Clips appear in this frame? Please provide a number.,8,number,n_instances_per_class,
heico__2229820,heico,0023 - Heico - Sigma - 4.avi,heico/0023 - Heico - Sigma - 4.avi,01:13:11,How many Clips appear in this frame? Please provide a number.,9,number,n_instances_per_class,
heico__2233748,heico,0023 - Heico - Sigma - 4.avi,heico/0023 - Heico - Sigma - 4.avi,01:29:29,Do External drains and Sponges co-occur in this frame? Please answer with yes or no.,no,binary,,
heico__2234145,heico,0023 - Heico - Sigma - 4.avi,heico/0023 - Heico - Sigma - 4.avi,01:21:08,Do Clips and Sponges co-occur in this frame? Please answer with yes or no.,yes,binary,,
heico__2245810,heico,0023 - Heico - Sigma - 4.avi,heico/0023 - Heico - Sigma - 4.avi,00:58:58,Are all visible foreign objects in this frame of the same class? Please answer with yes or no.,no,binary,,
heico__2245963,heico,0023 - Heico - Sigma - 4.avi,heico/0023 - Heico - Sigma - 4.avi,01:10:34,Are all visible foreign objects in this frame of the same class? Please answer with yes or no.,yes,binary,,
heico__2211575,heico,0023 - Heico - Sigma - 4.avi,heico/0023 - Heico - Sigma - 4.avi,01:21:15,Which combination of foreign object classes is visible in this frame? Please provide the class names or answer with none.,"Clip, Sponge",fo_class,,2.0
heico__2219951,heico,0023 - Heico - Sigma - 4.avi,heico/0023 - Heico - Sigma - 4.avi,01:20:00,There is one surgical foreign object visible in the frame. What surgical foreign object is visible in this video frame? Please provide a class name.,Clip,fo_class,,1.0
heico__2219641,heico,0023 - Heico - Sigma - 4.avi,heico/0023 - Heico - Sigma - 4.avi,02:26:04,There is one surgical foreign object visible in the frame. What surgical foreign object is visible in this video frame? Please provide a class name.,External drain,fo_class,,1.0
heico__2219715,heico,0023 - Heico - Sigma - 4.avi,heico/0023 - Heico - Sigma - 4.avi,02:08:43,There is one surgical foreign object visible in the frame. What surgical foreign object is visible in this video frame? Please provide a class name.,Sponge,fo_class,,1.0
heico__2222084,heico,0023 - Heico - Sigma - 4.avi,heico/0023 - Heico - Sigma - 4.avi,01:12:01,List all foreign objects that are visible in this video frame. Please provide the class names or answer with none.,Clip,fo_class,,1.0
heico__2222151,heico,0023 - Heico - Sigma - 4.avi,heico/0023 - Heico - Sigma - 4.avi,00:56:34,List all foreign objects that are visible in this video frame. Please provide the class names or answer with none.,"Clip, Sponge",fo_class,,2.0
heico__2222060,heico,0023 - Heico - Sigma - 4.avi,heico/0023 - Heico - Sigma - 4.avi,02:26:27,List all foreign objects that are visible in this video frame. Please provide the class names or answer with none.,External drain,fo_class,,1.0
heico__2221743,heico,0023 - Heico - Sigma - 4.avi,heico/0023 - Heico - Sigma - 4.avi,02:08:33,List all foreign objects that are visible in this video frame. Please provide the class names or answer with none.,Sponge,fo_class,,1.0
heico__2250754,heico,0023 - Heico - Sigma - 4.avi,heico/0023 - Heico - Sigma - 4.avi,01:19:47,What class is the foreign object located in the bottom/left relative to the image center? Please provide a class name.,Clip,fo_class,,1.0
heico__2250791,heico,0023 - Heico - Sigma - 4.avi,heico/0023 - Heico - Sigma - 4.avi,00:56:50,What class is the foreign object located in the bottom/right relative to the image center? Please provide a class name.,Sponge,fo_class,,1.0
heico__2244739,heico,0023 - Heico - Sigma - 4.avi,heico/0023 - Heico - Sigma - 4.avi,02:09:04,"At timepoint 02:09:04 please provide all relative central positions of foreign objects present in the frame. Please provide the answer in the following format: “number. object type: quadrant”, where number represents an enumeration starting with 1, object type is the type of the foreign object and quadrant is one of the following options: top/left, top/right, bottom/left, bottom/right. Respond “none” in case there are no foreign objects present at timepoint 02:09:04. For example: 1. Sponge: top/left 2. Sponge: top/right 3. Needle: bottom/left",1. Sponge: bottom/right,open_ended,,
heico__2262265,heico,0023 - Heico - Sigma - 4.avi,heico/0023 - Heico - Sigma - 4.avi,01:22:24,Which of the visible foreign objects has its centre closest to the centre of the image? Please provide a class name.,Clip,fo_class,,1.0
heico__2262239,heico,0023 - Heico - Sigma - 4.avi,heico/0023 - Heico - Sigma - 4.avi,01:20:24,Which of the visible foreign objects has its centre closest to the centre of the image? Please provide a class name.,Sponge,fo_class,,1.0
heico__2681982,heico,0023 - Heico - Sigma - 4.avi,heico/0023 - Heico - Sigma - 4.avi,01:18:05,In which abdominal quadrant is the sponge located before being not visible for >1 min? Please provide an abdominal region.,Pelvis.,open_ended,,
heico__2227210,heico,0023 - Heico - Sigma - 4.avi,heico/0023 - Heico - Sigma - 4.avi,02:08:06,How many different foreign object instances appear in this frame? Please provide a number.,1,number,n_instances_total,
heico__2227309,heico,0023 - Heico - Sigma - 4.avi,heico/0023 - Heico - Sigma - 4.avi,01:20:49,How many different foreign object instances appear in this frame? Please provide a number.,2,number,n_instances_total,
heico__2227357,heico,0023 - Heico - Sigma - 4.avi,heico/0023 - Heico - Sigma - 4.avi,01:19:25,How many different foreign object instances appear in this frame? Please provide a number.,3,number,n_instances_total,
heico__2227235,heico,0023 - Heico - Sigma - 4.avi,heico/0023 - Heico - Sigma - 4.avi,01:21:16,How many different foreign object instances appear in this frame? Please provide a number.,4,number,n_instances_total,
heico__2227140,heico,0023 - Heico - Sigma - 4.avi,heico/0023 - Heico - Sigma - 4.avi,01:08:35,How many different foreign object instances appear in this frame? Please provide a number.,5,number,n_instances_total,
heico__2226875,heico,0023 - Heico - Sigma - 4.avi,heico/0023 - Heico - Sigma - 4.avi,01:12:32,How many different foreign object instances appear in this frame? Please provide a number.,6,number,n_instances_total,
heico__2226866,heico,0023 - Heico - Sigma - 4.avi,heico/0023 - Heico - Sigma - 4.avi,01:12:39,How many different foreign object instances appear in this frame? Please provide a number.,7,number,n_instances_total,
heico__2226982,heico,0023 - Heico - Sigma - 4.avi,heico/0023 - Heico - Sigma - 4.avi,01:12:43,How many different foreign object instances appear in this frame? Please provide a number.,8,number,n_instances_total,
heico__2227786,heico,0023 - Heico - Sigma - 4.avi,heico/0023 - Heico - Sigma - 4.avi,02:08:19,How many different foreign object classes appear in this frame? Please provide a number.,1,number,n_classes,
heico__2227365,heico,0023 - Heico - Sigma - 4.avi,heico/0023 - Heico - Sigma - 4.avi,01:21:18,How many different foreign object classes appear in this frame? Please provide a number.,2,number,n_classes,
heico__2229273,heico,0023 - Heico - Sigma - 4.avi,heico/0023 - Heico - Sigma - 4.avi,02:08:45,How many Sponges appear in this frame? Please provide a number.,1,number,n_instances_per_class,
heico__2229841,heico,0023 - Heico - Sigma - 4.avi,heico/0023 - Heico - Sigma - 4.avi,01:13:32,How many Clips appear in this frame? Please provide a number.,10,number,n_instances_per_class,
heico__2229399,heico,0023 - Heico - Sigma - 4.avi,heico/0023 - Heico - Sigma - 4.avi,01:20:13,How many Clips appear in this frame? Please provide a number.,2,number,n_instances_per_class,
heico__2229415,heico,0023 - Heico - Sigma - 4.avi,heico/0023 - Heico - Sigma - 4.avi,01:21:46,How many Clips appear in this frame? Please provide a number.,3,number,n_instances_per_class,
heico__2229452,heico,0023 - Heico - Sigma - 4.avi,heico/0023 - Heico - Sigma - 4.avi,01:21:36,How many Clips appear in this frame? Please provide a number.,4,number,n_instances_per_class,
heico__2229669,heico,0023 - Heico - Sigma - 4.avi,heico/0023 - Heico - Sigma - 4.avi,01:10:31,How many Clips appear in this frame? Please provide a number.,5,number,n_instances_per_class,
heico__2229681,heico,0023 - Heico - Sigma - 4.avi,heico/0023 - Heico - Sigma - 4.avi,01:10:43,How many Clips appear in this frame? Please provide a number.,6,number,n_instances_per_class,
heico__2229748,heico,0023 - Heico - Sigma - 4.avi,heico/0023 - Heico - Sigma - 4.avi,01:11:54,How many Clips appear in this frame? Please provide a number.,7,number,n_instances_per_class,
heico__2229835,heico,0023 - Heico - Sigma - 4.avi,heico/0023 - Heico - Sigma - 4.avi,01:13:26,How many Clips appear in this frame? Please provide a number.,8,number,n_instances_per_class,
heico__2229824,heico,0023 - Heico - Sigma - 4.avi,heico/0023 - Heico - Sigma - 4.avi,01:13:15,How many Clips appear in this frame? Please provide a number.,9,number,n_instances_per_class,
heico__2234450,heico,0023 - Heico - Sigma - 4.avi,heico/0023 - Heico - Sigma - 4.avi,02:08:16,Do Clips and Sponges co-occur in this frame? Please answer with yes or no.,no,binary,,
heico__2234543,heico,0023 - Heico - Sigma - 4.avi,heico/0023 - Heico - Sigma - 4.avi,00:56:14,Do Clips and Sponges co-occur in this frame? Please answer with yes or no.,yes,binary,,
heico__2245959,heico,0023 - Heico - Sigma - 4.avi,heico/0023 - Heico - Sigma - 4.avi,01:21:46,Are all visible foreign objects in this frame of the same class? Please answer with yes or no.,no,binary,,
heico__2246182,heico,0023 - Heico - Sigma - 4.avi,heico/0023 - Heico - Sigma - 4.avi,01:20:08,Are all visible foreign objects in this frame of the same class? Please answer with yes or no.,yes,binary,,
heico__2211480,heico,0023 - Heico - Sigma - 4.avi,heico/0023 - Heico - Sigma - 4.avi,00:56:19,Which combination of foreign object classes is visible in this frame? Please provide the class names or answer with none.,"Clip, Sponge",fo_class,,2.0
heico__2219885,heico,0023 - Heico - Sigma - 4.avi,heico/0023 - Heico - Sigma - 4.avi,00:57:56,There is one surgical foreign object visible in the frame. What surgical foreign object is visible in this video frame? Please provide a class name.,Clip,fo_class,,1.0
heico__2219569,heico,0023 - Heico - Sigma - 4.avi,heico/0023 - Heico - Sigma - 4.avi,02:25:59,There is one surgical foreign object visible in the frame. What surgical foreign object is visible in this video frame? Please provide a class name.,External drain,fo_class,,1.0
heico__2219531,heico,0023 - Heico - Sigma - 4.avi,heico/0023 - Heico - Sigma - 4.avi,00:03:48,There is one surgical foreign object visible in the frame. What surgical foreign object is visible in this video frame? Please provide a class name.,Sponge,fo_class,,1.0
heico__2221992,heico,0023 - Heico - Sigma - 4.avi,heico/0023 - Heico - Sigma - 4.avi,01:20:51,List all foreign objects that are visible in this video frame. Please provide the class names or answer with none.,Clip,fo_class,,1.0
heico__2222153,heico,0023 - Heico - Sigma - 4.avi,heico/0023 - Heico - Sigma - 4.avi,01:21:36,List all foreign objects that are visible in this video frame. Please provide the class names or answer with none.,"Clip, Sponge",fo_class,,2.0
heico__2222083,heico,0023 - Heico - Sigma - 4.avi,heico/0023 - Heico - Sigma - 4.avi,02:26:13,List all foreign objects that are visible in this video frame. Please provide the class names or answer with none.,External drain,fo_class,,1.0
heico__2221682,heico,0023 - Heico - Sigma - 4.avi,heico/0023 - Heico - Sigma - 4.avi,00:04:11,List all foreign objects that are visible in this video frame. Please provide the class names or answer with none.,Sponge,fo_class,,1.0
heico__2250726,heico,0023 - Heico - Sigma - 4.avi,heico/0023 - Heico - Sigma - 4.avi,00:58:59,What class is the foreign object located in the top/right relative to the image center? Please provide a class name.,Clip,fo_class,,1.0
heico__2250809,heico,0023 - Heico - Sigma - 4.avi,heico/0023 - Heico - Sigma - 4.avi,00:59:05,What class is the foreign object located in the bottom/right relative to the image center? Please provide a class name.,Sponge,fo_class,,1.0
heico__2244740,heico,0023 - Heico - Sigma - 4.avi,heico/0023 - Heico - Sigma - 4.avi,02:26:01,"At timepoint 02:26:01 please provide all relative central positions of foreign objects present in the frame. Please provide the answer in the following format: “number. object type: quadrant”, where number represents an enumeration starting with 1, object type is the type of the foreign object and quadrant is one of the following options: top/left, top/right, bottom/left, bottom/right. Respond “none” in case there are no foreign objects present at timepoint 02:26:01. For example: 1. Sponge: top/left 2. Sponge: top/right 3. Needle: bottom/left",1. External drain: top/left,open_ended,,
heico__2262204,heico,0023 - Heico - Sigma - 4.avi,heico/0023 - Heico - Sigma - 4.avi,00:58:03,Which of the visible foreign objects has its centre closest to the centre of the image? Please provide a class name.,Clip,fo_class,,1.0
heico__2262244,heico,0023 - Heico - Sigma - 4.avi,heico/0023 - Heico - Sigma - 4.avi,01:20:29,Which of the visible foreign objects has its centre closest to the centre of the image? Please provide a class name.,Sponge,fo_class,,1.0
heico__2681983,heico,0023 - Heico - Sigma - 4.avi,heico/0023 - Heico - Sigma - 4.avi,01:18:51,In which abdominal quadrant is the sponge located before being not visible for >1 min? Please provide an anatomical region.,(small) pelvis.,open_ended,,
heico__2227032,heico,0023 - Heico - Sigma - 4.avi,heico/0023 - Heico - Sigma - 4.avi,02:26:42,How many different foreign object instances appear in this frame? Please provide a number.,1,number,n_instances_total,
heico__2227323,heico,0023 - Heico - Sigma - 4.avi,heico/0023 - Heico - Sigma - 4.avi,00:56:20,How many different foreign object instances appear in this frame? Please provide a number.,2,number,n_instances_total,
heico__2227272,heico,0023 - Heico - Sigma - 4.avi,heico/0023 - Heico - Sigma - 4.avi,01:06:55,How many different foreign object instances appear in this frame? Please provide a number.,3,number,n_instances_total,
heico__2227174,heico,0023 - Heico - Sigma - 4.avi,heico/0023 - Heico - Sigma - 4.avi,01:09:24,How many different foreign object instances appear in this frame? Please provide a number.,4,number,n_instances_total,
heico__2226859,heico,0023 - Heico - Sigma - 4.avi,heico/0023 - Heico - Sigma - 4.avi,01:12:08,How many different foreign object instances appear in this frame? Please provide a number.,5,number,n_instances_total,
heico__2227156,heico,0023 - Heico - Sigma - 4.avi,heico/0023 - Heico - Sigma - 4.avi,01:10:36,How many different foreign object instances appear in this frame? Please provide a number.,6,number,n_instances_total,
heico__2227056,heico,0023 - Heico - Sigma - 4.avi,heico/0023 - Heico - Sigma - 4.avi,01:11:07,How many different foreign object instances appear in this frame? Please provide a number.,7,number,n_instances_total,
heico__2227332,heico,0023 - Heico - Sigma - 4.avi,heico/0023 - Heico - Sigma - 4.avi,01:11:47,How many different foreign object instances appear in this frame? Please provide a number.,8,number,n_instances_total,
heico__2227450,heico,0023 - Heico - Sigma - 4.avi,heico/0023 - Heico - Sigma - 4.avi,02:26:11,How many different foreign object classes appear in this frame? Please provide a number.,1,number,n_classes,
heico__2227836,heico,0023 - Heico - Sigma - 4.avi,heico/0023 - Heico - Sigma - 4.avi,00:56:33,How many different foreign object classes appear in this frame? Please provide a number.,2,number,n_classes,
heico__2229366,heico,0023 - Heico - Sigma - 4.avi,heico/0023 - Heico - Sigma - 4.avi,02:26:02,How many External drains appear in this frame? Please provide a number.,1,number,n_instances_per_class,
heico__2229772,heico,0023 - Heico - Sigma - 4.avi,heico/0023 - Heico - Sigma - 4.avi,01:12:18,How many Clips appear in this frame? Please provide a number.,2,number,n_instances_per_class,
heico__2229773,heico,0023 - Heico - Sigma - 4.avi,heico/0023 - Heico - Sigma - 4.avi,01:12:19,How many Clips appear in this frame? Please provide a number.,3,number,n_instances_per_class,
heico__2229624,heico,0023 - Heico - Sigma - 4.avi,heico/0023 - Heico - Sigma - 4.avi,01:09:43,How many Clips appear in this frame? Please provide a number.,4,number,n_instances_per_class,
heico__2229668,heico,0023 - Heico - Sigma - 4.avi,heico/0023 - Heico - Sigma - 4.avi,01:10:30,How many Clips appear in this frame? Please provide a number.,5,number,n_instances_per_class,
heico__2229697,heico,0023 - Heico - Sigma - 4.avi,heico/0023 - Heico - Sigma - 4.avi,01:10:59,How many Clips appear in this frame? Please provide a number.,6,number,n_instances_per_class,
heico__2229718,heico,0023 - Heico - Sigma - 4.avi,heico/0023 - Heico - Sigma - 4.avi,01:11:24,How many Clips appear in this frame? Please provide a number.,7,number,n_instances_per_class,
heico__2229810,heico,0023 - Heico - Sigma - 4.avi,heico/0023 - Heico - Sigma - 4.avi,01:12:56,How many Clips appear in this frame? Please provide a number.,8,number,n_instances_per_class,
heico__2229822,heico,0023 - Heico - Sigma - 4.avi,heico/0023 - Heico - Sigma - 4.avi,01:13:13,How many Clips appear in this frame? Please provide a number.,9,number,n_instances_per_class,
heico__2234079,heico,0023 - Heico - Sigma - 4.avi,heico/0023 - Heico - Sigma - 4.avi,02:26:24,Do External drains and Sponges co-occur in this frame? Please answer with yes or no.,no,binary,,
heico__2234202,heico,0023 - Heico - Sigma - 4.avi,heico/0023 - Heico - Sigma - 4.avi,01:21:28,Do Clips and Sponges co-occur in this frame? Please answer with yes or no.,yes,binary,,
heico__2245746,heico,0023 - Heico - Sigma - 4.avi,heico/0023 - Heico - Sigma - 4.avi,00:56:14,Are all visible foreign objects in this frame of the same class? Please answer with yes or no.,no,binary,,
heico__2245858,heico,0023 - Heico - Sigma - 4.avi,heico/0023 - Heico - Sigma - 4.avi,01:08:36,Are all visible foreign objects in this frame of the same class? Please answer with yes or no.,yes,binary,,
heico__2211535,heico,0023 - Heico - Sigma - 4.avi,heico/0023 - Heico - Sigma - 4.avi,00:58:42,Which combination of foreign object classes is visible in this frame? Please provide the class names or answer with none.,"Clip, Sponge",fo_class,,2.0
heico__2219696,heico,0023 - Heico - Sigma - 4.avi,heico/0023 - Heico - Sigma - 4.avi,01:08:06,There is one surgical foreign object visible in the frame. What surgical foreign object is visible in this video frame? Please provide a class name.,Clip,fo_class,,1.0
heico__2219948,heico,0023 - Heico - Sigma - 4.avi,heico/0023 - Heico - Sigma - 4.avi,02:25:55,There is one surgical foreign object visible in the frame. What surgical foreign object is visible in this video frame? Please provide a class name.,External drain,fo_class,,1.0
heico__2219728,heico,0023 - Heico - Sigma - 4.avi,heico/0023 - Heico - Sigma - 4.avi,00:51:18,There is one surgical foreign object visible in the frame. What surgical foreign object is visible in this video frame? Please provide a class name.,Sponge,fo_class,,1.0
heico__2221809,heico,0023 - Heico - Sigma - 4.avi,heico/0023 - Heico - Sigma - 4.avi,01:07:07,List all foreign objects that are visible in this video frame. Please provide the class names or answer with none.,Clip,fo_class,,1.0
heico__2222157,heico,0023 - Heico - Sigma - 4.avi,heico/0023 - Heico - Sigma - 4.avi,00:56:40,List all foreign objects that are visible in this video frame. Please provide the class names or answer with none.,"Clip, Sponge",fo_class,,2.0
heico__2222033,heico,0023 - Heico - Sigma - 4.avi,heico/0023 - Heico - Sigma - 4.avi,02:26:29,List all foreign objects that are visible in this video frame. Please provide the class names or answer with none.,External drain,fo_class,,1.0
heico__2221927,heico,0023 - Heico - Sigma - 4.avi,heico/0023 - Heico - Sigma - 4.avi,00:52:13,List all foreign objects that are visible in this video frame. Please provide the class names or answer with none.,Sponge,fo_class,,1.0
heico__2250760,heico,0023 - Heico - Sigma - 4.avi,heico/0023 - Heico - Sigma - 4.avi,01:21:28,What class is the foreign object located in the bottom/left relative to the image center? Please provide a class name.,Clip,fo_class,,1.0
heico__2250902,heico,0023 - Heico - Sigma - 4.avi,heico/0023 - Heico - Sigma - 4.avi,01:26:25,What class is the foreign object located in the bottom/right relative to the image center? Please provide a class name.,Sponge,fo_class,,1.0
heico__2244558,heico,0023 - Heico - Sigma - 4.avi,heico/0023 - Heico - Sigma - 4.avi,00:49:04,"At timepoint 00:49:04 please provide all relative central positions of foreign objects present in the frame. Please provide the answer in the following format: “number. object type: quadrant”, where number represents an enumeration starting with 1, object type is the type of the foreign object and quadrant is one of the following options: top/left, top/right, bottom/left, bottom/right. Respond “none” in case there are no foreign objects present at timepoint 00:49:04. For example: 1. Sponge: top/left 2. Sponge: top/right 3. Needle: bottom/left",1. Sponge: bottom/left,open_ended,,
heico__2262230,heico,0023 - Heico - Sigma - 4.avi,heico/0023 - Heico - Sigma - 4.avi,00:58:49,Which of the visible foreign objects has its centre closest to the centre of the image? Please provide a class name.,Clip,fo_class,,1.0
heico__2262254,heico,0023 - Heico - Sigma - 4.avi,heico/0023 - Heico - Sigma - 4.avi,01:21:26,Which of the visible foreign objects has its centre closest to the centre of the image? Please provide a class name.,Sponge,fo_class,,1.0
heico__2226873,heico,0023 - Heico - Sigma - 4.avi,heico/0023 - Heico - Sigma - 4.avi,00:04:16,How many different foreign object instances appear in this frame? Please provide a number.,1,number,n_instances_total,
heico__2227155,heico,0023 - Heico - Sigma - 4.avi,heico/0023 - Heico - Sigma - 4.avi,01:06:43,How many different foreign object instances appear in this frame? Please provide a number.,2,number,n_instances_total,
heico__2227254,heico,0023 - Heico - Sigma - 4.avi,heico/0023 - Heico - Sigma - 4.avi,01:20:22,How many different foreign object instances appear in this frame? Please provide a number.,3,number,n_instances_total,
heico__2227280,heico,0023 - Heico - Sigma - 4.avi,heico/0023 - Heico - Sigma - 4.avi,01:22:00,How many different foreign object instances appear in this frame? Please provide a number.,4,number,n_instances_total,
heico__2227047,heico,0023 - Heico - Sigma - 4.avi,heico/0023 - Heico - Sigma - 4.avi,01:07:13,How many different foreign object instances appear in this frame? Please provide a number.,5,number,n_instances_total,
heico__2227183,heico,0023 - Heico - Sigma - 4.avi,heico/0023 - Heico - Sigma - 4.avi,01:10:39,How many different foreign object instances appear in this frame? Please provide a number.,6,number,n_instances_total,
heico__2226897,heico,0023 - Heico - Sigma - 4.avi,heico/0023 - Heico - Sigma - 4.avi,01:10:03,How many different foreign object instances appear in this frame? Please provide a number.,7,number,n_instances_total,
heico__2226881,heico,0023 - Heico - Sigma - 4.avi,heico/0023 - Heico - Sigma - 4.avi,01:10:06,How many different foreign object instances appear in this frame? Please provide a number.,8,number,n_instances_total,
heico__2227364,heico,0023 - Heico - Sigma - 4.avi,heico/0023 - Heico - Sigma - 4.avi,00:03:57,How many different foreign object classes appear in this frame? Please provide a number.,1,number,n_classes,
heico__2227795,heico,0023 - Heico - Sigma - 4.avi,heico/0023 - Heico - Sigma - 4.avi,01:21:27,How many different foreign object classes appear in this frame? Please provide a number.,2,number,n_classes,
heico__2228865,heico,0023 - Heico - Sigma - 4.avi,heico/0023 - Heico - Sigma - 4.avi,00:03:59,How many Sponges appear in this frame? Please provide a number.,1,number,n_instances_per_class,
heico__2229670,heico,0023 - Heico - Sigma - 4.avi,heico/0023 - Heico - Sigma - 4.avi,01:20:34,How many Clips appear in this frame? Please provide a number.,2,number,n_instances_per_class,
heico__2229408,heico,0023 - Heico - Sigma - 4.avi,heico/0023 - Heico - Sigma - 4.avi,01:21:24,How many Clips appear in this frame? Please provide a number.,3,number,n_instances_per_class,
heico__2229725,heico,0023 - Heico - Sigma - 4.avi,heico/0023 - Heico - Sigma - 4.avi,01:21:20,How many Clips appear in this frame? Please provide a number.,4,number,n_instances_per_class,
heico__2229492,heico,0023 - Heico - Sigma - 4.avi,heico/0023 - Heico - Sigma - 4.avi,01:07:07,How many Clips appear in this frame? Please provide a number.,5,number,n_instances_per_class,
heico__2229629,heico,0023 - Heico - Sigma - 4.avi,heico/0023 - Heico - Sigma - 4.avi,01:09:48,How many Clips appear in this frame? Please provide a number.,6,number,n_instances_per_class,
heico__2229742,heico,0023 - Heico - Sigma - 4.avi,heico/0023 - Heico - Sigma - 4.avi,01:11:48,How many Clips appear in this frame? Please provide a number.,7,number,n_instances_per_class,
heico__2229834,heico,0023 - Heico - Sigma - 4.avi,heico/0023 - Heico - Sigma - 4.avi,01:13:25,How many Clips appear in this frame? Please provide a number.,8,number,n_instances_per_class,
heico__2229735,heico,0023 - Heico - Sigma - 4.avi,heico/0023 - Heico - Sigma - 4.avi,01:11:41,How many Clips appear in this frame? Please provide a number.,9,number,n_instances_per_class,
heico__2233600,heico,0023 - Heico - Sigma - 4.avi,heico/0023 - Heico - Sigma - 4.avi,00:04:17,Do External drains and Sponges co-occur in this frame? Please answer with yes or no.,no,binary,,
heico__2234147,heico,0023 - Heico - Sigma - 4.avi,heico/0023 - Heico - Sigma - 4.avi,00:58:35,Do Clips and Sponges co-occur in this frame? Please answer with yes or no.,yes,binary,,
heico__2245809,heico,0023 - Heico - Sigma - 4.avi,heico/0023 - Heico - Sigma - 4.avi,00:58:53,Are all visible foreign objects in this frame of the same class? Please answer with yes or no.,no,binary,,
heico__2246139,heico,0023 - Heico - Sigma - 4.avi,heico/0023 - Heico - Sigma - 4.avi,01:17:05,Are all visible foreign objects in this frame of the same class? Please answer with yes or no.,yes,binary,,
heico__2211547,heico,0023 - Heico - Sigma - 4.avi,heico/0023 - Heico - Sigma - 4.avi,01:16:08,Which combination of foreign object classes is visible in this frame? Please provide the class names or answer with none.,"Clip, Sponge",fo_class,,2.0
heico__2219668,heico,0023 - Heico - Sigma - 4.avi,heico/0023 - Heico - Sigma - 4.avi,01:20:01,There is one surgical foreign object visible in the frame. What surgical foreign object is visible in this video frame? Please provide a class name.,Clip,fo_class,,1.0
heico__2219862,heico,0023 - Heico - Sigma - 4.avi,heico/0023 - Heico - Sigma - 4.avi,02:26:30,There is one surgical foreign object visible in the frame. What surgical foreign object is visible in this video frame? Please provide a class name.,External drain,fo_class,,1.0
heico__2219914,heico,0023 - Heico - Sigma - 4.avi,heico/0023 - Heico - Sigma - 4.avi,00:58:51,There is one surgical foreign object visible in the frame. What surgical foreign object is visible in this video frame? Please provide a class name.,Sponge,fo_class,,1.0
heico__2222142,heico,0023 - Heico - Sigma - 4.avi,heico/0023 - Heico - Sigma - 4.avi,01:17:06,List all foreign objects that are visible in this video frame. Please provide the class names or answer with none.,Clip,fo_class,,1.0
heico__2221818,heico,0023 - Heico - Sigma - 4.avi,heico/0023 - Heico - Sigma - 4.avi,01:20:26,List all foreign objects that are visible in this video frame. Please provide the class names or answer with none.,"Clip, Sponge",fo_class,,2.0
heico__2222024,heico,0023 - Heico - Sigma - 4.avi,heico/0023 - Heico - Sigma - 4.avi,02:26:00,List all foreign objects that are visible in this video frame. Please provide the class names or answer with none.,External drain,fo_class,,1.0
heico__2221686,heico,0023 - Heico - Sigma - 4.avi,heico/0023 - Heico - Sigma - 4.avi,00:58:43,List all foreign objects that are visible in this video frame. Please provide the class names or answer with none.,Sponge,fo_class,,1.0
heico__2250693,heico,0023 - Heico - Sigma - 4.avi,heico/0023 - Heico - Sigma - 4.avi,01:09:43,What class is the foreign object located in the top/left relative to the image center? Please provide a class name.,Clip,fo_class,,1.0
heico__2250911,heico,0023 - Heico - Sigma - 4.avi,heico/0023 - Heico - Sigma - 4.avi,01:28:24,What class is the foreign object located in the bottom/right relative to the image center? Please provide a class name.,Sponge,fo_class,,1.0
heico__2244595,heico,0023 - Heico - Sigma - 4.avi,heico/0023 - Heico - Sigma - 4.avi,01:06:47,"At timepoint 01:06:47 please provide all relative central positions of foreign objects present in the frame. Please provide the answer in the following format: “number. object type: quadrant”, where number represents an enumeration starting with 1, object type is the type of the foreign object and quadrant is one of the following options: top/left, top/right, bottom/left, bottom/right. Respond “none” in case there are no foreign objects present at timepoint 01:06:47. For example: 1. Sponge: top/left 2. Sponge: top/right 3. Needle: bottom/left",1. Clip: top/right 2. Clip: top/right,open_ended,,
heico__2262256,heico,0023 - Heico - Sigma - 4.avi,heico/0023 - Heico - Sigma - 4.avi,01:21:31,Which of the visible foreign objects has its centre closest to the centre of the image? Please provide a class name.,Clip,fo_class,,1.0
heico__2262243,heico,0023 - Heico - Sigma - 4.avi,heico/0023 - Heico - Sigma - 4.avi,01:20:28,Which of the visible foreign objects has its centre closest to the centre of the image? Please provide a class name.,Sponge,fo_class,,1.0
heico__2227077,heico,0023 - Heico - Sigma - 4.avi,heico/0023 - Heico - Sigma - 4.avi,00:51:37,How many different foreign object instances appear in this frame? Please provide a number.,1,number,n_instances_total,
heico__2227324,heico,0023 - Heico - Sigma - 4.avi,heico/0023 - Heico - Sigma - 4.avi,01:19:56,How many different foreign object instances appear in this frame? Please provide a number.,2,number,n_instances_total,
heico__2227188,heico,0023 - Heico - Sigma - 4.avi,heico/0023 - Heico - Sigma - 4.avi,01:12:40,How many different foreign object instances appear in this frame? Please provide a number.,3,number,n_instances_total,
heico__2227123,heico,0023 - Heico - Sigma - 4.avi,heico/0023 - Heico - Sigma - 4.avi,01:12:20,How many different foreign object instances appear in this frame? Please provide a number.,4,number,n_instances_total,
heico__2226972,heico,0023 - Heico - Sigma - 4.avi,heico/0023 - Heico - Sigma - 4.avi,01:09:34,How many different foreign object instances appear in this frame? Please provide a number.,5,number,n_instances_total,
heico__2227288,heico,0023 - Heico - Sigma - 4.avi,heico/0023 - Heico - Sigma - 4.avi,01:12:02,How many different foreign object instances appear in this frame? Please provide a number.,6,number,n_instances_total,
heico__2227045,heico,0023 - Heico - Sigma - 4.avi,heico/0023 - Heico - Sigma - 4.avi,01:12:12,How many different foreign object instances appear in this frame? Please provide a number.,7,number,n_instances_total,
heico__2227857,heico,0023 - Heico - Sigma - 4.avi,heico/0023 - Heico - Sigma - 4.avi,00:56:56,How many different foreign object classes appear in this frame? Please provide a number.,1,number,n_classes,
heico__2227699,heico,0023 - Heico - Sigma - 4.avi,heico/0023 - Heico - Sigma - 4.avi,00:58:40,How many different foreign object classes appear in this frame? Please provide a number.,2,number,n_classes,
heico__2229431,heico,0023 - Heico - Sigma - 4.avi,heico/0023 - Heico - Sigma - 4.avi,00:58:04,How many Clips appear in this frame? Please provide a number.,1,number,n_instances_per_class,
heico__2229541,heico,0023 - Heico - Sigma - 4.avi,heico/0023 - Heico - Sigma - 4.avi,01:08:11,How many Clips appear in this frame? Please provide a number.,2,number,n_instances_per_class,
heico__2229593,heico,0023 - Heico - Sigma - 4.avi,heico/0023 - Heico - Sigma - 4.avi,01:09:10,How many Clips appear in this frame? Please provide a number.,3,number,n_instances_per_class,
heico__2229694,heico,0023 - Heico - Sigma - 4.avi,heico/0023 - Heico - Sigma - 4.avi,01:10:56,How many Clips appear in this frame? Please provide a number.,4,number,n_instances_per_class,
heico__2229565,heico,0023 - Heico - Sigma - 4.avi,heico/0023 - Heico - Sigma - 4.avi,01:08:41,How many Clips appear in this frame? Please provide a number.,5,number,n_instances_per_class,
heico__2229573,heico,0023 - Heico - Sigma - 4.avi,heico/0023 - Heico - Sigma - 4.avi,01:08:49,How many Clips appear in this frame? Please provide a number.,6,number,n_instances_per_class,
heico__2229766,heico,0023 - Heico - Sigma - 4.avi,heico/0023 - Heico - Sigma - 4.avi,01:12:12,How many Clips appear in this frame? Please provide a number.,7,number,n_instances_per_class,
heico__2229729,heico,0023 - Heico - Sigma - 4.avi,heico/0023 - Heico - Sigma - 4.avi,01:11:35,How many Clips appear in this frame? Please provide a number.,8,number,n_instances_per_class,
heico__2229821,heico,0023 - Heico - Sigma - 4.avi,heico/0023 - Heico - Sigma - 4.avi,01:13:12,How many Clips appear in this frame? Please provide a number.,9,number,n_instances_per_class,
heico__2233671,heico,0023 - Heico - Sigma - 4.avi,heico/0023 - Heico - Sigma - 4.avi,00:48:56,Do External drains and Sponges co-occur in this frame? Please answer with yes or no.,no,binary,,
heico__2234576,heico,0023 - Heico - Sigma - 4.avi,heico/0023 - Heico - Sigma - 4.avi,01:21:53,Do Clips and Sponges co-occur in this frame? Please answer with yes or no.,yes,binary,,
heico__2246196,heico,0023 - Heico - Sigma - 4.avi,heico/0023 - Heico - Sigma - 4.avi,01:20:22,Are all visible foreign objects in this frame of the same class? Please answer with yes or no.,no,binary,,
heico__2245968,heico,0023 - Heico - Sigma - 4.avi,heico/0023 - Heico - Sigma - 4.avi,01:10:39,Are all visible foreign objects in this frame of the same class? Please answer with yes or no.,yes,binary,,
heico__2211484,heico,0023 - Heico - Sigma - 4.avi,heico/0023 - Heico - Sigma - 4.avi,00:56:29,Which combination of foreign object classes is visible in this frame? Please provide the class names or answer with none.,"Clip, Sponge",fo_class,,2.0
heico__2219717,heico,0023 - Heico - Sigma - 4.avi,heico/0023 - Heico - Sigma - 4.avi,01:08:21,There is one surgical foreign object visible in the frame. What surgical foreign object is visible in this video frame? Please provide a class name.,Clip,fo_class,,1.0
heico__2219643,heico,0023 - Heico - Sigma - 4.avi,heico/0023 - Heico - Sigma - 4.avi,02:26:42,There is one surgical foreign object visible in the frame. What surgical foreign object is visible in this video frame? Please provide a class name.,External drain,fo_class,,1.0
heico__2219551,heico,0023 - Heico - Sigma - 4.avi,heico/0023 - Heico - Sigma - 4.avi,01:25:09,There is one surgical foreign object visible in the frame. What surgical foreign object is visible in this video frame? Please provide a class name.,Sponge,fo_class,,1.0
heico__2221850,heico,0023 - Heico - Sigma - 4.avi,heico/0023 - Heico - Sigma - 4.avi,01:12:41,List all foreign objects that are visible in this video frame. Please provide the class names or answer with none.,Clip,fo_class,,1.0
heico__2222158,heico,0023 - Heico - Sigma - 4.avi,heico/0023 - Heico - Sigma - 4.avi,00:56:41,List all foreign objects that are visible in this video frame. Please provide the class names or answer with none.,"Clip, Sponge",fo_class,,2.0
heico__2221780,heico,0023 - Heico - Sigma - 4.avi,heico/0023 - Heico - Sigma - 4.avi,02:25:58,List all foreign objects that are visible in this video frame. Please provide the class names or answer with none.,External drain,fo_class,,1.0
heico__2221910,heico,0023 - Heico - Sigma - 4.avi,heico/0023 - Heico - Sigma - 4.avi,01:15:14,List all foreign objects that are visible in this video frame. Please provide the class names or answer with none.,Sponge,fo_class,,1.0
heico__2250815,heico,0023 - Heico - Sigma - 4.avi,heico/0023 - Heico - Sigma - 4.avi,01:19:25,What class is the foreign object located in the bottom/right relative to the image center? Please provide a class name.,Clip,fo_class,,1.0
heico__2250779,heico,0023 - Heico - Sigma - 4.avi,heico/0023 - Heico - Sigma - 4.avi,00:55:22,What class is the foreign object located in the bottom/right relative to the image center? Please provide a class name.,Sponge,fo_class,,1.0
heico__2244629,heico,0023 - Heico - Sigma - 4.avi,heico/0023 - Heico - Sigma - 4.avi,01:22:17,"At timepoint 01:22:17 please provide all relative central positions of foreign objects present in the frame. Please provide the answer in the following format: “number. object type: quadrant”, where number represents an enumeration starting with 1, object type is the type of the foreign object and quadrant is one of the following options: top/left, top/right, bottom/left, bottom/right. Respond “none” in case there are no foreign objects present at timepoint 01:22:17. For example: 1. Sponge: top/left 2. Sponge: top/right 3. Needle: bottom/left",1. Clip: bottom/left 2. Clip: bottom/right 3. Clip: bottom/right 4. Sponge: bottom/right,open_ended,,
heico__2262220,heico,0023 - Heico - Sigma - 4.avi,heico/0023 - Heico - Sigma - 4.avi,00:58:32,Which of the visible foreign objects has its centre closest to the centre of the image? Please provide a class name.,Clip,fo_class,,1.0
heico__2262237,heico,0023 - Heico - Sigma - 4.avi,heico/0023 - Heico - Sigma - 4.avi,01:20:22,Which of the visible foreign objects has its centre closest to the centre of the image? Please provide a class name.,Sponge,fo_class,,1.0
heico__2227217,heico,0023 - Heico - Sigma - 4.avi,heico/0023 - Heico - Sigma - 4.avi,01:06:38,How many different foreign object instances appear in this frame? Please provide a number.,1,number,n_instances_total,
heico__2227314,heico,0023 - Heico - Sigma - 4.avi,heico/0023 - Heico - Sigma - 4.avi,00:56:10,How many different foreign object instances appear in this frame? Please provide a number.,2,number,n_instances_total,
heico__2227082,heico,0023 - Heico - Sigma - 4.avi,heico/0023 - Heico - Sigma - 4.avi,01:22:28,How many different foreign object instances appear in this frame? Please provide a number.,3,number,n_instances_total,
heico__2227213,heico,0023 - Heico - Sigma - 4.avi,heico/0023 - Heico - Sigma - 4.avi,01:21:09,How many different foreign object instances appear in this frame? Please provide a number.,4,number,n_instances_total,
heico__2226943,heico,0023 - Heico - Sigma - 4.avi,heico/0023 - Heico - Sigma - 4.avi,01:12:57,How many different foreign object instances appear in this frame? Please provide a number.,6,number,n_instances_total,
heico__2227715,heico,0023 - Heico - Sigma - 4.avi,heico/0023 - Heico - Sigma - 4.avi,01:07:27,How many different foreign object classes appear in this frame? Please provide a number.,1,number,n_classes,
heico__2227545,heico,0023 - Heico - Sigma - 4.avi,heico/0023 - Heico - Sigma - 4.avi,01:21:50,How many different foreign object classes appear in this frame? Please provide a number.,2,number,n_classes,
heico__2229523,heico,0023 - Heico - Sigma - 4.avi,heico/0023 - Heico - Sigma - 4.avi,01:07:51,How many Clips appear in this frame? Please provide a number.,1,number,n_instances_per_class,
heico__2229752,heico,0023 - Heico - Sigma - 4.avi,heico/0023 - Heico - Sigma - 4.avi,01:21:01,How many Clips appear in this frame? Please provide a number.,2,number,n_instances_per_class,
heico__2229787,heico,0023 - Heico - Sigma - 4.avi,heico/0023 - Heico - Sigma - 4.avi,01:21:17,How many Clips appear in this frame? Please provide a number.,3,number,n_instances_per_class,
heico__2229470,heico,0023 - Heico - Sigma - 4.avi,heico/0023 - Heico - Sigma - 4.avi,01:21:37,How many Clips appear in this frame? Please provide a number.,4,number,n_instances_per_class,
heico__2229501,heico,0023 - Heico - Sigma - 4.avi,heico/0023 - Heico - Sigma - 4.avi,01:07:16,How many Clips appear in this frame? Please provide a number.,5,number,n_instances_per_class,
heico__2229680,heico,0023 - Heico - Sigma - 4.avi,heico/0023 - Heico - Sigma - 4.avi,01:10:42,How many Clips appear in this frame? Please provide a number.,6,number,n_instances_per_class,
heico__2229638,heico,0023 - Heico - Sigma - 4.avi,heico/0023 - Heico - Sigma - 4.avi,01:09:58,How many Clips appear in this frame? Please provide a number.,7,number,n_instances_per_class,
heico__2229838,heico,0023 - Heico - Sigma - 4.avi,heico/0023 - Heico - Sigma - 4.avi,01:13:29,How many Clips appear in this frame? Please provide a number.,8,number,n_instances_per_class,
heico__2229730,heico,0023 - Heico - Sigma - 4.avi,heico/0023 - Heico - Sigma - 4.avi,01:11:36,How many Clips appear in this frame? Please provide a number.,9,number,n_instances_per_class,
heico__2234287,heico,0023 - Heico - Sigma - 4.avi,heico/0023 - Heico - Sigma - 4.avi,01:08:02,Do Clips and Sponges co-occur in this frame? Please answer with yes or no.,no,binary,,
heico__2234542,heico,0023 - Heico - Sigma - 4.avi,heico/0023 - Heico - Sigma - 4.avi,00:56:12,Do Clips and Sponges co-occur in this frame? Please answer with yes or no.,yes,binary,,
heico__2245798,heico,0023 - Heico - Sigma - 4.avi,heico/0023 - Heico - Sigma - 4.avi,00:58:38,Are all visible foreign objects in this frame of the same class? Please answer with yes or no.,no,binary,,
heico__2246119,heico,0023 - Heico - Sigma - 4.avi,heico/0023 - Heico - Sigma - 4.avi,01:13:23,Are all visible foreign objects in this frame of the same class? Please answer with yes or no.,yes,binary,,
heico__2211544,heico,0023 - Heico - Sigma - 4.avi,heico/0023 - Heico - Sigma - 4.avi,00:59:04,Which combination of foreign object classes is visible in this frame? Please provide the class names or answer with none.,"Clip, Sponge",fo_class,,2.0
heico__2219754,heico,0023 - Heico - Sigma - 4.avi,heico/0023 - Heico - Sigma - 4.avi,01:13:44,There is one surgical foreign object visible in the frame. What surgical foreign object is visible in this video frame? Please provide a class name.,Clip,fo_class,,1.0
heico__2219689,heico,0023 - Heico - Sigma - 4.avi,heico/0023 - Heico - Sigma - 4.avi,02:26:28,There is one surgical foreign object visible in the frame. What surgical foreign object is visible in this video frame? Please provide a class name.,External drain,fo_class,,1.0
heico__2219642,heico,0023 - Heico - Sigma - 4.avi,heico/0023 - Heico - Sigma - 4.avi,01:30:01,There is one surgical foreign object visible in the frame. What surgical foreign object is visible in this video frame? Please provide a class name.,Sponge,fo_class,,1.0
heico__2221871,heico,0023 - Heico - Sigma - 4.avi,heico/0023 - Heico - Sigma - 4.avi,01:19:37,List all foreign objects that are visible in this video frame. Please provide the class names or answer with none.,Clip,fo_class,,1.0
heico__2222123,heico,0023 - Heico - Sigma - 4.avi,heico/0023 - Heico - Sigma - 4.avi,01:21:26,List all foreign objects that are visible in this video frame. Please provide the class names or answer with none.,"Clip, Sponge",fo_class,,2.0
heico__2221841,heico,0023 - Heico - Sigma - 4.avi,heico/0023 - Heico - Sigma - 4.avi,02:26:28,List all foreign objects that are visible in this video frame. Please provide the class names or answer with none.,External drain,fo_class,,1.0
heico__2511990,heico,0027 - Heico - Sigma - 8.avi,heico/0027 - Heico - Sigma - 8.avi,02:22:09,Which combination of foreign object classes is visible in this frame? Please provide the class names or answer with none.,"Clip, External drain",fo_class,,2.0
heico__2511941,heico,0027 - Heico - Sigma - 8.avi,heico/0027 - Heico - Sigma - 8.avi,00:42:11,Which combination of foreign object classes is visible in this frame? Please provide the class names or answer with none.,"Clip, Sponge",fo_class,,2.0
heico__2525216,heico,0027 - Heico - Sigma - 8.avi,heico/0027 - Heico - Sigma - 8.avi,00:51:09,There is one surgical foreign object visible in the frame. What surgical foreign object is visible in this video frame? Please provide a class name.,Clip,fo_class,,1.0
heico__2525247,heico,0027 - Heico - Sigma - 8.avi,heico/0027 - Heico - Sigma - 8.avi,02:24:08,There is one surgical foreign object visible in the frame. What surgical foreign object is visible in this video frame? Please provide a class name.,External drain,fo_class,,1.0
heico__2525276,heico,0027 - Heico - Sigma - 8.avi,heico/0027 - Heico - Sigma - 8.avi,02:03:36,There is one surgical foreign object visible in the frame. What surgical foreign object is visible in this video frame? Please provide a class name.,Needle,fo_class,,1.0
heico__2524799,heico,0027 - Heico - Sigma - 8.avi,heico/0027 - Heico - Sigma - 8.avi,00:13:38,There is one surgical foreign object visible in the frame. What surgical foreign object is visible in this video frame? Please provide a class name.,Sponge,fo_class,,1.0
heico__2529192,heico,0027 - Heico - Sigma - 8.avi,heico/0027 - Heico - Sigma - 8.avi,00:50:32,List all foreign objects that are visible in this video frame. Please provide the class names or answer with none.,Clip,fo_class,,1.0
heico__2529100,heico,0027 - Heico - Sigma - 8.avi,heico/0027 - Heico - Sigma - 8.avi,00:41:36,List all foreign objects that are visible in this video frame. Please provide the class names or answer with none.,"Clip, Sponge",fo_class,,2.0
heico__2528955,heico,0027 - Heico - Sigma - 8.avi,heico/0027 - Heico - Sigma - 8.avi,02:22:11,List all foreign objects that are visible in this video frame. Please provide the class names or answer with none.,External drain,fo_class,,1.0
heico__2528956,heico,0027 - Heico - Sigma - 8.avi,heico/0027 - Heico - Sigma - 8.avi,02:04:53,List all foreign objects that are visible in this video frame. Please provide the class names or answer with none.,Needle,fo_class,,1.0
heico__2528805,heico,0027 - Heico - Sigma - 8.avi,heico/0027 - Heico - Sigma - 8.avi,00:13:44,List all foreign objects that are visible in this video frame. Please provide the class names or answer with none.,Sponge,fo_class,,1.0
heico__2569526,heico,0027 - Heico - Sigma - 8.avi,heico/0027 - Heico - Sigma - 8.avi,00:50:39,What class is the foreign object located in the bottom/left relative to the image center? Please provide a class name.,Clip,fo_class,,1.0
heico__2569390,heico,0027 - Heico - Sigma - 8.avi,heico/0027 - Heico - Sigma - 8.avi,02:20:20,What class is the foreign object located in the top/left relative to the image center? Please provide a class name.,External drain,fo_class,,1.0
heico__2569405,heico,0027 - Heico - Sigma - 8.avi,heico/0027 - Heico - Sigma - 8.avi,02:10:20,What class is the foreign object located in the top/right relative to the image center? Please provide a class name.,Needle,fo_class,,1.0
heico__2569412,heico,0027 - Heico - Sigma - 8.avi,heico/0027 - Heico - Sigma - 8.avi,00:14:17,What class is the foreign object located in the bottom/left relative to the image center? Please provide a class name.,Sponge,fo_class,,1.0
heico__2681470,heico,0027 - Heico - Sigma - 8.avi,heico/0027 - Heico - Sigma - 8.avi,02:07:00,Which foreign object is partially occluded by an instrument in this frame? Please provide the class name(s) or answer 'none'.,Needle.,open_ended,,
heico__2681475,heico,0027 - Heico - Sigma - 8.avi,heico/0027 - Heico - Sigma - 8.avi,02:23:58,Is the external drain currently grasped by an instrument in this frame? Please answer with 'yes' or 'no'.,No.,open_ended,,
heico__2681465,heico,0027 - Heico - Sigma - 8.avi,heico/0027 - Heico - Sigma - 8.avi,00:41:32,Which foreign object class is partially occluded by an instrument in this frame? Please provide the class name(s) or answer 'none'.,Sponge.,open_ended,,
heico__2561930,heico,0027 - Heico - Sigma - 8.avi,heico/0027 - Heico - Sigma - 8.avi,00:14:16,"At timepoint 00:14:16 please provide all relative central positions of foreign objects present in the frame. Please provide the answer in the following format: “number. object type: quadrant”, where number represents an enumeration starting with 1, object type is the type of the foreign object and quadrant is one of the following options: top/left, top/right, bottom/left, bottom/right. Respond “none” in case there are no foreign objects present at timepoint 00:14:16. For example: 1. Sponge: top/left 2. Sponge: top/right 3. Needle: bottom/left",1. Sponge: bottom/left,open_ended,,
heico__2586624,heico,0027 - Heico - Sigma - 8.avi,heico/0027 - Heico - Sigma - 8.avi,00:41:26,Which of the visible foreign objects has its centre closest to the centre of the image? Please provide a class name.,Clip,fo_class,,1.0
heico__2586634,heico,0027 - Heico - Sigma - 8.avi,heico/0027 - Heico - Sigma - 8.avi,01:59:27,Which of the visible foreign objects has its centre closest to the centre of the image? Please provide a class name.,Sponge,fo_class,,1.0
heico__2595415,heico,0027 - Heico - Sigma - 8.avi,heico/0027 - Heico - Sigma - 8.avi,02:23:16,Where is the center of the External drain located relative to the image center in this frame? Please select one answer: top/left; top/right; bottom/left; bottom/right,bottom/right,multiple_choice,,
heico__2595414,heico,0027 - Heico - Sigma - 8.avi,heico/0027 - Heico - Sigma - 8.avi,02:20:20,Where is the center of the External drain located relative to the image center in this frame? Please select one answer: top/left; top/right; bottom/left; bottom/right,top/left,multiple_choice,,
heico__2595413,heico,0027 - Heico - Sigma - 8.avi,heico/0027 - Heico - Sigma - 8.avi,02:20:03,Where is the center of the External drain located relative to the image center in this frame? Please select one answer: top/left; top/right; bottom/left; bottom/right,top/right,multiple_choice,,
heico__2681967,heico,0027 - Heico - Sigma - 8.avi,heico/0027 - Heico - Sigma - 8.avi,00:23:34,In which abdominal quadrant is the sponge located before being not visible for more than 1 minute? Please provide an abdominal quadrant.,Lower left abdominal quadrant.,open_ended,,
heico__2681965,heico,0027 - Heico - Sigma - 8.avi,heico/0027 - Heico - Sigma - 8.avi,00:22:20,Which structure is the sponge in contact with before becoming not visible for over 1 minute? Please provide an anatomical structure.,Descending colon.,open_ended,,
heico__2536885,heico,0027 - Heico - Sigma - 8.avi,heico/0027 - Heico - Sigma - 8.avi,00:14:12,How many different foreign object instances appear in this frame? Please provide a number.,1,number,n_instances_total,
heico__2537108,heico,0027 - Heico - Sigma - 8.avi,heico/0027 - Heico - Sigma - 8.avi,00:41:50,How many different foreign object instances appear in this frame? Please provide a number.,2,number,n_instances_total,
heico__2536988,heico,0027 - Heico - Sigma - 8.avi,heico/0027 - Heico - Sigma - 8.avi,00:42:01,How many different foreign object instances appear in this frame? Please provide a number.,3,number,n_instances_total,
heico__2536973,heico,0027 - Heico - Sigma - 8.avi,heico/0027 - Heico - Sigma - 8.avi,00:41:32,How many different foreign object instances appear in this frame? Please provide a number.,4,number,n_instances_total,
heico__2537086,heico,0027 - Heico - Sigma - 8.avi,heico/0027 - Heico - Sigma - 8.avi,01:49:07,How many different foreign object instances appear in this frame? Please provide a number.,5,number,n_instances_total,
heico__2537351,heico,0027 - Heico - Sigma - 8.avi,heico/0027 - Heico - Sigma - 8.avi,00:13:37,How many different foreign object classes appear in this frame? Please provide a number.,1,number,n_classes,
heico__2537806,heico,0027 - Heico - Sigma - 8.avi,heico/0027 - Heico - Sigma - 8.avi,00:42:00,How many different foreign object classes appear in this frame? Please provide a number.,2,number,n_classes,
heico__2538846,heico,0027 - Heico - Sigma - 8.avi,heico/0027 - Heico - Sigma - 8.avi,00:13:32,How many Sponges appear in this frame? Please provide a number.,1,number,n_instances_per_class,
heico__2540101,heico,0027 - Heico - Sigma - 8.avi,heico/0027 - Heico - Sigma - 8.avi,00:42:16,How many Clips appear in this frame? Please provide a number.,2,number,n_instances_per_class,
heico__2540077,heico,0027 - Heico - Sigma - 8.avi,heico/0027 - Heico - Sigma - 8.avi,00:41:32,How many Clips appear in this frame? Please provide a number.,3,number,n_instances_per_class,
heico__2540183,heico,0027 - Heico - Sigma - 8.avi,heico/0027 - Heico - Sigma - 8.avi,01:49:15,How many Clips appear in this frame? Please provide a number.,4,number,n_instances_per_class,
heico__2540172,heico,0027 - Heico - Sigma - 8.avi,heico/0027 - Heico - Sigma - 8.avi,01:49:04,How many Clips appear in this frame? Please provide a number.,5,number,n_instances_per_class,
heico__2547370,heico,0027 - Heico - Sigma - 8.avi,heico/0027 - Heico - Sigma - 8.avi,00:13:34,Do Needles and Sponges co-occur in this frame? Please answer with yes or no.,no,binary,,
heico__2547933,heico,0027 - Heico - Sigma - 8.avi,heico/0027 - Heico - Sigma - 8.avi,00:42:10,Do Clips and Sponges co-occur in this frame? Please answer with yes or no.,yes,binary,,
heico__2563206,heico,0027 - Heico - Sigma - 8.avi,heico/0027 - Heico - Sigma - 8.avi,00:41:54,Are all visible foreign objects in this frame of the same class? Please answer with yes or no.,no,binary,,
heico__2563205,heico,0027 - Heico - Sigma - 8.avi,heico/0027 - Heico - Sigma - 8.avi,00:41:51,Are all visible foreign objects in this frame of the same class? Please answer with yes or no.,yes,binary,,
heico__2511958,heico,0027 - Heico - Sigma - 8.avi,heico/0027 - Heico - Sigma - 8.avi,00:50:40,Which combination of foreign object classes is visible in this frame? Please provide the class names or answer with none.,"Clip, Sponge",fo_class,,2.0
heico__2524907,heico,0027 - Heico - Sigma - 8.avi,heico/0027 - Heico - Sigma - 8.avi,01:48:47,There is one surgical foreign object visible in the frame. What surgical foreign object is visible in this video frame? Please provide a class name.,Clip,fo_class,,1.0
heico__2524835,heico,0027 - Heico - Sigma - 8.avi,heico/0027 - Heico - Sigma - 8.avi,02:22:50,There is one surgical foreign object visible in the frame. What surgical foreign object is visible in this video frame? Please provide a class name.,External drain,fo_class,,1.0
heico__2525039,heico,0027 - Heico - Sigma - 8.avi,heico/0027 - Heico - Sigma - 8.avi,02:12:17,There is one surgical foreign object visible in the frame. What surgical foreign object is visible in this video frame? Please provide a class name.,Needle,fo_class,,1.0
heico__2525193,heico,0027 - Heico - Sigma - 8.avi,heico/0027 - Heico - Sigma - 8.avi,00:28:35,There is one surgical foreign object visible in the frame. What surgical foreign object is visible in this video frame? Please provide a class name.,Sponge,fo_class,,1.0
heico__2528826,heico,0027 - Heico - Sigma - 8.avi,heico/0027 - Heico - Sigma - 8.avi,01:48:51,List all foreign objects that are visible in this video frame. Please provide the class names or answer with none.,Clip,fo_class,,1.0
heico__2528872,heico,0027 - Heico - Sigma - 8.avi,heico/0027 - Heico - Sigma - 8.avi,00:50:45,List all foreign objects that are visible in this video frame. Please provide the class names or answer with none.,"Clip, Sponge",fo_class,,2.0
heico__2529080,heico,0027 - Heico - Sigma - 8.avi,heico/0027 - Heico - Sigma - 8.avi,02:23:18,List all foreign objects that are visible in this video frame. Please provide the class names or answer with none.,External drain,fo_class,,1.0
heico__2529234,heico,0027 - Heico - Sigma - 8.avi,heico/0027 - Heico - Sigma - 8.avi,02:11:19,List all foreign objects that are visible in this video frame. Please provide the class names or answer with none.,Needle,fo_class,,1.0
heico__2528864,heico,0027 - Heico - Sigma - 8.avi,heico/0027 - Heico - Sigma - 8.avi,00:15:07,List all foreign objects that are visible in this video frame. Please provide the class names or answer with none.,Sponge,fo_class,,1.0
heico__2569401,heico,0027 - Heico - Sigma - 8.avi,heico/0027 - Heico - Sigma - 8.avi,01:49:47,What class is the foreign object located in the top/right relative to the image center? Please provide a class name.,Clip,fo_class,,1.0
heico__2569554,heico,0027 - Heico - Sigma - 8.avi,heico/0027 - Heico - Sigma - 8.avi,02:23:16,What class is the foreign object located in the bottom/right relative to the image center? Please provide a class name.,External drain,fo_class,,1.0
heico__2569389,heico,0027 - Heico - Sigma - 8.avi,heico/0027 - Heico - Sigma - 8.avi,02:11:34,What class is the foreign object located in the top/left relative to the image center? Please provide a class name.,Needle,fo_class,,1.0
heico__2569437,heico,0027 - Heico - Sigma - 8.avi,heico/0027 - Heico - Sigma - 8.avi,00:17:21,What class is the foreign object located in the bottom/left relative to the image center? Please provide a class name.,Sponge,fo_class,,1.0
heico__2681473,heico,0027 - Heico - Sigma - 8.avi,heico/0027 - Heico - Sigma - 8.avi,02:23:00,Which foreign object class is partially occluded by an instrument in this frame? Please provide the class name(s) or answer 'none'.,External Drain.,open_ended,,
heico__2681464,heico,0027 - Heico - Sigma - 8.avi,heico/0027 - Heico - Sigma - 8.avi,00:41:26,Which foreign object is partially occluded by an instrument in this frame? Please provide the class name(s) or answer 'none'.,Sponge.,open_ended,,
heico__2561999,heico,0027 - Heico - Sigma - 8.avi,heico/0027 - Heico - Sigma - 8.avi,00:21:35,"At timepoint 00:21:35 please provide all relative central positions of foreign objects present in the frame. Please provide the answer in the following format: “number. object type: quadrant”, where number represents an enumeration starting with 1, object type is the type of the foreign object and quadrant is one of the following options: top/left, top/right, bottom/left, bottom/right. Respond “none” in case there are no foreign objects present at timepoint 00:21:35. For example: 1. Sponge: top/left 2. Sponge: top/right 3. Needle: bottom/left",1. Sponge: bottom/right,open_ended,,
heico__2586631,heico,0027 - Heico - Sigma - 8.avi,heico/0027 - Heico - Sigma - 8.avi,00:51:08,Which of the visible foreign objects has its centre closest to the centre of the image? Please provide a class name.,Clip,fo_class,,1.0
heico__2586636,heico,0027 - Heico - Sigma - 8.avi,heico/0027 - Heico - Sigma - 8.avi,01:59:29,Which of the visible foreign objects has its centre closest to the centre of the image? Please provide a class name.,Sponge,fo_class,,1.0
heico__2595416,heico,0027 - Heico - Sigma - 8.avi,heico/0027 - Heico - Sigma - 8.avi,02:24:38,Where is the center of the External drain located relative to the image center in this frame? Please select one answer: top/left; top/right; bottom/left; bottom/right,top/left,multiple_choice,,
heico__2681968,heico,0027 - Heico - Sigma - 8.avi,heico/0027 - Heico - Sigma - 8.avi,00:32:49,In which abdominal quadrant is the sponge located before being not visible for >1 min? Please provide an abdominal quadrant.,Lower right abdominal quadrant.,open_ended,,
heico__2681971,heico,0027 - Heico - Sigma - 8.avi,heico/0027 - Heico - Sigma - 8.avi,01:48:05,What structure is the sponge in contact with before disappearing for >1 min in the video? Please provide an anatomical structure.,Rectal stump.,open_ended,,
heico__2537125,heico,0027 - Heico - Sigma - 8.avi,heico/0027 - Heico - Sigma - 8.avi,00:21:46,How many different foreign object instances appear in this frame? Please provide a number.,1,number,n_instances_total,
heico__2536878,heico,0027 - Heico - Sigma - 8.avi,heico/0027 - Heico - Sigma - 8.avi,00:50:36,How many different foreign object instances appear in this frame? Please provide a number.,2,number,n_instances_total,
heico__2537268,heico,0027 - Heico - Sigma - 8.avi,heico/0027 - Heico - Sigma - 8.avi,01:49:51,How many different foreign object instances appear in this frame? Please provide a number.,3,number,n_instances_total,
heico__2536969,heico,0027 - Heico - Sigma - 8.avi,heico/0027 - Heico - Sigma - 8.avi,01:49:14,How many different foreign object instances appear in this frame? Please provide a number.,4,number,n_instances_total,
heico__2537251,heico,0027 - Heico - Sigma - 8.avi,heico/0027 - Heico - Sigma - 8.avi,01:49:20,How many different foreign object instances appear in this frame? Please provide a number.,5,number,n_instances_total,
heico__2537646,heico,0027 - Heico - Sigma - 8.avi,heico/0027 - Heico - Sigma - 8.avi,00:22:16,How many different foreign object classes appear in this frame? Please provide a number.,1,number,n_classes,
heico__2537371,heico,0027 - Heico - Sigma - 8.avi,heico/0027 - Heico - Sigma - 8.avi,00:50:39,How many different foreign object classes appear in this frame? Please provide a number.,2,number,n_classes,
heico__2539222,heico,0027 - Heico - Sigma - 8.avi,heico/0027 - Heico - Sigma - 8.avi,00:28:11,How many Sponges appear in this frame? Please provide a number.,1,number,n_instances_per_class,
heico__2540120,heico,0027 - Heico - Sigma - 8.avi,heico/0027 - Heico - Sigma - 8.avi,00:50:37,How many Clips appear in this frame? Please provide a number.,2,number,n_instances_per_class,
heico__2540214,heico,0027 - Heico - Sigma - 8.avi,heico/0027 - Heico - Sigma - 8.avi,01:49:51,How many Clips appear in this frame? Please provide a number.,3,number,n_instances_per_class,
heico__2540190,heico,0027 - Heico - Sigma - 8.avi,heico/0027 - Heico - Sigma - 8.avi,01:49:22,How many Clips appear in this frame? Please provide a number.,4,number,n_instances_per_class,
heico__2540209,heico,0027 - Heico - Sigma - 8.avi,heico/0027 - Heico - Sigma - 8.avi,01:49:46,How many Clips appear in this frame? Please provide a number.,5,number,n_instances_per_class,
heico__2548119,heico,0027 - Heico - Sigma - 8.avi,heico/0027 - Heico - Sigma - 8.avi,00:20:03,Do Clips and Sponges co-occur in this frame? Please answer with yes or no.,no,binary,,
heico__2547905,heico,0027 - Heico - Sigma - 8.avi,heico/0027 - Heico - Sigma - 8.avi,00:51:01,Do Clips and Sponges co-occur in this frame? Please answer with yes or no.,yes,binary,,
heico__2563248,heico,0027 - Heico - Sigma - 8.avi,heico/0027 - Heico - Sigma - 8.avi,00:50:42,Are all visible foreign objects in this frame of the same class? Please answer with yes or no.,no,binary,,
heico__2563241,heico,0027 - Heico - Sigma - 8.avi,heico/0027 - Heico - Sigma - 8.avi,00:50:35,Are all visible foreign objects in this frame of the same class? Please answer with yes or no.,yes,binary,,
heico__2511982,heico,0027 - Heico - Sigma - 8.avi,heico/0027 - Heico - Sigma - 8.avi,01:59:25,Which combination of foreign object classes is visible in this frame? Please provide the class names or answer with none.,"Clip, Sponge",fo_class,,2.0
heico__2524814,heico,0027 - Heico - Sigma - 8.avi,heico/0027 - Heico - Sigma - 8.avi,01:58:48,There is one surgical foreign object visible in the frame. What surgical foreign object is visible in this video frame? Please provide a class name.,Clip,fo_class,,1.0
heico__2525262,heico,0027 - Heico - Sigma - 8.avi,heico/0027 - Heico - Sigma - 8.avi,02:24:03,There is one surgical foreign object visible in the frame. What surgical foreign object is visible in this video frame? Please provide a class name.,External drain,fo_class,,1.0
heico__2525017,heico,0027 - Heico - Sigma - 8.avi,heico/0027 - Heico - Sigma - 8.avi,02:06:16,There is one surgical foreign object visible in the frame. What surgical foreign object is visible in this video frame? Please provide a class name.,Needle,fo_class,,1.0
heico__2525093,heico,0027 - Heico - Sigma - 8.avi,heico/0027 - Heico - Sigma - 8.avi,00:39:32,There is one surgical foreign object visible in the frame. What surgical foreign object is visible in this video frame? Please provide a class name.,Sponge,fo_class,,1.0
heico__2529141,heico,0027 - Heico - Sigma - 8.avi,heico/0027 - Heico - Sigma - 8.avi,01:58:44,List all foreign objects that are visible in this video frame. Please provide the class names or answer with none.,Clip,fo_class,,1.0
heico__2529270,heico,0027 - Heico - Sigma - 8.avi,heico/0027 - Heico - Sigma - 8.avi,01:59:25,List all foreign objects that are visible in this video frame. Please provide the class names or answer with none.,"Clip, Sponge",fo_class,,2.0
heico__2529140,heico,0027 - Heico - Sigma - 8.avi,heico/0027 - Heico - Sigma - 8.avi,02:23:30,List all foreign objects that are visible in this video frame. Please provide the class names or answer with none.,External drain,fo_class,,1.0
heico__2529075,heico,0027 - Heico - Sigma - 8.avi,heico/0027 - Heico - Sigma - 8.avi,02:09:56,List all foreign objects that are visible in this video frame. Please provide the class names or answer with none.,Needle,fo_class,,1.0
heico__2528877,heico,0027 - Heico - Sigma - 8.avi,heico/0027 - Heico - Sigma - 8.avi,00:38:57,List all foreign objects that are visible in this video frame. Please provide the class names or answer with none.,Sponge,fo_class,,1.0
heico__2569376,heico,0027 - Heico - Sigma - 8.avi,heico/0027 - Heico - Sigma - 8.avi,01:49:12,What class is the foreign object located in the top/left relative to the image center? Please provide a class name.,Clip,fo_class,,1.0
heico__2569408,heico,0027 - Heico - Sigma - 8.avi,heico/0027 - Heico - Sigma - 8.avi,02:20:03,What class is the foreign object located in the top/right relative to the image center? Please provide a class name.,External drain,fo_class,,1.0
heico__2569380,heico,0027 - Heico - Sigma - 8.avi,heico/0027 - Heico - Sigma - 8.avi,02:06:56,What class is the foreign object located in the top/left relative to the image center? Please provide a class name.,Needle,fo_class,,1.0
heico__2569348,heico,0027 - Heico - Sigma - 8.avi,heico/0027 - Heico - Sigma - 8.avi,00:41:18,What class is the foreign object located in the top/left relative to the image center? Please provide a class name.,Sponge,fo_class,,1.0
heico__2562105,heico,0027 - Heico - Sigma - 8.avi,heico/0027 - Heico - Sigma - 8.avi,00:38:54,"At timepoint 00:38:54 please provide all relative central positions of foreign objects present in the frame. Please provide the answer in the following format: “number. object type: quadrant”, where number represents an enumeration starting with 1, object type is the type of the foreign object and quadrant is one of the following options: top/left, top/right, bottom/left, bottom/right. Respond “none” in case there are no foreign objects present at timepoint 00:38:54. For example: 1. Sponge: top/left 2. Sponge: top/right 3. Needle: bottom/left",1. Sponge: bottom/left,open_ended,,
heico__2586621,heico,0027 - Heico - Sigma - 8.avi,heico/0027 - Heico - Sigma - 8.avi,00:41:21,Which of the visible foreign objects has its centre closest to the centre of the image? Please provide a class name.,Clip,fo_class,,1.0
heico__2586637,heico,0027 - Heico - Sigma - 8.avi,heico/0027 - Heico - Sigma - 8.avi,01:59:31,Which of the visible foreign objects has its centre closest to the centre of the image? Please provide a class name.,Sponge,fo_class,,1.0
heico__2681970,heico,0027 - Heico - Sigma - 8.avi,heico/0027 - Heico - Sigma - 8.avi,00:51:12,In which abdominal quadrant is the sponge located before being not visible for >1 min? Please provide an anatomical region.,Small pelvis.,open_ended,,
heico__2681978,heico,0027 - Heico - Sigma - 8.avi,heico/0027 - Heico - Sigma - 8.avi,02:08:54,Which structure is the needle in contact with before becoming not visible for over 1 minute? Please provide an anatomical structure.,Colonic conduit.,open_ended,,
heico__2537061,heico,0027 - Heico - Sigma - 8.avi,heico/0027 - Heico - Sigma - 8.avi,00:41:13,How many different foreign object instances appear in this frame? Please provide a number.,1,number,n_instances_total,
heico__2537301,heico,0027 - Heico - Sigma - 8.avi,heico/0027 - Heico - Sigma - 8.avi,01:49:29,How many different foreign object instances appear in this frame? Please provide a number.,2,number,n_instances_total,
heico__2537323,heico,0027 - Heico - Sigma - 8.avi,heico/0027 - Heico - Sigma - 8.avi,01:59:30,How many different foreign object instances appear in this frame? Please provide a number.,3,number,n_instances_total,
heico__2537026,heico,0027 - Heico - Sigma - 8.avi,heico/0027 - Heico - Sigma - 8.avi,01:49:01,How many different foreign object instances appear in this frame? Please provide a number.,4,number,n_instances_total,
heico__2537058,heico,0027 - Heico - Sigma - 8.avi,heico/0027 - Heico - Sigma - 8.avi,01:49:13,How many different foreign object instances appear in this frame? Please provide a number.,5,number,n_instances_total,
heico__2537827,heico,0027 - Heico - Sigma - 8.avi,heico/0027 - Heico - Sigma - 8.avi,00:29:57,How many different foreign object classes appear in this frame? Please provide a number.,1,number,n_classes,
heico__2537578,heico,0027 - Heico - Sigma - 8.avi,heico/0027 - Heico - Sigma - 8.avi,01:59:31,How many different foreign object classes appear in this frame? Please provide a number.,2,number,n_classes,
heico__2539042,heico,0027 - Heico - Sigma - 8.avi,heico/0027 - Heico - Sigma - 8.avi,00:35:49,How many Sponges appear in this frame? Please provide a number.,1,number,n_instances_per_class,
heico__2540157,heico,0027 - Heico - Sigma - 8.avi,heico/0027 - Heico - Sigma - 8.avi,01:48:49,How many Clips appear in this frame? Please provide a number.,2,number,n_instances_per_class,
heico__2540195,heico,0027 - Heico - Sigma - 8.avi,heico/0027 - Heico - Sigma - 8.avi,01:49:27,How many Clips appear in this frame? Please provide a number.,3,number,n_instances_per_class,
heico__2540169,heico,0027 - Heico - Sigma - 8.avi,heico/0027 - Heico - Sigma - 8.avi,01:49:01,How many Clips appear in this frame? Please provide a number.,4,number,n_instances_per_class,
heico__2540210,heico,0027 - Heico - Sigma - 8.avi,heico/0027 - Heico - Sigma - 8.avi,01:49:47,How many Clips appear in this frame? Please provide a number.,5,number,n_instances_per_class,
heico__2547825,heico,0027 - Heico - Sigma - 8.avi,heico/0027 - Heico - Sigma - 8.avi,00:37:50,Do Needles and Sponges co-occur in this frame? Please answer with yes or no.,no,binary,,
heico__2548164,heico,0027 - Heico - Sigma - 8.avi,heico/0027 - Heico - Sigma - 8.avi,01:59:26,Do Clips and Sponges co-occur in this frame? Please answer with yes or no.,yes,binary,,
heico__2563401,heico,0027 - Heico - Sigma - 8.avi,heico/0027 - Heico - Sigma - 8.avi,01:59:29,Are all visible foreign objects in this frame of the same class? Please answer with yes or no.,no,binary,,
heico__2563286,heico,0027 - Heico - Sigma - 8.avi,heico/0027 - Heico - Sigma - 8.avi,01:49:07,Are all visible foreign objects in this frame of the same class? Please answer with yes or no.,yes,binary,,
heico__2511921,heico,0027 - Heico - Sigma - 8.avi,heico/0027 - Heico - Sigma - 8.avi,00:41:29,Which combination of foreign object classes is visible in this frame? Please provide the class names or answer with none.,"Clip, Sponge",fo_class,,2.0
heico__2525016,heico,0027 - Heico - Sigma - 8.avi,heico/0027 - Heico - Sigma - 8.avi,02:17:36,There is one surgical foreign object visible in the frame. What surgical foreign object is visible in this video frame? Please provide a class name.,Clip,fo_class,,1.0
heico__2525053,heico,0027 - Heico - Sigma - 8.avi,heico/0027 - Heico - Sigma - 8.avi,02:24:05,There is one surgical foreign object visible in the frame. What surgical foreign object is visible in this video frame? Please provide a class name.,External drain,fo_class,,1.0
heico__2525269,heico,0027 - Heico - Sigma - 8.avi,heico/0027 - Heico - Sigma - 8.avi,02:11:08,There is one surgical foreign object visible in the frame. What surgical foreign object is visible in this video frame? Please provide a class name.,Needle,fo_class,,1.0
heico__2525056,heico,0027 - Heico - Sigma - 8.avi,heico/0027 - Heico - Sigma - 8.avi,00:50:12,There is one surgical foreign object visible in the frame. What surgical foreign object is visible in this video frame? Please provide a class name.,Sponge,fo_class,,1.0
heico__2528851,heico,0027 - Heico - Sigma - 8.avi,heico/0027 - Heico - Sigma - 8.avi,02:17:47,List all foreign objects that are visible in this video frame. Please provide the class names or answer with none.,Clip,fo_class,,1.0
heico__2528823,heico,0027 - Heico - Sigma - 8.avi,heico/0027 - Heico - Sigma - 8.avi,00:41:28,List all foreign objects that are visible in this video frame. Please provide the class names or answer with none.,"Clip, Sponge",fo_class,,2.0
heico__2529258,heico,0027 - Heico - Sigma - 8.avi,heico/0027 - Heico - Sigma - 8.avi,02:22:39,List all foreign objects that are visible in this video frame. Please provide the class names or answer with none.,External drain,fo_class,,1.0
heico__2528952,heico,0027 - Heico - Sigma - 8.avi,heico/0027 - Heico - Sigma - 8.avi,02:11:13,List all foreign objects that are visible in this video frame. Please provide the class names or answer with none.,Needle,fo_class,,1.0
heico__2529073,heico,0027 - Heico - Sigma - 8.avi,heico/0027 - Heico - Sigma - 8.avi,00:50:25,List all foreign objects that are visible in this video frame. Please provide the class names or answer with none.,Sponge,fo_class,,1.0
heico__2569394,heico,0027 - Heico - Sigma - 8.avi,heico/0027 - Heico - Sigma - 8.avi,01:49:24,What class is the foreign object located in the top/right relative to the image center? Please provide a class name.,Clip,fo_class,,1.0
heico__2569391,heico,0027 - Heico - Sigma - 8.avi,heico/0027 - Heico - Sigma - 8.avi,02:24:38,What class is the foreign object located in the top/left relative to the image center? Please provide a class name.,External drain,fo_class,,1.0
heico__2569407,heico,0027 - Heico - Sigma - 8.avi,heico/0027 - Heico - Sigma - 8.avi,02:10:59,What class is the foreign object located in the top/right relative to the image center? Please provide a class name.,Needle,fo_class,,1.0
heico__2569392,heico,0027 - Heico - Sigma - 8.avi,heico/0027 - Heico - Sigma - 8.avi,00:51:04,What class is the foreign object located in the top/right relative to the image center? Please provide a class name.,Sponge,fo_class,,1.0
heico__2562129,heico,0027 - Heico - Sigma - 8.avi,heico/0027 - Heico - Sigma - 8.avi,00:51:11,"At timepoint 00:51:11 please provide all relative central positions of foreign objects present in the frame. Please provide the answer in the following format: “number. object type: quadrant”, where number represents an enumeration starting with 1, object type is the type of the foreign object and quadrant is one of the following options: top/left, top/right, bottom/left, bottom/right. Respond “none” in case there are no foreign objects present at timepoint 00:51:11. For example: 1. Sponge: top/left 2. Sponge: top/right 3. Needle: bottom/left",1. Sponge: bottom/right,open_ended,,
heico__2586630,heico,0027 - Heico - Sigma - 8.avi,heico/0027 - Heico - Sigma - 8.avi,00:41:57,Which of the visible foreign objects has its centre closest to the centre of the image? Please provide a class name.,Clip,fo_class,,1.0
heico__2586633,heico,0027 - Heico - Sigma - 8.avi,heico/0027 - Heico - Sigma - 8.avi,01:59:26,Which of the visible foreign objects has its centre closest to the centre of the image? Please provide a class name.,Sponge,fo_class,,1.0
heico__2681972,heico,0027 - Heico - Sigma - 8.avi,heico/0027 - Heico - Sigma - 8.avi,01:48:05,In which abdominal quadrant is the sponge located before becoming not visible for >1 min? Please provide an anatomical area.,(small) pelvis.,open_ended,,
heico__2536850,heico,0027 - Heico - Sigma - 8.avi,heico/0027 - Heico - Sigma - 8.avi,00:51:09,How many different foreign object instances appear in this frame? Please provide a number.,1,number,n_instances_total,
heico__2537139,heico,0027 - Heico - Sigma - 8.avi,heico/0027 - Heico - Sigma - 8.avi,01:58:29,How many different foreign object instances appear in this frame? Please provide a number.,2,number,n_instances_total,
heico__2537336,heico,0027 - Heico - Sigma - 8.avi,heico/0027 - Heico - Sigma - 8.avi,00:42:17,How many different foreign object instances appear in this frame? Please provide a number.,3,number,n_instances_total,
heico__2537110,heico,0027 - Heico - Sigma - 8.avi,heico/0027 - Heico - Sigma - 8.avi,01:49:21,How many different foreign object instances appear in this frame? Please provide a number.,5,number,n_instances_total,
heico__2537787,heico,0027 - Heico - Sigma - 8.avi,heico/0027 - Heico - Sigma - 8.avi,00:50:32,How many different foreign object classes appear in this frame? Please provide a number.,1,number,n_classes,
heico__2537785,heico,0027 - Heico - Sigma - 8.avi,heico/0027 - Heico - Sigma - 8.avi,00:41:25,How many different foreign object classes appear in this frame? Please provide a number.,2,number,n_classes,
heico__2539174,heico,0027 - Heico - Sigma - 8.avi,heico/0027 - Heico - Sigma - 8.avi,00:50:58,How many Sponges appear in this frame? Please provide a number.,1,number,n_instances_per_class,
heico__2540281,heico,0027 - Heico - Sigma - 8.avi,heico/0027 - Heico - Sigma - 8.avi,01:59:13,How many Clips appear in this frame? Please provide a number.,2,number,n_instances_per_class,
heico__2540204,heico,0027 - Heico - Sigma - 8.avi,heico/0027 - Heico - Sigma - 8.avi,01:49:37,How many Clips appear in this frame? Please provide a number.,3,number,n_instances_per_class,
heico__2540218,heico,0027 - Heico - Sigma - 8.avi,heico/0027 - Heico - Sigma - 8.avi,01:49:55,How many Clips appear in this frame? Please provide a number.,4,number,n_instances_per_class,
heico__2540184,heico,0027 - Heico - Sigma - 8.avi,heico/0027 - Heico - Sigma - 8.avi,01:49:16,How many Clips appear in this frame? Please provide a number.,5,number,n_instances_per_class,
heico__2548106,heico,0027 - Heico - Sigma - 8.avi,heico/0027 - Heico - Sigma - 8.avi,00:50:18,Do Clips and External drains co-occur in this frame? Please answer with yes or no.,no,binary,,
heico__2548051,heico,0027 - Heico - Sigma - 8.avi,heico/0027 - Heico - Sigma - 8.avi,00:41:49,Do Clips and Sponges co-occur in this frame? Please answer with yes or no.,yes,binary,,
heico__2563422,heico,0027 - Heico - Sigma - 8.avi,heico/0027 - Heico - Sigma - 8.avi,02:22:09,Are all visible foreign objects in this frame of the same class? Please answer with yes or no.,no,binary,,
heico__2563390,heico,0027 - Heico - Sigma - 8.avi,heico/0027 - Heico - Sigma - 8.avi,01:59:18,Are all visible foreign objects in this frame of the same class? Please answer with yes or no.,yes,binary,,
heico__2511954,heico,0027 - Heico - Sigma - 8.avi,heico/0027 - Heico - Sigma - 8.avi,00:50:23,Which combination of foreign object classes is visible in this frame? Please provide the class names or answer with none.,"Clip, Sponge",fo_class,,2.0
heico__2524925,heico,0027 - Heico - Sigma - 8.avi,heico/0027 - Heico - Sigma - 8.avi,01:47:10,There is one surgical foreign object visible in the frame. What surgical foreign object is visible in this video frame? Please provide a class name.,Clip,fo_class,,1.0
heico__2525274,heico,0027 - Heico - Sigma - 8.avi,heico/0027 - Heico - Sigma - 8.avi,02:20:35,There is one surgical foreign object visible in the frame. What surgical foreign object is visible in this video frame? Please provide a class name.,External drain,fo_class,,1.0
heico__2525055,heico,0027 - Heico - Sigma - 8.avi,heico/0027 - Heico - Sigma - 8.avi,02:04:27,There is one surgical foreign object visible in the frame. What surgical foreign object is visible in this video frame? Please provide a class name.,Needle,fo_class,,1.0
heico__2525172,heico,0027 - Heico - Sigma - 8.avi,heico/0027 - Heico - Sigma - 8.avi,01:50:35,There is one surgical foreign object visible in the frame. What surgical foreign object is visible in this video frame? Please provide a class name.,Sponge,fo_class,,1.0
heico__2529179,heico,0027 - Heico - Sigma - 8.avi,heico/0027 - Heico - Sigma - 8.avi,00:50:33,List all foreign objects that are visible in this video frame. Please provide the class names or answer with none.,Clip,fo_class,,1.0
heico__2528892,heico,0027 - Heico - Sigma - 8.avi,heico/0027 - Heico - Sigma - 8.avi,00:50:38,List all foreign objects that are visible in this video frame. Please provide the class names or answer with none.,"Clip, Sponge",fo_class,,2.0
heico__2528974,heico,0027 - Heico - Sigma - 8.avi,heico/0027 - Heico - Sigma - 8.avi,02:20:19,List all foreign objects that are visible in this video frame. Please provide the class names or answer with none.,External drain,fo_class,,1.0
heico__2529142,heico,0027 - Heico - Sigma - 8.avi,heico/0027 - Heico - Sigma - 8.avi,02:08:12,List all foreign objects that are visible in this video frame. Please provide the class names or answer with none.,Needle,fo_class,,1.0
heico__2529138,heico,0027 - Heico - Sigma - 8.avi,heico/0027 - Heico - Sigma - 8.avi,01:48:05,List all foreign objects that are visible in this video frame. Please provide the class names or answer with none.,Sponge,fo_class,,1.0
heico__2569374,heico,0027 - Heico - Sigma - 8.avi,heico/0027 - Heico - Sigma - 8.avi,01:47:07,What class is the foreign object located in the top/left relative to the image center? Please provide a class name.,Clip,fo_class,,1.0
heico__2569378,heico,0027 - Heico - Sigma - 8.avi,heico/0027 - Heico - Sigma - 8.avi,02:02:22,What class is the foreign object located in the top/left relative to the image center? Please provide a class name.,Needle,fo_class,,1.0
heico__2569359,heico,0027 - Heico - Sigma - 8.avi,heico/0027 - Heico - Sigma - 8.avi,01:45:58,What class is the foreign object located in the top/left relative to the image center? Please provide a class name.,Sponge,fo_class,,1.0
heico__2562144,heico,0027 - Heico - Sigma - 8.avi,heico/0027 - Heico - Sigma - 8.avi,01:46:10,"At timepoint 01:46:10 please provide all relative central positions of foreign objects present in the frame. Please provide the answer in the following format: “number. object type: quadrant”, where number represents an enumeration starting with 1, object type is the type of the foreign object and quadrant is one of the following options: top/left, top/right, bottom/left, bottom/right. Respond “none” in case there are no foreign objects present at timepoint 01:46:10. For example: 1. Sponge: top/left 2. Sponge: top/right 3. Needle: bottom/left",1. Sponge: top/left,open_ended,,
heico__2586625,heico,0027 - Heico - Sigma - 8.avi,heico/0027 - Heico - Sigma - 8.avi,00:41:27,Which of the visible foreign objects has its centre closest to the centre of the image? Please provide a class name.,Clip,fo_class,,1.0
heico__2586638,heico,0027 - Heico - Sigma - 8.avi,heico/0027 - Heico - Sigma - 8.avi,01:59:32,Which of the visible foreign objects has its centre closest to the centre of the image? Please provide a class name.,Sponge,fo_class,,1.0
heico__2681977,heico,0027 - Heico - Sigma - 8.avi,heico/0027 - Heico - Sigma - 8.avi,02:08:54,In which abdominal quadrant is the needle located before becoming not visible for >1 min? Please provide an anatomical region.,(small) pelvis.,open_ended,,
heico__2536968,heico,0027 - Heico - Sigma - 8.avi,heico/0027 - Heico - Sigma - 8.avi,01:50:20,How many different foreign object instances appear in this frame? Please provide a number.,1,number,n_instances_total,
heico__2537339,heico,0027 - Heico - Sigma - 8.avi,heico/0027 - Heico - Sigma - 8.avi,00:50:16,How many different foreign object instances appear in this frame? Please provide a number.,2,number,n_instances_total,
heico__2537254,heico,0027 - Heico - Sigma - 8.avi,heico/0027 - Heico - Sigma - 8.avi,01:48:54,How many different foreign object instances appear in this frame? Please provide a number.,3,number,n_instances_total,
heico__2537743,heico,0027 - Heico - Sigma - 8.avi,heico/0027 - Heico - Sigma - 8.avi,01:45:10,How many different foreign object classes appear in this frame? Please provide a number.,1,number,n_classes,
heico__2537692,heico,0027 - Heico - Sigma - 8.avi,heico/0027 - Heico - Sigma - 8.avi,00:50:53,How many different foreign object classes appear in this frame? Please provide a number.,2,number,n_classes,
heico__2539060,heico,0027 - Heico - Sigma - 8.avi,heico/0027 - Heico - Sigma - 8.avi,01:45:28,How many Sponges appear in this frame? Please provide a number.,1,number,n_instances_per_class,
heico__2540073,heico,0027 - Heico - Sigma - 8.avi,heico/0027 - Heico - Sigma - 8.avi,00:41:28,How many Clips appear in this frame? Please provide a number.,2,number,n_instances_per_class,
heico__2540163,heico,0027 - Heico - Sigma - 8.avi,heico/0027 - Heico - Sigma - 8.avi,01:48:55,How many Clips appear in this frame? Please provide a number.,3,number,n_instances_per_class,
heico__2540168,heico,0027 - Heico - Sigma - 8.avi,heico/0027 - Heico - Sigma - 8.avi,01:49:00,How many Clips appear in this frame? Please provide a number.,4,number,n_instances_per_class,
heico__2540181,heico,0027 - Heico - Sigma - 8.avi,heico/0027 - Heico - Sigma - 8.avi,01:49:13,How many Clips appear in this frame? Please provide a number.,5,number,n_instances_per_class,
heico__2547518,heico,0027 - Heico - Sigma - 8.avi,heico/0027 - Heico - Sigma - 8.avi,01:50:06,Do Needles and Sponges co-occur in this frame? Please answer with yes or no.,no,binary,,
heico__2548294,heico,0027 - Heico - Sigma - 8.avi,heico/0027 - Heico - Sigma - 8.avi,00:50:53,Do Clips and Sponges co-occur in this frame? Please answer with yes or no.,yes,binary,,
heico__2563210,heico,0027 - Heico - Sigma - 8.avi,heico/0027 - Heico - Sigma - 8.avi,00:41:59,Are all visible foreign objects in this frame of the same class? Please answer with yes or no.,no,binary,,
heico__2563204,heico,0027 - Heico - Sigma - 8.avi,heico/0027 - Heico - Sigma - 8.avi,00:41:50,Are all visible foreign objects in this frame of the same class? Please answer with yes or no.,yes,binary,,
heico__2511985,heico,0027 - Heico - Sigma - 8.avi,heico/0027 - Heico - Sigma - 8.avi,01:59:28,Which combination of foreign object classes is visible in this frame? Please provide the class names or answer with none.,"Clip, Sponge",fo_class,,2.0
heico__2524951,heico,0027 - Heico - Sigma - 8.avi,heico/0027 - Heico - Sigma - 8.avi,01:58:54,There is one surgical foreign object visible in the frame. What surgical foreign object is visible in this video frame? Please provide a class name.,Clip,fo_class,,1.0
heico__2524827,heico,0027 - Heico - Sigma - 8.avi,heico/0027 - Heico - Sigma - 8.avi,02:22:17,There is one surgical foreign object visible in the frame. What surgical foreign object is visible in this video frame? Please provide a class name.,External drain,fo_class,,1.0
heico__2525015,heico,0027 - Heico - Sigma - 8.avi,heico/0027 - Heico - Sigma - 8.avi,02:11:30,There is one surgical foreign object visible in the frame. What surgical foreign object is visible in this video frame? Please provide a class name.,Needle,fo_class,,1.0
heico__2524837,heico,0027 - Heico - Sigma - 8.avi,heico/0027 - Heico - Sigma - 8.avi,00:14:17,There is one surgical foreign object visible in the frame. What surgical foreign object is visible in this video frame? Please provide a class name.,Sponge,fo_class,,1.0
heico__2528968,heico,0027 - Heico - Sigma - 8.avi,heico/0027 - Heico - Sigma - 8.avi,01:48:53,List all foreign objects that are visible in this video frame. Please provide the class names or answer with none.,Clip,fo_class,,1.0
heico__2528961,heico,0027 - Heico - Sigma - 8.avi,heico/0027 - Heico - Sigma - 8.avi,00:41:54,List all foreign objects that are visible in this video frame. Please provide the class names or answer with none.,"Clip, Sponge",fo_class,,2.0
heico__2529228,heico,0027 - Heico - Sigma - 8.avi,heico/0027 - Heico - Sigma - 8.avi,02:24:08,List all foreign objects that are visible in this video frame. Please provide the class names or answer with none.,External drain,fo_class,,1.0
heico__2529194,heico,0027 - Heico - Sigma - 8.avi,heico/0027 - Heico - Sigma - 8.avi,02:11:34,List all foreign objects that are visible in this video frame. Please provide the class names or answer with none.,Needle,fo_class,,1.0
heico__2528824,heico,0027 - Heico - Sigma - 8.avi,heico/0027 - Heico - Sigma - 8.avi,00:14:03,List all foreign objects that are visible in this video frame. Please provide the class names or answer with none.,Sponge,fo_class,,1.0
heico__2569397,heico,0027 - Heico - Sigma - 8.avi,heico/0027 - Heico - Sigma - 8.avi,01:49:27,What class is the foreign object located in the top/right relative to the image center? Please provide a class name.,Clip,fo_class,,1.0
heico__2569406,heico,0027 - Heico - Sigma - 8.avi,heico/0027 - Heico - Sigma - 8.avi,02:10:58,What class is the foreign object located in the top/right relative to the image center? Please provide a class name.,Needle,fo_class,,1.0
heico__2569411,heico,0027 - Heico - Sigma - 8.avi,heico/0027 - Heico - Sigma - 8.avi,00:14:16,What class is the foreign object located in the bottom/left relative to the image center? Please provide a class name.,Sponge,fo_class,,1.0
heico__2562159,heico,0027 - Heico - Sigma - 8.avi,heico/0027 - Heico - Sigma - 8.avi,02:03:21,"At timepoint 02:03:21 please provide all relative central positions of foreign objects present in the frame. Please provide the answer in the following format: “number. object type: quadrant”, where number represents an enumeration starting with 1, object type is the type of the foreign object and quadrant is one of the following options: top/left, top/right, bottom/left, bottom/right. Respond “none” in case there are no foreign objects present at timepoint 02:03:21. For example: 1. Sponge: top/left 2. Sponge: top/right 3. Needle: bottom/left",1. Needle: bottom/right,open_ended,,
heico__2586629,heico,0027 - Heico - Sigma - 8.avi,heico/0027 - Heico - Sigma - 8.avi,00:41:32,Which of the visible foreign objects has its centre closest to the centre of the image? Please provide a class name.,Clip,fo_class,,1.0
heico__2586632,heico,0027 - Heico - Sigma - 8.avi,heico/0027 - Heico - Sigma - 8.avi,01:59:24,Which of the visible foreign objects has its centre closest to the centre of the image? Please provide a class name.,Sponge,fo_class,,1.0
heico__2681966,heico,0027 - Heico - Sigma - 8.avi,heico/0027 - Heico - Sigma - 8.avi,00:22:20,In which abdominal quadrant is the sponge located before being not visible for >1 min? Please provide a single abdominal quadrant.,Lower left abdominal quadrant.,open_ended,,
heico__2537141,heico,0027 - Heico - Sigma - 8.avi,heico/0027 - Heico - Sigma - 8.avi,02:10:12,How many different foreign object instances appear in this frame? Please provide a number.,1,number,n_instances_total,
heico__2536986,heico,0027 - Heico - Sigma - 8.avi,heico/0027 - Heico - Sigma - 8.avi,01:49:26,How many different foreign object instances appear in this frame? Please provide a number.,2,number,n_instances_total,
heico__2537188,heico,0027 - Heico - Sigma - 8.avi,heico/0027 - Heico - Sigma - 8.avi,01:59:24,How many different foreign object instances appear in this frame? Please provide a number.,3,number,n_instances_total,
heico__2537624,heico,0027 - Heico - Sigma - 8.avi,heico/0027 - Heico - Sigma - 8.avi,02:08:04,How many different foreign object classes appear in this frame? Please provide a number.,1,number,n_classes,
heico__2537829,heico,0027 - Heico - Sigma - 8.avi,heico/0027 - Heico - Sigma - 8.avi,01:59:25,How many different foreign object classes appear in this frame? Please provide a number.,2,number,n_classes,
heico__2539780,heico,0027 - Heico - Sigma - 8.avi,heico/0027 - Heico - Sigma - 8.avi,02:06:23,How many Needles appear in this frame? Please provide a number.,1,number,n_instances_per_class,
heico__2540118,heico,0027 - Heico - Sigma - 8.avi,heico/0027 - Heico - Sigma - 8.avi,00:50:35,How many Clips appear in this frame? Please provide a number.,2,number,n_instances_per_class,
heico__2540160,heico,0027 - Heico - Sigma - 8.avi,heico/0027 - Heico - Sigma - 8.avi,01:48:52,How many Clips appear in this frame? Please provide a number.,3,number,n_instances_per_class,
heico__2540170,heico,0027 - Heico - Sigma - 8.avi,heico/0027 - Heico - Sigma - 8.avi,01:49:02,How many Clips appear in this frame? Please provide a number.,4,number,n_instances_per_class,
heico__2540171,heico,0027 - Heico - Sigma - 8.avi,heico/0027 - Heico - Sigma - 8.avi,01:49:03,How many Clips appear in this frame? Please provide a number.,5,number,n_instances_per_class,
heico__2547538,heico,0027 - Heico - Sigma - 8.avi,heico/0027 - Heico - Sigma - 8.avi,02:03:55,Do Needles and Sponges co-occur in this frame? Please answer with yes or no.,no,binary,,
heico__2547922,heico,0027 - Heico - Sigma - 8.avi,heico/0027 - Heico - Sigma - 8.avi,01:59:25,Do Clips and Sponges co-occur in this frame? Please answer with yes or no.,yes,binary,,
heico__2563251,heico,0027 - Heico - Sigma - 8.avi,heico/0027 - Heico - Sigma - 8.avi,00:50:45,Are all visible foreign objects in this frame of the same class? Please answer with yes or no.,no,binary,,
heico__2563236,heico,0027 - Heico - Sigma - 8.avi,heico/0027 - Heico - Sigma - 8.avi,00:50:30,Are all visible foreign objects in this frame of the same class? Please answer with yes or no.,yes,binary,,
heico__2511947,heico,0027 - Heico - Sigma - 8.avi,heico/0027 - Heico - Sigma - 8.avi,00:42:17,Which combination of foreign object classes is visible in this frame? Please provide the class names or answer with none.,"Clip, Sponge",fo_class,,2.0
heico__2525185,heico,0027 - Heico - Sigma - 8.avi,heico/0027 - Heico - Sigma - 8.avi,02:17:38,There is one surgical foreign object visible in the frame. What surgical foreign object is visible in this video frame? Please provide a class name.,Clip,fo_class,,1.0
heico__2525101,heico,0027 - Heico - Sigma - 8.avi,heico/0027 - Heico - Sigma - 8.avi,02:21:25,There is one surgical foreign object visible in the frame. What surgical foreign object is visible in this video frame? Please provide a class name.,External drain,fo_class,,1.0
heico__2525119,heico,0027 - Heico - Sigma - 8.avi,heico/0027 - Heico - Sigma - 8.avi,02:03:55,There is one surgical foreign object visible in the frame. What surgical foreign object is visible in this video frame? Please provide a class name.,Needle,fo_class,,1.0
heico__2525169,heico,0027 - Heico - Sigma - 8.avi,heico/0027 - Heico - Sigma - 8.avi,00:28:11,There is one surgical foreign object visible in the frame. What surgical foreign object is visible in this video frame? Please provide a class name.,Sponge,fo_class,,1.0
heico__2528874,heico,0027 - Heico - Sigma - 8.avi,heico/0027 - Heico - Sigma - 8.avi,01:58:26,List all foreign objects that are visible in this video frame. Please provide the class names or answer with none.,Clip,fo_class,,1.0
heico__2529157,heico,0027 - Heico - Sigma - 8.avi,heico/0027 - Heico - Sigma - 8.avi,00:50:47,List all foreign objects that are visible in this video frame. Please provide the class names or answer with none.,"Clip, Sponge",fo_class,,2.0
heico__2529136,heico,0027 - Heico - Sigma - 8.avi,heico/0027 - Heico - Sigma - 8.avi,02:22:00,List all foreign objects that are visible in this video frame. Please provide the class names or answer with none.,External drain,fo_class,,1.0
heico__2529169,heico,0027 - Heico - Sigma - 8.avi,heico/0027 - Heico - Sigma - 8.avi,02:02:11,List all foreign objects that are visible in this video frame. Please provide the class names or answer with none.,Needle,fo_class,,1.0
heico__2528987,heico,0027 - Heico - Sigma - 8.avi,heico/0027 - Heico - Sigma - 8.avi,00:18:28,List all foreign objects that are visible in this video frame. Please provide the class names or answer with none.,Sponge,fo_class,,1.0
heico__2569375,heico,0027 - Heico - Sigma - 8.avi,heico/0027 - Heico - Sigma - 8.avi,01:49:11,What class is the foreign object located in the top/left relative to the image center? Please provide a class name.,Clip,fo_class,,1.0
heico__2569550,heico,0027 - Heico - Sigma - 8.avi,heico/0027 - Heico - Sigma - 8.avi,02:06:31,What class is the foreign object located in the bottom/right relative to the image center? Please provide a class name.,Needle,fo_class,,1.0
heico__2569332,heico,0027 - Heico - Sigma - 8.avi,heico/0027 - Heico - Sigma - 8.avi,00:19:00,What class is the foreign object located in the top/left relative to the image center? Please provide a class name.,Sponge,fo_class,,1.0
heico__2562186,heico,0027 - Heico - Sigma - 8.avi,heico/0027 - Heico - Sigma - 8.avi,02:11:02,"At timepoint 02:11:02 please provide all relative central positions of foreign objects present in the frame. Please provide the answer in the following format: “number. object type: quadrant”, where number represents an enumeration starting with 1, object type is the type of the foreign object and quadrant is one of the following options: top/left, top/right, bottom/left, bottom/right. Respond “none” in case there are no foreign objects present at timepoint 02:11:02. For example: 1. Sponge: top/left 2. Sponge: top/right 3. Needle: bottom/left",1. Needle: top/left,open_ended,,
heico__2586622,heico,0027 - Heico - Sigma - 8.avi,heico/0027 - Heico - Sigma - 8.avi,00:41:22,Which of the visible foreign objects has its centre closest to the centre of the image? Please provide a class name.,Clip,fo_class,,1.0
heico__2586635,heico,0027 - Heico - Sigma - 8.avi,heico/0027 - Heico - Sigma - 8.avi,01:59:28,Which of the visible foreign objects has its centre closest to the centre of the image? Please provide a class name.,Sponge,fo_class,,1.0
heico__2681973,heico,0027 - Heico - Sigma - 8.avi,heico/0027 - Heico - Sigma - 8.avi,02:02:34,In which abdominal quadrant is the needle located before being not visible for >1 min? Please provide an abdominal region.,(small) pelvis.,open_ended,,
heico__2537047,heico,0027 - Heico - Sigma - 8.avi,heico/0027 - Heico - Sigma - 8.avi,02:20:54,How many different foreign object instances appear in this frame? Please provide a number.,1,number,n_instances_total,
heico__2536907,heico,0027 - Heico - Sigma - 8.avi,heico/0027 - Heico - Sigma - 8.avi,01:58:14,How many different foreign object instances appear in this frame? Please provide a number.,2,number,n_instances_total,
heico__2537320,heico,0027 - Heico - Sigma - 8.avi,heico/0027 - Heico - Sigma - 8.avi,01:49:36,How many different foreign object instances appear in this frame? Please provide a number.,3,number,n_instances_total,
heico__2537476,heico,0027 - Heico - Sigma - 8.avi,heico/0027 - Heico - Sigma - 8.avi,02:12:02,How many different foreign object classes appear in this frame? Please provide a number.,1,number,n_classes,
heico__2537482,heico,0027 - Heico - Sigma - 8.avi,heico/0027 - Heico - Sigma - 8.avi,00:41:54,How many different foreign object classes appear in this frame? Please provide a number.,2,number,n_classes,
heico__2539474,heico,0027 - Heico - Sigma - 8.avi,heico/0027 - Heico - Sigma - 8.avi,02:22:18,How many External drains appear in this frame? Please provide a number.,1,number,n_instances_per_class,
heico__2540208,heico,0027 - Heico - Sigma - 8.avi,heico/0027 - Heico - Sigma - 8.avi,01:49:45,How many Clips appear in this frame? Please provide a number.,2,number,n_instances_per_class,
heico__2540164,heico,0027 - Heico - Sigma - 8.avi,heico/0027 - Heico - Sigma - 8.avi,01:48:56,How many Clips appear in this frame? Please provide a number.,3,number,n_instances_per_class,
heico__2540182,heico,0027 - Heico - Sigma - 8.avi,heico/0027 - Heico - Sigma - 8.avi,01:49:14,How many Clips appear in this frame? Please provide a number.,4,number,n_instances_per_class,
heico__2540177,heico,0027 - Heico - Sigma - 8.avi,heico/0027 - Heico - Sigma - 8.avi,01:49:09,How many Clips appear in this frame? Please provide a number.,5,number,n_instances_per_class,
heico__2547301,heico,0027 - Heico - Sigma - 8.avi,heico/0027 - Heico - Sigma - 8.avi,02:24:01,Do External drains and Needles co-occur in this frame? Please answer with yes or no.,no,binary,,
heico__2548190,heico,0027 - Heico - Sigma - 8.avi,heico/0027 - Heico - Sigma - 8.avi,00:50:41,Do Clips and Sponges co-occur in this frame? Please answer with yes or no.,yes,binary,,
heico__2563398,heico,0027 - Heico - Sigma - 8.avi,heico/0027 - Heico - Sigma - 8.avi,01:59:26,Are all visible foreign objects in this frame of the same class? Please answer with yes or no.,no,binary,,
heico__2563270,heico,0027 - Heico - Sigma - 8.avi,heico/0027 - Heico - Sigma - 8.avi,01:48:49,Are all visible foreign objects in this frame of the same class? Please answer with yes or no.,yes,binary,,
heico__2511967,heico,0027 - Heico - Sigma - 8.avi,heico/0027 - Heico - Sigma - 8.avi,00:50:51,Which combination of foreign object classes is visible in this frame? Please provide the class names or answer with none.,"Clip, Sponge",fo_class,,2.0
heico__2525058,heico,0027 - Heico - Sigma - 8.avi,heico/0027 - Heico - Sigma - 8.avi,01:47:09,There is one surgical foreign object visible in the frame. What surgical foreign object is visible in this video frame? Please provide a class name.,Clip,fo_class,,1.0
heico__2524989,heico,0027 - Heico - Sigma - 8.avi,heico/0027 - Heico - Sigma - 8.avi,02:24:12,There is one surgical foreign object visible in the frame. What surgical foreign object is visible in this video frame? Please provide a class name.,External drain,fo_class,,1.0
heico__2524922,heico,0027 - Heico - Sigma - 8.avi,heico/0027 - Heico - Sigma - 8.avi,02:11:33,There is one surgical foreign object visible in the frame. What surgical foreign object is visible in this video frame? Please provide a class name.,Needle,fo_class,,1.0
heico__2525117,heico,0027 - Heico - Sigma - 8.avi,heico/0027 - Heico - Sigma - 8.avi,00:30:22,There is one surgical foreign object visible in the frame. What surgical foreign object is visible in this video frame? Please provide a class name.,Sponge,fo_class,,1.0
heico__2529175,heico,0027 - Heico - Sigma - 8.avi,heico/0027 - Heico - Sigma - 8.avi,02:17:37,List all foreign objects that are visible in this video frame. Please provide the class names or answer with none.,Clip,fo_class,,1.0
heico__2528971,heico,0027 - Heico - Sigma - 8.avi,heico/0027 - Heico - Sigma - 8.avi,00:41:21,List all foreign objects that are visible in this video frame. Please provide the class names or answer with none.,"Clip, Sponge",fo_class,,2.0
heico__2528799,heico,0027 - Heico - Sigma - 8.avi,heico/0027 - Heico - Sigma - 8.avi,02:23:23,List all foreign objects that are visible in this video frame. Please provide the class names or answer with none.,External drain,fo_class,,1.0
heico__2529043,heico,0027 - Heico - Sigma - 8.avi,heico/0027 - Heico - Sigma - 8.avi,02:10:32,List all foreign objects that are visible in this video frame. Please provide the class names or answer with none.,Needle,fo_class,,1.0
heico__2529285,heico,0027 - Heico - Sigma - 8.avi,heico/0027 - Heico - Sigma - 8.avi,00:34:40,List all foreign objects that are visible in this video frame. Please provide the class names or answer with none.,Sponge,fo_class,,1.0
heico__2569400,heico,0027 - Heico - Sigma - 8.avi,heico/0027 - Heico - Sigma - 8.avi,01:49:46,What class is the foreign object located in the top/right relative to the image center? Please provide a class name.,Clip,fo_class,,1.0
heico__2569388,heico,0027 - Heico - Sigma - 8.avi,heico/0027 - Heico - Sigma - 8.avi,02:11:02,What class is the foreign object located in the top/left relative to the image center? Please provide a class name.,Needle,fo_class,,1.0
heico__2569522,heico,0027 - Heico - Sigma - 8.avi,heico/0027 - Heico - Sigma - 8.avi,00:42:18,What class is the foreign object located in the bottom/left relative to the image center? Please provide a class name.,Sponge,fo_class,,1.0
heico__2561928,heico,0027 - Heico - Sigma - 8.avi,heico/0027 - Heico - Sigma - 8.avi,00:14:12,"At timepoint 00:14:12 please provide all relative central positions of foreign objects present in the frame. Please provide the answer in the following format: “number. object type: quadrant”, where number represents an enumeration starting with 1, object type is the type of the foreign object and quadrant is one of the following options: top/left, top/right, bottom/left, bottom/right. Respond “none” in case there are no foreign objects present at timepoint 00:14:12. For example: 1. Sponge: top/left 2. Sponge: top/right 3. Needle: bottom/left",1. Sponge: bottom/left,open_ended,,
heico__2586627,heico,0027 - Heico - Sigma - 8.avi,heico/0027 - Heico - Sigma - 8.avi,00:41:30,Which of the visible foreign objects has its centre closest to the centre of the image? Please provide a class name.,Clip,fo_class,,1.0
heico__2681975,heico,0027 - Heico - Sigma - 8.avi,heico/0027 - Heico - Sigma - 8.avi,02:06:48,In which abdominal quadrant is the needle located before disappearing for >1 min? Please provide an anatomical region.,(small) pelvis.,open_ended,,
heico__2536872,heico,0027 - Heico - Sigma - 8.avi,heico/0027 - Heico - Sigma - 8.avi,00:13:58,How many different foreign object instances appear in this frame? Please provide a number.,1,number,n_instances_total,
heico__2537054,heico,0027 - Heico - Sigma - 8.avi,heico/0027 - Heico - Sigma - 8.avi,00:50:50,How many different foreign object instances appear in this frame? Please provide a number.,2,number,n_instances_total,
heico__2537387,heico,0027 - Heico - Sigma - 8.avi,heico/0027 - Heico - Sigma - 8.avi,00:14:14,How many different foreign object classes appear in this frame? Please provide a number.,1,number,n_classes,
heico__2537611,heico,0027 - Heico - Sigma - 8.avi,heico/0027 - Heico - Sigma - 8.avi,00:50:40,How many different foreign object classes appear in this frame? Please provide a number.,2,number,n_classes,
heico__2538877,heico,0027 - Heico - Sigma - 8.avi,heico/0027 - Heico - Sigma - 8.avi,00:14:03,How many Sponges appear in this frame? Please provide a number.,1,number,n_instances_per_class,
heico__2540242,heico,0027 - Heico - Sigma - 8.avi,heico/0027 - Heico - Sigma - 8.avi,01:58:31,How many Clips appear in this frame? Please provide a number.,2,number,n_instances_per_class,
heico__2540179,heico,0027 - Heico - Sigma - 8.avi,heico/0027 - Heico - Sigma - 8.avi,01:49:11,How many Clips appear in this frame? Please provide a number.,3,number,n_instances_per_class,
heico__2540167,heico,0027 - Heico - Sigma - 8.avi,heico/0027 - Heico - Sigma - 8.avi,01:48:59,How many Clips appear in this frame? Please provide a number.,4,number,n_instances_per_class,
heico__2540188,heico,0027 - Heico - Sigma - 8.avi,heico/0027 - Heico - Sigma - 8.avi,01:49:20,How many Clips appear in this frame? Please provide a number.,5,number,n_instances_per_class,
heico__2546877,heico,0027 - Heico - Sigma - 8.avi,heico/0027 - Heico - Sigma - 8.avi,00:13:41,Do External drains and Sponges co-occur in this frame? Please answer with yes or no.,no,binary,,
heico__2548134,heico,0027 - Heico - Sigma - 8.avi,heico/0027 - Heico - Sigma - 8.avi,00:50:38,Do Clips and Sponges co-occur in this frame? Please answer with yes or no.,yes,binary,,
heico__2563223,heico,0027 - Heico - Sigma - 8.avi,heico/0027 - Heico - Sigma - 8.avi,00:42:14,Are all visible foreign objects in this frame of the same class? Please answer with yes or no.,no,binary,,
heico__2563371,heico,0027 - Heico - Sigma - 8.avi,heico/0027 - Heico - Sigma - 8.avi,01:58:57,Are all visible foreign objects in this frame of the same class? Please answer with yes or no.,yes,binary,,
heico__2511983,heico,0027 - Heico - Sigma - 8.avi,heico/0027 - Heico - Sigma - 8.avi,01:59:26,Which combination of foreign object classes is visible in this frame? Please provide the class names or answer with none.,"Clip, Sponge",fo_class,,2.0
heico__2524795,heico,0027 - Heico - Sigma - 8.avi,heico/0027 - Heico - Sigma - 8.avi,01:48:50,There is one surgical foreign object visible in the frame. What surgical foreign object is visible in this video frame? Please provide a class name.,Clip,fo_class,,1.0
heico__2525090,heico,0027 - Heico - Sigma - 8.avi,heico/0027 - Heico - Sigma - 8.avi,02:22:59,There is one surgical foreign object visible in the frame. What surgical foreign object is visible in this video frame? Please provide a class name.,External drain,fo_class,,1.0
heico__2525279,heico,0027 - Heico - Sigma - 8.avi,heico/0027 - Heico - Sigma - 8.avi,02:08:17,There is one surgical foreign object visible in the frame. What surgical foreign object is visible in this video frame? Please provide a class name.,Needle,fo_class,,1.0
heico__2525244,heico,0027 - Heico - Sigma - 8.avi,heico/0027 - Heico - Sigma - 8.avi,00:51:04,There is one surgical foreign object visible in the frame. What surgical foreign object is visible in this video frame? Please provide a class name.,Sponge,fo_class,,1.0
heico__2528964,heico,0027 - Heico - Sigma - 8.avi,heico/0027 - Heico - Sigma - 8.avi,00:50:34,List all foreign objects that are visible in this video frame. Please provide the class names or answer with none.,Clip,fo_class,,1.0
heico__2528972,heico,0027 - Heico - Sigma - 8.avi,heico/0027 - Heico - Sigma - 8.avi,00:50:24,List all foreign objects that are visible in this video frame. Please provide the class names or answer with none.,"Clip, Sponge",fo_class,,2.0
heico__2528859,heico,0027 - Heico - Sigma - 8.avi,heico/0027 - Heico - Sigma - 8.avi,02:23:42,List all foreign objects that are visible in this video frame. Please provide the class names or answer with none.,External drain,fo_class,,1.0
heico__2529017,heico,0027 - Heico - Sigma - 8.avi,heico/0027 - Heico - Sigma - 8.avi,02:06:32,List all foreign objects that are visible in this video frame. Please provide the class names or answer with none.,Needle,fo_class,,1.0
heico__2529038,heico,0027 - Heico - Sigma - 8.avi,heico/0027 - Heico - Sigma - 8.avi,00:51:04,List all foreign objects that are visible in this video frame. Please provide the class names or answer with none.,Sponge,fo_class,,1.0
heico__2569393,heico,0027 - Heico - Sigma - 8.avi,heico/0027 - Heico - Sigma - 8.avi,01:49:17,What class is the foreign object located in the top/right relative to the image center? Please provide a class name.,Clip,fo_class,,1.0
heico__2569532,heico,0027 - Heico - Sigma - 8.avi,heico/0027 - Heico - Sigma - 8.avi,02:07:32,What class is the foreign object located in the bottom/left relative to the image center? Please provide a class name.,Needle,fo_class,,1.0
heico__2569525,heico,0027 - Heico - Sigma - 8.avi,heico/0027 - Heico - Sigma - 8.avi,00:50:08,What class is the foreign object located in the bottom/left relative to the image center? Please provide a class name.,Sponge,fo_class,,1.0
heico__2561969,heico,0027 - Heico - Sigma - 8.avi,heico/0027 - Heico - Sigma - 8.avi,00:18:23,"At timepoint 00:18:23 please provide all relative central positions of foreign objects present in the frame. Please provide the answer in the following format: “number. object type: quadrant”, where number represents an enumeration starting with 1, object type is the type of the foreign object and quadrant is one of the following options: top/left, top/right, bottom/left, bottom/right. Respond “none” in case there are no foreign objects present at timepoint 00:18:23. For example: 1. Sponge: top/left 2. Sponge: top/right 3. Needle: bottom/left",1. Sponge: bottom/left,open_ended,,
heico__2586628,heico,0027 - Heico - Sigma - 8.avi,heico/0027 - Heico - Sigma - 8.avi,00:41:31,Which of the visible foreign objects has its centre closest to the centre of the image? Please provide a class name.,Clip,fo_class,,1.0
heico__2681974,heico,0027 - Heico - Sigma - 8.avi,heico/0027 - Heico - Sigma - 8.avi,02:05:01,In which abdominal quadrant is the needle located before being not visible for >1 min? Please provide an anatomical region or quadrant.,(small) pelvis.,open_ended,,
heico__2537027,heico,0027 - Heico - Sigma - 8.avi,heico/0027 - Heico - Sigma - 8.avi,00:17:57,How many different foreign object instances appear in this frame? Please provide a number.,1,number,n_instances_total,
heico__2536852,heico,0027 - Heico - Sigma - 8.avi,heico/0027 - Heico - Sigma - 8.avi,01:48:49,How many different foreign object instances appear in this frame? Please provide a number.,2,number,n_instances_total,
heico__2537410,heico,0027 - Heico - Sigma - 8.avi,heico/0027 - Heico - Sigma - 8.avi,00:15:00,How many different foreign object classes appear in this frame? Please provide a number.,1,number,n_classes,
heico__2537775,heico,0027 - Heico - Sigma - 8.avi,heico/0027 - Heico - Sigma - 8.avi,00:42:04,How many different foreign object classes appear in this frame? Please provide a number.,2,number,n_classes,
heico__2539107,heico,0027 - Heico - Sigma - 8.avi,heico/0027 - Heico - Sigma - 8.avi,00:21:28,How many Sponges appear in this frame? Please provide a number.,1,number,n_instances_per_class,
heico__2540096,heico,0027 - Heico - Sigma - 8.avi,heico/0027 - Heico - Sigma - 8.avi,00:42:11,How many Clips appear in this frame? Please provide a number.,2,number,n_instances_per_class,
heico__2540212,heico,0027 - Heico - Sigma - 8.avi,heico/0027 - Heico - Sigma - 8.avi,01:49:49,How many Clips appear in this frame? Please provide a number.,3,number,n_instances_per_class,
heico__2540175,heico,0027 - Heico - Sigma - 8.avi,heico/0027 - Heico - Sigma - 8.avi,01:49:07,How many Clips appear in this frame? Please provide a number.,5,number,n_instances_per_class,
heico__2547566,heico,0027 - Heico - Sigma - 8.avi,heico/0027 - Heico - Sigma - 8.avi,00:18:32,Do Needles and Sponges co-occur in this frame? Please answer with yes or no.,no,binary,,
heico__2548140,heico,0027 - Heico - Sigma - 8.avi,heico/0027 - Heico - Sigma - 8.avi,00:50:52,Do Clips and Sponges co-occur in this frame? Please answer with yes or no.,yes,binary,,
heico__2563254,heico,0027 - Heico - Sigma - 8.avi,heico/0027 - Heico - Sigma - 8.avi,00:50:50,Are all visible foreign objects in this frame of the same class? Please answer with yes or no.,no,binary,,
heico__2563240,heico,0027 - Heico - Sigma - 8.avi,heico/0027 - Heico - Sigma - 8.avi,00:50:34,Are all visible foreign objects in this frame of the same class? Please answer with yes or no.,yes,binary,,
heico__2511924,heico,0027 - Heico - Sigma - 8.avi,heico/0027 - Heico - Sigma - 8.avi,00:41:32,Which combination of foreign object classes is visible in this frame? Please provide the class names or answer with none.,"Clip, Sponge",fo_class,,2.0
heico__2524863,heico,0027 - Heico - Sigma - 8.avi,heico/0027 - Heico - Sigma - 8.avi,02:20:43,There is one surgical foreign object visible in the frame. What surgical foreign object is visible in this video frame? Please provide a class name.,External drain,fo_class,,1.0
heico__2525190,heico,0027 - Heico - Sigma - 8.avi,heico/0027 - Heico - Sigma - 8.avi,02:11:36,There is one surgical foreign object visible in the frame. What surgical foreign object is visible in this video frame? Please provide a class name.,Needle,fo_class,,1.0
heico__2525196,heico,0027 - Heico - Sigma - 8.avi,heico/0027 - Heico - Sigma - 8.avi,01:46:42,There is one surgical foreign object visible in the frame. What surgical foreign object is visible in this video frame? Please provide a class name.,Sponge,fo_class,,1.0
heico__2529040,heico,0027 - Heico - Sigma - 8.avi,heico/0027 - Heico - Sigma - 8.avi,01:49:43,List all foreign objects that are visible in this video frame. Please provide the class names or answer with none.,Clip,fo_class,,1.0
heico__2528962,heico,0027 - Heico - Sigma - 8.avi,heico/0027 - Heico - Sigma - 8.avi,00:42:16,List all foreign objects that are visible in this video frame. Please provide the class names or answer with none.,"Clip, Sponge",fo_class,,2.0
heico__2529184,heico,0027 - Heico - Sigma - 8.avi,heico/0027 - Heico - Sigma - 8.avi,02:22:36,List all foreign objects that are visible in this video frame. Please provide the class names or answer with none.,External drain,fo_class,,1.0
heico__2529011,heico,0027 - Heico - Sigma - 8.avi,heico/0027 - Heico - Sigma - 8.avi,02:12:04,List all foreign objects that are visible in this video frame. Please provide the class names or answer with none.,Needle,fo_class,,1.0
heico__2528812,heico,0027 - Heico - Sigma - 8.avi,heico/0027 - Heico - Sigma - 8.avi,01:50:58,List all foreign objects that are visible in this video frame. Please provide the class names or answer with none.,Sponge,fo_class,,1.0
heico__2569395,heico,0027 - Heico - Sigma - 8.avi,heico/0027 - Heico - Sigma - 8.avi,01:49:25,What class is the foreign object located in the top/right relative to the image center? Please provide a class name.,Clip,fo_class,,1.0
heico__2569530,heico,0027 - Heico - Sigma - 8.avi,heico/0027 - Heico - Sigma - 8.avi,02:06:30,What class is the foreign object located in the bottom/left relative to the image center? Please provide a class name.,Needle,fo_class,,1.0
heico__2569527,heico,0027 - Heico - Sigma - 8.avi,heico/0027 - Heico - Sigma - 8.avi,01:45:44,What class is the foreign object located in the bottom/left relative to the image center? Please provide a class name.,Sponge,fo_class,,1.0
heico__2562123,heico,0027 - Heico - Sigma - 8.avi,heico/0027 - Heico - Sigma - 8.avi,00:41:45,"At timepoint 00:41:45 please provide all relative central positions of foreign objects present in the frame. Please provide the answer in the following format: “number. object type: quadrant”, where number represents an enumeration starting with 1, object type is the type of the foreign object and quadrant is one of the following options: top/left, top/right, bottom/left, bottom/right. Respond “none” in case there are no foreign objects present at timepoint 00:41:45. For example: 1. Sponge: top/left 2. Sponge: top/right 3. Needle: bottom/left",1. Sponge: top/left,open_ended,,
heico__2586623,heico,0027 - Heico - Sigma - 8.avi,heico/0027 - Heico - Sigma - 8.avi,00:41:25,Which of the visible foreign objects has its centre closest to the centre of the image? Please provide a class name.,Clip,fo_class,,1.0
heico__2536936,heico,0027 - Heico - Sigma - 8.avi,heico/0027 - Heico - Sigma - 8.avi,00:34:54,How many different foreign object instances appear in this frame? Please provide a number.,1,number,n_instances_total,
heico__2536859,heico,0027 - Heico - Sigma - 8.avi,heico/0027 - Heico - Sigma - 8.avi,01:59:41,How many different foreign object instances appear in this frame? Please provide a number.,2,number,n_instances_total,
heico__2537757,heico,0027 - Heico - Sigma - 8.avi,heico/0027 - Heico - Sigma - 8.avi,00:34:46,How many different foreign object classes appear in this frame? Please provide a number.,1,number,n_classes,
heico__2537532,heico,0027 - Heico - Sigma - 8.avi,heico/0027 - Heico - Sigma - 8.avi,00:50:16,How many different foreign object classes appear in this frame? Please provide a number.,2,number,n_classes,
heico__2539187,heico,0027 - Heico - Sigma - 8.avi,heico/0027 - Heico - Sigma - 8.avi,00:38:28,How many Sponges appear in this frame? Please provide a number.,1,number,n_instances_per_class,
heico__2540116,heico,0027 - Heico - Sigma - 8.avi,heico/0027 - Heico - Sigma - 8.avi,00:50:33,How many Clips appear in this frame? Please provide a number.,2,number,n_instances_per_class,
heico__2540211,heico,0027 - Heico - Sigma - 8.avi,heico/0027 - Heico - Sigma - 8.avi,01:49:48,How many Clips appear in this frame? Please provide a number.,3,number,n_instances_per_class,
heico__2540176,heico,0027 - Heico - Sigma - 8.avi,heico/0027 - Heico - Sigma - 8.avi,01:49:08,How many Clips appear in this frame? Please provide a number.,5,number,n_instances_per_class,
heico__2547436,heico,0027 - Heico - Sigma - 8.avi,heico/0027 - Heico - Sigma - 8.avi,00:42:01,Do Needles and Sponges co-occur in this frame? Please answer with yes or no.,no,binary,,
heico__2563395,heico,0027 - Heico - Sigma - 8.avi,heico/0027 - Heico - Sigma - 8.avi,01:59:23,Are all visible foreign objects in this frame of the same class? Please answer with yes or no.,no,binary,,
heico__2563326,heico,0027 - Heico - Sigma - 8.avi,heico/0027 - Heico - Sigma - 8.avi,01:49:55,Are all visible foreign objects in this frame of the same class? Please answer with yes or no.,yes,binary,,
heico__2511966,heico,0027 - Heico - Sigma - 8.avi,heico/0027 - Heico - Sigma - 8.avi,00:50:50,Which combination of foreign object classes is visible in this frame? Please provide the class names or answer with none.,"Clip, Sponge",fo_class,,2.0
heico__2525108,heico,0027 - Heico - Sigma - 8.avi,heico/0027 - Heico - Sigma - 8.avi,02:23:07,There is one surgical foreign object visible in the frame. What surgical foreign object is visible in this video frame? Please provide a class name.,External drain,fo_class,,1.0
heico__2525171,heico,0027 - Heico - Sigma - 8.avi,heico/0027 - Heico - Sigma - 8.avi,02:09:34,There is one surgical foreign object visible in the frame. What surgical foreign object is visible in this video frame? Please provide a class name.,Needle,fo_class,,1.0
heico__2524823,heico,0027 - Heico - Sigma - 8.avi,heico/0027 - Heico - Sigma - 8.avi,00:14:02,There is one surgical foreign object visible in the frame. What surgical foreign object is visible in this video frame? Please provide a class name.,Sponge,fo_class,,1.0
heico__2529203,heico,0027 - Heico - Sigma - 8.avi,heico/0027 - Heico - Sigma - 8.avi,01:59:19,List all foreign objects that are visible in this video frame. Please provide the class names or answer with none.,Clip,fo_class,,1.0
heico__2529200,heico,0027 - Heico - Sigma - 8.avi,heico/0027 - Heico - Sigma - 8.avi,00:42:04,List all foreign objects that are visible in this video frame. Please provide the class names or answer with none.,"Clip, Sponge",fo_class,,2.0
heico__2528801,heico,0027 - Heico - Sigma - 8.avi,heico/0027 - Heico - Sigma - 8.avi,02:21:25,List all foreign objects that are visible in this video frame. Please provide the class names or answer with none.,External drain,fo_class,,1.0
heico__2529084,heico,0027 - Heico - Sigma - 8.avi,heico/0027 - Heico - Sigma - 8.avi,02:07:45,List all foreign objects that are visible in this video frame. Please provide the class names or answer with none.,Needle,fo_class,,1.0
heico__2528817,heico,0027 - Heico - Sigma - 8.avi,heico/0027 - Heico - Sigma - 8.avi,00:13:56,List all foreign objects that are visible in this video frame. Please provide the class names or answer with none.,Sponge,fo_class,,1.0
heico__2569403,heico,0027 - Heico - Sigma - 8.avi,heico/0027 - Heico - Sigma - 8.avi,01:49:57,What class is the foreign object located in the top/right relative to the image center? Please provide a class name.,Clip,fo_class,,1.0
heico__2569549,heico,0027 - Heico - Sigma - 8.avi,heico/0027 - Heico - Sigma - 8.avi,02:03:53,What class is the foreign object located in the bottom/right relative to the image center? Please provide a class name.,Needle,fo_class,,1.0
heico__2569409,heico,0027 - Heico - Sigma - 8.avi,heico/0027 - Heico - Sigma - 8.avi,00:13:47,What class is the foreign object located in the bottom/left relative to the image center? Please provide a class name.,Sponge,fo_class,,1.0
heico__2562128,heico,0027 - Heico - Sigma - 8.avi,heico/0027 - Heico - Sigma - 8.avi,00:51:04,"At timepoint 00:51:04 please provide all relative central positions of foreign objects present in the frame. Please provide the answer in the following format: “number. object type: quadrant”, where number represents an enumeration starting with 1, object type is the type of the foreign object and quadrant is one of the following options: top/left, top/right, bottom/left, bottom/right. Respond “none” in case there are no foreign objects present at timepoint 00:51:04. For example: 1. Sponge: top/left 2. Sponge: top/right 3. Needle: bottom/left",1. Sponge: top/right,open_ended,,
heico__2586626,heico,0027 - Heico - Sigma - 8.avi,heico/0027 - Heico - Sigma - 8.avi,00:41:29,Which of the visible foreign objects has its centre closest to the centre of the image? Please provide a class name.,Clip,fo_class,,1.0
heico__2537203,heico,0027 - Heico - Sigma - 8.avi,heico/0027 - Heico - Sigma - 8.avi,00:51:02,How many different foreign object instances appear in this frame? Please provide a number.,1,number,n_instances_total,
heico__2537099,heico,0027 - Heico - Sigma - 8.avi,heico/0027 - Heico - Sigma - 8.avi,00:50:33,How many different foreign object instances appear in this frame? Please provide a number.,2,number,n_instances_total,
heico__2537403,heico,0027 - Heico - Sigma - 8.avi,heico/0027 - Heico - Sigma - 8.avi,00:50:19,How many different foreign object classes appear in this frame? Please provide a number.,1,number,n_classes,
heico__2537721,heico,0027 - Heico - Sigma - 8.avi,heico/0027 - Heico - Sigma - 8.avi,00:42:06,How many different foreign object classes appear in this frame? Please provide a number.,2,number,n_classes,
heico__2540107,heico,0027 - Heico - Sigma - 8.avi,heico/0027 - Heico - Sigma - 8.avi,00:50:21,How many Clips appear in this frame? Please provide a number.,1,number,n_instances_per_class,
heico__2540207,heico,0027 - Heico - Sigma - 8.avi,heico/0027 - Heico - Sigma - 8.avi,01:49:44,How many Clips appear in this frame? Please provide a number.,2,number,n_instances_per_class,
heico__2540213,heico,0027 - Heico - Sigma - 8.avi,heico/0027 - Heico - Sigma - 8.avi,01:49:50,How many Clips appear in this frame? Please provide a number.,3,number,n_instances_per_class,
heico__2540174,heico,0027 - Heico - Sigma - 8.avi,heico/0027 - Heico - Sigma - 8.avi,01:49:06,How many Clips appear in this frame? Please provide a number.,5,number,n_instances_per_class,
heico__2547942,heico,0027 - Heico - Sigma - 8.avi,heico/0027 - Heico - Sigma - 8.avi,00:50:56,Do Clips and Needles co-occur in this frame? Please answer with yes or no.,no,binary,,
heico__2563192,heico,0027 - Heico - Sigma - 8.avi,heico/0027 - Heico - Sigma - 8.avi,00:41:21,Are all visible foreign objects in this frame of the same class? Please answer with yes or no.,no,binary,,
heico__2563338,heico,0027 - Heico - Sigma - 8.avi,heico/0027 - Heico - Sigma - 8.avi,01:58:21,Are all visible foreign objects in this frame of the same class? Please answer with yes or no.,yes,binary,,
heico__2511989,heico,0027 - Heico - Sigma - 8.avi,heico/0027 - Heico - Sigma - 8.avi,01:59:32,Which combination of foreign object classes is visible in this frame? Please provide the class names or answer with none.,"Clip, Sponge",fo_class,,2.0
heico__2524888,heico,0027 - Heico - Sigma - 8.avi,heico/0027 - Heico - Sigma - 8.avi,02:23:25,There is one surgical foreign object visible in the frame. What surgical foreign object is visible in this video frame? Please provide a class name.,External drain,fo_class,,1.0
heico__2524883,heico,0027 - Heico - Sigma - 8.avi,heico/0027 - Heico - Sigma - 8.avi,02:11:45,There is one surgical foreign object visible in the frame. What surgical foreign object is visible in this video frame? Please provide a class name.,Needle,fo_class,,1.0
heico__2525043,heico,0027 - Heico - Sigma - 8.avi,heico/0027 - Heico - Sigma - 8.avi,00:20:02,There is one surgical foreign object visible in the frame. What surgical foreign object is visible in this video frame? Please provide a class name.,Sponge,fo_class,,1.0
heico__2528947,heico,0027 - Heico - Sigma - 8.avi,heico/0027 - Heico - Sigma - 8.avi,00:50:31,List all foreign objects that are visible in this video frame. Please provide the class names or answer with none.,Clip,fo_class,,1.0
heico__2528854,heico,0027 - Heico - Sigma - 8.avi,heico/0027 - Heico - Sigma - 8.avi,02:22:17,List all foreign objects that are visible in this video frame. Please provide the class names or answer with none.,External drain,fo_class,,1.0
heico__2529053,heico,0027 - Heico - Sigma - 8.avi,heico/0027 - Heico - Sigma - 8.avi,02:10:51,List all foreign objects that are visible in this video frame. Please provide the class names or answer with none.,Needle,fo_class,,1.0
heico__2528988,heico,0027 - Heico - Sigma - 8.avi,heico/0027 - Heico - Sigma - 8.avi,00:18:29,List all foreign objects that are visible in this video frame. Please provide the class names or answer with none.,Sponge,fo_class,,1.0
heico__2569398,heico,0027 - Heico - Sigma - 8.avi,heico/0027 - Heico - Sigma - 8.avi,01:49:28,What class is the foreign object located in the top/right relative to the image center? Please provide a class name.,Clip,fo_class,,1.0
heico__2569548,heico,0027 - Heico - Sigma - 8.avi,heico/0027 - Heico - Sigma - 8.avi,02:03:21,What class is the foreign object located in the bottom/right relative to the image center? Please provide a class name.,Needle,fo_class,,1.0
heico__2569457,heico,0027 - Heico - Sigma - 8.avi,heico/0027 - Heico - Sigma - 8.avi,00:22:56,What class is the foreign object located in the bottom/left relative to the image center? Please provide a class name.,Sponge,fo_class,,1.0
heico__2562156,heico,0027 - Heico - Sigma - 8.avi,heico/0027 - Heico - Sigma - 8.avi,01:51:27,"At timepoint 01:51:27 please provide all relative central positions of foreign objects present in the frame. Please provide the answer in the following format: “number. object type: quadrant”, where number represents an enumeration starting with 1, object type is the type of the foreign object and quadrant is one of the following options: top/left, top/right, bottom/left, bottom/right. Respond “none” in case there are no foreign objects present at timepoint 01:51:27. For example: 1. Sponge: top/left 2. Sponge: top/right 3. Needle: bottom/left",1. Sponge: bottom/right,open_ended,,
heico__2536914,heico,0027 - Heico - Sigma - 8.avi,heico/0027 - Heico - Sigma - 8.avi,01:47:31,How many different foreign object instances appear in this frame? Please provide a number.,1,number,n_instances_total,
heico__2537250,heico,0027 - Heico - Sigma - 8.avi,heico/0027 - Heico - Sigma - 8.avi,01:49:28,How many different foreign object instances appear in this frame? Please provide a number.,2,number,n_instances_total,
heico__2537496,heico,0027 - Heico - Sigma - 8.avi,heico/0027 - Heico - Sigma - 8.avi,01:48:59,How many different foreign object classes appear in this frame? Please provide a number.,1,number,n_classes,
heico__2537440,heico,0027 - Heico - Sigma - 8.avi,heico/0027 - Heico - Sigma - 8.avi,00:50:23,How many different foreign object classes appear in this frame? Please provide a number.,2,number,n_classes,
heico__2539085,heico,0027 - Heico - Sigma - 8.avi,heico/0027 - Heico - Sigma - 8.avi,01:51:07,How many Sponges appear in this frame? Please provide a number.,1,number,n_instances_per_class,
heico__2540231,heico,0027 - Heico - Sigma - 8.avi,heico/0027 - Heico - Sigma - 8.avi,01:58:20,How many Clips appear in this frame? Please provide a number.,2,number,n_instances_per_class,
heico__2540202,heico,0027 - Heico - Sigma - 8.avi,heico/0027 - Heico - Sigma - 8.avi,01:49:35,How many Clips appear in this frame? Please provide a number.,3,number,n_instances_per_class,
heico__2540173,heico,0027 - Heico - Sigma - 8.avi,heico/0027 - Heico - Sigma - 8.avi,01:49:05,How many Clips appear in this frame? Please provide a number.,5,number,n_instances_per_class,
heico__2547668,heico,0027 - Heico - Sigma - 8.avi,heico/0027 - Heico - Sigma - 8.avi,01:45:58,Do Needles and Sponges co-occur in this frame? Please answer with yes or no.,no,binary,,
heico__2563233,heico,0027 - Heico - Sigma - 8.avi,heico/0027 - Heico - Sigma - 8.avi,00:50:23,Are all visible foreign objects in this frame of the same class? Please answer with yes or no.,no,binary,,
heico__2563239,heico,0027 - Heico - Sigma - 8.avi,heico/0027 - Heico - Sigma - 8.avi,00:50:33,Are all visible foreign objects in this frame of the same class? Please answer with yes or no.,yes,binary,,
heico__2511926,heico,0027 - Heico - Sigma - 8.avi,heico/0027 - Heico - Sigma - 8.avi,00:41:49,Which combination of foreign object classes is visible in this frame? Please provide the class names or answer with none.,"Clip, Sponge",fo_class,,2.0
heico__2525180,heico,0027 - Heico - Sigma - 8.avi,heico/0027 - Heico - Sigma - 8.avi,02:21:49,There is one surgical foreign object visible in the frame. What surgical foreign object is visible in this video frame? Please provide a class name.,External drain,fo_class,,1.0
heico__2525161,heico,0027 - Heico - Sigma - 8.avi,heico/0027 - Heico - Sigma - 8.avi,02:04:58,There is one surgical foreign object visible in the frame. What surgical foreign object is visible in this video frame? Please provide a class name.,Needle,fo_class,,1.0
heico__2525114,heico,0027 - Heico - Sigma - 8.avi,heico/0027 - Heico - Sigma - 8.avi,00:41:10,There is one surgical foreign object visible in the frame. What surgical foreign object is visible in this video frame? Please provide a class name.,Sponge,fo_class,,1.0
heico__2529048,heico,0027 - Heico - Sigma - 8.avi,heico/0027 - Heico - Sigma - 8.avi,01:48:46,List all foreign objects that are visible in this video frame. Please provide the class names or answer with none.,Clip,fo_class,,1.0
heico__2528809,heico,0027 - Heico - Sigma - 8.avi,heico/0027 - Heico - Sigma - 8.avi,02:20:27,List all foreign objects that are visible in this video frame. Please provide the class names or answer with none.,External drain,fo_class,,1.0
heico__2528990,heico,0027 - Heico - Sigma - 8.avi,heico/0027 - Heico - Sigma - 8.avi,02:03:52,List all foreign objects that are visible in this video frame. Please provide the class names or answer with none.,Needle,fo_class,,1.0
heico__2529218,heico,0027 - Heico - Sigma - 8.avi,heico/0027 - Heico - Sigma - 8.avi,00:38:20,List all foreign objects that are visible in this video frame. Please provide the class names or answer with none.,Sponge,fo_class,,1.0
heico__2569396,heico,0027 - Heico - Sigma - 8.avi,heico/0027 - Heico - Sigma - 8.avi,01:49:26,What class is the foreign object located in the top/right relative to the image center? Please provide a class name.,Clip,fo_class,,1.0
heico__2569553,heico,0027 - Heico - Sigma - 8.avi,heico/0027 - Heico - Sigma - 8.avi,02:07:43,What class is the foreign object located in the bottom/right relative to the image center? Please provide a class name.,Needle,fo_class,,1.0
heico__2569511,heico,0027 - Heico - Sigma - 8.avi,heico/0027 - Heico - Sigma - 8.avi,00:37:19,What class is the foreign object located in the bottom/left relative to the image center? Please provide a class name.,Sponge,fo_class,,1.0
heico__2562180,heico,0027 - Heico - Sigma - 8.avi,heico/0027 - Heico - Sigma - 8.avi,02:09:26,"At timepoint 02:09:26 please provide all relative central positions of foreign objects present in the frame. Please provide the answer in the following format: “number. object type: quadrant”, where number represents an enumeration starting with 1, object type is the type of the foreign object and quadrant is one of the following options: top/left, top/right, bottom/left, bottom/right. Respond “none” in case there are no foreign objects present at timepoint 02:09:26. For example: 1. Sponge: top/left 2. Sponge: top/right 3. Needle: bottom/left",1. Needle: top/left,open_ended,,
heico__2537135,heico,0027 - Heico - Sigma - 8.avi,heico/0027 - Heico - Sigma - 8.avi,02:07:56,How many different foreign object instances appear in this frame? Please provide a number.,1,number,n_instances_total,
heico__2537244,heico,0027 - Heico - Sigma - 8.avi,heico/0027 - Heico - Sigma - 8.avi,01:59:09,How many different foreign object instances appear in this frame? Please provide a number.,2,number,n_instances_total,
heico__2537448,heico,0027 - Heico - Sigma - 8.avi,heico/0027 - Heico - Sigma - 8.avi,02:03:26,How many different foreign object classes appear in this frame? Please provide a number.,1,number,n_classes,
heico__2537566,heico,0027 - Heico - Sigma - 8.avi,heico/0027 - Heico - Sigma - 8.avi,00:42:11,How many different foreign object classes appear in this frame? Please provide a number.,2,number,n_classes,
heico__2539725,heico,0027 - Heico - Sigma - 8.avi,heico/0027 - Heico - Sigma - 8.avi,02:03:45,How many Needles appear in this frame? Please provide a number.,1,number,n_instances_per_class,
heico__2540088,heico,0027 - Heico - Sigma - 8.avi,heico/0027 - Heico - Sigma - 8.avi,00:42:01,How many Clips appear in this frame? Please provide a number.,2,number,n_instances_per_class,
heico__2540201,heico,0027 - Heico - Sigma - 8.avi,heico/0027 - Heico - Sigma - 8.avi,01:49:34,How many Clips appear in this frame? Please provide a number.,3,number,n_instances_per_class,
heico__2540189,heico,0027 - Heico - Sigma - 8.avi,heico/0027 - Heico - Sigma - 8.avi,01:49:21,How many Clips appear in this frame? Please provide a number.,5,number,n_instances_per_class,
heico__2547906,heico,0027 - Heico - Sigma - 8.avi,heico/0027 - Heico - Sigma - 8.avi,01:59:06,Do Clips and Sponges co-occur in this frame? Please answer with yes or no.,no,binary,,
heico__2563402,heico,0027 - Heico - Sigma - 8.avi,heico/0027 - Heico - Sigma - 8.avi,01:59:30,Are all visible foreign objects in this frame of the same class? Please answer with yes or no.,no,binary,,
heico__2563283,heico,0027 - Heico - Sigma - 8.avi,heico/0027 - Heico - Sigma - 8.avi,01:49:04,Are all visible foreign objects in this frame of the same class? Please answer with yes or no.,yes,binary,,
heico__2511974,heico,0027 - Heico - Sigma - 8.avi,heico/0027 - Heico - Sigma - 8.avi,00:50:58,Which combination of foreign object classes is visible in this frame? Please provide the class names or answer with none.,"Clip, Sponge",fo_class,,2.0
heico__2524933,heico,0027 - Heico - Sigma - 8.avi,heico/0027 - Heico - Sigma - 8.avi,02:20:56,There is one surgical foreign object visible in the frame. What surgical foreign object is visible in this video frame? Please provide a class name.,External drain,fo_class,,1.0
heico__2525290,heico,0027 - Heico - Sigma - 8.avi,heico/0027 - Heico - Sigma - 8.avi,02:13:21,There is one surgical foreign object visible in the frame. What surgical foreign object is visible in this video frame? Please provide a class name.,Needle,fo_class,,1.0
heico__2525204,heico,0027 - Heico - Sigma - 8.avi,heico/0027 - Heico - Sigma - 8.avi,00:50:20,There is one surgical foreign object visible in the frame. What surgical foreign object is visible in this video frame? Please provide a class name.,Sponge,fo_class,,1.0
heico__2528939,heico,0027 - Heico - Sigma - 8.avi,heico/0027 - Heico - Sigma - 8.avi,01:58:32,List all foreign objects that are visible in this video frame. Please provide the class names or answer with none.,Clip,fo_class,,1.0
heico__2683729,heico,0027 - Heico - Sigma - 8.avi,heico/0027 - Heico - Sigma - 8.avi,02:24:57,How many External drains appear in this frame? Please provide a number.,1,number,n_instances_per_class,
lapchole__1291676,lapchole,0032 - Laparoscopic Cholecystectomy.mp4,lapchole/0032 - Laparoscopic Cholecystectomy.mp4,00:59:28,Which combination of foreign object classes is visible in this frame? Please provide the class names or answer with none.,"Clip, Specimen bag",fo_class,,2.0
lapchole__1291610,lapchole,0032 - Laparoscopic Cholecystectomy.mp4,lapchole/0032 - Laparoscopic Cholecystectomy.mp4,00:57:10,Which combination of foreign object classes is visible in this frame? Please provide the class names or answer with none.,"Clip, Specimen",fo_class,,2.0
lapchole__1291672,lapchole,0032 - Laparoscopic Cholecystectomy.mp4,lapchole/0032 - Laparoscopic Cholecystectomy.mp4,00:58:38,Which combination of foreign object classes is visible in this frame? Please provide the class names or answer with none.,"Clip, Specimen, Specimen bag",fo_class,,3.0
lapchole__1297924,lapchole,0032 - Laparoscopic Cholecystectomy.mp4,lapchole/0032 - Laparoscopic Cholecystectomy.mp4,00:28:15,There is one surgical foreign object visible in the frame. What surgical foreign object is visible in this video frame? Please provide a class name.,Clip,fo_class,,1.0
lapchole__1298346,lapchole,0032 - Laparoscopic Cholecystectomy.mp4,lapchole/0032 - Laparoscopic Cholecystectomy.mp4,00:59:49,There is one surgical foreign object visible in the frame. What surgical foreign object is visible in this video frame? Please provide a class name.,Specimen bag,fo_class,,1.0
lapchole__1299668,lapchole,0032 - Laparoscopic Cholecystectomy.mp4,lapchole/0032 - Laparoscopic Cholecystectomy.mp4,00:29:47,List all foreign objects that are visible in this video frame. Please provide the class names or answer with none.,Clip,fo_class,,1.0
lapchole__1299699,lapchole,0032 - Laparoscopic Cholecystectomy.mp4,lapchole/0032 - Laparoscopic Cholecystectomy.mp4,00:57:13,List all foreign objects that are visible in this video frame. Please provide the class names or answer with none.,"Clip, Specimen",fo_class,,2.0
lapchole__1299829,lapchole,0032 - Laparoscopic Cholecystectomy.mp4,lapchole/0032 - Laparoscopic Cholecystectomy.mp4,00:58:41,List all foreign objects that are visible in this video frame. Please provide the class names or answer with none.,"Clip, Specimen, Specimen bag",fo_class,,3.0
lapchole__1299973,lapchole,0032 - Laparoscopic Cholecystectomy.mp4,lapchole/0032 - Laparoscopic Cholecystectomy.mp4,00:59:38,List all foreign objects that are visible in this video frame. Please provide the class names or answer with none.,Specimen bag,fo_class,,1.0
lapchole__1321589,lapchole,0032 - Laparoscopic Cholecystectomy.mp4,lapchole/0032 - Laparoscopic Cholecystectomy.mp4,00:28:50,What class is the foreign object located in the bottom/right relative to the image center? Please provide a class name.,Clip,fo_class,,1.0
lapchole__1321562,lapchole,0032 - Laparoscopic Cholecystectomy.mp4,lapchole/0032 - Laparoscopic Cholecystectomy.mp4,00:57:10,What class is the foreign object located in the top/right relative to the image center? Please provide a class name.,Specimen,fo_class,,1.0
lapchole__5023798,lapchole,0032 - Laparoscopic Cholecystectomy.mp4,lapchole/0032 - Laparoscopic Cholecystectomy.mp4,00:58:37,Which foreign object class is partially occluded by an instrument in this frame? Please provide the class name(s) or answer 'none'.,specimen.,open_ended,,
lapchole__5023804,lapchole,0032 - Laparoscopic Cholecystectomy.mp4,lapchole/0032 - Laparoscopic Cholecystectomy.mp4,00:59:41,There is one specimen bag visible in this frame. Is this foreign object currently grasped by an instrument? Please answer with 'yes' or 'no'.,yes.,open_ended,,
lapchole__5023796,lapchole,0032 - Laparoscopic Cholecystectomy.mp4,lapchole/0032 - Laparoscopic Cholecystectomy.mp4,00:58:37,Which foreign object class is partially occluded by an anatomical structure in this frame? Please provide the class name(s) or answer 'none'.,clip.,open_ended,,
lapchole__1316103,lapchole,0032 - Laparoscopic Cholecystectomy.mp4,lapchole/0032 - Laparoscopic Cholecystectomy.mp4,00:29:04,"At timepoint 00:29:04 please provide all relative central positions of foreign objects present in the frame. Please provide the answer in the following format: “number. object type: quadrant”, where number represents an enumeration starting with 1, object type is the type of the foreign object and quadrant is one of the following options: top/left, top/right, bottom/left, bottom/right. Respond “none” in case there are no foreign objects present at timepoint 00:29:04. For example: 1. Sponge: top/left 2. Sponge: top/right 3. Needle: bottom/left",1. Clip: bottom/right 2. Clip: bottom/right,open_ended,,
lapchole__1330240,lapchole,0032 - Laparoscopic Cholecystectomy.mp4,lapchole/0032 - Laparoscopic Cholecystectomy.mp4,00:56:43,Which of the visible foreign objects has its centre closest to the centre of the image? Please provide a class name.,Clip,fo_class,,1.0
lapchole__1330242,lapchole,0032 - Laparoscopic Cholecystectomy.mp4,lapchole/0032 - Laparoscopic Cholecystectomy.mp4,00:59:28,Which of the visible foreign objects has its centre closest to the centre of the image? Please provide a class name.,Specimen bag,fo_class,,1.0
lapchole__1330241,lapchole,0032 - Laparoscopic Cholecystectomy.mp4,lapchole/0032 - Laparoscopic Cholecystectomy.mp4,00:57:45,Which of the visible foreign objects has its centre closest to the centre of the image? Please provide a class name.,Specimen,fo_class,,1.0
lapchole__1334998,lapchole,0032 - Laparoscopic Cholecystectomy.mp4,lapchole/0032 - Laparoscopic Cholecystectomy.mp4,00:58:32,Where is the center of the Specimen located relative to the image center in this frame? Please select one answer: top/left; top/right; bottom/left; bottom/right,bottom/left,multiple_choice,,
lapchole__1334974,lapchole,0032 - Laparoscopic Cholecystectomy.mp4,lapchole/0032 - Laparoscopic Cholecystectomy.mp4,00:56:59,Where is the center of the Specimen located relative to the image center in this frame? Please select one answer: top/left; top/right; bottom/left; bottom/right,top/right,multiple_choice,,
lapchole__5024534,lapchole,0032 - Laparoscopic Cholecystectomy.mp4,lapchole/0032 - Laparoscopic Cholecystectomy.mp4,00:28:07,"On which anatomic structure is the clip being placed in this frame 00:28:07? Please provide a single anatomical structure name (e.g., vessel, duct, or organ) without additional location descriptors.",Cystic artery.,open_ended,,
lapchole__1303303,lapchole,0032 - Laparoscopic Cholecystectomy.mp4,lapchole/0032 - Laparoscopic Cholecystectomy.mp4,00:28:17,How many different foreign object instances appear in this frame? Please provide a number.,1,number,n_instances_total,
lapchole__1303367,lapchole,0032 - Laparoscopic Cholecystectomy.mp4,lapchole/0032 - Laparoscopic Cholecystectomy.mp4,00:29:25,How many different foreign object instances appear in this frame? Please provide a number.,2,number,n_instances_total,
lapchole__1303412,lapchole,0032 - Laparoscopic Cholecystectomy.mp4,lapchole/0032 - Laparoscopic Cholecystectomy.mp4,00:30:24,How many different foreign object instances appear in this frame? Please provide a number.,3,number,n_instances_total,
lapchole__1303568,lapchole,0032 - Laparoscopic Cholecystectomy.mp4,lapchole/0032 - Laparoscopic Cholecystectomy.mp4,00:33:02,How many different foreign object instances appear in this frame? Please provide a number.,4,number,n_instances_total,
lapchole__1303738,lapchole,0032 - Laparoscopic Cholecystectomy.mp4,lapchole/0032 - Laparoscopic Cholecystectomy.mp4,00:36:17,How many different foreign object instances appear in this frame? Please provide a number.,5,number,n_instances_total,
lapchole__1303690,lapchole,0032 - Laparoscopic Cholecystectomy.mp4,lapchole/0032 - Laparoscopic Cholecystectomy.mp4,00:35:29,How many different foreign object instances appear in this frame? Please provide a number.,6,number,n_instances_total,
lapchole__1303746,lapchole,0032 - Laparoscopic Cholecystectomy.mp4,lapchole/0032 - Laparoscopic Cholecystectomy.mp4,00:49:39,How many different foreign object instances appear in this frame? Please provide a number.,7,number,n_instances_total,
lapchole__1304082,lapchole,0032 - Laparoscopic Cholecystectomy.mp4,lapchole/0032 - Laparoscopic Cholecystectomy.mp4,00:33:16,How many different foreign object classes appear in this frame? Please provide a number.,1,number,n_classes,
lapchole__1303999,lapchole,0032 - Laparoscopic Cholecystectomy.mp4,lapchole/0032 - Laparoscopic Cholecystectomy.mp4,00:57:27,How many different foreign object classes appear in this frame? Please provide a number.,2,number,n_classes,
lapchole__1304247,lapchole,0032 - Laparoscopic Cholecystectomy.mp4,lapchole/0032 - Laparoscopic Cholecystectomy.mp4,00:58:41,How many different foreign object classes appear in this frame? Please provide a number.,3,number,n_classes,
lapchole__1304850,lapchole,0032 - Laparoscopic Cholecystectomy.mp4,lapchole/0032 - Laparoscopic Cholecystectomy.mp4,00:28:55,How many Clips appear in this frame? Please provide a number.,1,number,n_instances_per_class,
lapchole__1304890,lapchole,0032 - Laparoscopic Cholecystectomy.mp4,lapchole/0032 - Laparoscopic Cholecystectomy.mp4,00:29:36,How many Clips appear in this frame? Please provide a number.,2,number,n_instances_per_class,
lapchole__1305068,lapchole,0032 - Laparoscopic Cholecystectomy.mp4,lapchole/0032 - Laparoscopic Cholecystectomy.mp4,00:32:50,How many Clips appear in this frame? Please provide a number.,3,number,n_instances_per_class,
lapchole__1305054,lapchole,0032 - Laparoscopic Cholecystectomy.mp4,lapchole/0032 - Laparoscopic Cholecystectomy.mp4,00:32:34,How many Clips appear in this frame? Please provide a number.,4,number,n_instances_per_class,
lapchole__1305123,lapchole,0032 - Laparoscopic Cholecystectomy.mp4,lapchole/0032 - Laparoscopic Cholecystectomy.mp4,00:34:07,How many Clips appear in this frame? Please provide a number.,5,number,n_instances_per_class,
lapchole__1305187,lapchole,0032 - Laparoscopic Cholecystectomy.mp4,lapchole/0032 - Laparoscopic Cholecystectomy.mp4,00:35:14,How many Clips appear in this frame? Please provide a number.,6,number,n_instances_per_class,
lapchole__1304891,lapchole,0032 - Laparoscopic Cholecystectomy.mp4,lapchole/0032 - Laparoscopic Cholecystectomy.mp4,00:49:44,How many Clips appear in this frame? Please provide a number.,7,number,n_instances_per_class,
lapchole__1308498,lapchole,0032 - Laparoscopic Cholecystectomy.mp4,lapchole/0032 - Laparoscopic Cholecystectomy.mp4,00:29:21,Do Clips and Specimen bags co-occur in this frame? Please answer with yes or no.,no,binary,,
lapchole__1308770,lapchole,0032 - Laparoscopic Cholecystectomy.mp4,lapchole/0032 - Laparoscopic Cholecystectomy.mp4,00:57:18,Do Clips and Specimens co-occur in this frame? Please answer with yes or no.,yes,binary,,
lapchole__1317547,lapchole,0032 - Laparoscopic Cholecystectomy.mp4,lapchole/0032 - Laparoscopic Cholecystectomy.mp4,00:57:28,Are all visible foreign objects in this frame of the same class? Please answer with yes or no.,no,binary,,
lapchole__1317357,lapchole,0032 - Laparoscopic Cholecystectomy.mp4,lapchole/0032 - Laparoscopic Cholecystectomy.mp4,00:29:51,Are all visible foreign objects in this frame of the same class? Please answer with yes or no.,yes,binary,,
lapchole__1291665,lapchole,0032 - Laparoscopic Cholecystectomy.mp4,lapchole/0032 - Laparoscopic Cholecystectomy.mp4,00:58:31,Which combination of foreign object classes is visible in this frame? Please provide the class names or answer with none.,"Clip, Specimen",fo_class,,2.0
lapchole__1291674,lapchole,0032 - Laparoscopic Cholecystectomy.mp4,lapchole/0032 - Laparoscopic Cholecystectomy.mp4,00:58:40,Which combination of foreign object classes is visible in this frame? Please provide the class names or answer with none.,"Clip, Specimen, Specimen bag",fo_class,,3.0
lapchole__1297975,lapchole,0032 - Laparoscopic Cholecystectomy.mp4,lapchole/0032 - Laparoscopic Cholecystectomy.mp4,00:34:55,There is one surgical foreign object visible in the frame. What surgical foreign object is visible in this video frame? Please provide a class name.,Clip,fo_class,,1.0
lapchole__1298339,lapchole,0032 - Laparoscopic Cholecystectomy.mp4,lapchole/0032 - Laparoscopic Cholecystectomy.mp4,00:59:42,There is one surgical foreign object visible in the frame. What surgical foreign object is visible in this video frame? Please provide a class name.,Specimen bag,fo_class,,1.0
lapchole__1299918,lapchole,0032 - Laparoscopic Cholecystectomy.mp4,lapchole/0032 - Laparoscopic Cholecystectomy.mp4,00:34:32,List all foreign objects that are visible in this video frame. Please provide the class names or answer with none.,Clip,fo_class,,1.0
lapchole__1299888,lapchole,0032 - Laparoscopic Cholecystectomy.mp4,lapchole/0032 - Laparoscopic Cholecystectomy.mp4,00:57:45,List all foreign objects that are visible in this video frame. Please provide the class names or answer with none.,"Clip, Specimen",fo_class,,2.0
lapchole__1299657,lapchole,0032 - Laparoscopic Cholecystectomy.mp4,lapchole/0032 - Laparoscopic Cholecystectomy.mp4,00:59:32,List all foreign objects that are visible in this video frame. Please provide the class names or answer with none.,Specimen bag,fo_class,,1.0
lapchole__1321602,lapchole,0032 - Laparoscopic Cholecystectomy.mp4,lapchole/0032 - Laparoscopic Cholecystectomy.mp4,00:35:55,What class is the foreign object located in the bottom/right relative to the image center? Please provide a class name.,Clip,fo_class,,1.0
lapchole__1321586,lapchole,0032 - Laparoscopic Cholecystectomy.mp4,lapchole/0032 - Laparoscopic Cholecystectomy.mp4,00:58:31,What class is the foreign object located in the bottom/left relative to the image center? Please provide a class name.,Specimen,fo_class,,1.0
lapchole__5023799,lapchole,0032 - Laparoscopic Cholecystectomy.mp4,lapchole/0032 - Laparoscopic Cholecystectomy.mp4,00:58:38,There is one specimen bag visible in this frame. Is this foreign object currently grasped by an instrument? Please answer with 'yes' or 'no'.,yes.,open_ended,,
lapchole__1316176,lapchole,0032 - Laparoscopic Cholecystectomy.mp4,lapchole/0032 - Laparoscopic Cholecystectomy.mp4,00:30:50,"At timepoint 00:30:50 please provide all relative central positions of foreign objects present in the frame. Please provide the answer in the following format: “number. object type: quadrant”, where number represents an enumeration starting with 1, object type is the type of the foreign object and quadrant is one of the following options: top/left, top/right, bottom/left, bottom/right. Respond “none” in case there are no foreign objects present at timepoint 00:30:50. For example: 1. Sponge: top/left 2. Sponge: top/right 3. Needle: bottom/left",1. Clip: bottom/right 2. Clip: bottom/right 3. Clip: bottom/right 4. Clip: bottom/right,open_ended,,
lapchole__1334997,lapchole,0032 - Laparoscopic Cholecystectomy.mp4,lapchole/0032 - Laparoscopic Cholecystectomy.mp4,00:58:31,Where is the center of the Specimen located relative to the image center in this frame? Please select one answer: top/left; top/right; bottom/left; bottom/right,bottom/left,multiple_choice,,
lapchole__1334996,lapchole,0032 - Laparoscopic Cholecystectomy.mp4,lapchole/0032 - Laparoscopic Cholecystectomy.mp4,00:57:21,Where is the center of the Specimen located relative to the image center in this frame? Please select one answer: top/left; top/right; bottom/left; bottom/right,top/right,multiple_choice,,
lapchole__1303560,lapchole,0032 - Laparoscopic Cholecystectomy.mp4,lapchole/0032 - Laparoscopic Cholecystectomy.mp4,00:40:30,How many different foreign object instances appear in this frame? Please provide a number.,1,number,n_instances_total,
lapchole__1303701,lapchole,0032 - Laparoscopic Cholecystectomy.mp4,lapchole/0032 - Laparoscopic Cholecystectomy.mp4,00:35:40,How many different foreign object instances appear in this frame? Please provide a number.,2,number,n_instances_total,
lapchole__1303396,lapchole,0032 - Laparoscopic Cholecystectomy.mp4,lapchole/0032 - Laparoscopic Cholecystectomy.mp4,00:39:07,How many different foreign object instances appear in this frame? Please provide a number.,3,number,n_instances_total,
lapchole__1303353,lapchole,0032 - Laparoscopic Cholecystectomy.mp4,lapchole/0032 - Laparoscopic Cholecystectomy.mp4,00:37:24,How many different foreign object instances appear in this frame? Please provide a number.,4,number,n_instances_total,
lapchole__1303374,lapchole,0032 - Laparoscopic Cholecystectomy.mp4,lapchole/0032 - Laparoscopic Cholecystectomy.mp4,00:43:48,How many different foreign object instances appear in this frame? Please provide a number.,5,number,n_instances_total,
lapchole__1303780,lapchole,0032 - Laparoscopic Cholecystectomy.mp4,lapchole/0032 - Laparoscopic Cholecystectomy.mp4,00:36:59,How many different foreign object instances appear in this frame? Please provide a number.,6,number,n_instances_total,
lapchole__1303319,lapchole,0032 - Laparoscopic Cholecystectomy.mp4,lapchole/0032 - Laparoscopic Cholecystectomy.mp4,00:49:40,How many different foreign object instances appear in this frame? Please provide a number.,7,number,n_instances_total,
lapchole__1304208,lapchole,0032 - Laparoscopic Cholecystectomy.mp4,lapchole/0032 - Laparoscopic Cholecystectomy.mp4,00:40:54,How many different foreign object classes appear in this frame? Please provide a number.,1,number,n_classes,
lapchole__1304063,lapchole,0032 - Laparoscopic Cholecystectomy.mp4,lapchole/0032 - Laparoscopic Cholecystectomy.mp4,00:57:13,How many different foreign object classes appear in this frame? Please provide a number.,2,number,n_classes,
lapchole__1305168,lapchole,0032 - Laparoscopic Cholecystectomy.mp4,lapchole/0032 - Laparoscopic Cholecystectomy.mp4,00:34:55,How many Clips appear in this frame? Please provide a number.,1,number,n_instances_per_class,
lapchole__1305165,lapchole,0032 - Laparoscopic Cholecystectomy.mp4,lapchole/0032 - Laparoscopic Cholecystectomy.mp4,00:34:49,How many Clips appear in this frame? Please provide a number.,2,number,n_instances_per_class,
lapchole__1305107,lapchole,0032 - Laparoscopic Cholecystectomy.mp4,lapchole/0032 - Laparoscopic Cholecystectomy.mp4,00:37:25,How many Clips appear in this frame? Please provide a number.,3,number,n_instances_per_class,
lapchole__1305280,lapchole,0032 - Laparoscopic Cholecystectomy.mp4,lapchole/0032 - Laparoscopic Cholecystectomy.mp4,00:36:47,How many Clips appear in this frame? Please provide a number.,4,number,n_instances_per_class,
lapchole__1305158,lapchole,0032 - Laparoscopic Cholecystectomy.mp4,lapchole/0032 - Laparoscopic Cholecystectomy.mp4,00:37:14,How many Clips appear in this frame? Please provide a number.,5,number,n_instances_per_class,
lapchole__1305292,lapchole,0032 - Laparoscopic Cholecystectomy.mp4,lapchole/0032 - Laparoscopic Cholecystectomy.mp4,00:36:59,How many Clips appear in this frame? Please provide a number.,6,number,n_instances_per_class,
lapchole__1305095,lapchole,0032 - Laparoscopic Cholecystectomy.mp4,lapchole/0032 - Laparoscopic Cholecystectomy.mp4,00:49:40,How many Clips appear in this frame? Please provide a number.,7,number,n_instances_per_class,
lapchole__1308805,lapchole,0032 - Laparoscopic Cholecystectomy.mp4,lapchole/0032 - Laparoscopic Cholecystectomy.mp4,00:31:38,Do Clips and Specimens co-occur in this frame? Please answer with yes or no.,no,binary,,
lapchole__1309028,lapchole,0032 - Laparoscopic Cholecystectomy.mp4,lapchole/0032 - Laparoscopic Cholecystectomy.mp4,00:58:37,Do Specimens and Specimen bags co-occur in this frame? Please answer with yes or no.,yes,binary,,
lapchole__1317490,lapchole,0032 - Laparoscopic Cholecystectomy.mp4,lapchole/0032 - Laparoscopic Cholecystectomy.mp4,00:57:04,Are all visible foreign objects in this frame of the same class? Please answer with yes or no.,no,binary,,
lapchole__1317650,lapchole,0032 - Laparoscopic Cholecystectomy.mp4,lapchole/0032 - Laparoscopic Cholecystectomy.mp4,00:35:26,Are all visible foreign objects in this frame of the same class? Please answer with yes or no.,yes,binary,,
lapchole__1291592,lapchole,0032 - Laparoscopic Cholecystectomy.mp4,lapchole/0032 - Laparoscopic Cholecystectomy.mp4,00:56:52,Which combination of foreign object classes is visible in this frame? Please provide the class names or answer with none.,"Clip, Specimen",fo_class,,2.0
lapchole__1291675,lapchole,0032 - Laparoscopic Cholecystectomy.mp4,lapchole/0032 - Laparoscopic Cholecystectomy.mp4,00:58:41,Which combination of foreign object classes is visible in this frame? Please provide the class names or answer with none.,"Clip, Specimen, Specimen bag",fo_class,,3.0
lapchole__1298000,lapchole,0032 - Laparoscopic Cholecystectomy.mp4,lapchole/0032 - Laparoscopic Cholecystectomy.mp4,00:38:51,There is one surgical foreign object visible in the frame. What surgical foreign object is visible in this video frame? Please provide a class name.,Clip,fo_class,,1.0
lapchole__1298342,lapchole,0032 - Laparoscopic Cholecystectomy.mp4,lapchole/0032 - Laparoscopic Cholecystectomy.mp4,00:59:45,There is one surgical foreign object visible in the frame. What surgical foreign object is visible in this video frame? Please provide a class name.,Specimen bag,fo_class,,1.0
lapchole__1299664,lapchole,0032 - Laparoscopic Cholecystectomy.mp4,lapchole/0032 - Laparoscopic Cholecystectomy.mp4,00:39:46,List all foreign objects that are visible in this video frame. Please provide the class names or answer with none.,Clip,fo_class,,1.0
lapchole__1712614,lapchole,0043 - Laparoscopic Cholecystectomy.mp4,lapchole/0043 - Laparoscopic Cholecystectomy.mp4,00:24:59,Which combination of foreign object classes is visible in this frame? Please provide the class names or answer with none.,"Clip, Specimen",fo_class,,2.0
lapchole__1716420,lapchole,0043 - Laparoscopic Cholecystectomy.mp4,lapchole/0043 - Laparoscopic Cholecystectomy.mp4,00:16:56,There is one surgical foreign object visible in the frame. What surgical foreign object is visible in this video frame? Please provide a class name.,Clip,fo_class,,1.0
lapchole__1716455,lapchole,0043 - Laparoscopic Cholecystectomy.mp4,lapchole/0043 - Laparoscopic Cholecystectomy.mp4,00:23:43,There is one surgical foreign object visible in the frame. What surgical foreign object is visible in this video frame? Please provide a class name.,Specimen,fo_class,,1.0
lapchole__1717176,lapchole,0043 - Laparoscopic Cholecystectomy.mp4,lapchole/0043 - Laparoscopic Cholecystectomy.mp4,00:17:30,List all foreign objects that are visible in this video frame. Please provide the class names or answer with none.,Clip,fo_class,,1.0
lapchole__1717410,lapchole,0043 - Laparoscopic Cholecystectomy.mp4,lapchole/0043 - Laparoscopic Cholecystectomy.mp4,00:24:14,List all foreign objects that are visible in this video frame. Please provide the class names or answer with none.,"Clip, Specimen",fo_class,,2.0
lapchole__1717421,lapchole,0043 - Laparoscopic Cholecystectomy.mp4,lapchole/0043 - Laparoscopic Cholecystectomy.mp4,00:24:43,List all foreign objects that are visible in this video frame. Please provide the class names or answer with none.,Specimen,fo_class,,1.0
lapchole__1730078,lapchole,0043 - Laparoscopic Cholecystectomy.mp4,lapchole/0043 - Laparoscopic Cholecystectomy.mp4,00:16:14,What class is the foreign object located in the bottom/left relative to the image center? Please provide a class name.,Clip,fo_class,,1.0
lapchole__5023238,lapchole,0043 - Laparoscopic Cholecystectomy.mp4,lapchole/0043 - Laparoscopic Cholecystectomy.mp4,00:25:01,There is one specimen visible in this frame. Is this foreign object currently grasped by an instrument?,"No. Errors: Corrected capitalization (Specimen → specimen), standardized answer capitalization and punctuation (no → No.).",open_ended,,
lapchole__1726841,lapchole,0043 - Laparoscopic Cholecystectomy.mp4,lapchole/0043 - Laparoscopic Cholecystectomy.mp4,00:16:10,"At timepoint 00:16:10 please provide all relative central positions of foreign objects present in the frame. Please provide the answer in the following format: “number. object type: quadrant”, where number represents an enumeration starting with 1, object type is the type of the foreign object and quadrant is one of the following options: top/left, top/right, bottom/left, bottom/right. Respond “none” in case there are no foreign objects present at timepoint 00:16:10. For example: 1. Sponge: top/left 2. Sponge: top/right 3. Needle: bottom/left",1. Clip: bottom/left,open_ended,,
lapchole__5024501,lapchole,0043 - Laparoscopic Cholecystectomy.mp4,lapchole/0043 - Laparoscopic Cholecystectomy.mp4,00:18:55,"On what structures are the clips in this frame? Please provide exactly two anatomical structures as a comma-separated pair (format: structure 1, structure 2), with no extra words.","cystic duct, cystic artery.",open_ended,,
lapchole__1719312,lapchole,0043 - Laparoscopic Cholecystectomy.mp4,lapchole/0043 - Laparoscopic Cholecystectomy.mp4,00:16:40,How many different foreign object instances appear in this frame? Please provide a number.,1,number,n_instances_total,
lapchole__1719342,lapchole,0043 - Laparoscopic Cholecystectomy.mp4,lapchole/0043 - Laparoscopic Cholecystectomy.mp4,00:17:11,How many different foreign object instances appear in this frame? Please provide a number.,2,number,n_instances_total,
lapchole__1719360,lapchole,0043 - Laparoscopic Cholecystectomy.mp4,lapchole/0043 - Laparoscopic Cholecystectomy.mp4,00:17:29,How many different foreign object instances appear in this frame? Please provide a number.,3,number,n_instances_total,
lapchole__1719435,lapchole,0043 - Laparoscopic Cholecystectomy.mp4,lapchole/0043 - Laparoscopic Cholecystectomy.mp4,00:18:47,How many different foreign object instances appear in this frame? Please provide a number.,4,number,n_instances_total,
lapchole__1719434,lapchole,0043 - Laparoscopic Cholecystectomy.mp4,lapchole/0043 - Laparoscopic Cholecystectomy.mp4,00:18:46,How many different foreign object instances appear in this frame? Please provide a number.,5,number,n_instances_total,
lapchole__1719442,lapchole,0043 - Laparoscopic Cholecystectomy.mp4,lapchole/0043 - Laparoscopic Cholecystectomy.mp4,00:18:54,How many different foreign object instances appear in this frame? Please provide a number.,6,number,n_instances_total,
lapchole__1719693,lapchole,0043 - Laparoscopic Cholecystectomy.mp4,lapchole/0043 - Laparoscopic Cholecystectomy.mp4,00:17:35,How many different foreign object classes appear in this frame? Please provide a number.,1,number,n_classes,
lapchole__1719921,lapchole,0043 - Laparoscopic Cholecystectomy.mp4,lapchole/0043 - Laparoscopic Cholecystectomy.mp4,00:24:13,How many different foreign object classes appear in this frame? Please provide a number.,2,number,n_classes,
lapchole__1720522,lapchole,0043 - Laparoscopic Cholecystectomy.mp4,lapchole/0043 - Laparoscopic Cholecystectomy.mp4,00:16:08,How many Clips appear in this frame? Please provide a number.,1,number,n_instances_per_class,
lapchole__1720568,lapchole,0043 - Laparoscopic Cholecystectomy.mp4,lapchole/0043 - Laparoscopic Cholecystectomy.mp4,00:17:18,How many Clips appear in this frame? Please provide a number.,2,number,n_instances_per_class,
lapchole__1720588,lapchole,0043 - Laparoscopic Cholecystectomy.mp4,lapchole/0043 - Laparoscopic Cholecystectomy.mp4,00:17:38,How many Clips appear in this frame? Please provide a number.,3,number,n_instances_per_class,
lapchole__1720598,lapchole,0043 - Laparoscopic Cholecystectomy.mp4,lapchole/0043 - Laparoscopic Cholecystectomy.mp4,00:17:48,How many Clips appear in this frame? Please provide a number.,4,number,n_instances_per_class,
lapchole__1720649,lapchole,0043 - Laparoscopic Cholecystectomy.mp4,lapchole/0043 - Laparoscopic Cholecystectomy.mp4,00:18:41,How many Clips appear in this frame? Please provide a number.,5,number,n_instances_per_class,
lapchole__1720659,lapchole,0043 - Laparoscopic Cholecystectomy.mp4,lapchole/0043 - Laparoscopic Cholecystectomy.mp4,00:18:52,How many Clips appear in this frame? Please provide a number.,6,number,n_instances_per_class,
lapchole__1722428,lapchole,0043 - Laparoscopic Cholecystectomy.mp4,lapchole/0043 - Laparoscopic Cholecystectomy.mp4,00:16:55,Do Clips and Specimens co-occur in this frame? Please answer with yes or no.,no,binary,,
lapchole__1722718,lapchole,0043 - Laparoscopic Cholecystectomy.mp4,lapchole/0043 - Laparoscopic Cholecystectomy.mp4,00:24:54,Do Clips and Specimens co-occur in this frame? Please answer with yes or no.,yes,binary,,
lapchole__1728120,lapchole,0043 - Laparoscopic Cholecystectomy.mp4,lapchole/0043 - Laparoscopic Cholecystectomy.mp4,00:24:45,Are all visible foreign objects in this frame of the same class? Please answer with yes or no.,no,binary,,
lapchole__1727895,lapchole,0043 - Laparoscopic Cholecystectomy.mp4,lapchole/0043 - Laparoscopic Cholecystectomy.mp4,00:17:08,Are all visible foreign objects in this frame of the same class? Please answer with yes or no.,yes,binary,,
lapchole__1712593,lapchole,0043 - Laparoscopic Cholecystectomy.mp4,lapchole/0043 - Laparoscopic Cholecystectomy.mp4,00:24:11,Which combination of foreign object classes is visible in this frame? Please provide the class names or answer with none.,"Clip, Specimen",fo_class,,2.0
lapchole__1716439,lapchole,0043 - Laparoscopic Cholecystectomy.mp4,lapchole/0043 - Laparoscopic Cholecystectomy.mp4,00:21:27,There is one surgical foreign object visible in the frame. What surgical foreign object is visible in this video frame? Please provide a class name.,Clip,fo_class,,1.0
lapchole__1716461,lapchole,0043 - Laparoscopic Cholecystectomy.mp4,lapchole/0043 - Laparoscopic Cholecystectomy.mp4,00:24:39,There is one surgical foreign object visible in the frame. What surgical foreign object is visible in this video frame? Please provide a class name.,Specimen,fo_class,,1.0
lapchole__1717188,lapchole,0043 - Laparoscopic Cholecystectomy.mp4,lapchole/0043 - Laparoscopic Cholecystectomy.mp4,00:17:42,List all foreign objects that are visible in this video frame. Please provide the class names or answer with none.,Clip,fo_class,,1.0
lapchole__1717407,lapchole,0043 - Laparoscopic Cholecystectomy.mp4,lapchole/0043 - Laparoscopic Cholecystectomy.mp4,00:24:11,List all foreign objects that are visible in this video frame. Please provide the class names or answer with none.,"Clip, Specimen",fo_class,,2.0
lapchole__1717413,lapchole,0043 - Laparoscopic Cholecystectomy.mp4,lapchole/0043 - Laparoscopic Cholecystectomy.mp4,00:24:35,List all foreign objects that are visible in this video frame. Please provide the class names or answer with none.,Specimen,fo_class,,1.0
lapchole__1730071,lapchole,0043 - Laparoscopic Cholecystectomy.mp4,lapchole/0043 - Laparoscopic Cholecystectomy.mp4,00:20:04,What class is the foreign object located in the top/right relative to the image center? Please provide a class name.,Clip,fo_class,,1.0
lapchole__1726850,lapchole,0043 - Laparoscopic Cholecystectomy.mp4,lapchole/0043 - Laparoscopic Cholecystectomy.mp4,00:19:49,"At timepoint 00:19:49 please provide all relative central positions of foreign objects present in the frame. Please provide the answer in the following format: “number. object type: quadrant”, where number represents an enumeration starting with 1, object type is the type of the foreign object and quadrant is one of the following options: top/left, top/right, bottom/left, bottom/right. Respond “none” in case there are no foreign objects present at timepoint 00:19:49. For example: 1. Sponge: top/left 2. Sponge: top/right 3. Needle: bottom/left",1. Clip: top/right,open_ended,,
lapchole__1719547,lapchole,0043 - Laparoscopic Cholecystectomy.mp4,lapchole/0043 - Laparoscopic Cholecystectomy.mp4,00:21:50,How many different foreign object instances appear in this frame? Please provide a number.,1,number,n_instances_total,
lapchole__1719483,lapchole,0043 - Laparoscopic Cholecystectomy.mp4,lapchole/0043 - Laparoscopic Cholecystectomy.mp4,00:19:35,How many different foreign object instances appear in this frame? Please provide a number.,2,number,n_instances_total,
lapchole__1719392,lapchole,0043 - Laparoscopic Cholecystectomy.mp4,lapchole/0043 - Laparoscopic Cholecystectomy.mp4,00:18:01,How many different foreign object instances appear in this frame? Please provide a number.,3,number,n_instances_total,
lapchole__1719523,lapchole,0043 - Laparoscopic Cholecystectomy.mp4,lapchole/0043 - Laparoscopic Cholecystectomy.mp4,00:20:57,How many different foreign object instances appear in this frame? Please provide a number.,4,number,n_instances_total,
lapchole__1719528,lapchole,0043 - Laparoscopic Cholecystectomy.mp4,lapchole/0043 - Laparoscopic Cholecystectomy.mp4,00:21:02,How many different foreign object instances appear in this frame? Please provide a number.,5,number,n_instances_total,
lapchole__1719527,lapchole,0043 - Laparoscopic Cholecystectomy.mp4,lapchole/0043 - Laparoscopic Cholecystectomy.mp4,00:21:01,How many different foreign object instances appear in this frame? Please provide a number.,6,number,n_instances_total,
lapchole__1719859,lapchole,0043 - Laparoscopic Cholecystectomy.mp4,lapchole/0043 - Laparoscopic Cholecystectomy.mp4,00:21:06,How many different foreign object classes appear in this frame? Please provide a number.,1,number,n_classes,
lapchole__1719935,lapchole,0043 - Laparoscopic Cholecystectomy.mp4,lapchole/0043 - Laparoscopic Cholecystectomy.mp4,00:24:45,How many different foreign object classes appear in this frame? Please provide a number.,2,number,n_classes,
lapchole__1720737,lapchole,0043 - Laparoscopic Cholecystectomy.mp4,lapchole/0043 - Laparoscopic Cholecystectomy.mp4,00:20:16,How many Clips appear in this frame? Please provide a number.,1,number,n_instances_per_class,
lapchole__1720722,lapchole,0043 - Laparoscopic Cholecystectomy.mp4,lapchole/0043 - Laparoscopic Cholecystectomy.mp4,00:19:58,How many Clips appear in this frame? Please provide a number.,2,number,n_instances_per_class,
lapchole__1720743,lapchole,0043 - Laparoscopic Cholecystectomy.mp4,lapchole/0043 - Laparoscopic Cholecystectomy.mp4,00:20:58,How many Clips appear in this frame? Please provide a number.,3,number,n_instances_per_class,
lapchole__1720733,lapchole,0043 - Laparoscopic Cholecystectomy.mp4,lapchole/0043 - Laparoscopic Cholecystectomy.mp4,00:20:12,How many Clips appear in this frame? Please provide a number.,4,number,n_instances_per_class,
lapchole__1720747,lapchole,0043 - Laparoscopic Cholecystectomy.mp4,lapchole/0043 - Laparoscopic Cholecystectomy.mp4,00:21:02,How many Clips appear in this frame? Please provide a number.,5,number,n_instances_per_class,
lapchole__1720746,lapchole,0043 - Laparoscopic Cholecystectomy.mp4,lapchole/0043 - Laparoscopic Cholecystectomy.mp4,00:21:01,How many Clips appear in this frame? Please provide a number.,6,number,n_instances_per_class,
lapchole__1722583,lapchole,0043 - Laparoscopic Cholecystectomy.mp4,lapchole/0043 - Laparoscopic Cholecystectomy.mp4,00:19:34,Do Clips and Specimens co-occur in this frame? Please answer with yes or no.,no,binary,,
lapchole__1722714,lapchole,0043 - Laparoscopic Cholecystectomy.mp4,lapchole/0043 - Laparoscopic Cholecystectomy.mp4,00:24:50,Do Clips and Specimens co-occur in this frame? Please answer with yes or no.,yes,binary,,
lapchole__1728128,lapchole,0043 - Laparoscopic Cholecystectomy.mp4,lapchole/0043 - Laparoscopic Cholecystectomy.mp4,00:24:53,Are all visible foreign objects in this frame of the same class? Please answer with yes or no.,no,binary,,
lapchole__1728021,lapchole,0043 - Laparoscopic Cholecystectomy.mp4,lapchole/0043 - Laparoscopic Cholecystectomy.mp4,00:19:18,Are all visible foreign objects in this frame of the same class? Please answer with yes or no.,yes,binary,,
lapchole__1712603,lapchole,0043 - Laparoscopic Cholecystectomy.mp4,lapchole/0043 - Laparoscopic Cholecystectomy.mp4,00:24:48,Which combination of foreign object classes is visible in this frame? Please provide the class names or answer with none.,"Clip, Specimen",fo_class,,2.0
lapchole__1716451,lapchole,0043 - Laparoscopic Cholecystectomy.mp4,lapchole/0043 - Laparoscopic Cholecystectomy.mp4,00:23:32,There is one surgical foreign object visible in the frame. What surgical foreign object is visible in this video frame? Please provide a class name.,Clip,fo_class,,1.0
lapchole__1716458,lapchole,0043 - Laparoscopic Cholecystectomy.mp4,lapchole/0043 - Laparoscopic Cholecystectomy.mp4,00:24:36,There is one surgical foreign object visible in the frame. What surgical foreign object is visible in this video frame? Please provide a class name.,Specimen,fo_class,,1.0
lapchole__1717330,lapchole,0043 - Laparoscopic Cholecystectomy.mp4,lapchole/0043 - Laparoscopic Cholecystectomy.mp4,00:20:13,List all foreign objects that are visible in this video frame. Please provide the class names or answer with none.,Clip,fo_class,,1.0
lapchole__1717428,lapchole,0043 - Laparoscopic Cholecystectomy.mp4,lapchole/0043 - Laparoscopic Cholecystectomy.mp4,00:24:50,List all foreign objects that are visible in this video frame. Please provide the class names or answer with none.,"Clip, Specimen",fo_class,,2.0
lapchole__1717381,lapchole,0043 - Laparoscopic Cholecystectomy.mp4,lapchole/0043 - Laparoscopic Cholecystectomy.mp4,00:23:43,List all foreign objects that are visible in this video frame. Please provide the class names or answer with none.,Specimen,fo_class,,1.0
lapchole__1730074,lapchole,0043 - Laparoscopic Cholecystectomy.mp4,lapchole/0043 - Laparoscopic Cholecystectomy.mp4,00:23:34,What class is the foreign object located in the top/right relative to the image center? Please provide a class name.,Clip,fo_class,,1.0
lapchole__1726863,lapchole,0043 - Laparoscopic Cholecystectomy.mp4,lapchole/0043 - Laparoscopic Cholecystectomy.mp4,00:21:26,"At timepoint 00:21:26 please provide all relative central positions of foreign objects present in the frame. Please provide the answer in the following format: “number. object type: quadrant”, where number represents an enumeration starting with 1, object type is the type of the foreign object and quadrant is one of the following options: top/left, top/right, bottom/left, bottom/right. Respond “none” in case there are no foreign objects present at timepoint 00:21:26. For example: 1. Sponge: top/left 2. Sponge: top/right 3. Needle: bottom/left",1. Clip: bottom/left,open_ended,,
lapchole__1719556,lapchole,0043 - Laparoscopic Cholecystectomy.mp4,lapchole/0043 - Laparoscopic Cholecystectomy.mp4,00:23:33,How many different foreign object instances appear in this frame? Please provide a number.,1,number,n_instances_total,
lapchole__1719537,lapchole,0043 - Laparoscopic Cholecystectomy.mp4,lapchole/0043 - Laparoscopic Cholecystectomy.mp4,00:21:12,How many different foreign object instances appear in this frame? Please provide a number.,2,number,n_instances_total,
lapchole__1719533,lapchole,0043 - Laparoscopic Cholecystectomy.mp4,lapchole/0043 - Laparoscopic Cholecystectomy.mp4,00:21:07,How many different foreign object instances appear in this frame? Please provide a number.,3,number,n_instances_total,
lapchole__1719404,lapchole,0043 - Laparoscopic Cholecystectomy.mp4,lapchole/0043 - Laparoscopic Cholecystectomy.mp4,00:18:13,How many different foreign object instances appear in this frame? Please provide a number.,4,number,n_instances_total,
lapchole__1719430,lapchole,0043 - Laparoscopic Cholecystectomy.mp4,lapchole/0043 - Laparoscopic Cholecystectomy.mp4,00:18:41,How many different foreign object instances appear in this frame? Please provide a number.,5,number,n_instances_total,
lapchole__1719459,lapchole,0043 - Laparoscopic Cholecystectomy.mp4,lapchole/0043 - Laparoscopic Cholecystectomy.mp4,00:19:11,How many different foreign object instances appear in this frame? Please provide a number.,6,number,n_instances_total,
lapchole__1719893,lapchole,0043 - Laparoscopic Cholecystectomy.mp4,lapchole/0043 - Laparoscopic Cholecystectomy.mp4,00:23:43,How many different foreign object classes appear in this frame? Please provide a number.,1,number,n_classes,
lapchole__1719941,lapchole,0043 - Laparoscopic Cholecystectomy.mp4,lapchole/0043 - Laparoscopic Cholecystectomy.mp4,00:24:51,How many different foreign object classes appear in this frame? Please provide a number.,2,number,n_classes,
lapchole__1720854,lapchole,0043 - Laparoscopic Cholecystectomy.mp4,lapchole/0043 - Laparoscopic Cholecystectomy.mp4,00:24:43,How many Specimens appear in this frame? Please provide a number.,1,number,n_instances_per_class,
lapchole__1720744,lapchole,0043 - Laparoscopic Cholecystectomy.mp4,lapchole/0043 - Laparoscopic Cholecystectomy.mp4,00:20:59,How many Clips appear in this frame? Please provide a number.,2,number,n_instances_per_class,
lapchole__1720791,lapchole,0043 - Laparoscopic Cholecystectomy.mp4,lapchole/0043 - Laparoscopic Cholecystectomy.mp4,00:23:55,How many Clips appear in this frame? Please provide a number.,3,number,n_instances_per_class,
lapchole__1720601,lapchole,0043 - Laparoscopic Cholecystectomy.mp4,lapchole/0043 - Laparoscopic Cholecystectomy.mp4,00:17:51,How many Clips appear in this frame? Please provide a number.,4,number,n_instances_per_class,
lapchole__1720644,lapchole,0043 - Laparoscopic Cholecystectomy.mp4,lapchole/0043 - Laparoscopic Cholecystectomy.mp4,00:18:34,How many Clips appear in this frame? Please provide a number.,5,number,n_instances_per_class,
lapchole__1720669,lapchole,0043 - Laparoscopic Cholecystectomy.mp4,lapchole/0043 - Laparoscopic Cholecystectomy.mp4,00:19:02,How many Clips appear in this frame? Please provide a number.,6,number,n_instances_per_class,
lapchole__1722640,lapchole,0043 - Laparoscopic Cholecystectomy.mp4,lapchole/0043 - Laparoscopic Cholecystectomy.mp4,00:21:26,Do Clips and Specimens co-occur in this frame? Please answer with yes or no.,no,binary,,
lapchole__1722694,lapchole,0043 - Laparoscopic Cholecystectomy.mp4,lapchole/0043 - Laparoscopic Cholecystectomy.mp4,00:24:12,Do Clips and Specimens co-occur in this frame? Please answer with yes or no.,yes,binary,,
lapchole__1728126,lapchole,0043 - Laparoscopic Cholecystectomy.mp4,lapchole/0043 - Laparoscopic Cholecystectomy.mp4,00:24:51,Are all visible foreign objects in this frame of the same class? Please answer with yes or no.,no,binary,,
lapchole__1728078,lapchole,0043 - Laparoscopic Cholecystectomy.mp4,lapchole/0043 - Laparoscopic Cholecystectomy.mp4,00:21:12,Are all visible foreign objects in this frame of the same class? Please answer with yes or no.,yes,binary,,
lapchole__1799507,lapchole,0045 - Laparoscopic Cholecystectomy.mp4,lapchole/0045 - Laparoscopic Cholecystectomy.mp4,00:13:47,There is one surgical foreign object visible in the frame. What surgical foreign object is visible in this video frame? Please provide a class name.,Clip,fo_class,,1.0
lapchole__1799560,lapchole,0045 - Laparoscopic Cholecystectomy.mp4,lapchole/0045 - Laparoscopic Cholecystectomy.mp4,00:24:49,There is one surgical foreign object visible in the frame. What surgical foreign object is visible in this video frame? Please provide a class name.,Specimen,fo_class,,1.0
lapchole__1800290,lapchole,0045 - Laparoscopic Cholecystectomy.mp4,lapchole/0045 - Laparoscopic Cholecystectomy.mp4,00:14:10,List all foreign objects that are visible in this video frame. Please provide the class names or answer with none.,Clip,fo_class,,1.0
lapchole__1800397,lapchole,0045 - Laparoscopic Cholecystectomy.mp4,lapchole/0045 - Laparoscopic Cholecystectomy.mp4,00:25:25,List all foreign objects that are visible in this video frame. Please provide the class names or answer with none.,Specimen,fo_class,,1.0
lapchole__1814152,lapchole,0045 - Laparoscopic Cholecystectomy.mp4,lapchole/0045 - Laparoscopic Cholecystectomy.mp4,00:15:02,What class is the foreign object located in the bottom/right relative to the image center? Please provide a class name.,Clip,fo_class,,1.0
lapchole__1814149,lapchole,0045 - Laparoscopic Cholecystectomy.mp4,lapchole/0045 - Laparoscopic Cholecystectomy.mp4,00:25:21,What class is the foreign object located in the bottom/left relative to the image center? Please provide a class name.,Specimen,fo_class,,1.0
lapchole__5023233,lapchole,0045 - Laparoscopic Cholecystectomy.mp4,lapchole/0045 - Laparoscopic Cholecystectomy.mp4,00:31:12,There is one specimen visible in this frame. Is this foreign object currently grasped by an instrument?,No.,open_ended,,
lapchole__1811347,lapchole,0045 - Laparoscopic Cholecystectomy.mp4,lapchole/0045 - Laparoscopic Cholecystectomy.mp4,00:15:46,"At timepoint 00:15:46 please provide all relative central positions of foreign objects present in the frame. Please provide the answer in the following format: “number. object type: quadrant”, where number represents an enumeration starting with 1, object type is the type of the foreign object and quadrant is one of the following options: top/left, top/right, bottom/left, bottom/right. Respond “none” in case there are no foreign objects present at timepoint 00:15:46. For example: 1. Sponge: top/left 2. Sponge: top/right 3. Needle: bottom/left",1. Clip: top/left,open_ended,,
lapchole__1822114,lapchole,0045 - Laparoscopic Cholecystectomy.mp4,lapchole/0045 - Laparoscopic Cholecystectomy.mp4,00:25:22,Where is the center of the Specimen located relative to the image center in this frame? Please select one answer: top/left; top/right; bottom/left; bottom/right,bottom/left,multiple_choice,,
lapchole__1822121,lapchole,0045 - Laparoscopic Cholecystectomy.mp4,lapchole/0045 - Laparoscopic Cholecystectomy.mp4,00:26:50,Where is the center of the Specimen located relative to the image center in this frame? Please select one answer: top/left; top/right; bottom/left; bottom/right,bottom/right,multiple_choice,,
lapchole__1822112,lapchole,0045 - Laparoscopic Cholecystectomy.mp4,lapchole/0045 - Laparoscopic Cholecystectomy.mp4,00:25:10,Where is the center of the Specimen located relative to the image center in this frame? Please select one answer: top/left; top/right; bottom/left; bottom/right,top/left,multiple_choice,,
lapchole__1822116,lapchole,0045 - Laparoscopic Cholecystectomy.mp4,lapchole/0045 - Laparoscopic Cholecystectomy.mp4,00:26:37,Where is the center of the Specimen located relative to the image center in this frame? Please select one answer: top/left; top/right; bottom/left; bottom/right,top/right,multiple_choice,,
lapchole__1802994,lapchole,0045 - Laparoscopic Cholecystectomy.mp4,lapchole/0045 - Laparoscopic Cholecystectomy.mp4,00:15:16,How many different foreign object instances appear in this frame? Please provide a number.,1,number,n_instances_total,
lapchole__1802951,lapchole,0045 - Laparoscopic Cholecystectomy.mp4,lapchole/0045 - Laparoscopic Cholecystectomy.mp4,00:14:18,How many different foreign object instances appear in this frame? Please provide a number.,2,number,n_instances_total,
lapchole__1802989,lapchole,0045 - Laparoscopic Cholecystectomy.mp4,lapchole/0045 - Laparoscopic Cholecystectomy.mp4,00:14:56,How many different foreign object instances appear in this frame? Please provide a number.,3,number,n_instances_total,
lapchole__1803257,lapchole,0045 - Laparoscopic Cholecystectomy.mp4,lapchole/0045 - Laparoscopic Cholecystectomy.mp4,00:14:13,How many different foreign object classes appear in this frame? Please provide a number.,1,number,n_classes,
lapchole__1804220,lapchole,0045 - Laparoscopic Cholecystectomy.mp4,lapchole/0045 - Laparoscopic Cholecystectomy.mp4,00:14:28,How many Clips appear in this frame? Please provide a number.,1,number,n_instances_per_class,
lapchole__1804204,lapchole,0045 - Laparoscopic Cholecystectomy.mp4,lapchole/0045 - Laparoscopic Cholecystectomy.mp4,00:14:11,How many Clips appear in this frame? Please provide a number.,2,number,n_instances_per_class,
lapchole__1804238,lapchole,0045 - Laparoscopic Cholecystectomy.mp4,lapchole/0045 - Laparoscopic Cholecystectomy.mp4,00:14:46,How many Clips appear in this frame? Please provide a number.,3,number,n_instances_per_class,
lapchole__1806369,lapchole,0045 - Laparoscopic Cholecystectomy.mp4,lapchole/0045 - Laparoscopic Cholecystectomy.mp4,00:13:59,Do Clips and Specimens co-occur in this frame? Please answer with yes or no.,no,binary,,
lapchole__1812415,lapchole,0045 - Laparoscopic Cholecystectomy.mp4,lapchole/0045 - Laparoscopic Cholecystectomy.mp4,00:14:36,Are all visible foreign objects in this frame of the same class? Please answer with yes or no.,yes,binary,,
lapchole__1799551,lapchole,0045 - Laparoscopic Cholecystectomy.mp4,lapchole/0045 - Laparoscopic Cholecystectomy.mp4,00:17:43,There is one surgical foreign object visible in the frame. What surgical foreign object is visible in this video frame? Please provide a class name.,Clip,fo_class,,1.0
lapchole__1799663,lapchole,0045 - Laparoscopic Cholecystectomy.mp4,lapchole/0045 - Laparoscopic Cholecystectomy.mp4,00:27:56,There is one surgical foreign object visible in the frame. What surgical foreign object is visible in this video frame? Please provide a class name.,Specimen,fo_class,,1.0
lapchole__1800361,lapchole,0045 - Laparoscopic Cholecystectomy.mp4,lapchole/0045 - Laparoscopic Cholecystectomy.mp4,00:17:43,List all foreign objects that are visible in this video frame. Please provide the class names or answer with none.,Clip,fo_class,,1.0
lapchole__1800464,lapchole,0045 - Laparoscopic Cholecystectomy.mp4,lapchole/0045 - Laparoscopic Cholecystectomy.mp4,00:26:55,List all foreign objects that are visible in this video frame. Please provide the class names or answer with none.,Specimen,fo_class,,1.0
lapchole__1814143,lapchole,0045 - Laparoscopic Cholecystectomy.mp4,lapchole/0045 - Laparoscopic Cholecystectomy.mp4,00:16:43,What class is the foreign object located in the bottom/left relative to the image center? Please provide a class name.,Clip,fo_class,,1.0
lapchole__1814138,lapchole,0045 - Laparoscopic Cholecystectomy.mp4,lapchole/0045 - Laparoscopic Cholecystectomy.mp4,00:26:43,What class is the foreign object located in the top/right relative to the image center? Please provide a class name.,Specimen,fo_class,,1.0
lapchole__1811349,lapchole,0045 - Laparoscopic Cholecystectomy.mp4,lapchole/0045 - Laparoscopic Cholecystectomy.mp4,00:16:43,"At timepoint 00:16:43 please provide all relative central positions of foreign objects present in the frame. Please provide the answer in the following format: “number. object type: quadrant”, where number represents an enumeration starting with 1, object type is the type of the foreign object and quadrant is one of the following options: top/left, top/right, bottom/left, bottom/right. Respond “none” in case there are no foreign objects present at timepoint 00:16:43. For example: 1. Sponge: top/left 2. Sponge: top/right 3. Needle: bottom/left",1. Clip: bottom/left,open_ended,,
lapchole__1822111,lapchole,0045 - Laparoscopic Cholecystectomy.mp4,lapchole/0045 - Laparoscopic Cholecystectomy.mp4,00:24:50,Where is the center of the Specimen located relative to the image center in this frame? Please select one answer: top/left; top/right; bottom/left; bottom/right,bottom/left,multiple_choice,,
lapchole__1822122,lapchole,0045 - Laparoscopic Cholecystectomy.mp4,lapchole/0045 - Laparoscopic Cholecystectomy.mp4,00:28:47,Where is the center of the Specimen located relative to the image center in this frame? Please select one answer: top/left; top/right; bottom/left; bottom/right,bottom/right,multiple_choice,,
lapchole__1822115,lapchole,0045 - Laparoscopic Cholecystectomy.mp4,lapchole/0045 - Laparoscopic Cholecystectomy.mp4,00:25:38,Where is the center of the Specimen located relative to the image center in this frame? Please select one answer: top/left; top/right; bottom/left; bottom/right,top/left,multiple_choice,,
lapchole__1822126,lapchole,0045 - Laparoscopic Cholecystectomy.mp4,lapchole/0045 - Laparoscopic Cholecystectomy.mp4,00:30:11,Where is the center of the Specimen located relative to the image center in this frame? Please select one answer: top/left; top/right; bottom/left; bottom/right,top/right,multiple_choice,,
lapchole__1803011,lapchole,0045 - Laparoscopic Cholecystectomy.mp4,lapchole/0045 - Laparoscopic Cholecystectomy.mp4,00:16:58,How many different foreign object instances appear in this frame? Please provide a number.,1,number,n_instances_total,
lapchole__1802944,lapchole,0045 - Laparoscopic Cholecystectomy.mp4,lapchole/0045 - Laparoscopic Cholecystectomy.mp4,00:14:10,How many different foreign object instances appear in this frame? Please provide a number.,2,number,n_instances_total,
lapchole__1802962,lapchole,0045 - Laparoscopic Cholecystectomy.mp4,lapchole/0045 - Laparoscopic Cholecystectomy.mp4,00:14:29,How many different foreign object instances appear in this frame? Please provide a number.,3,number,n_instances_total,
lapchole__1803323,lapchole,0045 - Laparoscopic Cholecystectomy.mp4,lapchole/0045 - Laparoscopic Cholecystectomy.mp4,00:17:00,How many different foreign object classes appear in this frame? Please provide a number.,1,number,n_classes,
lapchole__1804272,lapchole,0045 - Laparoscopic Cholecystectomy.mp4,lapchole/0045 - Laparoscopic Cholecystectomy.mp4,00:17:00,How many Clips appear in this frame? Please provide a number.,1,number,n_instances_per_class,
lapchole__1804206,lapchole,0045 - Laparoscopic Cholecystectomy.mp4,lapchole/0045 - Laparoscopic Cholecystectomy.mp4,00:14:13,How many Clips appear in this frame? Please provide a number.,2,number,n_instances_per_class,
lapchole__1804248,lapchole,0045 - Laparoscopic Cholecystectomy.mp4,lapchole/0045 - Laparoscopic Cholecystectomy.mp4,00:14:56,How many Clips appear in this frame? Please provide a number.,3,number,n_instances_per_class,
lapchole__1806446,lapchole,0045 - Laparoscopic Cholecystectomy.mp4,lapchole/0045 - Laparoscopic Cholecystectomy.mp4,00:16:59,Do Clips and Specimens co-occur in this frame? Please answer with yes or no.,no,binary,,
lapchole__1812412,lapchole,0045 - Laparoscopic Cholecystectomy.mp4,lapchole/0045 - Laparoscopic Cholecystectomy.mp4,00:14:33,Are all visible foreign objects in this frame of the same class? Please answer with yes or no.,yes,binary,,
lapchole__1799616,lapchole,0045 - Laparoscopic Cholecystectomy.mp4,lapchole/0045 - Laparoscopic Cholecystectomy.mp4,00:25:58,There is one surgical foreign object visible in the frame. What surgical foreign object is visible in this video frame? Please provide a class name.,Clip,fo_class,,1.0
lapchole__1799721,lapchole,0045 - Laparoscopic Cholecystectomy.mp4,lapchole/0045 - Laparoscopic Cholecystectomy.mp4,00:30:39,There is one surgical foreign object visible in the frame. What surgical foreign object is visible in this video frame? Please provide a class name.,Specimen,fo_class,,1.0
lapchole__1800411,lapchole,0045 - Laparoscopic Cholecystectomy.mp4,lapchole/0045 - Laparoscopic Cholecystectomy.mp4,00:25:39,List all foreign objects that are visible in this video frame. Please provide the class names or answer with none.,Clip,fo_class,,1.0
lapchole__1800525,lapchole,0045 - Laparoscopic Cholecystectomy.mp4,lapchole/0045 - Laparoscopic Cholecystectomy.mp4,00:30:33,List all foreign objects that are visible in this video frame. Please provide the class names or answer with none.,Specimen,fo_class,,1.0
lapchole__1814153,lapchole,0045 - Laparoscopic Cholecystectomy.mp4,lapchole/0045 - Laparoscopic Cholecystectomy.mp4,00:25:44,What class is the foreign object located in the bottom/right relative to the image center? Please provide a class name.,Clip,fo_class,,1.0
lapchole__1814140,lapchole,0045 - Laparoscopic Cholecystectomy.mp4,lapchole/0045 - Laparoscopic Cholecystectomy.mp4,00:30:11,What class is the foreign object located in the top/right relative to the image center? Please provide a class name.,Specimen,fo_class,,1.0
lapchole__1811363,lapchole,0045 - Laparoscopic Cholecystectomy.mp4,lapchole/0045 - Laparoscopic Cholecystectomy.mp4,00:25:21,"At timepoint 00:25:21 please provide all relative central positions of foreign objects present in the frame. Please provide the answer in the following format: “number. object type: quadrant”, where number represents an enumeration starting with 1, object type is the type of the foreign object and quadrant is one of the following options: top/left, top/right, bottom/left, bottom/right. Respond “none” in case there are no foreign objects present at timepoint 00:25:21. For example: 1. Sponge: top/left 2. Sponge: top/right 3. Needle: bottom/left",1. Specimen: bottom/left,open_ended,,
lapchole__1822113,lapchole,0045 - Laparoscopic Cholecystectomy.mp4,lapchole/0045 - Laparoscopic Cholecystectomy.mp4,00:25:21,Where is the center of the Specimen located relative to the image center in this frame? Please select one answer: top/left; top/right; bottom/left; bottom/right,bottom/left,multiple_choice,,
lapchole__1822123,lapchole,0045 - Laparoscopic Cholecystectomy.mp4,lapchole/0045 - Laparoscopic Cholecystectomy.mp4,00:28:50,Where is the center of the Specimen located relative to the image center in this frame? Please select one answer: top/left; top/right; bottom/left; bottom/right,bottom/right,multiple_choice,,
lapchole__1822118,lapchole,0045 - Laparoscopic Cholecystectomy.mp4,lapchole/0045 - Laparoscopic Cholecystectomy.mp4,00:26:42,Where is the center of the Specimen located relative to the image center in this frame? Please select one answer: top/left; top/right; bottom/left; bottom/right,top/right,multiple_choice,,
lapchole__1803034,lapchole,0045 - Laparoscopic Cholecystectomy.mp4,lapchole/0045 - Laparoscopic Cholecystectomy.mp4,00:25:08,How many different foreign object instances appear in this frame? Please provide a number.,1,number,n_instances_total,
lapchole__1802947,lapchole,0045 - Laparoscopic Cholecystectomy.mp4,lapchole/0045 - Laparoscopic Cholecystectomy.mp4,00:14:13,How many different foreign object instances appear in this frame? Please provide a number.,2,number,n_instances_total,
lapchole__1802987,lapchole,0045 - Laparoscopic Cholecystectomy.mp4,lapchole/0045 - Laparoscopic Cholecystectomy.mp4,00:14:54,How many different foreign object instances appear in this frame? Please provide a number.,3,number,n_instances_total,
lapchole__1803359,lapchole,0045 - Laparoscopic Cholecystectomy.mp4,lapchole/0045 - Laparoscopic Cholecystectomy.mp4,00:25:23,How many different foreign object classes appear in this frame? Please provide a number.,1,number,n_classes,
lapchole__1804306,lapchole,0045 - Laparoscopic Cholecystectomy.mp4,lapchole/0045 - Laparoscopic Cholecystectomy.mp4,00:24:53,How many Specimens appear in this frame? Please provide a number.,1,number,n_instances_per_class,
lapchole__1804203,lapchole,0045 - Laparoscopic Cholecystectomy.mp4,lapchole/0045 - Laparoscopic Cholecystectomy.mp4,00:14:10,How many Clips appear in this frame? Please provide a number.,2,number,n_instances_per_class,
lapchole__1804247,lapchole,0045 - Laparoscopic Cholecystectomy.mp4,lapchole/0045 - Laparoscopic Cholecystectomy.mp4,00:14:55,How many Clips appear in this frame? Please provide a number.,3,number,n_instances_per_class,
lapchole__1806452,lapchole,0045 - Laparoscopic Cholecystectomy.mp4,lapchole/0045 - Laparoscopic Cholecystectomy.mp4,00:24:43,Do Clips and Specimens co-occur in this frame? Please answer with yes or no.,no,binary,,
lapchole__1812413,lapchole,0045 - Laparoscopic Cholecystectomy.mp4,lapchole/0045 - Laparoscopic Cholecystectomy.mp4,00:14:34,Are all visible foreign objects in this frame of the same class? Please answer with yes or no.,yes,binary,,
lapchole__1799532,lapchole,0045 - Laparoscopic Cholecystectomy.mp4,lapchole/0045 - Laparoscopic Cholecystectomy.mp4,00:15:18,There is one surgical foreign object visible in the frame. What surgical foreign object is visible in this video frame? Please provide a class name.,Clip,fo_class,,1.0
lapchole__1799577,lapchole,0045 - Laparoscopic Cholecystectomy.mp4,lapchole/0045 - Laparoscopic Cholecystectomy.mp4,00:25:15,There is one surgical foreign object visible in the frame. What surgical foreign object is visible in this video frame? Please provide a class name.,Specimen,fo_class,,1.0
lapchole__1800332,lapchole,0045 - Laparoscopic Cholecystectomy.mp4,lapchole/0045 - Laparoscopic Cholecystectomy.mp4,00:14:53,List all foreign objects that are visible in this video frame. Please provide the class names or answer with none.,Clip,fo_class,,1.0
lapchole__1800388,lapchole,0045 - Laparoscopic Cholecystectomy.mp4,lapchole/0045 - Laparoscopic Cholecystectomy.mp4,00:25:16,List all foreign objects that are visible in this video frame. Please provide the class names or answer with none.,Specimen,fo_class,,1.0
lapchole__1814127,lapchole,0045 - Laparoscopic Cholecystectomy.mp4,lapchole/0045 - Laparoscopic Cholecystectomy.mp4,00:15:46,What class is the foreign object located in the top/left relative to the image center? Please provide a class name.,Clip,fo_class,,1.0
lapchole__1814150,lapchole,0045 - Laparoscopic Cholecystectomy.mp4,lapchole/0045 - Laparoscopic Cholecystectomy.mp4,00:25:22,What class is the foreign object located in the bottom/left relative to the image center? Please provide a class name.,Specimen,fo_class,,1.0
lapchole__1811369,lapchole,0045 - Laparoscopic Cholecystectomy.mp4,lapchole/0045 - Laparoscopic Cholecystectomy.mp4,00:26:37,"At timepoint 00:26:37 please provide all relative central positions of foreign objects present in the frame. Please provide the answer in the following format: “number. object type: quadrant”, where number represents an enumeration starting with 1, object type is the type of the foreign object and quadrant is one of the following options: top/left, top/right, bottom/left, bottom/right. Respond “none” in case there are no foreign objects present at timepoint 00:26:37. For example: 1. Sponge: top/left 2. Sponge: top/right 3. Needle: bottom/left",1. Specimen: top/right,open_ended,,
lapchole__1822125,lapchole,0045 - Laparoscopic Cholecystectomy.mp4,lapchole/0045 - Laparoscopic Cholecystectomy.mp4,00:29:13,Where is the center of the Specimen located relative to the image center in this frame? Please select one answer: top/left; top/right; bottom/left; bottom/right,bottom/right,multiple_choice,,
lapchole__1822127,lapchole,0045 - Laparoscopic Cholecystectomy.mp4,lapchole/0045 - Laparoscopic Cholecystectomy.mp4,00:31:47,Where is the center of the Specimen located relative to the image center in this frame? Please select one answer: top/left; top/right; bottom/left; bottom/right,top/right,multiple_choice,,
lapchole__1803106,lapchole,0045 - Laparoscopic Cholecystectomy.mp4,lapchole/0045 - Laparoscopic Cholecystectomy.mp4,00:26:43,How many different foreign object instances appear in this frame? Please provide a number.,1,number,n_instances_total,
lapchole__1802946,lapchole,0045 - Laparoscopic Cholecystectomy.mp4,lapchole/0045 - Laparoscopic Cholecystectomy.mp4,00:14:12,How many different foreign object instances appear in this frame? Please provide a number.,2,number,n_instances_total,
lapchole__1802958,lapchole,0045 - Laparoscopic Cholecystectomy.mp4,lapchole/0045 - Laparoscopic Cholecystectomy.mp4,00:14:25,How many different foreign object instances appear in this frame? Please provide a number.,3,number,n_instances_total,
lapchole__1803417,lapchole,0045 - Laparoscopic Cholecystectomy.mp4,lapchole/0045 - Laparoscopic Cholecystectomy.mp4,00:26:44,How many different foreign object classes appear in this frame? Please provide a number.,1,number,n_classes,
lapchole__1804360,lapchole,0045 - Laparoscopic Cholecystectomy.mp4,lapchole/0045 - Laparoscopic Cholecystectomy.mp4,00:26:38,How many Specimens appear in this frame? Please provide a number.,1,number,n_instances_per_class,
lapchole__1804214,lapchole,0045 - Laparoscopic Cholecystectomy.mp4,lapchole/0045 - Laparoscopic Cholecystectomy.mp4,00:14:22,How many Clips appear in this frame? Please provide a number.,2,number,n_instances_per_class,
lapchole__1804237,lapchole,0045 - Laparoscopic Cholecystectomy.mp4,lapchole/0045 - Laparoscopic Cholecystectomy.mp4,00:14:45,How many Clips appear in this frame? Please provide a number.,3,number,n_instances_per_class,
lapchole__1806511,lapchole,0045 - Laparoscopic Cholecystectomy.mp4,lapchole/0045 - Laparoscopic Cholecystectomy.mp4,00:25:55,Do Clips and Specimens co-occur in this frame? Please answer with yes or no.,no,binary,,
lapchole__1812419,lapchole,0045 - Laparoscopic Cholecystectomy.mp4,lapchole/0045 - Laparoscopic Cholecystectomy.mp4,00:14:40,Are all visible foreign objects in this frame of the same class? Please answer with yes or no.,yes,binary,,
lapchole__1799553,lapchole,0045 - Laparoscopic Cholecystectomy.mp4,lapchole/0045 - Laparoscopic Cholecystectomy.mp4,00:17:45,There is one surgical foreign object visible in the frame. What surgical foreign object is visible in this video frame? Please provide a class name.,Clip,fo_class,,1.0
lapchole__1799595,lapchole,0045 - Laparoscopic Cholecystectomy.mp4,lapchole/0045 - Laparoscopic Cholecystectomy.mp4,00:25:33,There is one surgical foreign object visible in the frame. What surgical foreign object is visible in this video frame? Please provide a class name.,Specimen,fo_class,,1.0
lapchole__2501605,lapchole,0061 - Laparoscopic Cholecystectomy.mp4,lapchole/0061 - Laparoscopic Cholecystectomy.mp4,00:26:29,Which combination of foreign object classes is visible in this frame? Please provide the class names or answer with none.,"Clip, Sponge",fo_class,,2.0
lapchole__2501739,lapchole,0061 - Laparoscopic Cholecystectomy.mp4,lapchole/0061 - Laparoscopic Cholecystectomy.mp4,00:33:41,Which combination of foreign object classes is visible in this frame? Please provide the class names or answer with none.,"Specimen, Specimen bag",fo_class,,2.0
lapchole__2510441,lapchole,0061 - Laparoscopic Cholecystectomy.mp4,lapchole/0061 - Laparoscopic Cholecystectomy.mp4,00:34:27,There is one surgical foreign object visible in the frame. What surgical foreign object is visible in this video frame? Please provide a class name.,Specimen bag,fo_class,,1.0
lapchole__2510160,lapchole,0061 - Laparoscopic Cholecystectomy.mp4,lapchole/0061 - Laparoscopic Cholecystectomy.mp4,00:33:38,There is one surgical foreign object visible in the frame. What surgical foreign object is visible in this video frame? Please provide a class name.,Specimen,fo_class,,1.0
lapchole__2510060,lapchole,0061 - Laparoscopic Cholecystectomy.mp4,lapchole/0061 - Laparoscopic Cholecystectomy.mp4,00:17:44,There is one surgical foreign object visible in the frame. What surgical foreign object is visible in this video frame? Please provide a class name.,Sponge,fo_class,,1.0
lapchole__2513022,lapchole,0061 - Laparoscopic Cholecystectomy.mp4,lapchole/0061 - Laparoscopic Cholecystectomy.mp4,00:28:04,List all foreign objects that are visible in this video frame. Please provide the class names or answer with none.,Clip,fo_class,,1.0
lapchole__2513192,lapchole,0061 - Laparoscopic Cholecystectomy.mp4,lapchole/0061 - Laparoscopic Cholecystectomy.mp4,00:26:11,List all foreign objects that are visible in this video frame. Please provide the class names or answer with none.,"Clip, Sponge",fo_class,,2.0
lapchole__2512884,lapchole,0061 - Laparoscopic Cholecystectomy.mp4,lapchole/0061 - Laparoscopic Cholecystectomy.mp4,00:34:25,List all foreign objects that are visible in this video frame. Please provide the class names or answer with none.,Specimen bag,fo_class,,1.0
lapchole__2512860,lapchole,0061 - Laparoscopic Cholecystectomy.mp4,lapchole/0061 - Laparoscopic Cholecystectomy.mp4,00:33:09,List all foreign objects that are visible in this video frame. Please provide the class names or answer with none.,Specimen,fo_class,,1.0
lapchole__2512923,lapchole,0061 - Laparoscopic Cholecystectomy.mp4,lapchole/0061 - Laparoscopic Cholecystectomy.mp4,00:33:55,List all foreign objects that are visible in this video frame. Please provide the class names or answer with none.,"Specimen, Specimen bag",fo_class,,2.0
lapchole__2512748,lapchole,0061 - Laparoscopic Cholecystectomy.mp4,lapchole/0061 - Laparoscopic Cholecystectomy.mp4,00:17:51,List all foreign objects that are visible in this video frame. Please provide the class names or answer with none.,Sponge,fo_class,,1.0
lapchole__2543902,lapchole,0061 - Laparoscopic Cholecystectomy.mp4,lapchole/0061 - Laparoscopic Cholecystectomy.mp4,00:27:55,What class is the foreign object located in the bottom/left relative to the image center? Please provide a class name.,Clip,fo_class,,1.0
lapchole__2543620,lapchole,0061 - Laparoscopic Cholecystectomy.mp4,lapchole/0061 - Laparoscopic Cholecystectomy.mp4,00:34:32,What class is the foreign object located in the top/left relative to the image center? Please provide a class name.,Specimen bag,fo_class,,1.0
lapchole__2543623,lapchole,0061 - Laparoscopic Cholecystectomy.mp4,lapchole/0061 - Laparoscopic Cholecystectomy.mp4,00:33:11,What class is the foreign object located in the top/right relative to the image center? Please provide a class name.,Specimen,fo_class,,1.0
lapchole__2543739,lapchole,0061 - Laparoscopic Cholecystectomy.mp4,lapchole/0061 - Laparoscopic Cholecystectomy.mp4,00:20:16,What class is the foreign object located in the bottom/left relative to the image center? Please provide a class name.,Sponge,fo_class,,1.0
lapchole__5023111,lapchole,0061 - Laparoscopic Cholecystectomy.mp4,lapchole/0061 - Laparoscopic Cholecystectomy.mp4,00:27:14,There is one sponge visible in this frame. Is this foreign object currently grasped by an instrument?,No.,open_ended,,
lapchole__5023119,lapchole,0061 - Laparoscopic Cholecystectomy.mp4,lapchole/0061 - Laparoscopic Cholecystectomy.mp4,00:33:48,Which foreign object class is partially occluded or not fully visible because of an instrument in this frame?,specimen.,open_ended,,
lapchole__5023121,lapchole,0061 - Laparoscopic Cholecystectomy.mp4,lapchole/0061 - Laparoscopic Cholecystectomy.mp4,00:33:53,Which foreign object class is partially occluded (not fully visible) by an anatomical structure in this frame?,specimen bag.,open_ended,,
lapchole__2536701,lapchole,0061 - Laparoscopic Cholecystectomy.mp4,lapchole/0061 - Laparoscopic Cholecystectomy.mp4,00:19:31,"At timepoint 00:19:31 please provide all relative central positions of foreign objects present in the frame. Please provide the answer in the following format: “number. object type: quadrant”, where number represents an enumeration starting with 1, object type is the type of the foreign object and quadrant is one of the following options: top/left, top/right, bottom/left, bottom/right. Respond “none” in case there are no foreign objects present at timepoint 00:19:31. For example: 1. Sponge: top/left 2. Sponge: top/right 3. Needle: bottom/left",1. Sponge: bottom/left,open_ended,,
lapchole__2556790,lapchole,0061 - Laparoscopic Cholecystectomy.mp4,lapchole/0061 - Laparoscopic Cholecystectomy.mp4,00:27:34,Which of the visible foreign objects has its centre closest to the centre of the image? Please provide a class name.,Clip,fo_class,,1.0
lapchole__2556801,lapchole,0061 - Laparoscopic Cholecystectomy.mp4,lapchole/0061 - Laparoscopic Cholecystectomy.mp4,00:29:32,Which of the visible foreign objects has its centre closest to the centre of the image? Please provide a class name.,Sponge,fo_class,,1.0
lapchole__2561926,lapchole,0061 - Laparoscopic Cholecystectomy.mp4,lapchole/0061 - Laparoscopic Cholecystectomy.mp4,00:18:38,Where is the center of the Sponge located relative to the image center in this frame? Please select one answer: top/left; top/right; bottom/left; bottom/right,bottom/left,multiple_choice,,
lapchole__2562168,lapchole,0061 - Laparoscopic Cholecystectomy.mp4,lapchole/0061 - Laparoscopic Cholecystectomy.mp4,00:29:25,Where is the center of the Sponge located relative to the image center in this frame? Please select one answer: top/left; top/right; bottom/left; bottom/right,bottom/right,multiple_choice,,
lapchole__2562075,lapchole,0061 - Laparoscopic Cholecystectomy.mp4,lapchole/0061 - Laparoscopic Cholecystectomy.mp4,00:23:27,Where is the center of the Sponge located relative to the image center in this frame? Please select one answer: top/left; top/right; bottom/left; bottom/right,top/left,multiple_choice,,
lapchole__2562202,lapchole,0061 - Laparoscopic Cholecystectomy.mp4,lapchole/0061 - Laparoscopic Cholecystectomy.mp4,00:33:11,Where is the center of the Specimen located relative to the image center in this frame? Please select one answer: top/left; top/right; bottom/left; bottom/right,top/right,multiple_choice,,
lapchole__2517871,lapchole,0061 - Laparoscopic Cholecystectomy.mp4,lapchole/0061 - Laparoscopic Cholecystectomy.mp4,00:17:35,How many different foreign object instances appear in this frame? Please provide a number.,1,number,n_instances_total,
lapchole__2517927,lapchole,0061 - Laparoscopic Cholecystectomy.mp4,lapchole/0061 - Laparoscopic Cholecystectomy.mp4,00:27:01,How many different foreign object instances appear in this frame? Please provide a number.,2,number,n_instances_total,
lapchole__2518120,lapchole,0061 - Laparoscopic Cholecystectomy.mp4,lapchole/0061 - Laparoscopic Cholecystectomy.mp4,00:26:53,How many different foreign object instances appear in this frame? Please provide a number.,3,number,n_instances_total,
lapchole__2518304,lapchole,0061 - Laparoscopic Cholecystectomy.mp4,lapchole/0061 - Laparoscopic Cholecystectomy.mp4,00:26:27,How many different foreign object instances appear in this frame? Please provide a number.,4,number,n_instances_total,
lapchole__2518291,lapchole,0061 - Laparoscopic Cholecystectomy.mp4,lapchole/0061 - Laparoscopic Cholecystectomy.mp4,00:28:04,How many different foreign object instances appear in this frame? Please provide a number.,5,number,n_instances_total,
lapchole__2517945,lapchole,0061 - Laparoscopic Cholecystectomy.mp4,lapchole/0061 - Laparoscopic Cholecystectomy.mp4,00:27:14,How many different foreign object instances appear in this frame? Please provide a number.,6,number,n_instances_total,
lapchole__2517892,lapchole,0061 - Laparoscopic Cholecystectomy.mp4,lapchole/0061 - Laparoscopic Cholecystectomy.mp4,00:28:01,How many different foreign object instances appear in this frame? Please provide a number.,7,number,n_instances_total,
lapchole__2518413,lapchole,0061 - Laparoscopic Cholecystectomy.mp4,lapchole/0061 - Laparoscopic Cholecystectomy.mp4,00:18:17,How many different foreign object classes appear in this frame? Please provide a number.,1,number,n_classes,
lapchole__2518778,lapchole,0061 - Laparoscopic Cholecystectomy.mp4,lapchole/0061 - Laparoscopic Cholecystectomy.mp4,00:27:38,How many different foreign object classes appear in this frame? Please provide a number.,2,number,n_classes,
lapchole__2519510,lapchole,0061 - Laparoscopic Cholecystectomy.mp4,lapchole/0061 - Laparoscopic Cholecystectomy.mp4,00:17:45,How many Sponges appear in this frame? Please provide a number.,1,number,n_instances_per_class,
lapchole__2519990,lapchole,0061 - Laparoscopic Cholecystectomy.mp4,lapchole/0061 - Laparoscopic Cholecystectomy.mp4,00:26:07,How many Clips appear in this frame? Please provide a number.,2,number,n_instances_per_class,
lapchole__2520093,lapchole,0061 - Laparoscopic Cholecystectomy.mp4,lapchole/0061 - Laparoscopic Cholecystectomy.mp4,00:27:55,How many Clips appear in this frame? Please provide a number.,3,number,n_instances_per_class,
lapchole__2520097,lapchole,0061 - Laparoscopic Cholecystectomy.mp4,lapchole/0061 - Laparoscopic Cholecystectomy.mp4,00:27:59,How many Clips appear in this frame? Please provide a number.,4,number,n_instances_per_class,
lapchole__2520079,lapchole,0061 - Laparoscopic Cholecystectomy.mp4,lapchole/0061 - Laparoscopic Cholecystectomy.mp4,00:27:41,How many Clips appear in this frame? Please provide a number.,5,number,n_instances_per_class,
lapchole__2520103,lapchole,0061 - Laparoscopic Cholecystectomy.mp4,lapchole/0061 - Laparoscopic Cholecystectomy.mp4,00:28:05,How many Clips appear in this frame? Please provide a number.,6,number,n_instances_per_class,
lapchole__2525189,lapchole,0061 - Laparoscopic Cholecystectomy.mp4,lapchole/0061 - Laparoscopic Cholecystectomy.mp4,00:21:12,Do Specimens and Sponges co-occur in this frame? Please answer with yes or no.,no,binary,,
lapchole__2524393,lapchole,0061 - Laparoscopic Cholecystectomy.mp4,lapchole/0061 - Laparoscopic Cholecystectomy.mp4,00:29:19,Do Clips and Sponges co-occur in this frame? Please answer with yes or no.,yes,binary,,
lapchole__2538139,lapchole,0061 - Laparoscopic Cholecystectomy.mp4,lapchole/0061 - Laparoscopic Cholecystectomy.mp4,00:27:39,Are all visible foreign objects in this frame of the same class? Please answer with yes or no.,no,binary,,
lapchole__2538157,lapchole,0061 - Laparoscopic Cholecystectomy.mp4,lapchole/0061 - Laparoscopic Cholecystectomy.mp4,00:27:57,Are all visible foreign objects in this frame of the same class? Please answer with yes or no.,yes,binary,,
lapchole__2501701,lapchole,0061 - Laparoscopic Cholecystectomy.mp4,lapchole/0061 - Laparoscopic Cholecystectomy.mp4,00:28:55,Which combination of foreign object classes is visible in this frame? Please provide the class names or answer with none.,"Clip, Sponge",fo_class,,2.0
lapchole__2501757,lapchole,0061 - Laparoscopic Cholecystectomy.mp4,lapchole/0061 - Laparoscopic Cholecystectomy.mp4,00:33:59,Which combination of foreign object classes is visible in this frame? Please provide the class names or answer with none.,"Specimen, Specimen bag",fo_class,,2.0
lapchole__2510481,lapchole,0061 - Laparoscopic Cholecystectomy.mp4,lapchole/0061 - Laparoscopic Cholecystectomy.mp4,00:34:15,There is one surgical foreign object visible in the frame. What surgical foreign object is visible in this video frame? Please provide a class name.,Specimen bag,fo_class,,1.0
lapchole__2510465,lapchole,0061 - Laparoscopic Cholecystectomy.mp4,lapchole/0061 - Laparoscopic Cholecystectomy.mp4,00:33:40,There is one surgical foreign object visible in the frame. What surgical foreign object is visible in this video frame? Please provide a class name.,Specimen,fo_class,,1.0
lapchole__2510295,lapchole,0061 - Laparoscopic Cholecystectomy.mp4,lapchole/0061 - Laparoscopic Cholecystectomy.mp4,00:21:51,There is one surgical foreign object visible in the frame. What surgical foreign object is visible in this video frame? Please provide a class name.,Sponge,fo_class,,1.0
lapchole__2513053,lapchole,0061 - Laparoscopic Cholecystectomy.mp4,lapchole/0061 - Laparoscopic Cholecystectomy.mp4,00:31:11,List all foreign objects that are visible in this video frame. Please provide the class names or answer with none.,Clip,fo_class,,1.0
lapchole__2512984,lapchole,0061 - Laparoscopic Cholecystectomy.mp4,lapchole/0061 - Laparoscopic Cholecystectomy.mp4,00:32:19,List all foreign objects that are visible in this video frame. Please provide the class names or answer with none.,"Clip, Sponge",fo_class,,2.0
lapchole__2513136,lapchole,0061 - Laparoscopic Cholecystectomy.mp4,lapchole/0061 - Laparoscopic Cholecystectomy.mp4,00:34:12,List all foreign objects that are visible in this video frame. Please provide the class names or answer with none.,Specimen bag,fo_class,,1.0
lapchole__2512814,lapchole,0061 - Laparoscopic Cholecystectomy.mp4,lapchole/0061 - Laparoscopic Cholecystectomy.mp4,00:33:40,List all foreign objects that are visible in this video frame. Please provide the class names or answer with none.,Specimen,fo_class,,1.0
lapchole__2512947,lapchole,0061 - Laparoscopic Cholecystectomy.mp4,lapchole/0061 - Laparoscopic Cholecystectomy.mp4,00:33:51,List all foreign objects that are visible in this video frame. Please provide the class names or answer with none.,"Specimen, Specimen bag",fo_class,,2.0
lapchole__2512881,lapchole,0061 - Laparoscopic Cholecystectomy.mp4,lapchole/0061 - Laparoscopic Cholecystectomy.mp4,00:20:11,List all foreign objects that are visible in this video frame. Please provide the class names or answer with none.,Sponge,fo_class,,1.0
lapchole__2543924,lapchole,0061 - Laparoscopic Cholecystectomy.mp4,lapchole/0061 - Laparoscopic Cholecystectomy.mp4,00:29:42,What class is the foreign object located in the bottom/right relative to the image center? Please provide a class name.,Clip,fo_class,,1.0
lapchole__2543619,lapchole,0061 - Laparoscopic Cholecystectomy.mp4,lapchole/0061 - Laparoscopic Cholecystectomy.mp4,00:34:31,What class is the foreign object located in the top/left relative to the image center? Please provide a class name.,Specimen bag,fo_class,,1.0
lapchole__2543622,lapchole,0061 - Laparoscopic Cholecystectomy.mp4,lapchole/0061 - Laparoscopic Cholecystectomy.mp4,00:33:10,What class is the foreign object located in the top/right relative to the image center? Please provide a class name.,Specimen,fo_class,,1.0
lapchole__2543836,lapchole,0061 - Laparoscopic Cholecystectomy.mp4,lapchole/0061 - Laparoscopic Cholecystectomy.mp4,00:23:53,What class is the foreign object located in the bottom/left relative to the image center? Please provide a class name.,Sponge,fo_class,,1.0
lapchole__5023113,lapchole,0061 - Laparoscopic Cholecystectomy.mp4,lapchole/0061 - Laparoscopic Cholecystectomy.mp4,00:30:14,There is one sponge visible in this frame. Is this object currently grasped by an instrument?,no.,open_ended,,
lapchole__5023117,lapchole,0061 - Laparoscopic Cholecystectomy.mp4,lapchole/0061 - Laparoscopic Cholecystectomy.mp4,00:33:43,Which foreign object class is partially occluded or not fully visible due to an instrument in this frame?,specimen.,open_ended,,
lapchole__2536836,lapchole,0061 - Laparoscopic Cholecystectomy.mp4,lapchole/0061 - Laparoscopic Cholecystectomy.mp4,00:22:21,"At timepoint 00:22:21 please provide all relative central positions of foreign objects present in the frame. Please provide the answer in the following format: “number. object type: quadrant”, where number represents an enumeration starting with 1, object type is the type of the foreign object and quadrant is one of the following options: top/left, top/right, bottom/left, bottom/right. Respond “none” in case there are no foreign objects present at timepoint 00:22:21. For example: 1. Sponge: top/left 2. Sponge: top/right 3. Needle: bottom/left",1. Sponge: bottom/left,open_ended,,
lapchole__2556802,lapchole,0061 - Laparoscopic Cholecystectomy.mp4,lapchole/0061 - Laparoscopic Cholecystectomy.mp4,00:31:20,Which of the visible foreign objects has its centre closest to the centre of the image? Please provide a class name.,Clip,fo_class,,1.0
lapchole__2562099,lapchole,0061 - Laparoscopic Cholecystectomy.mp4,lapchole/0061 - Laparoscopic Cholecystectomy.mp4,00:23:59,Where is the center of the Sponge located relative to the image center in this frame? Please select one answer: top/left; top/right; bottom/left; bottom/right,bottom/left,multiple_choice,,
lapchole__2562182,lapchole,0061 - Laparoscopic Cholecystectomy.mp4,lapchole/0061 - Laparoscopic Cholecystectomy.mp4,00:32:49,Where is the center of the Sponge located relative to the image center in this frame? Please select one answer: top/left; top/right; bottom/left; bottom/right,bottom/right,multiple_choice,,
lapchole__2562199,lapchole,0061 - Laparoscopic Cholecystectomy.mp4,lapchole/0061 - Laparoscopic Cholecystectomy.mp4,00:34:31,Where is the center of the Specimen bag located relative to the image center in this frame? Please select one answer: top/left; top/right; bottom/left; bottom/right,top/left,multiple_choice,,
lapchole__2562203,lapchole,0061 - Laparoscopic Cholecystectomy.mp4,lapchole/0061 - Laparoscopic Cholecystectomy.mp4,00:33:12,Where is the center of the Specimen located relative to the image center in this frame? Please select one answer: top/left; top/right; bottom/left; bottom/right,top/right,multiple_choice,,
lapchole__2517922,lapchole,0061 - Laparoscopic Cholecystectomy.mp4,lapchole/0061 - Laparoscopic Cholecystectomy.mp4,00:18:28,How many different foreign object instances appear in this frame? Please provide a number.,1,number,n_instances_total,
lapchole__2518275,lapchole,0061 - Laparoscopic Cholecystectomy.mp4,lapchole/0061 - Laparoscopic Cholecystectomy.mp4,00:29:44,How many different foreign object instances appear in this frame? Please provide a number.,2,number,n_instances_total,
lapchole__2518196,lapchole,0061 - Laparoscopic Cholecystectomy.mp4,lapchole/0061 - Laparoscopic Cholecystectomy.mp4,00:30:15,How many different foreign object instances appear in this frame? Please provide a number.,3,number,n_instances_total,
lapchole__2517874,lapchole,0061 - Laparoscopic Cholecystectomy.mp4,lapchole/0061 - Laparoscopic Cholecystectomy.mp4,00:30:25,How many different foreign object instances appear in this frame? Please provide a number.,4,number,n_instances_total,
lapchole__2518188,lapchole,0061 - Laparoscopic Cholecystectomy.mp4,lapchole/0061 - Laparoscopic Cholecystectomy.mp4,00:27:31,How many different foreign object instances appear in this frame? Please provide a number.,5,number,n_instances_total,
lapchole__2518283,lapchole,0061 - Laparoscopic Cholecystectomy.mp4,lapchole/0061 - Laparoscopic Cholecystectomy.mp4,00:27:27,How many different foreign object instances appear in this frame? Please provide a number.,6,number,n_instances_total,
lapchole__2517917,lapchole,0061 - Laparoscopic Cholecystectomy.mp4,lapchole/0061 - Laparoscopic Cholecystectomy.mp4,00:28:07,How many different foreign object instances appear in this frame? Please provide a number.,7,number,n_instances_total,
lapchole__2518689,lapchole,0061 - Laparoscopic Cholecystectomy.mp4,lapchole/0061 - Laparoscopic Cholecystectomy.mp4,00:23:09,How many different foreign object classes appear in this frame? Please provide a number.,1,number,n_classes,
lapchole__2518819,lapchole,0061 - Laparoscopic Cholecystectomy.mp4,lapchole/0061 - Laparoscopic Cholecystectomy.mp4,00:30:13,How many different foreign object classes appear in this frame? Please provide a number.,2,number,n_classes,
lapchole__2657593,lapchole,0065 - Laparoscopic Cholecystectomy.mp4,lapchole/0065 - Laparoscopic Cholecystectomy.mp4,00:34:08,Which combination of foreign object classes is visible in this frame? Please provide the class names or answer with none.,"Specimen, Specimen bag",fo_class,,2.0
lapchole__2662432,lapchole,0065 - Laparoscopic Cholecystectomy.mp4,lapchole/0065 - Laparoscopic Cholecystectomy.mp4,00:18:46,There is one surgical foreign object visible in the frame. What surgical foreign object is visible in this video frame? Please provide a class name.,Clip,fo_class,,1.0
lapchole__2662655,lapchole,0065 - Laparoscopic Cholecystectomy.mp4,lapchole/0065 - Laparoscopic Cholecystectomy.mp4,00:34:44,There is one surgical foreign object visible in the frame. What surgical foreign object is visible in this video frame? Please provide a class name.,Specimen bag,fo_class,,1.0
lapchole__2662584,lapchole,0065 - Laparoscopic Cholecystectomy.mp4,lapchole/0065 - Laparoscopic Cholecystectomy.mp4,00:33:03,There is one surgical foreign object visible in the frame. What surgical foreign object is visible in this video frame? Please provide a class name.,Specimen,fo_class,,1.0
lapchole__2663267,lapchole,0065 - Laparoscopic Cholecystectomy.mp4,lapchole/0065 - Laparoscopic Cholecystectomy.mp4,00:18:59,List all foreign objects that are visible in this video frame. Please provide the class names or answer with none.,Clip,fo_class,,1.0
lapchole__2663380,lapchole,0065 - Laparoscopic Cholecystectomy.mp4,lapchole/0065 - Laparoscopic Cholecystectomy.mp4,00:35:11,List all foreign objects that are visible in this video frame. Please provide the class names or answer with none.,Specimen bag,fo_class,,1.0
lapchole__2663529,lapchole,0065 - Laparoscopic Cholecystectomy.mp4,lapchole/0065 - Laparoscopic Cholecystectomy.mp4,00:33:09,List all foreign objects that are visible in this video frame. Please provide the class names or answer with none.,Specimen,fo_class,,1.0
lapchole__2663290,lapchole,0065 - Laparoscopic Cholecystectomy.mp4,lapchole/0065 - Laparoscopic Cholecystectomy.mp4,00:34:10,List all foreign objects that are visible in this video frame. Please provide the class names or answer with none.,"Specimen, Specimen bag",fo_class,,2.0
lapchole__2679277,lapchole,0065 - Laparoscopic Cholecystectomy.mp4,lapchole/0065 - Laparoscopic Cholecystectomy.mp4,00:24:07,What class is the foreign object located in the top/left relative to the image center? Please provide a class name.,Clip,fo_class,,1.0
lapchole__2679374,lapchole,0065 - Laparoscopic Cholecystectomy.mp4,lapchole/0065 - Laparoscopic Cholecystectomy.mp4,00:33:10,What class is the foreign object located in the top/right relative to the image center? Please provide a class name.,Specimen,fo_class,,1.0
lapchole__5023081,lapchole,0065 - Laparoscopic Cholecystectomy.mp4,lapchole/0065 - Laparoscopic Cholecystectomy.mp4,00:34:33,There is one specimen bag visible in this frame. Is this foreign object currently being grasped by an instrument?,No.,open_ended,,
lapchole__5023078,lapchole,0065 - Laparoscopic Cholecystectomy.mp4,lapchole/0065 - Laparoscopic Cholecystectomy.mp4,00:34:08,Which foreign-object class is partially occluded or not fully visible due to an instrument in this frame?,"'none'. Errors: Improved grammar and clarity (rephrased wording, added hyphenation), replaced “at this frame” with “in this frame,” and standardized the instruction to answer 'none'.",open_ended,,
lapchole__5023074,lapchole,0065 - Laparoscopic Cholecystectomy.mp4,lapchole/0065 - Laparoscopic Cholecystectomy.mp4,00:34:02,Which foreign object class is partially occluded or not fully visible due to an anatomical structure in this frame?,none.,open_ended,,
lapchole__2675722,lapchole,0065 - Laparoscopic Cholecystectomy.mp4,lapchole/0065 - Laparoscopic Cholecystectomy.mp4,00:24:46,"At timepoint 00:24:46 please provide all relative central positions of foreign objects present in the frame. Please provide the answer in the following format: “number. object type: quadrant”, where number represents an enumeration starting with 1, object type is the type of the foreign object and quadrant is one of the following options: top/left, top/right, bottom/left, bottom/right. Respond “none” in case there are no foreign objects present at timepoint 00:24:46. For example: 1. Sponge: top/left 2. Sponge: top/right 3. Needle: bottom/left",1. Clip: top/left,open_ended,,
lapchole__2686072,lapchole,0065 - Laparoscopic Cholecystectomy.mp4,lapchole/0065 - Laparoscopic Cholecystectomy.mp4,00:34:00,Which of the visible foreign objects has its centre closest to the centre of the image? Please provide a class name.,Specimen,fo_class,,1.0
lapchole__2688957,lapchole,0065 - Laparoscopic Cholecystectomy.mp4,lapchole/0065 - Laparoscopic Cholecystectomy.mp4,00:33:03,Where is the center of the Specimen located relative to the image center in this frame? Please select one answer: top/left; top/right; bottom/left; bottom/right,top/right,multiple_choice,,
lapchole__5024434,lapchole,0065 - Laparoscopic Cholecystectomy.mp4,lapchole/0065 - Laparoscopic Cholecystectomy.mp4,00:35:34,"In which peritoneal space would the specimen bag be located if it were left behind in the abdomen at this time? Please provide a single peritoneal compartment/space name (e.g., supracolic space, infracolic space, pelvis, lesser sac) without explanation.",Left supracolic space.,open_ended,,
lapchole__2665862,lapchole,0065 - Laparoscopic Cholecystectomy.mp4,lapchole/0065 - Laparoscopic Cholecystectomy.mp4,00:19:04,How many different foreign object instances appear in this frame? Please provide a number.,1,number,n_instances_total,
lapchole__2665923,lapchole,0065 - Laparoscopic Cholecystectomy.mp4,lapchole/0065 - Laparoscopic Cholecystectomy.mp4,00:20:07,How many different foreign object instances appear in this frame? Please provide a number.,2,number,n_instances_total,
lapchole__2665983,lapchole,0065 - Laparoscopic Cholecystectomy.mp4,lapchole/0065 - Laparoscopic Cholecystectomy.mp4,00:21:09,How many different foreign object instances appear in this frame? Please provide a number.,3,number,n_instances_total,
lapchole__2665932,lapchole,0065 - Laparoscopic Cholecystectomy.mp4,lapchole/0065 - Laparoscopic Cholecystectomy.mp4,00:20:16,How many different foreign object instances appear in this frame? Please provide a number.,4,number,n_instances_total,
lapchole__2666031,lapchole,0065 - Laparoscopic Cholecystectomy.mp4,lapchole/0065 - Laparoscopic Cholecystectomy.mp4,00:21:57,How many different foreign object instances appear in this frame? Please provide a number.,5,number,n_instances_total,
lapchole__2666150,lapchole,0065 - Laparoscopic Cholecystectomy.mp4,lapchole/0065 - Laparoscopic Cholecystectomy.mp4,00:24:09,How many different foreign object instances appear in this frame? Please provide a number.,6,number,n_instances_total,
lapchole__2666426,lapchole,0065 - Laparoscopic Cholecystectomy.mp4,lapchole/0065 - Laparoscopic Cholecystectomy.mp4,00:20:10,How many different foreign object classes appear in this frame? Please provide a number.,1,number,n_classes,
lapchole__2666666,lapchole,0065 - Laparoscopic Cholecystectomy.mp4,lapchole/0065 - Laparoscopic Cholecystectomy.mp4,00:34:07,How many different foreign object classes appear in this frame? Please provide a number.,2,number,n_classes,
lapchole__2667467,lapchole,0065 - Laparoscopic Cholecystectomy.mp4,lapchole/0065 - Laparoscopic Cholecystectomy.mp4,00:19:31,How many Clips appear in this frame? Please provide a number.,1,number,n_instances_per_class,
lapchole__2667503,lapchole,0065 - Laparoscopic Cholecystectomy.mp4,lapchole/0065 - Laparoscopic Cholecystectomy.mp4,00:20:07,How many Clips appear in this frame? Please provide a number.,2,number,n_instances_per_class,
lapchole__2667540,lapchole,0065 - Laparoscopic Cholecystectomy.mp4,lapchole/0065 - Laparoscopic Cholecystectomy.mp4,00:20:44,How many Clips appear in this frame? Please provide a number.,3,number,n_instances_per_class,
lapchole__2667512,lapchole,0065 - Laparoscopic Cholecystectomy.mp4,lapchole/0065 - Laparoscopic Cholecystectomy.mp4,00:20:16,How many Clips appear in this frame? Please provide a number.,4,number,n_instances_per_class,
lapchole__2667645,lapchole,0065 - Laparoscopic Cholecystectomy.mp4,lapchole/0065 - Laparoscopic Cholecystectomy.mp4,00:22:42,How many Clips appear in this frame? Please provide a number.,5,number,n_instances_per_class,
lapchole__2667730,lapchole,0065 - Laparoscopic Cholecystectomy.mp4,lapchole/0065 - Laparoscopic Cholecystectomy.mp4,00:24:09,How many Clips appear in this frame? Please provide a number.,6,number,n_instances_per_class,
lapchole__2670411,lapchole,0065 - Laparoscopic Cholecystectomy.mp4,lapchole/0065 - Laparoscopic Cholecystectomy.mp4,00:20:50,Do Clips and Specimens co-occur in this frame? Please answer with yes or no.,no,binary,,
lapchole__2670846,lapchole,0065 - Laparoscopic Cholecystectomy.mp4,lapchole/0065 - Laparoscopic Cholecystectomy.mp4,00:34:07,Do Specimens and Specimen bags co-occur in this frame? Please answer with yes or no.,yes,binary,,
lapchole__2676821,lapchole,0065 - Laparoscopic Cholecystectomy.mp4,lapchole/0065 - Laparoscopic Cholecystectomy.mp4,00:34:05,Are all visible foreign objects in this frame of the same class? Please answer with yes or no.,no,binary,,
lapchole__2676858,lapchole,0065 - Laparoscopic Cholecystectomy.mp4,lapchole/0065 - Laparoscopic Cholecystectomy.mp4,00:20:26,Are all visible foreign objects in this frame of the same class? Please answer with yes or no.,yes,binary,,
lapchole__2657586,lapchole,0065 - Laparoscopic Cholecystectomy.mp4,lapchole/0065 - Laparoscopic Cholecystectomy.mp4,00:34:01,Which combination of foreign object classes is visible in this frame? Please provide the class names or answer with none.,"Specimen, Specimen bag",fo_class,,2.0
lapchole__2662672,lapchole,0065 - Laparoscopic Cholecystectomy.mp4,lapchole/0065 - Laparoscopic Cholecystectomy.mp4,00:35:01,There is one surgical foreign object visible in the frame. What surgical foreign object is visible in this video frame? Please provide a class name.,Specimen bag,fo_class,,1.0
lapchole__2662615,lapchole,0065 - Laparoscopic Cholecystectomy.mp4,lapchole/0065 - Laparoscopic Cholecystectomy.mp4,00:33:37,There is one surgical foreign object visible in the frame. What surgical foreign object is visible in this video frame? Please provide a class name.,Specimen,fo_class,,1.0
lapchole__2663531,lapchole,0065 - Laparoscopic Cholecystectomy.mp4,lapchole/0065 - Laparoscopic Cholecystectomy.mp4,00:23:38,List all foreign objects that are visible in this video frame. Please provide the class names or answer with none.,Clip,fo_class,,1.0
lapchole__2663547,lapchole,0065 - Laparoscopic Cholecystectomy.mp4,lapchole/0065 - Laparoscopic Cholecystectomy.mp4,00:35:27,List all foreign objects that are visible in this video frame. Please provide the class names or answer with none.,Specimen bag,fo_class,,1.0
lapchole__2663325,lapchole,0065 - Laparoscopic Cholecystectomy.mp4,lapchole/0065 - Laparoscopic Cholecystectomy.mp4,00:33:40,List all foreign objects that are visible in this video frame. Please provide the class names or answer with none.,Specimen,fo_class,,1.0
lapchole__2663578,lapchole,0065 - Laparoscopic Cholecystectomy.mp4,lapchole/0065 - Laparoscopic Cholecystectomy.mp4,00:34:13,List all foreign objects that are visible in this video frame. Please provide the class names or answer with none.,"Specimen, Specimen bag",fo_class,,2.0
lapchole__2679310,lapchole,0065 - Laparoscopic Cholecystectomy.mp4,lapchole/0065 - Laparoscopic Cholecystectomy.mp4,00:25:12,What class is the foreign object located in the top/left relative to the image center? Please provide a class name.,Clip,fo_class,,1.0
lapchole__2679368,lapchole,0065 - Laparoscopic Cholecystectomy.mp4,lapchole/0065 - Laparoscopic Cholecystectomy.mp4,00:33:03,What class is the foreign object located in the top/right relative to the image center? Please provide a class name.,Specimen,fo_class,,1.0
lapchole__5023079,lapchole,0065 - Laparoscopic Cholecystectomy.mp4,lapchole/0065 - Laparoscopic Cholecystectomy.mp4,00:34:10,There is one specimen visible in this frame. Is this foreign object currently being grasped by an instrument?,No.,open_ended,,
lapchole__5023073,lapchole,0065 - Laparoscopic Cholecystectomy.mp4,lapchole/0065 - Laparoscopic Cholecystectomy.mp4,00:34:01,Which foreign object class is partially occluded or not fully visible because of an instrument in this frame?,specimen.,open_ended,,
lapchole__5023076,lapchole,0065 - Laparoscopic Cholecystectomy.mp4,lapchole/0065 - Laparoscopic Cholecystectomy.mp4,00:34:04,Which foreign object class is partially occluded or not fully visible due to an anatomical structure in this frame?,none.,open_ended,,
lapchole__2675760,lapchole,0065 - Laparoscopic Cholecystectomy.mp4,lapchole/0065 - Laparoscopic Cholecystectomy.mp4,00:26:20,"At timepoint 00:26:20 please provide all relative central positions of foreign objects present in the frame. Please provide the answer in the following format: “number. object type: quadrant”, where number represents an enumeration starting with 1, object type is the type of the foreign object and quadrant is one of the following options: top/left, top/right, bottom/left, bottom/right. Respond “none” in case there are no foreign objects present at timepoint 00:26:20. For example: 1. Sponge: top/left 2. Sponge: top/right 3. Needle: bottom/left",1. Clip: bottom/right 2. Clip: bottom/right 3. Clip: bottom/right 4. Clip: bottom/right,open_ended,,
lapchole__2688953,lapchole,0065 - Laparoscopic Cholecystectomy.mp4,lapchole/0065 - Laparoscopic Cholecystectomy.mp4,00:32:59,Where is the center of the Specimen located relative to the image center in this frame? Please select one answer: top/left; top/right; bottom/left; bottom/right,top/right,multiple_choice,,
lapchole__2666172,lapchole,0065 - Laparoscopic Cholecystectomy.mp4,lapchole/0065 - Laparoscopic Cholecystectomy.mp4,00:24:47,How many different foreign object instances appear in this frame? Please provide a number.,1,number,n_instances_total,
lapchole__2666127,lapchole,0065 - Laparoscopic Cholecystectomy.mp4,lapchole/0065 - Laparoscopic Cholecystectomy.mp4,00:23:44,How many different foreign object instances appear in this frame? Please provide a number.,2,number,n_instances_total,
lapchole__2666001,lapchole,0065 - Laparoscopic Cholecystectomy.mp4,lapchole/0065 - Laparoscopic Cholecystectomy.mp4,00:21:27,How many different foreign object instances appear in this frame? Please provide a number.,4,number,n_instances_total,
lapchole__2666335,lapchole,0065 - Laparoscopic Cholecystectomy.mp4,lapchole/0065 - Laparoscopic Cholecystectomy.mp4,00:28:26,How many different foreign object instances appear in this frame? Please provide a number.,5,number,n_instances_total,
lapchole__2666527,lapchole,0065 - Laparoscopic Cholecystectomy.mp4,lapchole/0065 - Laparoscopic Cholecystectomy.mp4,00:21:53,How many different foreign object classes appear in this frame? Please provide a number.,1,number,n_classes,
lapchole__2666409,lapchole,0065 - Laparoscopic Cholecystectomy.mp4,lapchole/0065 - Laparoscopic Cholecystectomy.mp4,00:34:11,How many different foreign object classes appear in this frame? Please provide a number.,2,number,n_classes,
lapchole__2667753,lapchole,0065 - Laparoscopic Cholecystectomy.mp4,lapchole/0065 - Laparoscopic Cholecystectomy.mp4,00:24:48,How many Clips appear in this frame? Please provide a number.,1,number,n_instances_per_class,
lapchole__2667710,lapchole,0065 - Laparoscopic Cholecystectomy.mp4,lapchole/0065 - Laparoscopic Cholecystectomy.mp4,00:23:48,How many Clips appear in this frame? Please provide a number.,2,number,n_instances_per_class,
lapchole__2667692,lapchole,0065 - Laparoscopic Cholecystectomy.mp4,lapchole/0065 - Laparoscopic Cholecystectomy.mp4,00:23:29,How many Clips appear in this frame? Please provide a number.,3,number,n_instances_per_class,
lapchole__2667594,lapchole,0065 - Laparoscopic Cholecystectomy.mp4,lapchole/0065 - Laparoscopic Cholecystectomy.mp4,00:21:40,How many Clips appear in this frame? Please provide a number.,4,number,n_instances_per_class,
lapchole__2667794,lapchole,0065 - Laparoscopic Cholecystectomy.mp4,lapchole/0065 - Laparoscopic Cholecystectomy.mp4,00:26:25,How many Clips appear in this frame? Please provide a number.,5,number,n_instances_per_class,
lapchole__2667660,lapchole,0065 - Laparoscopic Cholecystectomy.mp4,lapchole/0065 - Laparoscopic Cholecystectomy.mp4,00:22:57,How many Clips appear in this frame? Please provide a number.,6,number,n_instances_per_class,
lapchole__2670267,lapchole,0065 - Laparoscopic Cholecystectomy.mp4,lapchole/0065 - Laparoscopic Cholecystectomy.mp4,00:23:25,Do Clips and Specimens co-occur in this frame? Please answer with yes or no.,no,binary,,
lapchole__2670845,lapchole,0065 - Laparoscopic Cholecystectomy.mp4,lapchole/0065 - Laparoscopic Cholecystectomy.mp4,00:34:06,Do Specimens and Specimen bags co-occur in this frame? Please answer with yes or no.,yes,binary,,
lapchole__2677046,lapchole,0065 - Laparoscopic Cholecystectomy.mp4,lapchole/0065 - Laparoscopic Cholecystectomy.mp4,00:34:04,Are all visible foreign objects in this frame of the same class? Please answer with yes or no.,no,binary,,
lapchole__2676966,lapchole,0065 - Laparoscopic Cholecystectomy.mp4,lapchole/0065 - Laparoscopic Cholecystectomy.mp4,00:22:28,Are all visible foreign objects in this frame of the same class? Please answer with yes or no.,yes,binary,,
lapchole__2657592,lapchole,0065 - Laparoscopic Cholecystectomy.mp4,lapchole/0065 - Laparoscopic Cholecystectomy.mp4,00:34:07,Which combination of foreign object classes is visible in this frame? Please provide the class names or answer with none.,"Specimen, Specimen bag",fo_class,,2.0
lapchole__2662519,lapchole,0065 - Laparoscopic Cholecystectomy.mp4,lapchole/0065 - Laparoscopic Cholecystectomy.mp4,00:25:24,There is one surgical foreign object visible in the frame. What surgical foreign object is visible in this video frame? Please provide a class name.,Clip,fo_class,,1.0
lapchole__2662680,lapchole,0065 - Laparoscopic Cholecystectomy.mp4,lapchole/0065 - Laparoscopic Cholecystectomy.mp4,00:35:09,There is one surgical foreign object visible in the frame. What surgical foreign object is visible in this video frame? Please provide a class name.,Specimen bag,fo_class,,1.0
lapchole__2662618,lapchole,0065 - Laparoscopic Cholecystectomy.mp4,lapchole/0065 - Laparoscopic Cholecystectomy.mp4,00:33:40,There is one surgical foreign object visible in the frame. What surgical foreign object is visible in this video frame? Please provide a class name.,Specimen,fo_class,,1.0
lapchole__2663733,lapchole,0065 - Laparoscopic Cholecystectomy.mp4,lapchole/0065 - Laparoscopic Cholecystectomy.mp4,00:28:14,List all foreign objects that are visible in this video frame. Please provide the class names or answer with none.,Clip,fo_class,,1.0
lapchole__2663321,lapchole,0065 - Laparoscopic Cholecystectomy.mp4,lapchole/0065 - Laparoscopic Cholecystectomy.mp4,00:35:21,List all foreign objects that are visible in this video frame. Please provide the class names or answer with none.,Specimen bag,fo_class,,1.0
lapchole__2663627,lapchole,0065 - Laparoscopic Cholecystectomy.mp4,lapchole/0065 - Laparoscopic Cholecystectomy.mp4,00:33:00,List all foreign objects that are visible in this video frame. Please provide the class names or answer with none.,Specimen,fo_class,,1.0
lapchole__2663639,lapchole,0065 - Laparoscopic Cholecystectomy.mp4,lapchole/0065 - Laparoscopic Cholecystectomy.mp4,00:34:03,List all foreign objects that are visible in this video frame. Please provide the class names or answer with none.,"Specimen, Specimen bag",fo_class,,2.0
lapchole__2679324,lapchole,0065 - Laparoscopic Cholecystectomy.mp4,lapchole/0065 - Laparoscopic Cholecystectomy.mp4,00:29:23,What class is the foreign object located in the top/left relative to the image center? Please provide a class name.,Clip,fo_class,,1.0
lapchole__2679372,lapchole,0065 - Laparoscopic Cholecystectomy.mp4,lapchole/0065 - Laparoscopic Cholecystectomy.mp4,00:33:07,What class is the foreign object located in the top/right relative to the image center? Please provide a class name.,Specimen,fo_class,,1.0
lapchole__5023075,lapchole,0065 - Laparoscopic Cholecystectomy.mp4,lapchole/0065 - Laparoscopic Cholecystectomy.mp4,00:34:03,There is one specimen bag visible in this frame. Is this foreign object currently grasped by an instrument?,No.,open_ended,,
lapchole__2675771,lapchole,0065 - Laparoscopic Cholecystectomy.mp4,lapchole/0065 - Laparoscopic Cholecystectomy.mp4,00:30:33,"At timepoint 00:30:33 please provide all relative central positions of foreign objects present in the frame. Please provide the answer in the following format: “number. object type: quadrant”, where number represents an enumeration starting with 1, object type is the type of the foreign object and quadrant is one of the following options: top/left, top/right, bottom/left, bottom/right. Respond “none” in case there are no foreign objects present at timepoint 00:30:33. For example: 1. Sponge: top/left 2. Sponge: top/right 3. Needle: bottom/left",1. Clip: bottom/left 2. Clip: bottom/right 3. Clip: bottom/right 4. Clip: bottom/right 5. Clip: bottom/right,open_ended,,
lapchole__4649503,lapchole,0149 - Laparoscopic Cholecystectomy.mp4,lapchole/0149 - Laparoscopic Cholecystectomy.mp4,00:25:22,Which combination of foreign object classes is visible in this frame? Please provide the class names or answer with none.,"Clip, Specimen",fo_class,,2.0
lapchole__4649549,lapchole,0149 - Laparoscopic Cholecystectomy.mp4,lapchole/0149 - Laparoscopic Cholecystectomy.mp4,00:26:44,Which combination of foreign object classes is visible in this frame? Please provide the class names or answer with none.,"Clip, Specimen, Specimen bag",fo_class,,3.0
lapchole__4649551,lapchole,0149 - Laparoscopic Cholecystectomy.mp4,lapchole/0149 - Laparoscopic Cholecystectomy.mp4,00:26:46,Which combination of foreign object classes is visible in this frame? Please provide the class names or answer with none.,"Specimen, Specimen bag",fo_class,,2.0
lapchole__4654650,lapchole,0149 - Laparoscopic Cholecystectomy.mp4,lapchole/0149 - Laparoscopic Cholecystectomy.mp4,00:07:38,There is one surgical foreign object visible in the frame. What surgical foreign object is visible in this video frame? Please provide a class name.,Clip,fo_class,,1.0
lapchole__4654905,lapchole,0149 - Laparoscopic Cholecystectomy.mp4,lapchole/0149 - Laparoscopic Cholecystectomy.mp4,00:26:53,There is one surgical foreign object visible in the frame. What surgical foreign object is visible in this video frame? Please provide a class name.,Specimen bag,fo_class,,1.0
lapchole__4654898,lapchole,0149 - Laparoscopic Cholecystectomy.mp4,lapchole/0149 - Laparoscopic Cholecystectomy.mp4,00:25:46,There is one surgical foreign object visible in the frame. What surgical foreign object is visible in this video frame? Please provide a class name.,Specimen,fo_class,,1.0
lapchole__4655586,lapchole,0149 - Laparoscopic Cholecystectomy.mp4,lapchole/0149 - Laparoscopic Cholecystectomy.mp4,00:08:08,List all foreign objects that are visible in this video frame. Please provide the class names or answer with none.,Clip,fo_class,,1.0
lapchole__4655774,lapchole,0149 - Laparoscopic Cholecystectomy.mp4,lapchole/0149 - Laparoscopic Cholecystectomy.mp4,00:26:32,List all foreign objects that are visible in this video frame. Please provide the class names or answer with none.,"Clip, Specimen",fo_class,,2.0
lapchole__4655806,lapchole,0149 - Laparoscopic Cholecystectomy.mp4,lapchole/0149 - Laparoscopic Cholecystectomy.mp4,00:26:41,List all foreign objects that are visible in this video frame. Please provide the class names or answer with none.,"Clip, Specimen, Specimen bag",fo_class,,3.0
lapchole__4656046,lapchole,0149 - Laparoscopic Cholecystectomy.mp4,lapchole/0149 - Laparoscopic Cholecystectomy.mp4,00:26:51,List all foreign objects that are visible in this video frame. Please provide the class names or answer with none.,Specimen bag,fo_class,,1.0
lapchole__4655580,lapchole,0149 - Laparoscopic Cholecystectomy.mp4,lapchole/0149 - Laparoscopic Cholecystectomy.mp4,00:25:46,List all foreign objects that are visible in this video frame. Please provide the class names or answer with none.,Specimen,fo_class,,1.0
lapchole__4655647,lapchole,0149 - Laparoscopic Cholecystectomy.mp4,lapchole/0149 - Laparoscopic Cholecystectomy.mp4,00:26:47,List all foreign objects that are visible in this video frame. Please provide the class names or answer with none.,"Specimen, Specimen bag",fo_class,,2.0
lapchole__4674040,lapchole,0149 - Laparoscopic Cholecystectomy.mp4,lapchole/0149 - Laparoscopic Cholecystectomy.mp4,00:13:24,What class is the foreign object located in the top/right relative to the image center? Please provide a class name.,Clip,fo_class,,1.0
lapchole__5022627,lapchole,0149 - Laparoscopic Cholecystectomy.mp4,lapchole/0149 - Laparoscopic Cholecystectomy.mp4,00:25:47,There is one specimen visible in this frame. Is this foreign object currently grasped by an instrument?,Yes.,open_ended,,
lapchole__5022634,lapchole,0149 - Laparoscopic Cholecystectomy.mp4,lapchole/0149 - Laparoscopic Cholecystectomy.mp4,00:26:46,Which foreign object class is partially occluded or not fully visible due to an instrument in this frame?,specimen bag.,open_ended,,
lapchole__5022629,lapchole,0149 - Laparoscopic Cholecystectomy.mp4,lapchole/0149 - Laparoscopic Cholecystectomy.mp4,00:26:41,Which of the foreign object classes are partially occluded or not fully visible due to an anatomical structure in this frame?,none.,open_ended,,
lapchole__4669577,lapchole,0149 - Laparoscopic Cholecystectomy.mp4,lapchole/0149 - Laparoscopic Cholecystectomy.mp4,00:12:57,"At timepoint 00:12:57 please provide all relative central positions of foreign objects present in the frame. Please provide the answer in the following format: “number. object type: quadrant”, where number represents an enumeration starting with 1, object type is the type of the foreign object and quadrant is one of the following options: top/left, top/right, bottom/left, bottom/right. Respond “none” in case there are no foreign objects present at timepoint 00:12:57. For example: 1. Sponge: top/left 2. Sponge: top/right 3. Needle: bottom/left",1. Clip: top/right,open_ended,,
lapchole__4681373,lapchole,0149 - Laparoscopic Cholecystectomy.mp4,lapchole/0149 - Laparoscopic Cholecystectomy.mp4,00:25:09,Which of the visible foreign objects has its centre closest to the centre of the image? Please provide a class name.,Clip,fo_class,,1.0
lapchole__4681380,lapchole,0149 - Laparoscopic Cholecystectomy.mp4,lapchole/0149 - Laparoscopic Cholecystectomy.mp4,00:25:40,Which of the visible foreign objects has its centre closest to the centre of the image? Please provide a class name.,Specimen,fo_class,,1.0
lapchole__4684998,lapchole,0149 - Laparoscopic Cholecystectomy.mp4,lapchole/0149 - Laparoscopic Cholecystectomy.mp4,00:25:37,Where is the center of the Specimen located relative to the image center in this frame? Please select one answer: top/left; top/right; bottom/left; bottom/right,top/left,multiple_choice,,
lapchole__4684996,lapchole,0149 - Laparoscopic Cholecystectomy.mp4,lapchole/0149 - Laparoscopic Cholecystectomy.mp4,00:26:42,Where is the center of the Specimen bag located relative to the image center in this frame? Please select one answer: top/left; top/right; bottom/left; bottom/right,top/right,multiple_choice,,
lapchole__4658475,lapchole,0149 - Laparoscopic Cholecystectomy.mp4,lapchole/0149 - Laparoscopic Cholecystectomy.mp4,00:07:41,How many different foreign object instances appear in this frame? Please provide a number.,1,number,n_instances_total,
lapchole__4658497,lapchole,0149 - Laparoscopic Cholecystectomy.mp4,lapchole/0149 - Laparoscopic Cholecystectomy.mp4,00:08:03,How many different foreign object instances appear in this frame? Please provide a number.,2,number,n_instances_total,
lapchole__4658575,lapchole,0149 - Laparoscopic Cholecystectomy.mp4,lapchole/0149 - Laparoscopic Cholecystectomy.mp4,00:09:21,How many different foreign object instances appear in this frame? Please provide a number.,3,number,n_instances_total,
lapchole__4658548,lapchole,0149 - Laparoscopic Cholecystectomy.mp4,lapchole/0149 - Laparoscopic Cholecystectomy.mp4,00:08:54,How many different foreign object instances appear in this frame? Please provide a number.,4,number,n_instances_total,
lapchole__4658629,lapchole,0149 - Laparoscopic Cholecystectomy.mp4,lapchole/0149 - Laparoscopic Cholecystectomy.mp4,00:10:15,How many different foreign object instances appear in this frame? Please provide a number.,5,number,n_instances_total,
lapchole__4658665,lapchole,0149 - Laparoscopic Cholecystectomy.mp4,lapchole/0149 - Laparoscopic Cholecystectomy.mp4,00:10:51,How many different foreign object instances appear in this frame? Please provide a number.,6,number,n_instances_total,
lapchole__4658993,lapchole,0149 - Laparoscopic Cholecystectomy.mp4,lapchole/0149 - Laparoscopic Cholecystectomy.mp4,00:07:59,How many different foreign object classes appear in this frame? Please provide a number.,1,number,n_classes,
lapchole__4659449,lapchole,0149 - Laparoscopic Cholecystectomy.mp4,lapchole/0149 - Laparoscopic Cholecystectomy.mp4,00:25:27,How many different foreign object classes appear in this frame? Please provide a number.,2,number,n_classes,
lapchole__4659358,lapchole,0149 - Laparoscopic Cholecystectomy.mp4,lapchole/0149 - Laparoscopic Cholecystectomy.mp4,00:26:43,How many different foreign object classes appear in this frame? Please provide a number.,3,number,n_classes,
lapchole__4660107,lapchole,0149 - Laparoscopic Cholecystectomy.mp4,lapchole/0149 - Laparoscopic Cholecystectomy.mp4,00:07:53,How many Clips appear in this frame? Please provide a number.,1,number,n_instances_per_class,
lapchole__4660120,lapchole,0149 - Laparoscopic Cholecystectomy.mp4,lapchole/0149 - Laparoscopic Cholecystectomy.mp4,00:08:06,How many Clips appear in this frame? Please provide a number.,2,number,n_instances_per_class,
lapchole__4660159,lapchole,0149 - Laparoscopic Cholecystectomy.mp4,lapchole/0149 - Laparoscopic Cholecystectomy.mp4,00:08:45,How many Clips appear in this frame? Please provide a number.,3,number,n_instances_per_class,
lapchole__4660202,lapchole,0149 - Laparoscopic Cholecystectomy.mp4,lapchole/0149 - Laparoscopic Cholecystectomy.mp4,00:09:28,How many Clips appear in this frame? Please provide a number.,4,number,n_instances_per_class,
lapchole__4660233,lapchole,0149 - Laparoscopic Cholecystectomy.mp4,lapchole/0149 - Laparoscopic Cholecystectomy.mp4,00:09:59,How many Clips appear in this frame? Please provide a number.,5,number,n_instances_per_class,
lapchole__4660288,lapchole,0149 - Laparoscopic Cholecystectomy.mp4,lapchole/0149 - Laparoscopic Cholecystectomy.mp4,00:10:54,How many Clips appear in this frame? Please provide a number.,6,number,n_instances_per_class,
lapchole__4663528,lapchole,0149 - Laparoscopic Cholecystectomy.mp4,lapchole/0149 - Laparoscopic Cholecystectomy.mp4,00:08:00,Do Clips and Specimens co-occur in this frame? Please answer with yes or no.,no,binary,,
lapchole__4663186,lapchole,0149 - Laparoscopic Cholecystectomy.mp4,lapchole/0149 - Laparoscopic Cholecystectomy.mp4,00:25:08,Do Clips and Specimens co-occur in this frame? Please answer with yes or no.,yes,binary,,
lapchole__4671064,lapchole,0149 - Laparoscopic Cholecystectomy.mp4,lapchole/0149 - Laparoscopic Cholecystectomy.mp4,00:26:29,Are all visible foreign objects in this frame of the same class? Please answer with yes or no.,no,binary,,
lapchole__4670706,lapchole,0149 - Laparoscopic Cholecystectomy.mp4,lapchole/0149 - Laparoscopic Cholecystectomy.mp4,00:08:11,Are all visible foreign objects in this frame of the same class? Please answer with yes or no.,yes,binary,,
lapchole__4649477,lapchole,0149 - Laparoscopic Cholecystectomy.mp4,lapchole/0149 - Laparoscopic Cholecystectomy.mp4,00:24:56,Which combination of foreign object classes is visible in this frame? Please provide the class names or answer with none.,"Clip, Specimen",fo_class,,2.0
lapchole__4649546,lapchole,0149 - Laparoscopic Cholecystectomy.mp4,lapchole/0149 - Laparoscopic Cholecystectomy.mp4,00:26:41,Which combination of foreign object classes is visible in this frame? Please provide the class names or answer with none.,"Clip, Specimen, Specimen bag",fo_class,,3.0
lapchole__4649552,lapchole,0149 - Laparoscopic Cholecystectomy.mp4,lapchole/0149 - Laparoscopic Cholecystectomy.mp4,00:26:47,Which combination of foreign object classes is visible in this frame? Please provide the class names or answer with none.,"Specimen, Specimen bag",fo_class,,2.0
lapchole__4654666,lapchole,0149 - Laparoscopic Cholecystectomy.mp4,lapchole/0149 - Laparoscopic Cholecystectomy.mp4,00:08:22,There is one surgical foreign object visible in the frame. What surgical foreign object is visible in this video frame? Please provide a class name.,Clip,fo_class,,1.0
lapchole__4654920,lapchole,0149 - Laparoscopic Cholecystectomy.mp4,lapchole/0149 - Laparoscopic Cholecystectomy.mp4,00:27:08,There is one surgical foreign object visible in the frame. What surgical foreign object is visible in this video frame? Please provide a class name.,Specimen bag,fo_class,,1.0
lapchole__4654897,lapchole,0149 - Laparoscopic Cholecystectomy.mp4,lapchole/0149 - Laparoscopic Cholecystectomy.mp4,00:25:45,There is one surgical foreign object visible in the frame. What surgical foreign object is visible in this video frame? Please provide a class name.,Specimen,fo_class,,1.0
lapchole__4655720,lapchole,0149 - Laparoscopic Cholecystectomy.mp4,lapchole/0149 - Laparoscopic Cholecystectomy.mp4,00:10:22,List all foreign objects that are visible in this video frame. Please provide the class names or answer with none.,Clip,fo_class,,1.0
lapchole__4655618,lapchole,0149 - Laparoscopic Cholecystectomy.mp4,lapchole/0149 - Laparoscopic Cholecystectomy.mp4,00:25:05,List all foreign objects that are visible in this video frame. Please provide the class names or answer with none.,"Clip, Specimen",fo_class,,2.0
lapchole__4655746,lapchole,0149 - Laparoscopic Cholecystectomy.mp4,lapchole/0149 - Laparoscopic Cholecystectomy.mp4,00:26:43,List all foreign objects that are visible in this video frame. Please provide the class names or answer with none.,"Clip, Specimen, Specimen bag",fo_class,,3.0
lapchole__4655876,lapchole,0149 - Laparoscopic Cholecystectomy.mp4,lapchole/0149 - Laparoscopic Cholecystectomy.mp4,00:27:30,List all foreign objects that are visible in this video frame. Please provide the class names or answer with none.,Specimen bag,fo_class,,1.0
lapchole__4655924,lapchole,0149 - Laparoscopic Cholecystectomy.mp4,lapchole/0149 - Laparoscopic Cholecystectomy.mp4,00:25:43,List all foreign objects that are visible in this video frame. Please provide the class names or answer with none.,Specimen,fo_class,,1.0
lapchole__4674044,lapchole,0149 - Laparoscopic Cholecystectomy.mp4,lapchole/0149 - Laparoscopic Cholecystectomy.mp4,00:16:15,What class is the foreign object located in the top/right relative to the image center? Please provide a class name.,Clip,fo_class,,1.0
lapchole__5022630,lapchole,0149 - Laparoscopic Cholecystectomy.mp4,lapchole/0149 - Laparoscopic Cholecystectomy.mp4,00:26:42,There is one specimen bag visible in this frame. Is this foreign object currently grasped by an instrument?,Yes.,open_ended,,
lapchole__5022633,lapchole,0149 - Laparoscopic Cholecystectomy.mp4,lapchole/0149 - Laparoscopic Cholecystectomy.mp4,00:26:45,Which foreign object classes are partially occluded or not fully visible due to an instrument in this frame?,"specimen, specimen bag. Errors: Corrected grammar (added verb and articles), improved phrasing for clarity, and standardized punctuation and capitalization.",open_ended,,
lapchole__4669589,lapchole,0149 - Laparoscopic Cholecystectomy.mp4,lapchole/0149 - Laparoscopic Cholecystectomy.mp4,00:21:50,"At timepoint 00:21:50 please provide all relative central positions of foreign objects present in the frame. Please provide the answer in the following format: “number. object type: quadrant”, where number represents an enumeration starting with 1, object type is the type of the foreign object and quadrant is one of the following options: top/left, top/right, bottom/left, bottom/right. Respond “none” in case there are no foreign objects present at timepoint 00:21:50. For example: 1. Sponge: top/left 2. Sponge: top/right 3. Needle: bottom/left",1. Clip: bottom/right,open_ended,,
lapchole__4681374,lapchole,0149 - Laparoscopic Cholecystectomy.mp4,lapchole/0149 - Laparoscopic Cholecystectomy.mp4,00:25:10,Which of the visible foreign objects has its centre closest to the centre of the image? Please provide a class name.,Clip,fo_class,,1.0
lapchole__4684997,lapchole,0149 - Laparoscopic Cholecystectomy.mp4,lapchole/0149 - Laparoscopic Cholecystectomy.mp4,00:25:36,Where is the center of the Specimen located relative to the image center in this frame? Please select one answer: top/left; top/right; bottom/left; bottom/right,top/left,multiple_choice,,
lapchole__4684995,lapchole,0149 - Laparoscopic Cholecystectomy.mp4,lapchole/0149 - Laparoscopic Cholecystectomy.mp4,00:26:41,Where is the center of the Specimen bag located relative to the image center in this frame? Please select one answer: top/left; top/right; bottom/left; bottom/right,top/right,multiple_choice,,
lapchole__4658516,lapchole,0149 - Laparoscopic Cholecystectomy.mp4,lapchole/0149 - Laparoscopic Cholecystectomy.mp4,00:08:22,How many different foreign object instances appear in this frame? Please provide a number.,1,number,n_instances_total,
lapchole__4658538,lapchole,0149 - Laparoscopic Cholecystectomy.mp4,lapchole/0149 - Laparoscopic Cholecystectomy.mp4,00:08:44,How many different foreign object instances appear in this frame? Please provide a number.,2,number,n_instances_total,
lapchole__4658716,lapchole,0149 - Laparoscopic Cholecystectomy.mp4,lapchole/0149 - Laparoscopic Cholecystectomy.mp4,00:11:52,How many different foreign object instances appear in this frame? Please provide a number.,3,number,n_instances_total,
lapchole__4658739,lapchole,0149 - Laparoscopic Cholecystectomy.mp4,lapchole/0149 - Laparoscopic Cholecystectomy.mp4,00:12:15,How many different foreign object instances appear in this frame? Please provide a number.,4,number,n_instances_total,
lapchole__4658725,lapchole,0149 - Laparoscopic Cholecystectomy.mp4,lapchole/0149 - Laparoscopic Cholecystectomy.mp4,00:12:01,How many different foreign object instances appear in this frame? Please provide a number.,5,number,n_instances_total,
lapchole__4658705,lapchole,0149 - Laparoscopic Cholecystectomy.mp4,lapchole/0149 - Laparoscopic Cholecystectomy.mp4,00:11:31,How many different foreign object instances appear in this frame? Please provide a number.,6,number,n_instances_total,
lapchole__4659135,lapchole,0149 - Laparoscopic Cholecystectomy.mp4,lapchole/0149 - Laparoscopic Cholecystectomy.mp4,00:10:21,How many different foreign object classes appear in this frame? Please provide a number.,1,number,n_classes,
lapchole__4659212,lapchole,0149 - Laparoscopic Cholecystectomy.mp4,lapchole/0149 - Laparoscopic Cholecystectomy.mp4,00:26:40,How many different foreign object classes appear in this frame? Please provide a number.,2,number,n_classes,
lapchole__4659145,lapchole,0149 - Laparoscopic Cholecystectomy.mp4,lapchole/0149 - Laparoscopic Cholecystectomy.mp4,00:26:45,How many different foreign object classes appear in this frame? Please provide a number.,3,number,n_classes,
lapchole__4660136,lapchole,0149 - Laparoscopic Cholecystectomy.mp4,lapchole/0149 - Laparoscopic Cholecystectomy.mp4,00:08:22,How many Clips appear in this frame? Please provide a number.,1,number,n_instances_per_class,
lapchole__4660130,lapchole,0149 - Laparoscopic Cholecystectomy.mp4,lapchole/0149 - Laparoscopic Cholecystectomy.mp4,00:08:16,How many Clips appear in this frame? Please provide a number.,2,number,n_instances_per_class,
lapchole__4660382,lapchole,0149 - Laparoscopic Cholecystectomy.mp4,lapchole/0149 - Laparoscopic Cholecystectomy.mp4,00:12:38,How many Clips appear in this frame? Please provide a number.,3,number,n_instances_per_class,
lapchole__4660381,lapchole,0149 - Laparoscopic Cholecystectomy.mp4,lapchole/0149 - Laparoscopic Cholecystectomy.mp4,00:12:37,How many Clips appear in this frame? Please provide a number.,4,number,n_instances_per_class,
lapchole__4660398,lapchole,0149 - Laparoscopic Cholecystectomy.mp4,lapchole/0149 - Laparoscopic Cholecystectomy.mp4,00:12:54,How many Clips appear in this frame? Please provide a number.,5,number,n_instances_per_class,
lapchole__4660308,lapchole,0149 - Laparoscopic Cholecystectomy.mp4,lapchole/0149 - Laparoscopic Cholecystectomy.mp4,00:11:14,How many Clips appear in this frame? Please provide a number.,6,number,n_instances_per_class,
lapchole__4663295,lapchole,0149 - Laparoscopic Cholecystectomy.mp4,lapchole/0149 - Laparoscopic Cholecystectomy.mp4,00:09:06,Do Clips and Specimens co-occur in this frame? Please answer with yes or no.,no,binary,,
lapchole__4663081,lapchole,0149 - Laparoscopic Cholecystectomy.mp4,lapchole/0149 - Laparoscopic Cholecystectomy.mp4,00:26:37,Do Clips and Specimens co-occur in this frame? Please answer with yes or no.,yes,binary,,
lapchole__4671032,lapchole,0149 - Laparoscopic Cholecystectomy.mp4,lapchole/0149 - Laparoscopic Cholecystectomy.mp4,00:26:17,Are all visible foreign objects in this frame of the same class? Please answer with yes or no.,no,binary,,
lapchole__4670802,lapchole,0149 - Laparoscopic Cholecystectomy.mp4,lapchole/0149 - Laparoscopic Cholecystectomy.mp4,00:09:48,Are all visible foreign objects in this frame of the same class? Please answer with yes or no.,yes,binary,,
lapchole__4649544,lapchole,0149 - Laparoscopic Cholecystectomy.mp4,lapchole/0149 - Laparoscopic Cholecystectomy.mp4,00:26:39,Which combination of foreign object classes is visible in this frame? Please provide the class names or answer with none.,"Clip, Specimen",fo_class,,2.0
lapchole__5025226,lapchole,0061 - Laparoscopic Cholecystectomy.mp4,lapchole/0061 - Laparoscopic Cholecystectomy.mp4,00:33:14,There is one specimen visible in this frame. Is this foreign object currently grasped by an instrument?,No.,open_ended,,
lapchole__5025227,lapchole,0061 - Laparoscopic Cholecystectomy.mp4,lapchole/0061 - Laparoscopic Cholecystectomy.mp4,00:33:46,There is one specimen bag visible in this frame. Is this foreign object currently grasped by an instrument?,No.,open_ended,,
lapchole__5025228,lapchole,0061 - Laparoscopic Cholecystectomy.mp4,lapchole/0061 - Laparoscopic Cholecystectomy.mp4,00:33:56,There is one specimen visible in this frame. Is this foreign object currently grasped by an instrument?,Yes.,open_ended,,
lapchole__5025229,lapchole,0061 - Laparoscopic Cholecystectomy.mp4,lapchole/0061 - Laparoscopic Cholecystectomy.mp4,00:34:36,There is one specimen bag visible in this frame. Is this foreign object currently grasped by an instrument?,Yes.,open_ended,,
lapchole__5025236,lapchole,0065 - Laparoscopic Cholecystectomy.mp4,lapchole/0065 - Laparoscopic Cholecystectomy.mp4,00:33:01,There is one specimen visible in this frame. Is this foreign object currently grasped by an instrument?,No.,open_ended,,
lapchole__5025237,lapchole,0065 - Laparoscopic Cholecystectomy.mp4,lapchole/0065 - Laparoscopic Cholecystectomy.mp4,00:21:20,How many different foreign object instances appear in this frame? Please provide a number.,3,number,n_instances_total,
lapchole__5025238,lapchole,0065 - Laparoscopic Cholecystectomy.mp4,lapchole/0065 - Laparoscopic Cholecystectomy.mp4,00:29:57,There is one surgical foreign object visible in the frame. What surgical foreign object is visible in this video frame? Please provide a class name.,Clip,fo_class,,1.0
lapchole__5025319,lapchole,0149 - Laparoscopic Cholecystectomy.mp4,lapchole/0149 - Laparoscopic Cholecystectomy.mp4,00:26:43,There is one specimen visible in this frame. Is this foreign object currently grasped by an instrument?,Yes.,open_ended,,
lapchole__5025320,lapchole,0149 - Laparoscopic Cholecystectomy.mp4,lapchole/0149 - Laparoscopic Cholecystectomy.mp4,00:26:58,There is one specimen bag visible in this frame. Is this foreign object currently being grasped by an instrument?,No.,open_ended,,
lapchole__5026815,lapchole,0032 - Laparoscopic Cholecystectomy.mp4,lapchole/0032 - Laparoscopic Cholecystectomy.mp4,00:41:06,"At timepoint 00:41:06 please provide all relative central positions of foreign objects present in the frame. Please provide the answer in the following format: “number. object type: quadrant”, where number represents an enumeration starting with 1, object type is the type of the foreign object and quadrant is one of the following options: top/left, top/right, bottom/left, bottom/right. Respond “none” in case there are no foreign objects present at timepoint 00:41:06. For example: 1. Sponge: top/left 2. Sponge: top/right 3. Needle: bottom/left",1. Clip: bottom/right 2. Clip: top/right,open_ended,,
lapchole__5026828,lapchole,0065 - Laparoscopic Cholecystectomy.mp4,lapchole/0065 - Laparoscopic Cholecystectomy.mp4,00:29:32,How many Clips appear in this frame? Please provide a number.,5,number,n_instances_per_class,
lapchole__5026837,lapchole,0061 - Laparoscopic Cholecystectomy.mp4,lapchole/0061 - Laparoscopic Cholecystectomy.mp4,00:22:15,There is one surgical foreign object visible in the frame. What surgical foreign object is visible in this video frame? Please provide a class name.,Sponge,fo_class,,1.0
