qID,dataset,video,_video_key,timestamp_start,question,answer,answer_format,_subtmpl,_nclasses,probe_pred,probe_correct,token_head_pred,token_head_conf,one_split_exact,p0,p1,p2,p3,p4,p5,p6,p7,p8,p9,p10,p11,p12,token_head_correct
heico__2226865,heico,0023 - Heico - Sigma - 4.avi,heico/0023 - Heico - Sigma - 4.avi,00:03:59,How many different foreign object instances appear in this frame? Please provide a number.,1,number,n_instances_total,,1,True,1,0.8464360209283213,True,7.642227137694135e-05,0.8464224678989722,0.14708618819713593,0.005033012945204973,0.0009910590015351772,0.00022113513841759413,8.135107782436535e-05,2.9927390642114915e-05,2.811417834891472e-05,1.4136698155198246e-05,1.3859116538168646e-07,1.2109960899311378e-08,2.2624385986065198e-08,True
heico__2227130,heico,0023 - Heico - Sigma - 4.avi,heico/0023 - Heico - Sigma - 4.avi,01:13:23,How many different foreign object instances appear in this frame? Please provide a number.,10,number,n_instances_total,,6,False,6,0.71491181142704,False,2.351117473153863e-06,0.00012836666428484023,6.0636113630607724e-05,0.000448043632786721,0.004816923290491104,0.09675049036741257,0.7148948311805725,0.15951460599899292,0.021587952971458435,0.0017720471369102597,0.0,0.0,0.0,False
heico__2226968,heico,0023 - Heico - Sigma - 4.avi,heico/0023 - Heico - Sigma - 4.avi,01:12:55,How many different foreign object instances appear in this frame? Please provide a number.,11,number,n_instances_total,,7,False,7,0.552011353650954,False,2.3309905827773036e-06,0.0002377674973104149,1.3413924534688704e-05,2.667677472345531e-05,0.00019711616914719343,0.004214529413729906,0.23010551929473877,0.5519944429397583,0.20306743681430817,0.010110131464898586,0.0,0.0,0.0,False
heico__2227141,heico,0023 - Heico - Sigma - 4.avi,heico/0023 - Heico - Sigma - 4.avi,00:58:10,How many different foreign object instances appear in this frame? Please provide a number.,2,number,n_instances_total,,1,False,1,0.8544906861894265,True,4.395851647132076e-05,0.85447803635944,0.13103848695755005,0.0107562942430377,0.003081729868426919,0.00036806013667955995,0.00011949164036195725,3.8793255953351036e-05,4.395851647132076e-05,1.617143425391987e-05,1.5853894691723152e-07,1.893477622157671e-08,3.765629941337077e-08,False
heico__2227277,heico,0023 - Heico - Sigma - 4.avi,heico/0023 - Heico - Sigma - 4.avi,01:08:38,How many different foreign object instances appear in this frame? Please provide a number.,3,number,n_instances_total,,1,False,2,0.47133600764453354,True,1.3815749298373703e-05,0.4713278154529757,0.47132784128189087,0.049677588045597076,0.0067231301218271255,0.0007086127297952771,0.00013108017446938902,2.5811217710725032e-05,3.314225978101604e-05,1.3815749298373703e-05,1.5196484945496115e-08,2.1892610711418086e-09,3.8422729176061405e-09,False
heico__2227348,heico,0023 - Heico - Sigma - 4.avi,heico/0023 - Heico - Sigma - 4.avi,01:09:32,How many different foreign object instances appear in this frame? Please provide a number.,4,number,n_instances_total,,2,False,2,0.8326782017715695,False,5.11611733600148e-06,0.0008603986352682114,0.832672655582428,0.1639629453420639,0.0020639891736209393,0.0003586675156839192,5.5003445595502853e-05,5.11611733600148e-06,7.443907179549569e-06,2.0035001853102585e-06,0.0,0.0,0.0,False
heico__2226970,heico,0023 - Heico - Sigma - 4.avi,heico/0023 - Heico - Sigma - 4.avi,01:07:07,How many different foreign object instances appear in this frame? Please provide a number.,5,number,n_instances_total,,3,False,3,0.9689389302861713,False,2.190110762967379e-06,8.218329458031803e-05,0.013821105472743511,0.9689342975616455,0.015661364421248436,0.001285563106648624,0.0001739820436341688,1.8337572328164242e-05,1.1839626495202538e-05,4.355555120127974e-06,0.0,0.0,0.0,False
heico__2227110,heico,0023 - Heico - Sigma - 4.avi,heico/0023 - Heico - Sigma - 4.avi,01:11:53,How many different foreign object instances appear in this frame? Please provide a number.,6,number,n_instances_total,,3,False,4,0.5240696116709702,False,6.403560291801114e-06,0.0004778773873113096,0.023025421425700188,0.3178561329841614,0.5240561962127686,0.11693274229764938,0.015825124457478523,0.0011463682167232037,0.0005415059858933091,0.00010662885324563831,0.0,0.0,0.0,False
heico__2226933,heico,0023 - Heico - Sigma - 4.avi,heico/0023 - Heico - Sigma - 4.avi,01:12:09,How many different foreign object instances appear in this frame? Please provide a number.,7,number,n_instances_total,,5,False,5,0.5841554919347506,False,5.558864813792752e-06,0.0001729312352836132,0.0002851154131349176,0.006489196792244911,0.1476934254169464,0.584138810634613,0.24350528419017792,0.013737629167735577,0.0034734162036329508,0.00047007581451907754,0.0,0.0,0.0,False
heico__2227006,heico,0023 - Heico - Sigma - 4.avi,heico/0023 - Heico - Sigma - 4.avi,01:11:35,How many different foreign object instances appear in this frame? Please provide a number.,8,number,n_instances_total,,4,False,5,0.5065071706494874,False,5.130827958055306e-06,0.00011677711154334247,0.0020699240267276764,0.06049204245209694,0.3481076955795288,0.5064936876296997,0.07767332345247269,0.0038671267684549093,0.0009777628583833575,0.00016990969015751034,0.0,0.0,0.0,False
heico__2227164,heico,0023 - Heico - Sigma - 4.avi,heico/0023 - Heico - Sigma - 4.avi,01:13:09,How many different foreign object instances appear in this frame? Please provide a number.,9,number,n_instances_total,,4,False,5,0.574921238466596,False,2.58431350630417e-06,4.0425467886961997e-05,0.0003179709310643375,0.013520468026399612,0.3486974835395813,0.5749049186706543,0.06059453263878822,0.0016147897113114595,0.00023263250477612019,4.580805398290977e-05,0.0,0.0,0.0,False
heico__2227369,heico,0023 - Heico - Sigma - 4.avi,heico/0023 - Heico - Sigma - 4.avi,00:04:12,How many different foreign object classes appear in this frame? Please provide a number.,1,number,n_classes,,1,True,1,0.9991624327359356,True,1.2996371879125945e-05,0.9991600511853582,0.0008040570537559688,1.66876725415932e-05,2.5591373287170427e-06,5.710207346965035e-07,2.6973108901984233e-07,1.0562821728399285e-07,1.7415148079180653e-07,1.4437665640798514e-07,7.985247035728694e-11,1.477122035884377e-11,2.9376081808872016e-11,True
heico__2227843,heico,0023 - Heico - Sigma - 4.avi,heico/0023 - Heico - Sigma - 4.avi,00:58:13,How many different foreign object classes appear in this frame? Please provide a number.,2,number,n_classes,,1,False,1,0.9932106343834011,True,7.835737051209435e-06,0.9932076332070036,0.006692180410027504,7.913814624771476e-05,7.835737051209435e-06,1.2016492973998538e-06,4.7057261554073193e-07,1.626255397013665e-07,2.5187938490489614e-07,2.6812418241206615e-07,1.229411293545802e-10,3.108438456268145e-11,6.580564173325794e-11,False
heico__2228868,heico,0023 - Heico - Sigma - 4.avi,heico/0023 - Heico - Sigma - 4.avi,00:04:11,How many Sponges appear in this frame? Please provide a number.,1,number,n_instances_per_class,,1,True,1,0.9937072835292259,True,0.00022910747793503106,0.9937006180455815,0.005908759776502848,0.0001226323947776109,2.1310315787559375e-05,6.105507509346353e-06,2.246090843982529e-06,8.795817620921298e-07,1.060978206623986e-06,5.679006562786526e-07,2.9800686119749775e-09,4.033084221009882e-10,8.538039476807528e-10,True
heico__2229829,heico,0023 - Heico - Sigma - 4.avi,heico/0023 - Heico - Sigma - 4.avi,01:13:20,How many Clips appear in this frame? Please provide a number.,10,number,n_instances_per_class,,5,False,5,0.5345649185304904,False,6.952993317099754e-06,0.0001311933738179505,0.00043016645940952003,0.011094138957560062,0.13515427708625793,0.5345455408096313,0.2861216366291046,0.026613455265760422,0.0052405004389584064,0.0006258884677663445,0.0,0.0,0.0,False
heico__2229807,heico,0023 - Heico - Sigma - 4.avi,heico/0023 - Heico - Sigma - 4.avi,01:12:53,How many Clips appear in this frame? Please provide a number.,11,number,n_instances_per_class,,6,False,6,0.5032987757968833,False,1.2890691323264036e-06,2.2849297238280997e-05,5.777207206847379e-06,1.0793243745865766e-05,8.489543688483536e-05,0.004354305099695921,0.5032892823219299,0.44415122270584106,0.04681319370865822,0.0012475294061005116,0.0,0.0,0.0,False
heico__2229826,heico,0023 - Heico - Sigma - 4.avi,heico/0023 - Heico - Sigma - 4.avi,01:13:17,How many Clips appear in this frame? Please provide a number.,12,number,n_instances_per_class,,6,False,6,0.44774742896205144,False,3.3182980132551165e-06,0.00012451822112780064,2.610043520689942e-05,7.094833563314751e-05,0.0007627666345797479,0.022291304543614388,0.4477328360080719,0.4477328360080719,0.07780429720878601,0.0034184823743999004,0.0,0.0,0.0,False
heico__2229592,heico,0023 - Heico - Sigma - 4.avi,heico/0023 - Heico - Sigma - 4.avi,01:09:08,How many Clips appear in this frame? Please provide a number.,2,number,n_instances_per_class,,2,True,2,0.6561402076777763,False,0.0012665673857554793,0.24136504530906677,0.6560981869697571,0.08879323303699493,0.010604838840663433,0.0012665673857554793,0.0003202384104952216,8.619100117357448e-05,9.174984006676823e-05,4.333955075708218e-05,0.0,0.0,0.0,True
heico__2229636,heico,0023 - Heico - Sigma - 4.avi,heico/0023 - Heico - Sigma - 4.avi,01:09:55,How many Clips appear in this frame? Please provide a number.,3,number,n_instances_per_class,,2,False,2,0.8397975459554321,False,0.00011032053589588031,0.10029689967632294,0.8397756218910217,0.053685057908296585,0.005658363923430443,0.00031922306516207755,8.07122269179672e-05,1.4930262295820285e-05,2.312444121344015e-05,9.6397006927873e-06,0.0,0.0,0.0,False
heico__2229553,heico,0023 - Heico - Sigma - 4.avi,heico/0023 - Heico - Sigma - 4.avi,01:08:29,How many Clips appear in this frame? Please provide a number.,4,number,n_instances_per_class,,3,False,3,0.5792470654962111,False,3.5589505387179088e-06,3.1720577680971473e-05,0.013622330501675606,0.5792362093925476,0.39810284972190857,0.008262360468506813,0.0006782158743590117,2.0480345483520068e-05,1.9239503671997227e-05,4.292913672543364e-06,0.0,0.0,0.0,False
heico__2229498,heico,0023 - Heico - Sigma - 4.avi,heico/0023 - Heico - Sigma - 4.avi,01:07:13,How many Clips appear in this frame? Please provide a number.,5,number,n_instances_per_class,,3,False,3,0.9308127342947978,False,3.692510290420614e-06,7.894934242358431e-05,0.006271723657846451,0.9308063387870789,0.05950445309281349,0.0029625524766743183,0.00031225071870721877,2.904384382418357e-05,1.8752114556264132e-05,5.372570285544498e-06,0.0,0.0,0.0,False
heico__2229757,heico,0023 - Heico - Sigma - 4.avi,heico/0023 - Heico - Sigma - 4.avi,01:12:03,How many Clips appear in this frame? Please provide a number.,6,number,n_instances_per_class,,2,False,2,0.4484731189636334,False,2.1672854927601293e-05,0.009307357482612133,0.4484536051750183,0.4484536051750183,0.0779295414686203,0.013542125932872295,0.0018327273428440094,0.000248032680246979,0.00012471865920815617,4.310161602916196e-05,0.0,0.0,0.0,False
heico__2229740,heico,0023 - Heico - Sigma - 4.avi,heico/0023 - Heico - Sigma - 4.avi,01:11:46,How many Clips appear in this frame? Please provide a number.,7,number,n_instances_per_class,,5,False,5,0.4911383459313084,False,2.073965333693195e-06,1.0532465239521116e-05,1.967723437701352e-05,0.00013658708485309035,0.0037498171441257,0.49112915992736816,0.49112915992736816,0.013088149018585682,0.0006516205612570047,6.451917579397559e-05,0.0,0.0,0.0,False
heico__2229781,heico,0023 - Heico - Sigma - 4.avi,heico/0023 - Heico - Sigma - 4.avi,01:12:27,How many Clips appear in this frame? Please provide a number.,8,number,n_instances_per_class,,4,False,4,0.4746967939762641,False,4.517294200923061e-06,2.5995233954745345e-05,0.00012401631101965904,0.004653678275644779,0.4746880829334259,0.4746880829334259,0.044152867048978806,0.0013333011884242296,0.00026254254044033587,4.856548912357539e-05,0.0,0.0,0.0,False
heico__2229818,heico,0023 - Heico - Sigma - 4.avi,heico/0023 - Heico - Sigma - 4.avi,01:13:09,How many Clips appear in this frame? Please provide a number.,9,number,n_instances_per_class,,4,False,5,0.500564811490222,False,3.9490055314672645e-06,3.3064618037315086e-05,0.0003137083549518138,0.015115316025912762,0.44173428416252136,0.5005505084991455,0.04108768701553345,0.0009662898373790085,0.00013920724450144917,2.7411531846155412e-05,0.0,0.0,0.0,False
heico__2227262,heico,0023 - Heico - Sigma - 4.avi,heico/0023 - Heico - Sigma - 4.avi,00:54:42,How many different foreign object instances appear in this frame? Please provide a number.,1,number,n_instances_total,,1,True,1,0.9654454382357612,True,4.383081613923423e-05,0.9654377978843292,0.03303546831011772,0.000997584662400186,0.00036699092015624046,6.377345562214032e-05,2.203951771662105e-05,8.107885150820948e-06,1.1796902981586754e-05,4.619734227162553e-06,5.815379874358231e-08,5.75800529955832e-09,1.2189698341607721e-08,True
heico__2227225,heico,0023 - Heico - Sigma - 4.avi,heico/0023 - Heico - Sigma - 4.avi,01:13:32,How many different foreign object instances appear in this frame? Please provide a number.,10,number,n_instances_total,,5,False,5,0.6412611273499496,False,2.2449123662227066e-06,2.911246701842174e-05,8.423972030868754e-05,0.0014027172001078725,0.07658576220273972,0.6412447690963745,0.26731058955192566,0.011744807474315166,0.0014027172001078725,0.00016753067029640079,0.0,0.0,0.0,False
heico__2226902,heico,0023 - Heico - Sigma - 4.avi,heico/0023 - Heico - Sigma - 4.avi,01:13:30,How many different foreign object instances appear in this frame? Please provide a number.,11,number,n_instances_total,,6,False,6,0.5997775722943497,False,1.3556611975218402e-06,4.217338573653251e-05,9.410154234501533e-06,2.120610952260904e-05,0.00015669311687815934,0.00518896384164691,0.5997626781463623,0.36377444863319397,0.029860423877835274,0.0011578142875805497,0.0,0.0,0.0,False
heico__2227240,heico,0023 - Heico - Sigma - 4.avi,heico/0023 - Heico - Sigma - 4.avi,00:58:50,How many different foreign object instances appear in this frame? Please provide a number.,2,number,n_instances_total,,3,False,3,0.39566201188322636,False,3.355794251547195e-05,0.01738344505429268,0.21177372336387634,0.3956453800201416,0.23997105658054352,0.11335430294275284,0.01738344505429268,0.0030207897070795298,0.0011112865759059787,0.000280977226793766,0.0,0.0,0.0,False
heico__2227291,heico,0023 - Heico - Sigma - 4.avi,heico/0023 - Heico - Sigma - 4.avi,01:21:01,How many different foreign object instances appear in this frame? Please provide a number.,3,number,n_instances_total,,2,False,2,0.6508839286115968,False,1.3958255294710398e-05,0.21130779385566711,0.6508738398551941,0.113104909658432,0.02227167785167694,0.002071588998660445,0.00024741599918343127,3.348411701153964e-05,4.299445208744146e-05,1.6836871509440243e-05,0.0,0.0,0.0,False
heico__2227340,heico,0023 - Heico - Sigma - 4.avi,heico/0023 - Heico - Sigma - 4.avi,01:20:53,How many different foreign object instances appear in this frame? Please provide a number.,4,number,n_instances_total,,2,False,2,0.8414407529867304,False,5.2214083552826196e-05,0.047469958662986755,0.8414251208305359,0.1004939004778862,0.009347389452159405,0.0009852075017988682,0.0001510864676674828,2.1766070858575404e-05,2.6254892873112112e-05,8.523714313923847e-06,0.0,0.0,0.0,False
heico__2227284,heico,0023 - Heico - Sigma - 4.avi,heico/0023 - Heico - Sigma - 4.avi,01:21:19,How many different foreign object instances appear in this frame? Please provide a number.,5,number,n_instances_total,,1,False,1,0.8532660125968139,True,2.5010778699652292e-05,0.8532481389854365,0.11547471582889557,0.022738318890333176,0.006514637265354395,0.0012828081380575895,0.0004164668789599091,0.00011209053627680987,0.00011931975313927978,4.6726283471798524e-05,6.261309407867782e-07,6.199535469034274e-08,1.3124418396448887e-07,False
heico__2227322,heico,0023 - Heico - Sigma - 4.avi,heico/0023 - Heico - Sigma - 4.avi,01:13:27,How many different foreign object instances appear in this frame? Please provide a number.,6,number,n_instances_total,,3,False,3,0.3544433065558204,False,1.0389177987235598e-05,0.000995519571006298,0.03735659271478653,0.3544294834136963,0.3544294834136963,0.2149723470211029,0.03296707570552826,0.003066415898501873,0.0014484723797068,0.0002852211182471365,0.0,0.0,0.0,False
heico__2226941,heico,0023 - Heico - Sigma - 4.avi,heico/0023 - Heico - Sigma - 4.avi,01:12:11,How many different foreign object instances appear in this frame? Please provide a number.,7,number,n_instances_total,,6,False,6,0.8533310225697546,False,1.5021265653558658e-06,5.636688365484588e-05,2.6625832106219605e-05,0.00011932870256714523,0.0027159086894243956,0.03749196231365204,0.8533130884170532,0.08993853628635406,0.01562897488474846,0.000686689221765846,0.0,0.0,0.0,False
heico__2227209,heico,0023 - Heico - Sigma - 4.avi,heico/0023 - Heico - Sigma - 4.avi,01:13:24,How many different foreign object instances appear in this frame? Please provide a number.,8,number,n_instances_total,,6,False,6,0.6867687157820213,False,2.7243338536209194e-06,0.00014874358021188527,0.00014874358021188527,0.0028065857477486134,0.023499254137277603,0.19675685465335846,0.6867488622665405,0.07238280028104782,0.016150785610079765,0.0013257372193038464,0.0,0.0,0.0,False
heico__2227144,heico,0023 - Heico - Sigma - 4.avi,heico/0023 - Heico - Sigma - 4.avi,01:13:06,How many different foreign object instances appear in this frame? Please provide a number.,9,number,n_instances_total,,3,False,4,0.4215818414063414,False,4.5459660213964526e-06,0.00043560692574828863,0.023783333599567413,0.28974032402038574,0.4215696454048157,0.22564998269081116,0.034604545682668686,0.003218723926693201,0.0008138209232129157,0.00015054171672090888,0.0,0.0,0.0,False
heico__2227601,heico,0023 - Heico - Sigma - 4.avi,heico/0023 - Heico - Sigma - 4.avi,00:52:01,How many different foreign object classes appear in this frame? Please provide a number.,1,number,n_classes,,1,True,1,0.9984550693343495,True,8.385155524592847e-06,0.9984536168343751,0.0015011142240837216,2.749387022049632e-05,5.763027274952037e-06,1.0014640565714217e-06,4.4439696011977503e-07,1.9719996657840966e-07,3.054292676551995e-07,2.2345685124491865e-07,1.0246009359845183e-10,2.935530862897831e-11,6.214518513902279e-11,True
heico__2227564,heico,0023 - Heico - Sigma - 4.avi,heico/0023 - Heico - Sigma - 4.avi,00:58:41,How many different foreign object classes appear in this frame? Please provide a number.,2,number,n_classes,,2,True,2,0.993100030984021,False,2.1087278128106846e-06,0.0066914428025484085,0.9930981993675232,0.00020206406770739704,3.700932438732707e-06,3.233838867799932e-07,1.3480645577601535e-07,4.9592525641628527e-08,7.215669484139653e-08,5.982000317317215e-08,0.0,0.0,0.0,True
heico__2229231,heico,0023 - Heico - Sigma - 4.avi,heico/0023 - Heico - Sigma - 4.avi,00:54:11,How many Sponges appear in this frame? Please provide a number.,1,number,n_instances_per_class,,1,True,1,0.9969143760659022,True,0.00012302845425438136,0.9969099129456795,0.002800114918500185,0.00012302845425438136,2.7451360438135453e-05,6.125226263975492e-06,2.3986729047464905e-06,1.1330529332553851e-06,1.5486998563574161e-06,7.787351137267251e-07,1.6002673299624094e-09,2.780847857924829e-10,6.670906953179983e-10,True
heico__2229846,heico,0023 - Heico - Sigma - 4.avi,heico/0023 - Heico - Sigma - 4.avi,01:13:37,How many Clips appear in this frame? Please provide a number.,10,number,n_instances_per_class,,6,False,6,0.6336388096308135,False,3.435642611293588e-06,6.482582102762535e-05,3.469876173767261e-05,0.00018757974612526596,0.006211787927895784,0.1815350502729416,0.6336195468902588,0.16020411252975464,0.016885388642549515,0.0012231735745444894,0.0,0.0,0.0,False
heico__2229839,heico,0023 - Heico - Sigma - 4.avi,heico/0023 - Heico - Sigma - 4.avi,01:13:30,How many Clips appear in this frame? Please provide a number.,11,number,n_instances_per_class,,6,False,6,0.6336960114320682,False,1.524707499811484e-06,2.2405414711101912e-05,6.833265615568962e-06,1.6392152247135527e-05,0.00014610165089834481,0.007039572577923536,0.6336820721626282,0.33918559551239014,0.01913554035127163,0.0007419654284603894,0.0,0.0,0.0,False
heico__2229828,heico,0023 - Heico - Sigma - 4.avi,heico/0023 - Heico - Sigma - 4.avi,01:13:19,How many Clips appear in this frame? Please provide a number.,12,number,n_instances_per_class,,6,False,7,0.4860845889979129,False,4.625582732842304e-06,0.00025254825595766306,3.0162587790982798e-05,9.290731395594776e-05,0.0007307726191356778,0.018846875056624413,0.37854960560798645,0.4860673248767853,0.10845628380775452,0.006933377590030432,0.0,0.0,0.0,False
heico__2229778,heico,0023 - Heico - Sigma - 4.avi,heico/0023 - Heico - Sigma - 4.avi,01:20:12,How many Clips appear in this frame? Please provide a number.,2,number,n_instances_per_class,,2,True,2,0.4833994135094439,False,0.024064911529421806,0.10785146057605743,0.48335668444633484,0.29317066073417664,0.0839947909116745,0.006084562744945288,0.0009330979082733393,0.0002082022838294506,0.0001837378804339096,6.349811155814677e-05,0.0,0.0,0.0,True
heico__2229645,heico,0023 - Heico - Sigma - 4.avi,heico/0023 - Heico - Sigma - 4.avi,01:21:32,How many Clips appear in this frame? Please provide a number.,3,number,n_instances_per_class,,2,False,2,0.3314674170460576,False,0.20099613070487976,0.17737846076488495,0.33138659596443176,0.20099613070487976,0.08378764986991882,0.004726975690573454,0.0003424209717195481,5.950384002062492e-05,5.5898686696309596e-05,2.6404668460600078e-05,0.0,0.0,0.0,False
heico__2229491,heico,0023 - Heico - Sigma - 4.avi,heico/0023 - Heico - Sigma - 4.avi,01:21:19,How many Clips appear in this frame? Please provide a number.,4,number,n_instances_per_class,,2,False,2,0.41764252436559024,False,0.3252292573451996,0.0565163716673851,0.41760262846946716,0.1740826815366745,0.023559529334306717,0.00248315604403615,0.000296570680802688,5.8398236433276907e-05,5.1536258979467675e-05,2.4344004486920312e-05,0.0,0.0,0.0,False
heico__2229570,heico,0023 - Heico - Sigma - 4.avi,heico/0023 - Heico - Sigma - 4.avi,01:08:46,How many Clips appear in this frame? Please provide a number.,5,number,n_instances_per_class,,4,False,4,0.4594015996696065,False,4.653632913687034e-06,5.6692861107876524e-05,0.0005378868663683534,0.07044928520917892,0.45938700437545776,0.4054076075553894,0.062171269208192825,0.001462128246203065,0.00041890674037858844,7.279507553903386e-05,0.0,0.0,0.0,False
heico__2229847,heico,0023 - Heico - Sigma - 4.avi,heico/0023 - Heico - Sigma - 4.avi,01:13:38,How many Clips appear in this frame? Please provide a number.,6,number,n_instances_per_class,,5,False,5,0.6403550952120973,False,5.051848347648047e-06,4.229860860505141e-05,0.00018956922576762736,0.0033601948525756598,0.20788788795471191,0.6403397917747498,0.14287912845611572,0.004314575344324112,0.0008495902875438333,0.00010801328608067706,0.0,0.0,0.0,False
heico__2229837,heico,0023 - Heico - Sigma - 4.avi,heico/0023 - Heico - Sigma - 4.avi,01:13:28,How many Clips appear in this frame? Please provide a number.,7,number,n_instances_per_class,,5,False,5,0.5103529603793932,False,8.523450560460333e-06,7.136598287615925e-05,0.0008694157004356384,0.047468483448028564,0.39744874835014343,0.510334312915802,0.041890792548656464,0.001433424185961485,0.0003624263626988977,7.596868817927316e-05,0.0,0.0,0.0,False
heico__2229831,heico,0023 - Heico - Sigma - 4.avi,heico/0023 - Heico - Sigma - 4.avi,01:13:22,How many Clips appear in this frame? Please provide a number.,8,number,n_instances_per_class,,5,False,5,0.6114862994977198,False,4.257251930539496e-06,2.9551189072662964e-05,0.0003832255897577852,0.014380435459315777,0.28883877396583557,0.6114716529846191,0.08275368809700012,0.0017174981767311692,0.0003381954156793654,5.8769554016180336e-05,0.0,0.0,0.0,False
heico__2229842,heico,0023 - Heico - Sigma - 4.avi,heico/0023 - Heico - Sigma - 4.avi,01:13:33,How many Clips appear in this frame? Please provide a number.,9,number,n_instances_per_class,,6,False,6,0.6075520283321052,False,2.907138650698471e-06,8.495904330629855e-05,2.758216214715503e-05,0.0001491077709943056,0.0021911226212978363,0.05650979280471802,0.607537567615509,0.28698042035102844,0.044009871780872345,0.0024828671012073755,0.0,0.0,0.0,False
heico__2227320,heico,0023 - Heico - Sigma - 4.avi,heico/0023 - Heico - Sigma - 4.avi,01:08:25,How many different foreign object instances appear in this frame? Please provide a number.,1,number,n_instances_total,,1,True,1,0.9443204326082366,True,3.338836904731579e-05,0.9443077900569422,0.053274206817150116,0.00206566508859396,0.00024670848506502807,3.554173235897906e-05,1.2282893294468522e-05,3.1056019906827714e-06,5.120271907799179e-06,2.7406842946220422e-06,4.7155999376237317e-08,4.970206209171772e-09,9.884434977492138e-09,True
heico__2226878,heico,0023 - Heico - Sigma - 4.avi,heico/0023 - Heico - Sigma - 4.avi,01:13:35,How many different foreign object instances appear in this frame? Please provide a number.,10,number,n_instances_total,,5,False,6,0.5798607477630378,False,1.5809407614142401e-06,3.175404344801791e-05,4.620185791281983e-05,0.00046662226668559015,0.01545240730047226,0.35169517993927,0.5798472762107849,0.0475967638194561,0.004427188541740179,0.0004117926873732358,0.0,0.0,0.0,False
heico__2227050,heico,0023 - Heico - Sigma - 4.avi,heico/0023 - Heico - Sigma - 4.avi,01:13:31,How many different foreign object instances appear in this frame? Please provide a number.,11,number,n_instances_total,,6,False,6,0.6517494645499955,False,2.0135312297497876e-06,0.00015995460853446275,3.14969292958267e-05,0.00010993508476531133,0.0011103050783276558,0.025270424783229828,0.651732861995697,0.2716826796531677,0.04721137136220932,0.0026634831447154284,0.0,0.0,0.0,False
heico__2227248,heico,0023 - Heico - Sigma - 4.avi,heico/0023 - Heico - Sigma - 4.avi,01:19:18,How many different foreign object instances appear in this frame? Please provide a number.,2,number,n_instances_total,,3,False,3,0.5067769913606431,False,7.951052793941926e-06,0.003013339824974537,0.27125221490859985,0.5067658424377441,0.1864287555217743,0.028589773923158646,0.0034145612735301256,0.00031760366982780397,0.00015002537111286074,3.793235373450443e-05,0.0,0.0,0.0,False
heico__2226989,heico,0023 - Heico - Sigma - 4.avi,heico/0023 - Heico - Sigma - 4.avi,01:09:55,How many different foreign object instances appear in this frame? Please provide a number.,3,number,n_instances_total,,2,False,2,0.7405926010755065,False,4.3171559809707105e-05,0.21217824518680573,0.740574836730957,0.04178037494421005,0.004989953711628914,0.00028151393053121865,8.58569037518464e-05,1.3166582903068047e-05,2.0392802980495617e-05,8.500984222337138e-06,0.0,0.0,0.0,False
heico__2227205,heico,0023 - Heico - Sigma - 4.avi,heico/0023 - Heico - Sigma - 4.avi,01:09:27,How many different foreign object instances appear in this frame? Please provide a number.,4,number,n_instances_total,,2,False,2,0.9144078802404649,False,1.049630645866273e-05,0.0037369439378380775,0.914400041103363,0.07505852729082108,0.006161178927868605,0.00050574034685269,8.78844948601909e-05,1.049630645866273e-05,1.6256999515462667e-05,3.861375262204092e-06,0.0,0.0,0.0,False
heico__2227189,heico,0023 - Heico - Sigma - 4.avi,heico/0023 - Heico - Sigma - 4.avi,01:10:31,How many different foreign object instances appear in this frame? Please provide a number.,5,number,n_instances_total,,2,False,2,0.9353258959227438,False,1.295057973038638e-05,0.013341575860977173,0.9353167414665222,0.0465666763484478,0.004331375937908888,0.0003137637977488339,7.933191227493808e-05,1.0736407602962572e-05,1.3785818737233058e-05,3.274419213994406e-06,0.0,0.0,0.0,False
heico__2226930,heico,0023 - Heico - Sigma - 4.avi,heico/0023 - Heico - Sigma - 4.avi,01:10:59,How many different foreign object instances appear in this frame? Please provide a number.,6,number,n_instances_total,,5,False,5,0.5173773602292628,False,4.625059773388784e-06,8.726846863282844e-05,0.0009987347293645144,0.042467281222343445,0.35557422041893005,0.5173574090003967,0.07933933287858963,0.003485926892608404,0.0005345841636881232,0.00011205492774024606,0.0,0.0,0.0,False
heico__2227002,heico,0023 - Heico - Sigma - 4.avi,heico/0023 - Heico - Sigma - 4.avi,01:10:07,How many different foreign object instances appear in this frame? Please provide a number.,7,number,n_instances_total,,4,False,4,0.5780918909855028,False,2.2932499632588588e-06,3.3699063351377845e-05,0.0003197278128936887,0.02241464890539646,0.5780814290046692,0.35062411427497864,0.04745181277394295,0.0007669871556572616,0.0002490042825229466,3.818604091065936e-05,0.0,0.0,0.0,False
heico__2227247,heico,0023 - Heico - Sigma - 4.avi,heico/0023 - Heico - Sigma - 4.avi,01:11:21,How many different foreign object instances appear in this frame? Please provide a number.,8,number,n_instances_total,,4,False,4,0.6702133091684074,False,1.6125775346154114e-06,2.36966552620288e-05,0.0016612637555226684,0.13197050988674164,0.6702015995979309,0.19201597571372986,0.003985164221376181,9.372209024149925e-05,2.36966552620288e-05,5.287437943479745e-06,0.0,0.0,0.0,False
heico__2226959,heico,0023 - Heico - Sigma - 4.avi,heico/0023 - Heico - Sigma - 4.avi,01:11:41,How many different foreign object instances appear in this frame? Please provide a number.,9,number,n_instances_total,,5,False,5,0.6558366697052391,False,3.1381880489789182e-06,4.332134631113149e-05,0.00017133924120571464,0.003441440872848034,0.14633379876613617,0.6558225750923157,0.18789631128311157,0.005007266532629728,0.001117272418923676,0.00014204521721694618,0.0,0.0,0.0,False
heico__2227675,heico,0023 - Heico - Sigma - 4.avi,heico/0023 - Heico - Sigma - 4.avi,01:10:10,How many different foreign object classes appear in this frame? Please provide a number.,1,number,n_classes,,1,True,1,0.9974973441854237,True,2.895053739848663e-06,0.9974961875754198,0.002472545951604843,2.4239987396867946e-05,2.254670107504353e-06,3.248160282964818e-07,1.534322251472986e-07,4.6794188079957166e-08,9.90632926800572e-08,9.3061345296519e-08,4.542279826760907e-11,1.1484682961315804e-11,2.5881131811621893e-11,True
heico__2227482,heico,0023 - Heico - Sigma - 4.avi,heico/0023 - Heico - Sigma - 4.avi,01:21:10,How many different foreign object classes appear in this frame? Please provide a number.,2,number,n_classes,,1,False,1,0.9986515702810866,True,3.72162298845069e-06,0.9986502527575457,0.0013249896001070738,1.6679157852195203e-05,2.2572785383090377e-06,3.6849056073151587e-07,1.6351670240055682e-07,4.986977941712212e-08,9.917789611790795e-08,9.917789611790795e-08,2.7582193375760328e-11,6.1544197167072015e-12,1.3869199399674837e-11,False
heico__2229468,heico,0023 - Heico - Sigma - 4.avi,heico/0023 - Heico - Sigma - 4.avi,00:58:57,How many Clips appear in this frame? Please provide a number.,1,number,n_instances_per_class,,2,False,2,0.5263069686961561,False,0.00010059458145406097,0.36171016097068787,0.5262851715087891,0.10363168269395828,0.0075070541352033615,0.0005438092048279941,0.00011398859351174906,2.5434295821469277e-05,2.7074667741544545e-05,1.3613997907668818e-05,0.0,0.0,0.0,False
heico__2229817,heico,0023 - Heico - Sigma - 4.avi,heico/0023 - Heico - Sigma - 4.avi,01:13:08,How many Clips appear in this frame? Please provide a number.,10,number,n_instances_per_class,,5,False,5,0.6422578962706825,False,5.066832272859756e-06,3.985372313763946e-05,0.00024413366918452084,0.009161047637462616,0.26772505044937134,0.6422390341758728,0.07670451700687408,0.0033701611682772636,0.0004025083326268941,7.925859245005995e-05,0.0,0.0,0.0,False
heico__2229840,heico,0023 - Heico - Sigma - 4.avi,heico/0023 - Heico - Sigma - 4.avi,01:13:31,How many Clips appear in this frame? Please provide a number.,11,number,n_instances_per_class,,6,False,6,0.6256178103333572,False,2.641821765791974e-06,0.00011957797687500715,2.8402260795701295e-05,9.913362737279385e-05,0.0010657870443537831,0.03529401868581772,0.6256014108657837,0.29551318287849426,0.03999336063861847,0.0022562709636986256,0.0,0.0,0.0,False
heico__2229479,heico,0023 - Heico - Sigma - 4.avi,heico/0023 - Heico - Sigma - 4.avi,01:06:47,How many Clips appear in this frame? Please provide a number.,2,number,n_instances_per_class,,2,True,2,0.5068671418208462,False,5.876109571545385e-05,0.005630649160593748,0.5068548321723938,0.4472978413105011,0.03671644255518913,0.003013869049027562,0.00031765946187078953,2.607507849461399e-05,4.871465716860257e-05,1.0869709512917325e-05,0.0,0.0,0.0,True
heico__2229777,heico,0023 - Heico - Sigma - 4.avi,heico/0023 - Heico - Sigma - 4.avi,01:12:23,How many Clips appear in this frame? Please provide a number.,3,number,n_instances_per_class,,4,False,5,0.5291413052947135,False,2.378564431637642e-06,2.1199914044700563e-05,0.00012199708726257086,0.001684117945842445,0.4120900630950928,0.5291340947151184,0.05577032268047333,0.0009014434181153774,0.00022792056552134454,3.283506885054521e-05,0.0,0.0,0.0,False
heico__2229601,heico,0023 - Heico - Sigma - 4.avi,heico/0023 - Heico - Sigma - 4.avi,01:09:20,How many Clips appear in this frame? Please provide a number.,4,number,n_instances_per_class,,2,False,3,0.5008649895984278,False,1.7708667655824684e-05,0.005563898012042046,0.44199514389038086,0.5008460879325867,0.046585943549871445,0.004333167802542448,0.0005175230908207595,4.8137149860849604e-05,4.248088225722313e-05,1.2170976333436556e-05,0.0,0.0,0.0,False
heico__2229656,heico,0023 - Heico - Sigma - 4.avi,heico/0023 - Heico - Sigma - 4.avi,01:10:16,How many Clips appear in this frame? Please provide a number.,5,number,n_instances_per_class,,2,False,2,0.8228152780741134,False,5.435101411421783e-05,0.017076581716537476,0.8227958083152771,0.1429804563522339,0.015070031397044659,0.0015883696032688022,0.00027601723559200764,6.158777250675485e-05,5.435101411421783e-05,1.878321018011775e-05,0.0,0.0,0.0,False
heico__2229811,heico,0023 - Heico - Sigma - 4.avi,heico/0023 - Heico - Sigma - 4.avi,01:12:57,How many Clips appear in this frame? Please provide a number.,6,number,n_instances_per_class,,5,False,5,0.6305756265451756,False,1.121051718655508e-05,0.00014538018149323761,0.0025769255589693785,0.045677099376916885,0.20471054315567017,0.6305528879165649,0.10957364737987518,0.005455351434648037,0.0010742224985733628,0.00018667186668608338,0.0,0.0,0.0,False
heico__2229799,heico,0023 - Heico - Sigma - 4.avi,heico/0023 - Heico - Sigma - 4.avi,01:12:45,How many Clips appear in this frame? Please provide a number.,7,number,n_instances_per_class,,4,False,5,0.4984853555048959,False,7.82090955908643e-06,3.731147444341332e-05,0.0004011361161246896,0.03186618909239769,0.43989917635917664,0.49847105145454407,0.028121814131736755,0.0009622755460441113,0.0001672184152994305,3.731147444341332e-05,0.0,0.0,0.0,False
heico__2229646,heico,0023 - Heico - Sigma - 4.avi,heico/0023 - Heico - Sigma - 4.avi,01:10:06,How many Clips appear in this frame? Please provide a number.,8,number,n_instances_per_class,,6,False,6,0.8153644814114842,False,3.665110853035003e-06,7.361572352238e-05,3.47736022376921e-05,0.00013753227540291846,0.001783545594662428,0.05212284252047539,0.8153384327888489,0.1103440597653389,0.01917492225766182,0.000954663148149848,0.0,0.0,0.0,False
heico__2229815,heico,0023 - Heico - Sigma - 4.avi,heico/0023 - Heico - Sigma - 4.avi,01:13:06,How many Clips appear in this frame? Please provide a number.,9,number,n_instances_per_class,,3,False,4,0.4385558728307452,False,1.1344218364683911e-05,0.00045314320595934987,0.024740781635046005,0.3014044165611267,0.43854081630706787,0.20715202391147614,0.024740781635046005,0.0023012510500848293,0.0005134784732945263,0.00010763094905996695,0.0,0.0,0.0,False
heico__2226887,heico,0023 - Heico - Sigma - 4.avi,heico/0023 - Heico - Sigma - 4.avi,01:24:56,How many different foreign object instances appear in this frame? Please provide a number.,1,number,n_instances_total,,3,False,3,0.585379294280048,False,8.105010238068644e-06,0.002710755215957761,0.16770847141742706,0.5853601098060608,0.2153419554233551,0.02571892738342285,0.002710755215957761,0.00023686312488280237,0.00013496054452843964,3.632413427112624e-05,0.0,0.0,0.0,False
heico__2227051,heico,0023 - Heico - Sigma - 4.avi,heico/0023 - Heico - Sigma - 4.avi,00:58:13,How many different foreign object instances appear in this frame? Please provide a number.,2,number,n_instances_total,,1,False,1,0.9537225337966513,True,4.329860530560836e-05,0.9537149601567334,0.04190332069993019,0.003035466419532895,0.0009854716481640935,0.0001940508809639141,5.918216993450187e-05,2.177190617658198e-05,2.4670800485182554e-05,9.661223884904757e-06,1.561588451530258e-07,1.5461819557604107e-08,3.273267411773278e-08,False
heico__2227191,heico,0023 - Heico - Sigma - 4.avi,heico/0023 - Heico - Sigma - 4.avi,01:19:29,How many different foreign object instances appear in this frame? Please provide a number.,3,number,n_instances_total,,3,True,3,0.5148821467170882,False,1.3318452147359494e-05,0.0034690999891608953,0.10138195008039474,0.5148600935935974,0.27558475732803345,0.08946926146745682,0.013720556162297726,0.0008771258872002363,0.0004694916133303195,0.00011151402577525005,0.0,0.0,0.0,True
heico__2227177,heico,0023 - Heico - Sigma - 4.avi,heico/0023 - Heico - Sigma - 4.avi,01:21:49,How many different foreign object instances appear in this frame? Please provide a number.,4,number,n_instances_total,,1,False,1,0.6930800900044423,True,1.3116492482367903e-05,0.6930582334855566,0.19856473803520203,0.0827740952372551,0.02092856913805008,0.0036368397995829582,0.0007161362445913255,0.00013247187598608434,0.00010316920088371262,4.0401639125775546e-05,5.762967545759932e-07,3.921748974074196e-08,7.799328804551589e-08,False
heico__2226885,heico,0023 - Heico - Sigma - 4.avi,heico/0023 - Heico - Sigma - 4.avi,01:21:39,How many different foreign object instances appear in this frame? Please provide a number.,5,number,n_instances_total,,2,False,1,0.4304522539270366,True,1.7245607523364015e-05,0.43043735543714745,0.29583510756492615,0.2033243030309677,0.06600973755121231,0.003724014386534691,0.0005039905081503093,4.990182424080558e-05,4.40382027591113e-05,1.9541834262781776e-05,1.1619971696187544e-07,1.2247361503529618e-08,2.435678724411858e-08,False
heico__2227161,heico,0023 - Heico - Sigma - 4.avi,heico/0023 - Heico - Sigma - 4.avi,01:11:50,How many different foreign object instances appear in this frame? Please provide a number.,6,number,n_instances_total,,4,False,5,0.5694620417697089,False,3.2868208563741064e-06,4.537316272035241e-05,0.00019102815713267773,0.009204251691699028,0.3048029839992523,0.5694469213485718,0.11213073879480362,0.0033860551193356514,0.0006667537963949144,9.60549950832501e-05,0.0,0.0,0.0,False
heico__2227066,heico,0023 - Heico - Sigma - 4.avi,heico/0023 - Heico - Sigma - 4.avi,01:10:04,How many different foreign object instances appear in this frame? Please provide a number.,7,number,n_instances_total,,4,False,4,0.6745871121220061,False,7.274083145[redacted-port]2e-06,0.00032925017876550555,0.0066131665371358395,0.07109823077917099,0.6745612621307373,0.218997985124588,0.026155579835176468,0.0013022096827626228,0.0007898300536908209,0.00010689187183743343,0.0,0.0,0.0,False
heico__2227308,heico,0023 - Heico - Sigma - 4.avi,heico/0023 - Heico - Sigma - 4.avi,01:12:01,How many different foreign object instances appear in this frame? Please provide a number.,8,number,n_instances_total,,4,False,5,0.5502249043283802,False,3.1758002023707377e-06,4.967787754139863e-05,0.0004427740932442248,0.014662663452327251,0.33372068405151367,0.5502123832702637,0.09561257064342499,0.004200923256576061,0.0009373528300784528,0.00013503847003448755,0.0,0.0,0.0,False
heico__2227552,heico,0023 - Heico - Sigma - 4.avi,heico/0023 - Heico - Sigma - 4.avi,01:26:23,How many different foreign object classes appear in this frame? Please provide a number.,1,number,n_classes,,2,False,2,0.6935819544200899,False,3.1177100936474744e-06,0.014394461177289486,0.6935639977455139,0.28912049531936646,0.00283443764783442,4.876919410889968e-05,5.4717515922675375e-06,1.2996549685340142e-06,1.2209128499307553e-06,8.391202754864935e-07,0.0,0.0,0.0,False
heico__2227835,heico,0023 - Heico - Sigma - 4.avi,heico/0023 - Heico - Sigma - 4.avi,00:56:32,How many different foreign object classes appear in this frame? Please provide a number.,2,number,n_classes,,2,True,2,0.9954921034683762,False,1.752405864863249e-06,0.004068337380886078,0.9954892992973328,0.00042879959801211953,7.853737770346925e-06,6.446741167565051e-07,2.2279341749253945e-07,7.69953416579483e-08,1.192527179227909e-07,7.69953416579483e-08,0.0,0.0,0.0,True
heico__2228952,heico,0023 - Heico - Sigma - 4.avi,heico/0023 - Heico - Sigma - 4.avi,01:26:03,How many Sponges appear in this frame? Please provide a number.,1,number,n_instances_per_class,,1,True,1,0.9688069113881147,True,0.0012853712541982532,0.9687897532035367,0.029254915192723274,0.0005358224734663963,8.217103459173813e-05,1.9517332475516014e-05,6.74500961395097e-06,3.1861168281466234e-06,3.391603968339041e-06,1.4138307733446709e-06,1.5551281799141828e-09,2.5386771862058767e-10,5.048762423501424e-10,True
heico__2229844,heico,0023 - Heico - Sigma - 4.avi,heico/0023 - Heico - Sigma - 4.avi,01:13:35,How many Clips appear in this frame? Please provide a number.,10,number,n_instances_per_class,,5,False,6,0.5555611012243494,False,2.345994289498776e-06,2.2258172975853086e-05,3.2385454687755555e-05,0.0003072646213695407,0.013065224513411522,0.3818218410015106,0.5555474758148193,0.045602113008499146,0.0033034058287739754,0.00027116009732708335,0.0,0.0,0.0,False
heico__2229581,heico,0023 - Heico - Sigma - 4.avi,heico/0023 - Heico - Sigma - 4.avi,01:19:59,How many Clips appear in this frame? Please provide a number.,2,number,n_instances_per_class,,2,True,2,0.625294379176181,False,0.0002530147321522236,0.33468589186668396,0.6252755522727966,0.03527563437819481,0.003718024119734764,0.0005701775080524385,0.00011951568740187213,2.6667554266168736e-05,3.0218301617424004e-05,1.5194715160760097e-05,0.0,0.0,0.0,True
heico__2229830,heico,0023 - Heico - Sigma - 4.avi,heico/0023 - Heico - Sigma - 4.avi,01:21:05,How many Clips appear in this frame? Please provide a number.,3,number,n_instances_per_class,,2,False,3,0.3058277076368593,False,0.238141268491745,0.060211535543203354,0.26984938979148865,0.30577942728996277,0.1124899759888649,0.011856354773044586,0.001102812821045518,0.00018002923752646893,0.0001691218203632161,6.221644434845075e-05,0.0,0.0,0.0,True
heico__2229591,heico,0023 - Heico - Sigma - 4.avi,heico/0023 - Heico - Sigma - 4.avi,01:21:44,How many Clips appear in this frame? Please provide a number.,4,number,n_instances_per_class,,2,False,2,0.3619409389700548,False,0.13313493132591248,0.13313493132591248,0.3618982136249542,0.2818466126918793,0.08075040578842163,0.007510957773774862,0.001151842763647437,0.0002570108335930854,0.00014644036127720028,5.060843614046462e-05,0.0,0.0,0.0,False
heico__2229620,heico,0023 - Heico - Sigma - 4.avi,heico/0023 - Heico - Sigma - 4.avi,01:09:39,How many Clips appear in this frame? Please provide a number.,5,number,n_instances_per_class,,1,False,1,0.9869048072006356,True,0.0001772079849615693,0.9869001453862101,0.012423239648342133,0.0004250998899806291,5.0770944653777406e-05,1.1328528671583626e-05,3.455005980868009e-06,1.2710256669379305e-06,1.6320292388627422e-06,1.121676291404583e-06,2.9596742649566738e-09,4.005483474226133e-10,8.479608694628124e-10,False
heico__2229795,heico,0023 - Heico - Sigma - 4.avi,heico/0023 - Heico - Sigma - 4.avi,01:12:41,How many Clips appear in this frame? Please provide a number.,6,number,n_instances_per_class,,5,False,5,0.5847842676111966,False,6.712487902404973e-06,6.779372779419646e-05,0.0006846923497505486,0.017658449709415436,0.3130035102367401,0.5847675204277039,0.07913967221975327,0.003940132446587086,0.0006042388849891722,9.8639284260571e-05,0.0,0.0,0.0,False
heico__2229745,heico,0023 - Heico - Sigma - 4.avi,heico/0023 - Heico - Sigma - 4.avi,01:11:51,How many Clips appear in this frame? Please provide a number.,7,number,n_instances_per_class,,3,False,3,0.701535147998477,False,1.3276688150654081e-05,0.0011951294727623463,0.15653106570243835,0.7015235424041748,0.12190650403499603,0.016498252749443054,0.0019704352598637342,0.0002076823584502563,0.00011116434325231239,2.6403846277389675e-05,0.0,0.0,0.0,False
heico__2229833,heico,0023 - Heico - Sigma - 4.avi,heico/0023 - Heico - Sigma - 4.avi,01:13:24,How many Clips appear in this frame? Please provide a number.,8,number,n_instances_per_class,,5,False,6,0.5889606235601794,False,4.100382284377702e-06,7.26810103515163e-05,0.0001125705530284904,0.00240686465986073,0.029321612790226936,0.3152370750904083,0.5889403820037842,0.054779984056949615,0.008400782942771912,0.0006895782425999641,0.0,0.0,0.0,False
heico__2229843,heico,0023 - Heico - Sigma - 4.avi,heico/0023 - Heico - Sigma - 4.avi,01:13:34,How many Clips appear in this frame? Please provide a number.,9,number,n_instances_per_class,,5,False,5,0.5075895753411412,False,2.0135664726694813e-06,2.0336299712653272e-05,2.1647878384101205e-05,0.0001812554692151025,0.019680971279740334,0.50757896900177,0.4479368329048157,0.022301463410258293,0.002074359217658639,0.0001812554692151025,0.0,0.0,0.0,False
heico__2227315,heico,0023 - Heico - Sigma - 4.avi,heico/0023 - Heico - Sigma - 4.avi,01:28:48,How many different foreign object instances appear in this frame? Please provide a number.,1,number,n_instances_total,,2,False,1,0.4362068999859226,True,1.5422821888932958e-05,0.43619599889171257,0.3397102653980255,0.18183380365371704,0.035805199295282364,0.004845707211643457,0.0010812233667820692,0.00024125352501869202,0.00017650485096964985,6.912029493832961e-05,3.627090310523028e-07,5.562322796913489e-08,9.170720102717502e-08,True
heico__2226969,heico,0023 - Heico - Sigma - 4.avi,heico/0023 - Heico - Sigma - 4.avi,00:58:48,How many different foreign object instances appear in this frame? Please provide a number.,2,number,n_instances_total,,1,False,1,0.7827220174915777,True,4.8570222134003416e-05,0.7827045220939733,0.197898730635643,0.016244515776634216,0.0024911772925406694,0.0004066734982188791,0.00010945469693979248,3.1359290005639195e-05,2.94593301077839e-05,1.3072498404653743e-05,8.808166097701017e-08,9.28373856769667e-09,1.5306297858485213e-08,False
heico__2227278,heico,0023 - Heico - Sigma - 4.avi,heico/0023 - Heico - Sigma - 4.avi,01:12:34,How many different foreign object instances appear in this frame? Please provide a number.,3,number,n_instances_total,,1,False,1,0.5721961168142298,True,3.779648613999598e-05,0.5721840635034077,0.3932560384273529,0.028487369418144226,0.004950362723320723,0.0007591627072542906,0.0001803169579943642,5.499356484506279e-05,4.853164864471182e-05,2.023100205406081e-05,5.014761106320536e-08,7.224448743290439e-09,1.118944380358336e-08,False
heico__2227252,heico,0023 - Heico - Sigma - 4.avi,heico/0023 - Heico - Sigma - 4.avi,01:09:28,How many different foreign object instances appear in this frame? Please provide a number.,4,number,n_instances_total,,2,False,2,0.8564697314332441,False,1.5226884897856507e-05,0.008396435528993607,0.8564596772193909,0.131342351436615,0.0030888759065419436,0.0005367661360651255,0.0001056955152307637,1.5226884897856507e-05,2.081268212350551e-05,7.192670182121219e-06,0.0,0.0,0.0,False
heico__2227089,heico,0023 - Heico - Sigma - 4.avi,heico/0023 - Heico - Sigma - 4.avi,01:10:54,How many different foreign object instances appear in this frame? Please provide a number.,5,number,n_instances_total,,2,False,2,0.6575266615468688,False,2.474760367476847e-05,0.007304374594241381,0.6575188040733337,0.31058990955352783,0.019855348393321037,0.003909749444574118,0.0005995795363560319,8.11442660051398e-05,8.11442660051398e-05,2.3248223442351446e-05,0.0,0.0,0.0,False
heico__2227352,heico,0023 - Heico - Sigma - 4.avi,heico/0023 - Heico - Sigma - 4.avi,01:09:51,How many different foreign object instances appear in this frame? Please provide a number.,6,number,n_instances_total,,3,False,4,0.5004136066074814,False,2.5489164272585185e-06,6.997712625889108e-05,0.00297550274990499,0.20859885215759277,0.5004026293754578,0.2678462564945221,0.01940271630883217,0.0004563081602100283,0.00019021754269488156,3.3054850064218044e-05,0.0,0.0,0.0,False
heico__2227237,heico,0023 - Heico - Sigma - 4.avi,heico/0023 - Heico - Sigma - 4.avi,01:10:02,How many different foreign object instances appear in this frame? Please provide a number.,7,number,n_instances_total,,4,False,5,0.6725413591759056,False,2.5062645363505e-06,3.250173540436663e-05,0.00014566266327165067,0.003529083216562867,0.21833665668964386,0.6725242137908936,0.10313493758440018,0.0016670209588482976,0.0005412024329416454,6.0721235058736056e-05,0.0,0.0,0.0,False
heico__2226951,heico,0023 - Heico - Sigma - 4.avi,heico/0023 - Heico - Sigma - 4.avi,01:12:13,How many different foreign object instances appear in this frame? Please provide a number.,8,number,n_instances_total,,4,False,5,0.5759706553311718,False,3.7669756238756236e-06,0.00013279046106617898,0.0002480852708686143,0.0034247112926095724,0.08832447230815887,0.5759478807449341,0.3082827031612396,0.019707852974534035,0.0034247112926095724,0.0004634842916857451,0.0,0.0,0.0,False
heico__2227384,heico,0023 - Heico - Sigma - 4.avi,heico/0023 - Heico - Sigma - 4.avi,01:29:39,How many different foreign object classes appear in this frame? Please provide a number.,1,number,n_classes,,1,True,1,0.8782272156051785,True,6.928552920726361e-06,0.8782187696160042,0.11885398626327515,0.0027951779775321484,0.00010181435209233314,7.375406312348787e-06,2.394443981756922e-06,9.376777256875357e-07,1.5459692122021806e-06,1.4523037634717184e-06,2.449763244646249e-10,3.315394169360951e-11,7.018689168601923e-11,True
heico__2227398,heico,0023 - Heico - Sigma - 4.avi,heico/0023 - Heico - Sigma - 4.avi,00:58:53,How many different foreign object classes appear in this frame? Please provide a number.,2,number,n_classes,,2,True,2,0.9998065490295341,False,4.1803752992564114e-07,5.1434850320219994e-05,0.9998053908348083,0.00013981442316435277,1.5531978760918719e-06,1.3571691681590892e-07,4.4060833204184746e-08,1.6209073194772827e-08,2.0812860768160135e-08,1.3437793988657631e-08,0.0,0.0,0.0,True
heico__2229265,heico,0023 - Heico - Sigma - 4.avi,heico/0023 - Heico - Sigma - 4.avi,01:30:19,How many Sponges appear in this frame? Please provide a number.,1,number,n_instances_per_class,,1,True,1,0.9805522347177925,True,0.0008941275300458074,0.9805298982116941,0.017959032207727432,0.00047859203186817467,8.316681487485766e-05,1.8557024304755032e-05,6.41313590676873e-06,2.6733930553746177e-06,3.0293510917545063e-06,1.726072241581278e-06,3.3321024176277607e-09,4.2362927028947596e-10,9.546633797891317e-10,True
heico__2229727,heico,0023 - Heico - Sigma - 4.avi,heico/0023 - Heico - Sigma - 4.avi,01:11:33,How many Clips appear in this frame? Please provide a number.,10,number,n_instances_per_class,,7,False,7,0.6824994097585824,False,1.642132247070549e-06,2.413095899100881e-05,4.193331733404193e-06,6.494759418274043e-06,3.2983109122142196e-05,0.0013175057247281075,0.22157037258148193,0.6824848055839539,0.09236427396535873,0.0021721997763961554,0.0,0.0,0.0,False
heico__2229507,heico,0023 - Heico - Sigma - 4.avi,heico/0023 - Heico - Sigma - 4.avi,01:07:23,How many Clips appear in this frame? Please provide a number.,2,number,n_instances_per_class,,2,True,2,0.5717595374497985,False,0.000109281980257947,0.39294761419296265,0.5717353820800781,0.02846502885222435,0.0063514066860079765,0.0002462707634549588,5.849442823091522e-05,1.3893644791096449e-05,2.021513500949368e-05,1.0164809282287024e-05,0.0,0.0,0.0,True
heico__2229483,heico,0023 - Heico - Sigma - 4.avi,heico/0023 - Heico - Sigma - 4.avi,01:06:55,How many Clips appear in this frame? Please provide a number.,3,number,n_instances_per_class,,2,False,2,0.9922800568295315,False,1.290684758714633e-05,0.0009048398933373392,0.9922773838043213,0.006685912609100342,9.536941797705367e-05,1.6572719687246718e-05,2.541509047659929e-06,5.004528134122666e-07,9.349689094051428e-07,3.439558611262328e-07,0.0,0.0,0.0,False
heico__2229625,heico,0023 - Heico - Sigma - 4.avi,heico/0023 - Heico - Sigma - 4.avi,01:09:44,How many Clips appear in this frame? Please provide a number.,4,number,n_instances_per_class,,2,False,2,0.8157258681020284,False,0.00010066598042612895,0.031628310680389404,0.815704882144928,0.14174824953079224,0.009061663411557674,0.0013896510936319828,0.00024148514785338193,4.1963827243307605e-05,4.1963827243307605e-05,1.543762846267782e-05,0.0,0.0,0.0,False
heico__2229739,heico,0023 - Heico - Sigma - 4.avi,heico/0023 - Heico - Sigma - 4.avi,01:11:45,How many Clips appear in this frame? Please provide a number.,5,number,n_instances_per_class,,5,True,5,0.6607349460864218,False,4.059593265992589e-06,3.399055640329607e-05,0.00017261828179471195,0.002382921986281872,0.1148156002163887,0.6607182025909424,0.21450379490852356,0.006477453745901585,0.0007736214902251959,9.239591599907726e-05,0.0,0.0,0.0,True
heico__2229744,heico,0023 - Heico - Sigma - 4.avi,heico/0023 - Heico - Sigma - 4.avi,01:11:50,How many Clips appear in this frame? Please provide a number.,6,number,n_instances_per_class,,5,False,5,0.5920469690695009,False,4.6707359615538735e-06,3.451232987572439e-05,0.00017526808369439095,0.008444888517260551,0.316892147064209,0.5920324325561523,0.08012287318706512,0.0018843094585463405,0.00032744387863203883,5.690121543011628e-05,0.0,0.0,0.0,False
heico__2229637,heico,0023 - Heico - Sigma - 4.avi,heico/0023 - Heico - Sigma - 4.avi,01:09:56,How many Clips appear in this frame? Please provide a number.,7,number,n_instances_per_class,,3,False,2,0.415099342685703,False,1.1430080121499486e-05,0.0014970449265092611,0.41508907079696655,0.41508907079696655,0.15270274877548218,0.014203566126525402,0.0011658997973427176,9.57028751145117e-05,0.00010187519364990294,1.884501580207143e-05,0.0,0.0,0.0,False
heico__2229819,heico,0023 - Heico - Sigma - 4.avi,heico/0023 - Heico - Sigma - 4.avi,01:13:10,How many Clips appear in this frame? Please provide a number.,8,number,n_instances_per_class,,5,False,5,0.545246073262495,False,4.874204023508355e-06,5.240262908046134e-05,9.790100011741742e-05,0.0015314294723793864,0.04475492611527443,0.5452266335487366,0.37472841143608093,0.030759582296013832,0.0025249002501368523,0.00028328594635240734,0.0,0.0,0.0,False
heico__2229820,heico,0023 - Heico - Sigma - 4.avi,heico/0023 - Heico - Sigma - 4.avi,01:13:11,How many Clips appear in this frame? Please provide a number.,9,number,n_instances_per_class,,5,False,5,0.627080347927761,False,3.0005810458533233e-06,4.1421739297220483e-05,9.334533388027921e-05,0.001995811238884926,0.09616357088088989,0.6270652413368225,0.26139968633651733,0.011485100723803043,0.001554339425638318,0.00017439204384572804,0.0,0.0,0.0,False
heico__2227210,heico,0023 - Heico - Sigma - 4.avi,heico/0023 - Heico - Sigma - 4.avi,02:08:06,How many different foreign object instances appear in this frame? Please provide a number.,1,number,n_instances_total,,1,True,1,0.5892308471220277,True,2.360725738981273e-05,0.5892194365033827,0.4049643576145172,0.003970130812376738,0.0014605295145884156,0.00019766116747632623,7.740523142274469e-05,1.7271440810873173e-05,3.892178938258439e-05,1.1151279977639206e-05,1.2387932035405907e-07,1.226571262418239e-08,2.596651716311952e-08,True
heico__2227309,heico,0023 - Heico - Sigma - 4.avi,heico/0023 - Heico - Sigma - 4.avi,01:20:49,How many different foreign object instances appear in this frame? Please provide a number.,2,number,n_instances_total,,1,False,1,0.7934252524547153,True,3.6020908737555146e-05,0.7934132394551525,0.2006063014268875,0.005345976911485195,0.00049725326243788,5.938844333286397e-05,1.5015748431324027e-05,3.7965760384395253e-06,4.874899786955211e-06,2.956776143037132e-06,2.5581095158010552e-08,3.252271356153808e-09,6.076043129475714e-09,False
heico__2227357,heico,0023 - Heico - Sigma - 4.avi,heico/0023 - Heico - Sigma - 4.avi,01:19:25,How many different foreign object instances appear in this frame? Please provide a number.,3,number,n_instances_total,,2,False,2,0.480241467457961,False,7.609761087223887e-05,0.0347876250743866,0.4802283048629761,0.423799991607666,0.050615690648555756,0.008795688860118389,0.0013488625409081578,0.0001610986510058865,0.000125463746371679,3.3768112189136446e-05,0.0,0.0,0.0,False
heico__2227235,heico,0023 - Heico - Sigma - 4.avi,heico/0023 - Heico - Sigma - 4.avi,01:21:16,How many different foreign object instances appear in this frame? Please provide a number.,4,number,n_instances_total,,1,False,1,0.9287169985818544,True,1.7576261598151177e-05,0.9287075672733371,0.06727535277605057,0.003349442733451724,0.000513653620146215,9.501636668574065e-05,1.8709833966568112e-05,4.443975285539636e-06,5.360456725611584e-06,2.695407147257356e-06,1.933280187202788e-08,2.1690803365428363e-09,4.591943099062856e-09,False
heico__2227140,heico,0023 - Heico - Sigma - 4.avi,heico/0023 - Heico - Sigma - 4.avi,01:08:35,How many different foreign object instances appear in this frame? Please provide a number.,5,number,n_instances_total,,4,False,4,0.9866572474780995,False,7.707209306317964e-07,7.312396519409958e-06,0.00037505439831875265,0.0058668372221291065,0.9866503477096558,0.006647998001426458,0.00042499229311943054,1.0639473657647613e-05,7.78400499257259e-06,1.2707039331871783e-06,0.0,0.0,0.0,False
heico__2226875,heico,0023 - Heico - Sigma - 4.avi,heico/0023 - Heico - Sigma - 4.avi,01:12:32,How many different foreign object instances appear in this frame? Please provide a number.,6,number,n_instances_total,,4,False,5,0.5746090970205333,False,2.011594460782362e-06,1.4863784599583596e-05,0.000170107014128007,0.004387116990983486,0.39491572976112366,0.5745989680290222,0.025246117264032364,0.0005239664460532367,0.00010317510896129534,2.0316385416663252e-05,0.0,0.0,0.0,False
heico__2226866,heico,0023 - Heico - Sigma - 4.avi,heico/0023 - Heico - Sigma - 4.avi,01:12:39,How many different foreign object instances appear in this frame? Please provide a number.,7,number,n_instances_total,,5,False,6,0.5036958782301945,False,3.094715111728874e-06,0.00014911172911524773,0.00013159062655176967,0.001101795001886785,0.02841566689312458,0.3461736738681793,0.5036797523498535,0.09918041527271271,0.019529782235622406,0.0016031021950766444,0.0,0.0,0.0,False
heico__2226982,heico,0023 - Heico - Sigma - 4.avi,heico/0023 - Heico - Sigma - 4.avi,01:12:43,How many different foreign object instances appear in this frame? Please provide a number.,8,number,n_instances_total,,5,False,5,0.5749920481876912,False,1.7763928781278082e-06,1.1583537343540229e-05,2.610390401969198e-05,0.00019288320618215948,0.01352215651422739,0.5749767422676086,0.39517533779144287,0.01532261073589325,0.0006732285255566239,7.095776527421549e-05,0.0,0.0,0.0,False
heico__2227786,heico,0023 - Heico - Sigma - 4.avi,heico/0023 - Heico - Sigma - 4.avi,02:08:19,How many different foreign object classes appear in this frame? Please provide a number.,1,number,n_classes,,1,True,1,0.997478221635056,True,5.757377493864624e-06,0.9974747298914265,0.00247249286621809,3.7542817153735086e-05,4.483850261749467e-06,6.876206839478982e-07,3.051298449463502e-07,9.305934156600415e-08,1.9700662790000933e-07,2.0971246783574315e-07,6.208426472451549e-11,1.078862871869539e-11,2.431254877754232e-11,True
heico__2227365,heico,0023 - Heico - Sigma - 4.avi,heico/0023 - Heico - Sigma - 4.avi,01:21:18,How many different foreign object classes appear in this frame? Please provide a number.,2,number,n_classes,,1,False,1,0.9913493639990589,True,8.32546083984198e-06,0.9913455245375171,0.008576818741858006,5.7790151913650334e-05,5.72199951420771e-06,9.340908491139999e-07,3.6579521633939294e-07,1.432474761031699e-07,2.5140712978100055e-07,2.5140712978100055e-07,1.0829175692377923e-10,2.9146328656557807e-11,5.7964399000619234e-11,False
heico__2229273,heico,0023 - Heico - Sigma - 4.avi,heico/0023 - Heico - Sigma - 4.avi,02:08:45,How many Sponges appear in this frame? Please provide a number.,1,number,n_instances_per_class,,1,True,1,0.9835234220201087,True,0.00010711317736422643,0.9835128126989647,0.015897003933787346,0.0003738617233466357,7.361773896263912e-05,1.3617911463370547e-05,5.009749656892382e-06,1.96184623746376e-06,2.6815257569978712e-06,1.5278874343493953e-06,3.3422395941302946e-09,4.5232295722040255e-10,9.57567713702403e-10,True
heico__2229841,heico,0023 - Heico - Sigma - 4.avi,heico/0023 - Heico - Sigma - 4.avi,01:13:32,How many Clips appear in this frame? Please provide a number.,10,number,n_instances_per_class,,5,False,5,0.7235812761576619,False,3.0555038392776623e-06,1.8717231796472333e-05,5.7653127441881225e-05,0.000847206509206444,0.05939376354217529,0.7235641479492188,0.20730461180210114,0.008038072846829891,0.0006598051404580474,8.92949101398699e-05,0.0,0.0,0.0,False
heico__2229399,heico,0023 - Heico - Sigma - 4.avi,heico/0023 - Heico - Sigma - 4.avi,01:20:13,How many Clips appear in this frame? Please provide a number.,2,number,n_instances_per_class,,1,False,2,0.4318193907404704,False,0.0002542227157391608,0.336283802986145,0.43179693818092346,0.17999973893165588,0.04551105946302414,0.00479683093726635,0.0009445519535802305,0.000174724540556781,0.0001360756141366437,5.0059421482728794e-05,0.0,0.0,0.0,True
heico__2229415,heico,0023 - Heico - Sigma - 4.avi,heico/0023 - Heico - Sigma - 4.avi,01:21:46,How many Clips appear in this frame? Please provide a number.,3,number,n_instances_per_class,,3,True,3,0.45005348565752984,False,0.00024890454369597137,0.0782034769654274,0.39715003967285156,0.45002996921539307,0.06901433318853378,0.004411938600242138,0.0006765926373191178,0.00010375884448876604,8.080746920313686e-05,2.7926313123316504e-05,0.0,0.0,0.0,True
heico__2229452,heico,0023 - Heico - Sigma - 4.avi,heico/0023 - Heico - Sigma - 4.avi,01:21:36,How many Clips appear in this frame? Please provide a number.,4,number,n_instances_per_class,,1,False,2,0.4247628935126517,False,0.08362358063459396,0.37477490305900574,0.4246756136417389,0.09475793689489365,0.018658945336937904,0.0025252134073525667,0.00043881629244424403,0.00013383141777012497,0.0001424627989763394,6.321747787296772e-05,0.0,0.0,0.0,False
heico__2229669,heico,0023 - Heico - Sigma - 4.avi,heico/0023 - Heico - Sigma - 4.avi,01:10:31,How many Clips appear in this frame? Please provide a number.,5,number,n_instances_per_class,,2,False,2,0.9349036890068806,False,3.3055475796572864e-05,0.008088408038020134,0.9348928928375244,0.05274305120110512,0.0038206935860216618,0.00031362162553705275,6.997845048317686e-05,1.0731541806308087e-05,1.294471076107584e-05,3.074638243560912e-06,0.0,0.0,0.0,False
heico__2229681,heico,0023 - Heico - Sigma - 4.avi,heico/0023 - Heico - Sigma - 4.avi,01:10:43,How many Clips appear in this frame? Please provide a number.,6,number,n_instances_per_class,,3,False,3,0.7169200123548031,False,1.6365882402169518e-05,0.0005769172566942871,0.07556124031543732,0.7169051170349121,0.12457942217588425,0.07556124031543732,0.006202444899827242,0.0003499180020298809,0.00018729758448898792,3.925971032003872e-05,0.0,0.0,0.0,False
heico__2229748,heico,0023 - Heico - Sigma - 4.avi,heico/0023 - Heico - Sigma - 4.avi,01:11:54,How many Clips appear in this frame? Please provide a number.,7,number,n_instances_per_class,,3,False,4,0.6154497416782292,False,4.561219611787237e-06,0.00010381288302596658,0.005324584897607565,0.29071250557899475,0.6154383420944214,0.08329052478075027,0.004698929376900196,0.00030039253761060536,8.606390474596992e-05,2.1760362869827077e-05,0.0,0.0,0.0,False
heico__2229835,heico,0023 - Heico - Sigma - 4.avi,heico/0023 - Heico - Sigma - 4.avi,01:13:26,How many Clips appear in this frame? Please provide a number.,8,number,n_instances_per_class,,5,False,5,0.6058226021546419,False,4.779407390742563e-06,4.259839988662861e-05,0.0004302285669837147,0.011095741763710976,0.28616294264793396,0.6058069467544556,0.0929035022854805,0.0028054427821189165,0.0006259788642637432,9.599696932127699e-05,0.0,0.0,0.0,False
heico__2229824,heico,0023 - Heico - Sigma - 4.avi,heico/0023 - Heico - Sigma - 4.avi,01:13:15,How many Clips appear in this frame? Please provide a number.,9,number,n_instances_per_class,,3,False,4,0.4370222987191494,False,1.863819852587767e-05,0.0005116870743222535,0.01495368778705597,0.3403443694114685,0.43701082468032837,0.1821732074022293,0.02175748720765114,0.002293222350999713,0.0007445003720931709,0.0001661204732954502,0.0,0.0,0.0,False
heico__2227032,heico,0023 - Heico - Sigma - 4.avi,heico/0023 - Heico - Sigma - 4.avi,02:26:42,How many different foreign object instances appear in this frame? Please provide a number.,1,number,n_instances_total,,3,False,2,0.5773318005443129,False,4.554667611955665e-06,0.003889953950420022,0.5773203372955322,0.396786093711853,0.019754815846681595,0.0018374841893091798,0.0002486764278728515,7.12469918653369e-05,4.896729296888225e-05,1.8014061424764805e-05,0.0,0.0,0.0,False
heico__2227323,heico,0023 - Heico - Sigma - 4.avi,heico/0023 - Heico - Sigma - 4.avi,00:56:20,How many different foreign object instances appear in this frame? Please provide a number.,2,number,n_instances_total,,2,True,2,0.7003243886388728,False,2.052802301477641e-05,0.29193630814552307,0.7003188133239746,0.006865684408694506,0.0007236377568915486,8.642621105536819e-05,2.326129651919473e-05,5.5250425248232204e-06,7.5518378253036644e-06,4.3029076550737955e-06,0.0,0.0,0.0,True
heico__2227272,heico,0023 - Heico - Sigma - 4.avi,heico/0023 - Heico - Sigma - 4.avi,01:06:55,How many different foreign object instances appear in this frame? Please provide a number.,3,number,n_instances_total,,2,False,2,0.9933002423388202,False,6.1030336837575305e-06,0.0013178882654756308,0.9932979941368103,0.005212349351495504,0.00013890441914554685,1.8798666133079678e-05,3.4774038795148954e-06,6.042821496521356e-07,1.2017585504509043e-06,4.153166628384497e-07,0.0,0.0,0.0,False
heico__2227174,heico,0023 - Heico - Sigma - 4.avi,heico/0023 - Heico - Sigma - 4.avi,01:09:24,How many different foreign object instances appear in this frame? Please provide a number.,4,number,n_instances_total,,2,False,2,0.3587398452406941,False,1.9644699932541698e-05,0.11646052449941635,0.3587236702442169,0.31657251715660095,0.1694490611553192,0.03336649760603905,0.004515664651989937,0.000475947541417554,0.0002886767906602472,8.270727994386107e-05,0.0,0.0,0.0,False
heico__2226859,heico,0023 - Heico - Sigma - 4.avi,heico/0023 - Heico - Sigma - 4.avi,01:12:08,How many different foreign object instances appear in this frame? Please provide a number.,5,number,n_instances_total,,4,False,5,0.5022377318219536,False,5.764913566963514e-06,0.0002451303880661726,0.0008555891108699143,0.015165679156780243,0.3046107888221741,0.5022183060646057,0.16304640471935272,0.01042320765554905,0.00298629910685122,0.00040415165130980313,0.0,0.0,0.0,True
heico__2227156,heico,0023 - Heico - Sigma - 4.avi,heico/0023 - Heico - Sigma - 4.avi,01:10:36,How many different foreign object instances appear in this frame? Please provide a number.,6,number,n_instances_total,,3,False,3,0.6893018067650117,False,1.0814651432156097e-05,0.009832040406763554,0.05657948926091194,0.6892792582511902,0.19748182594776154,0.03431719169020653,0.011141161434352398,0.0007122306269593537,0.0004895085003226995,0.0001237671240232885,0.0,0.0,0.0,False
heico__2227056,heico,0023 - Heico - Sigma - 4.avi,heico/0023 - Heico - Sigma - 4.avi,01:11:07,How many different foreign object instances appear in this frame? Please provide a number.,7,number,n_instances_total,,3,False,4,0.45932466595310917,False,7.671257662877906e-06,0.0011385156540200114,0.03327230364084244,0.40533962845802307,0.45930999517440796,0.09044349193572998,0.009532674215734005,0.0006094034761190414,0.0002540371788199991,6.033911995473318e-05,0.0,0.0,0.0,False
heico__2227332,heico,0023 - Heico - Sigma - 4.avi,heico/0023 - Heico - Sigma - 4.avi,01:11:47,How many different foreign object instances appear in this frame? Please provide a number.,8,number,n_instances_total,,5,False,5,0.5926469252106503,False,3.2133991680893814e-06,9.390928607899696e-05,0.001144049339927733,0.062462978065013885,0.2470458596944809,0.5926322340965271,0.09088309854269028,0.004524802789092064,0.0010096201440319419,0.0001754456607159227,0.0,0.0,0.0,False
heico__2227450,heico,0023 - Heico - Sigma - 4.avi,heico/0023 - Heico - Sigma - 4.avi,02:26:11,How many different foreign object classes appear in this frame? Please provide a number.,1,number,n_classes,,1,True,1,0.9971203563484446,True,1.0100905456056353e-05,0.9971187113232923,0.002800701418891549,5.812669769511558e-05,7.866592568461783e-06,1.367008962915861e-06,5.698540803678043e-07,2.0963760505310347e-07,3.9165462339951773e-07,3.050209329558129e-07,6.206210561730159e-11,1.670379056129776e-11,3.1206789433292265e-11,True
heico__2227836,heico,0023 - Heico - Sigma - 4.avi,heico/0023 - Heico - Sigma - 4.avi,00:56:33,How many different foreign object classes appear in this frame? Please provide a number.,2,number,n_classes,,2,True,2,0.9989621252966435,False,1.06659501852846e-06,0.0009109348175115883,0.998961329460144,0.00012328161392360926,2.2579818050871836e-06,1.853464368650748e-07,6.818513753614752e-08,2.356415329529682e-08,3.220837996309456e-08,2.356415329529682e-08,0.0,0.0,0.0,True
heico__2229366,heico,0023 - Heico - Sigma - 4.avi,heico/0023 - Heico - Sigma - 4.avi,02:26:02,How many External drains appear in this frame? Please provide a number.,1,number,n_instances_per_class,,1,True,1,0.8511082782563949,True,5.6220807891804725e-05,0.851101753184557,0.1478992998600006,0.0007761043380014598,0.0001190194598166272,2.3436321498593315e-05,7.60865941629163e-06,2.62948219642567e-06,4.335283392720157e-06,1.923770469147712e-06,1.548121263875986e-09,2.230280199902956e-10,5.026014152272932e-10,True
heico__2229772,heico,0023 - Heico - Sigma - 4.avi,heico/0023 - Heico - Sigma - 4.avi,01:12:18,How many Clips appear in this frame? Please provide a number.,2,number,n_instances_per_class,,2,True,2,0.7238298514275984,False,0.00010121909872395918,0.03603649511933327,0.7238123416900635,0.20737572014331818,0.02806524932384491,0.0037982186768203974,0.0005824756808578968,0.00011469626042526215,6.535196007462218e-05,2.40416411543265e-05,0.0,0.0,0.0,True
heico__2229773,heico,0023 - Heico - Sigma - 4.avi,heico/0023 - Heico - Sigma - 4.avi,01:12:19,How many Clips appear in this frame? Please provide a number.,3,number,n_instances_per_class,,3,True,3,0.6077424303490351,False,3.32807467202656e-05,0.0015064016915857792,0.1356019526720047,0.6077257990837097,0.19729967415332794,0.04988516867160797,0.006751223932951689,0.0008063186542131007,0.0002966280735563487,6.618667248403654e-05,0.0,0.0,0.0,True
heico__2229624,heico,0023 - Heico - Sigma - 4.avi,heico/0023 - Heico - Sigma - 4.avi,01:09:43,How many Clips appear in this frame? Please provide a number.,4,number,n_instances_per_class,,1,False,1,0.9566429873133544,True,5.9363446780480444e-05,0.956636426767523,0.0420316718518734,0.0011201060842722654,0.00011805831309175119,1.8104828996001743e-05,4.8728484216553625e-06,1.3960944897917216e-06,1.9082349353993777e-06,1.2320490441197762e-06,1.123483295266826e-09,1.5204694438283604e-10,3.218833535116294e-10,False
heico__2229668,heico,0023 - Heico - Sigma - 4.avi,heico/0023 - Heico - Sigma - 4.avi,01:10:30,How many Clips appear in this frame? Please provide a number.,5,number,n_instances_per_class,,2,False,2,0.6932847054367643,False,1.7933680283022113e-05,0.00220653903670609,0.6932739019393921,0.2889995574951172,0.012697754427790642,0.00220653903670609,0.0004923453670926392,4.041416832478717e-05,4.041416832478717e-05,9.017619959195144e-06,0.0,0.0,0.0,False
heico__2229697,heico,0023 - Heico - Sigma - 4.avi,heico/0023 - Heico - Sigma - 4.avi,01:10:59,How many Clips appear in this frame? Please provide a number.,6,number,n_instances_per_class,,5,False,4,0.4726914455572241,False,9.52251320995856e-06,9.034707909449935e-05,0.001504414132796228,0.07248672842979431,0.47267284989356995,0.41713231801986694,0.03424030542373657,0.001504414132796228,0.00026142795104533434,5.833246177644469e-05,0.0,0.0,0.0,False
heico__2229718,heico,0023 - Heico - Sigma - 4.avi,heico/0023 - Heico - Sigma - 4.avi,01:11:24,How many Clips appear in this frame? Please provide a number.,7,number,n_instances_per_class,,3,False,3,0.6341363050542309,False,1.64031680469634e-05,0.0005782315856777132,0.052050746977329254,0.6341079473495483,0.2643355131149292,0.04593462496995926,0.00259145419113338,0.00024104279873427004,7.825513603165746e-05,2.106208194163628e-05,0.0,0.0,0.0,False
heico__2229810,heico,0023 - Heico - Sigma - 4.avi,heico/0023 - Heico - Sigma - 4.avi,01:12:56,How many Clips appear in this frame? Please provide a number.,8,number,n_instances_per_class,,4,False,5,0.6297467983005247,False,5.288567535899347e-06,4.15978065575473e-05,0.00019845204951707274,0.003744515124708414,0.29746371507644653,0.6297306418418884,0.06637311726808548,0.0020042946562170982,0.0003482941829133779,6.442794256145135e-05,0.0,0.0,0.0,False
heico__2229822,heico,0023 - Heico - Sigma - 4.avi,heico/0023 - Heico - Sigma - 4.avi,01:13:13,How many Clips appear in this frame? Please provide a number.,9,number,n_instances_per_class,,3,False,3,0.6613166902998716,False,1.5096529750735499e-05,0.0006030287477187812,0.04790451005101204,0.66130131483078,0.24327918887138367,0.042275577783584595,0.003932241350412369,0.00046963925706222653,0.0001524695398984477,4.368325608083978e-05,0.0,0.0,0.0,False
heico__2226873,heico,0023 - Heico - Sigma - 4.avi,heico/0023 - Heico - Sigma - 4.avi,00:04:16,How many different foreign object instances appear in this frame? Please provide a number.,1,number,n_instances_total,,1,True,1,0.9363739979134464,True,0.00027720342040993273,0.9363562194949415,0.0598592646420002,0.002630032831802964,0.0006649763672612607,0.00012300827074795961,3.3107226045103744e-05,1.2964976122020744e-05,1.563874502608087e-05,8.370817340619396e-06,1.84935050039916e-07,1.5180391560482015e-08,2.664242047862266e-08,True
heico__2227155,heico,0023 - Heico - Sigma - 4.avi,heico/0023 - Heico - Sigma - 4.avi,01:06:43,How many different foreign object instances appear in this frame? Please provide a number.,2,number,n_instances_total,,2,True,2,0.7790893617362439,False,1.8932012608274817e-05,0.04980418458580971,0.7790685296058655,0.15340767800807953,0.016169050708413124,0.0011712821433320642,0.00026134838117286563,2.7545916964299977e-05,3.322671545902267e-05,1.1482845366117544e-05,0.0,0.0,0.0,True
heico__2227254,heico,0023 - Heico - Sigma - 4.avi,heico/0023 - Heico - Sigma - 4.avi,01:20:22,How many different foreign object instances appear in this frame? Please provide a number.,3,number,n_instances_total,,1,False,1,0.9731112147743916,True,5.006114224670455e-05,0.9731028140876804,0.02593231201171875,0.0006910727242939174,0.00015419916599057615,3.898765135090798e-05,1.117015017371159e-05,3.4067036267515505e-06,4.956724296789616e-06,2.341390654692077e-06,3.555208069075468e-08,3.306858610093141e-09,6.5764737121581844e-09,False
heico__2227280,heico,0023 - Heico - Sigma - 4.avi,heico/0023 - Heico - Sigma - 4.avi,01:22:00,How many different foreign object instances appear in this frame? Please provide a number.,4,number,n_instances_total,,2,False,2,0.3655712715524003,True,2.4147253498085774e-05,0.3655540299239726,0.3655545115470886,0.22172001004219055,0.043659258633852005,0.0027910429053008556,0.00048501056153327227,6.56390402582474e-05,7.437878230120987e-05,2.5704619474709034e-05,3.444408647113269e-07,2.6560424819425494e-08,4.962141182206514e-08,False
heico__2227047,heico,0023 - Heico - Sigma - 4.avi,heico/0023 - Heico - Sigma - 4.avi,01:07:13,How many different foreign object instances appear in this frame? Please provide a number.,5,number,n_instances_total,,3,False,3,0.9028403970567985,False,2.0407026113389293e-06,9.83265636023134e-05,0.006893223617225885,0.9028341770172119,0.08397665619850159,0.005368447862565517,0.0007265404565259814,5.263041384750977e-05,3.192196163581684e-05,9.145794138021301e-06,0.0,0.0,0.0,False
heico__2227183,heico,0023 - Heico - Sigma - 4.avi,heico/0023 - Heico - Sigma - 4.avi,01:10:39,How many different foreign object instances appear in this frame? Please provide a number.,6,number,n_instances_total,,1,False,1,0.5155977690665107,True,3.4057757147820666e-05,0.5155851233337957,0.4550023376941681,0.02566947601735592,0.00306578166782856,0.0004701528523582965,9.854938980424777e-05,1.8229804481961764e-05,2.0657073037000373e-05,1.1056935363740195e-05,3.746143802315041e-08,4.762687736265394e-09,8.897872670279555e-09,False
heico__2226897,heico,0023 - Heico - Sigma - 4.avi,heico/0023 - Heico - Sigma - 4.avi,01:10:03,How many different foreign object instances appear in this frame? Please provide a number.,7,number,n_instances_total,,4,False,5,0.5718837548548819,False,2.0020540887344396e-06,1.5747375073260628e-05,0.00019184227858204395,0.017269091680645943,0.39304274320602417,0.5718737840652466,0.017269091680645943,0.00021738579380325973,8.512949716532603e-05,1.5747375073260628e-05,0.0,0.0,0.0,False
heico__2226881,heico,0023 - Heico - Sigma - 4.avi,heico/0023 - Heico - Sigma - 4.avi,01:10:06,How many different foreign object instances appear in this frame? Please provide a number.,8,number,n_instances_total,,6,False,6,0.8125766470096757,False,2.8446327178244246e-06,0.00011362845543771982,4.4497541239252314e-05,0.0001873416331363842,0.0022822886239737272,0.05194464325904846,0.812550961971283,0.10996681451797485,0.02165374904870987,0.0012216209433972836,0.0,0.0,0.0,False
heico__2227364,heico,0023 - Heico - Sigma - 4.avi,heico/0023 - Heico - Sigma - 4.avi,00:03:57,How many different foreign object classes appear in this frame? Please provide a number.,1,number,n_classes,,1,True,1,0.9946614640507402,True,5.447011790238321e-05,0.9946560856952893,0.005219475831836462,5.7983139413408935e-05,4.200284365651896e-06,1.061998318618862e-06,4.7125885771492904e-07,1.96449931877396e-07,3.2389118587161647e-07,3.2389118587161647e-07,1.4851157060868468e-10,2.580744225986954e-11,4.529346908416993e-11,True
heico__2227795,heico,0023 - Heico - Sigma - 4.avi,heico/0023 - Heico - Sigma - 4.avi,01:21:27,How many different foreign object classes appear in this frame? Please provide a number.,2,number,n_classes,,1,False,1,0.9977722668786504,True,7.394802651106147e-06,0.9977693554835632,0.002182611497119069,3.113328421022743e-05,4.774443823407637e-06,8.296738656099478e-07,3.4585954722388124e-07,1.4417570071145747e-07,2.693556382382667e-07,2.2330370086365292e-07,1.3147121931553515e-10,3.122715262526367e-11,6.210260265636855e-11,False
heico__2228865,heico,0023 - Heico - Sigma - 4.avi,heico/0023 - Heico - Sigma - 4.avi,00:03:59,How many Sponges appear in this frame? Please provide a number.,1,number,n_instances_per_class,,1,True,1,0.9827203709733767,True,0.0010154291521757841,0.9827073141931756,0.01588398404419422,0.00029092535260133445,5.728659380110912e-05,1.641288326936774e-05,6.841908088972559e-06,3.2318885132553987e-06,3.44032741850242e-06,1.8414744999972754e-06,4.288006090628489e-09,5.121292588573381e-10,1.018490708676958e-09,True
heico__2229670,heico,0023 - Heico - Sigma - 4.avi,heico/0023 - Heico - Sigma - 4.avi,01:20:34,How many Clips appear in this frame? Please provide a number.,2,number,n_instances_per_class,,3,False,3,0.4212850459839841,False,4.883787187281996e-05,0.07320404797792435,0.2555072605609894,0.4212602376937866,0.22548435628414154,0.020973311737179756,0.0028384290635585785,0.00033900202834047377,0.00021887614275328815,6.67534550302662e-05,0.0,0.0,0.0,False
heico__2229408,heico,0023 - Heico - Sigma - 4.avi,heico/0023 - Heico - Sigma - 4.avi,01:21:24,How many Clips appear in this frame? Please provide a number.,3,number,n_instances_per_class,,1,False,1,0.9448907221525229,True,0.0056[redacted-port]262011528,0.9448757608380788,0.047042593359947205,0.002066907472908497,0.0002468568563926965,8.014269405975938e-05,2.7696574761648662e-05,8.991761205834337e-06,1.018900002236478e-05,6.5785129663709085e-06,9.890386256443051e-09,9.199492888638623e-10,1.9475323076835617e-09,False
heico__2229725,heico,0023 - Heico - Sigma - 4.avi,heico/0023 - Heico - Sigma - 4.avi,01:21:20,How many Clips appear in this frame? Please provide a number.,4,number,n_instances_per_class,,2,False,2,0.5958093973224813,False,0.19341914355754852,0.13293489813804626,0.5957728624343872,0.07115492969751358,0.005840752273797989,0.0006156106828711927,0.00012903900642413646,2.8792497687391005e-05,3.0649454856757075e-05,1.2002498806396034e-05,0.0,0.0,0.0,False
heico__2229492,heico,0023 - Heico - Sigma - 4.avi,heico/0023 - Heico - Sigma - 4.avi,01:07:07,How many Clips appear in this frame? Please provide a number.,5,number,n_instances_per_class,,3,False,3,0.9742184743905655,False,4.379287929623388e-06,6.435316754505038e-05,0.013896414078772068,0.9742138981819153,0.0108225392177701,0.0008883680566214025,8.263110066764057e-05,1.2671889635385014e-05,7.220225597848184e-06,2.82748101199104e-06,0.0,0.0,0.0,False
heico__2229629,heico,0023 - Heico - Sigma - 4.avi,heico/0023 - Heico - Sigma - 4.avi,01:09:48,How many Clips appear in this frame? Please provide a number.,6,number,n_instances_per_class,,3,False,3,0.49174682056438607,False,3.9180085877887905e-05,0.0216047540307045,0.4339430630207062,0.4917219281196594,0.045737262815237045,0.006189865525811911,0.0005757471662946045,6.87631982145831e-05,5.0308226491324604e-05,1.8507362256059423e-05,0.0,0.0,0.0,False
heico__2229742,heico,0023 - Heico - Sigma - 4.avi,heico/0023 - Heico - Sigma - 4.avi,01:11:48,How many Clips appear in this frame? Please provide a number.,7,number,n_instances_per_class,,5,False,5,0.6542736440009984,False,3.5475466120260535e-06,3.161894346703775e-05,8.074178913375363e-05,0.0014311826089397073,0.060855425894260406,0.6542575359344482,0.2727351188659668,0.009332481771707535,0.0011146061588078737,0.00013312071678228676,0.0,0.0,0.0,False
heico__2229834,heico,0023 - Heico - Sigma - 4.avi,heico/0023 - Heico - Sigma - 4.avi,01:13:25,How many Clips appear in this frame? Please provide a number.,8,number,n_instances_per_class,,4,False,5,0.519014131182786,False,9.227133887179662e-06,0.00012737665383610874,0.001871786080300808,0.05470160394906998,0.31478601694107056,0.5189943909645081,0.10219604521989822,0.005765507463365793,0.0012864585733041167,0.00022355295368470252,0.0,0.0,0.0,False
heico__2229735,heico,0023 - Heico - Sigma - 4.avi,heico/0023 - Heico - Sigma - 4.avi,01:11:41,How many Clips appear in this frame? Please provide a number.,9,number,n_instances_per_class,,5,False,5,0.6852914491914728,False,4.482028089114465e-06,3.5253880923846737e-05,0.00014842436939943582,0.003173453500494361,0.15290555357933044,0.6852750778198242,0.15290555357933044,0.004617347382009029,0.000802374619524926,0.00010858959285542369,0.0,0.0,0.0,False
heico__2227077,heico,0023 - Heico - Sigma - 4.avi,heico/0023 - Heico - Sigma - 4.avi,00:51:37,How many different foreign object instances appear in this frame? Please provide a number.,1,number,n_instances_total,,1,True,1,0.9115570113135161,True,2.0809293346246704e-05,0.9115479469104977,0.08478717505931854,0.002560351276770234,0.0008312242571264505,0.00014444511907640845,4.991889727534726e-05,1.7251508324989118e-05,2.21513764699921e-05,8.674604032421485e-06,7.989025966101667e-08,8.963438638442375e-09,1.8975598894834664e-08,True
heico__2227324,heico,0023 - Heico - Sigma - 4.avi,heico/0023 - Heico - Sigma - 4.avi,01:19:56,How many different foreign object instances appear in this frame? Please provide a number.,2,number,n_instances_total,,2,True,2,0.45661390327302936,False,4.6714587369933724e-05,0.27694010734558105,0.4565970301628113,0.21568118035793304,0.042470138520002365,0.006513006519526243,0.0012824871810153127,0.00022286285820882767,0.00015317123325075954,5.6348548241658136e-05,0.0,0.0,0.0,True
heico__2227188,heico,0023 - Heico - Sigma - 4.avi,heico/0023 - Heico - Sigma - 4.avi,01:12:40,How many different foreign object instances appear in this frame? Please provide a number.,3,number,n_instances_total,,3,True,3,0.6476977477499991,False,6.9842999437241815e-06,0.0005212161340750754,0.1637612283229828,0.6476882100105286,0.1637612283229828,0.022162672132253647,0.0018192230490967631,0.00016921407950576395,7.508830458391458e-05,2.0209741705912165e-05,0.0,0.0,0.0,True
heico__2227123,heico,0023 - Heico - Sigma - 4.avi,heico/0023 - Heico - Sigma - 4.avi,01:12:20,How many different foreign object instances appear in this frame? Please provide a number.,4,number,n_instances_total,,3,False,3,0.5332573512673989,False,7.859488505346235e-06,0.0019231535261496902,0.09266271442174911,0.5332371592521667,0.2854212820529938,0.07216580212116241,0.012540536001324654,0.0013217628002166748,0.000550992670468986,0.0001308722421526909,0.0,0.0,0.0,False
heico__2226972,heico,0023 - Heico - Sigma - 4.avi,heico/0023 - Heico - Sigma - 4.avi,01:09:34,How many different foreign object instances appear in this frame? Please provide a number.,5,number,n_instances_total,,2,False,2,0.9377518670205659,False,1.2197488103993237e-05,0.01717534288764,0.9377419352531433,0.041201505810022354,0.003382025519385934,0.00035646287142299116,9.012792725116014e-05,8.923872883315198e-06,1.6671991033945233e-05,4.2153392314503435e-06,0.0,0.0,0.0,False
heico__2227288,heico,0023 - Heico - Sigma - 4.avi,heico/0023 - Heico - Sigma - 4.avi,01:12:02,How many different foreign object instances appear in this frame? Please provide a number.,6,number,n_instances_total,,4,False,4,0.5308379807235805,False,6.093248430261156e-06,0.0005484967259690166,0.00757176335901022,0.1723325401544571,0.5308216214179993,0.2507423758506775,0.03393428772687912,0.0027854961808770895,0.001024726778268814,0.0002017806691583246,0.0,0.0,0.0,False
heico__2227045,heico,0023 - Heico - Sigma - 4.avi,heico/0023 - Heico - Sigma - 4.avi,01:12:12,How many different foreign object instances appear in this frame? Please provide a number.,7,number,n_instances_total,,6,False,6,0.56379621789598,False,1.973716280190274e-06,5.090281047159806e-05,4.781876123161055e-05,0.0003118175081908703,0.013258818536996841,0.3874794840812683,0.5637792944908142,0.031806252896785736,0.0029584423173218966,0.00027517799753695726,0.0,0.0,0.0,False
heico__2227857,heico,0023 - Heico - Sigma - 4.avi,heico/0023 - Heico - Sigma - 4.avi,00:56:56,How many different foreign object classes appear in this frame? Please provide a number.,1,number,n_classes,,1,True,1,0.9625396921399751,True,9.750548997544684e-06,0.9625329969773706,0.03732145577669144,0.00011878601071657613,7.593735062982887e-06,1.1645370250334963e-06,4.854512667407107e-07,1.8425653536269238e-07,3.1343091677626944e-07,3.1343091677626944e-07,5.990944091295143e-11,1.7164344015212313e-11,4.11751195667007e-11,True
heico__2227699,heico,0023 - Heico - Sigma - 4.avi,heico/0023 - Heico - Sigma - 4.avi,00:58:40,How many different foreign object classes appear in this frame? Please provide a number.,2,number,n_classes,,1,False,1,0.9940119722854005,True,1.1410131264710799e-05,0.994009137012284,0.005910594016313553,5.794542812509462e-05,6.1074033510521986e-06,9.366005997435423e-07,3.904332004367461e-07,1.52895850646928e-07,2.3680971139583562e-07,2.3680971139583562e-07,5.4598812833189624e-11,1.6651697067407187e-11,3.525164329349253e-11,False
heico__2229431,heico,0023 - Heico - Sigma - 4.avi,heico/0023 - Heico - Sigma - 4.avi,00:58:04,How many Clips appear in this frame? Please provide a number.,1,number,n_instances_per_class,,2,False,2,0.4922049567854772,False,0.03565286844968796,0.15978506207466125,0.49217262864112854,0.2634410262107849,0.04577918350696564,0.0025826848577708006,0.0003495283890515566,7.799032755428925e-05,6.465625483542681e-05,2.8691038096440025e-05,0.0,0.0,0.0,False
heico__2229541,heico,0023 - Heico - Sigma - 4.avi,heico/0023 - Heico - Sigma - 4.avi,01:08:11,How many Clips appear in this frame? Please provide a number.,2,number,n_instances_per_class,,2,True,2,0.9744491151995194,False,2.3679816877120174e-05,0.0024154072161763906,0.9744447469711304,0.02022395469248295,0.0027370150201022625,0.00012025603064103052,2.0897365175187588e-05,2.828151082212571e-06,5.6244493862323e-06,1.1075198926846497e-06,0.0,0.0,0.0,True
heico__2229593,heico,0023 - Heico - Sigma - 4.avi,heico/0023 - Heico - Sigma - 4.avi,01:09:10,How many Clips appear in this frame? Please provide a number.,3,number,n_instances_per_class,,2,False,2,0.6990477517282574,False,0.00011076623923145235,0.1376434564590454,0.6990112066268921,0.1376434564590454,0.023918848484754562,0.001190849463455379,0.000265714421402663,5.928889731876552e-05,7.61284536565654e-05,2.8006090360577218e-05,0.0,0.0,0.0,False
heico__2229694,heico,0023 - Heico - Sigma - 4.avi,heico/0023 - Heico - Sigma - 4.avi,01:10:56,How many Clips appear in this frame? Please provide a number.,4,number,n_instances_per_class,,2,False,3,0.4792197845065073,False,6.295164348557591e-05,0.02105444297194481,0.2564956247806549,0.4791968762874603,0.19975897669792175,0.034712906926870346,0.006835376378148794,0.0010482389479875565,0.0006357890670187771,0.00015101314056664705,0.0,0.0,0.0,False
heico__2229565,heico,0023 - Heico - Sigma - 4.avi,heico/0023 - Heico - Sigma - 4.avi,01:08:41,How many Clips appear in this frame? Please provide a number.,5,number,n_instances_per_class,,4,False,4,0.8000632024491575,False,3.1737974950374337e-06,4.663861182052642e-05,0.0009367615566588938,0.06567205488681793,0.8000494241714478,0.1226915568113327,0.010071136057376862,0.00030412196065299213,0.00018445929163135588,2.3451368178939447e-05,0.0,0.0,0.0,False
heico__2229573,heico,0023 - Heico - Sigma - 4.avi,heico/0023 - Heico - Sigma - 4.avi,01:08:49,How many Clips appear in this frame? Please provide a number.,6,number,n_instances_per_class,,3,False,4,0.5120270644655992,False,3.1459537694900064e-06,2.984797720273491e-05,0.0026868293061852455,0.16622823476791382,0.5120190382003784,0.31055524945259094,0.0082760164514184,0.000118051037134137,5.9359794249758124e-05,8.551588507543784e-06,0.0,0.0,0.0,False
heico__2229766,heico,0023 - Heico - Sigma - 4.avi,heico/0023 - Heico - Sigma - 4.avi,01:12:12,How many Clips appear in this frame? Please provide a number.,7,number,n_instances_per_class,,5,False,5,0.4771167712642142,False,2.5869699129543733e-06,3.571202250896022e-05,4.307692142901942e-05,0.0002990130742546171,0.016325561329722404,0.4771028161048889,0.4771028161048889,0.026916300877928734,0.0019498103065416217,0.00019305734895169735,0.0,0.0,0.0,False
heico__2229729,heico,0023 - Heico - Sigma - 4.avi,heico/0023 - Heico - Sigma - 4.avi,01:11:35,How many Clips appear in this frame? Please provide a number.,8,number,n_instances_per_class,,4,False,5,0.46481264209591416,False,9.363902790937573e-06,8.884222916094586e-05,0.0018995307618752122,0.0712793692946434,0.41018441319465637,0.4647998511791229,0.048989541828632355,0.002152450382709503,0.0004802765615750104,8.884222916094586e-05,0.0,0.0,0.0,False
heico__2229821,heico,0023 - Heico - Sigma - 4.avi,heico/0023 - Heico - Sigma - 4.avi,01:13:12,How many Clips appear in this frame? Please provide a number.,9,number,n_instances_per_class,,5,False,5,0.5709437491641618,False,2.908141595980851e-06,1.572126529936213e-05,3.328191814944148e-05,0.0002966384927276522,0.022137189283967018,0.5709256529808044,0.3923910856246948,0.013426884077489376,0.0006684851832687855,7.045781967462972e-05,0.0,0.0,0.0,False
heico__2227217,heico,0023 - Heico - Sigma - 4.avi,heico/0023 - Heico - Sigma - 4.avi,01:06:38,How many different foreign object instances appear in this frame? Please provide a number.,1,number,n_instances_total,,1,True,1,0.9301797578131547,True,2.7265521566732787e-05,0.9301702382276762,0.06738131493330002,0.0020347393583506346,0.0003120373876299709,3.967109660152346e-05,1.3709965060115792e-05,3.466422185738338e-06,4.7380372052430175e-06,2.5360886866110377e-06,3.6175308168515905e-08,4.058757410798792e-09,8.592389145375242e-09,True
heico__2227314,heico,0023 - Heico - Sigma - 4.avi,heico/0023 - Heico - Sigma - 4.avi,00:56:10,How many different foreign object instances appear in this frame? Please provide a number.,2,number,n_instances_total,,1,False,1,0.6651578097399954,True,2.0754487195517868e-05,0.6651463686987875,0.31419292092323303,0.017725549638271332,0.0023988925386220217,0.0003678820503409952,7.711227226536721e-05,2.209303420386277e-05,2.0754487195517868e-05,1.0436011507408693e-05,2.5868274461075336e-08,3.7266781743211945e-09,5.771992035743365e-09,False
heico__2227082,heico,0023 - Heico - Sigma - 4.avi,heico/0023 - Heico - Sigma - 4.avi,01:22:28,How many different foreign object instances appear in this frame? Please provide a number.,3,number,n_instances_total,,1,False,1,0.902679518471615,True,3.616567482822575e-05,0.9026684239390983,0.09514055401086807,0.0017425600672140718,0.00030281153158284724,5.9627123846439645e-05,1.93580926861614e-05,6.284652954491321e-06,8.069653631537221e-06,3.8118346310511697e-06,3.098070067225625e-08,3.938754415452985e-09,7.833148271723215e-09,False
heico__2227213,heico,0023 - Heico - Sigma - 4.avi,heico/0023 - Heico - Sigma - 4.avi,01:21:09,How many different foreign object instances appear in this frame? Please provide a number.,4,number,n_instances_total,,1,False,1,0.9382956495903724,True,4.8270005208905786e-05,0.9382861265399844,0.059982627630233765,0.0012448998168110847,0.000314759963657707,6.597727042390034e-05,2.4271683287224732e-05,7.879861186665948e-06,1.0770493645395618e-05,4.217785772198113e-06,3.884442792658275e-08,3.6130946389249104e-09,7.185496871835892e-09,False
heico__2226943,heico,0023 - Heico - Sigma - 4.avi,heico/0023 - Heico - Sigma - 4.avi,01:12:57,How many different foreign object instances appear in this frame? Please provide a number.,6,number,n_instances_total,,5,False,5,0.6153215493069866,False,5.855418748978991e-06,0.00017112040950451046,0.002219123300164938,0.03933490067720413,0.17628680169582367,0.6153013706207275,0.1555725485086441,0.008776802569627762,0.0019583695102483034,0.000340313563356176,0.0,0.0,0.0,False
heico__2227715,heico,0023 - Heico - Sigma - 4.avi,heico/0023 - Heico - Sigma - 4.avi,01:07:27,How many different foreign object classes appear in this frame? Please provide a number.,1,number,n_classes,,1,True,1,0.9991796556611355,True,2.8999370442761574e-06,0.999178707494298,0.0008040721295401454,1.1469473065517377e-05,1.3698331713385414e-06,2.2361912499491154e-07,1.1244275555100103e-07,3.650481517070148e-08,7.728069562062956e-08,8.226487580031971e-08,4.015309643534008e-11,1.0807058841238477e-11,2.4354081697525786e-11,True
heico__2227545,heico,0023 - Heico - Sigma - 4.avi,heico/0023 - Heico - Sigma - 4.avi,01:21:50,How many different foreign object classes appear in this frame? Please provide a number.,2,number,n_classes,,1,False,1,0.9971548312963301,True,3.95570305045112e-06,0.9971518515261358,0.0028007945511490107,3.5256798582850024e-05,3.95570305045112e-06,5.698730660697038e-07,2.528796585465898e-07,7.712393568226616e-08,1.4408648496555543e-07,1.5337926129177504e-07,7.032792159996908e-11,1.0131697222031754e-11,2.2832133900916963e-11,False
heico__2229523,heico,0023 - Heico - Sigma - 4.avi,heico/0023 - Heico - Sigma - 4.avi,01:07:51,How many Clips appear in this frame? Please provide a number.,1,number,n_instances_per_class,,2,False,2,0.7059019261045365,False,2.6568042812868953e-05,0.011409585364162922,0.7058860659599304,0.25968098640441895,0.021315911784768105,0.0013626806903630495,0.00020897385547868907,3.865627513732761e-05,3.6314209864940494e-05,1.1789497875724919e-05,0.0,0.0,0.0,False
heico__2229752,heico,0023 - Heico - Sigma - 4.avi,heico/0023 - Heico - Sigma - 4.avi,01:21:01,How many Clips appear in this frame? Please provide a number.,2,number,n_instances_per_class,,2,True,2,0.6740071982371774,False,3.257285789004527e-05,0.15038882195949554,0.6739959120750427,0.15038882195949554,0.023062871769070625,0.0018931160448119044,0.0001553964102640748,2.2386973796528764e-05,3.0599367164541036e-05,1.2755714124068618e-05,0.0,0.0,0.0,True
heico__2229787,heico,0023 - Heico - Sigma - 4.avi,heico/0023 - Heico - Sigma - 4.avi,01:21:17,How many Clips appear in this frame? Please provide a number.,3,number,n_instances_per_class,,1,False,1,0.23517791576342897,False,0.7243408560752869,0.2351590394973755,0.036062806844711304,0.0038009919226169586,0.000400621589506045,0.00010129300790140405,2.561088331276551e-05,1.0676203601178713e-05,1.1364761121512856e-05,6.475444934039842e-06,0.0,0.0,0.0,False
heico__2229470,heico,0023 - Heico - Sigma - 4.avi,heico/0023 - Heico - Sigma - 4.avi,01:21:37,How many Clips appear in this frame? Please provide a number.,4,number,n_instances_per_class,,2,False,2,0.4020095341352163,False,0.0002854769991245121,0.14788076281547546,0.40198153257369995,0.354747474193573,0.08969420939683914,0.00446561211720109,0.0006848237826488912,8.706556400284171e-05,7.683508738409728e-05,2.6553496354608797e-05,0.0,0.0,0.0,False
heico__2229501,heico,0023 - Heico - Sigma - 4.avi,heico/0023 - Heico - Sigma - 4.avi,01:07:16,How many Clips appear in this frame? Please provide a number.,5,number,n_instances_per_class,,3,False,3,0.8416715178004965,False,4.287197498342721e-06,3.8211375795071945e-05,0.003035505535081029,0.8416615128517151,0.14625883102416992,0.008251359686255455,0.0006773127824999392,3.167834074702114e-05,2.317637154192198e-05,6.237835350475507e-06,0.0,0.0,0.0,False
heico__2229680,heico,0023 - Heico - Sigma - 4.avi,heico/0023 - Heico - Sigma - 4.avi,01:10:42,How many Clips appear in this frame? Please provide a number.,6,number,n_instances_per_class,,2,False,2,0.9765827508993532,False,2.3731659894110635e-05,0.004522454459220171,0.9765781164169312,0.017886653542518616,0.0007858846802264452,0.00015474986867047846,3.047205609618686e-05,4.974426246917574e-06,6.387289431586396e-06,1.8299891735296114e-06,0.0,0.0,0.0,False
heico__2229638,heico,0023 - Heico - Sigma - 4.avi,heico/0023 - Heico - Sigma - 4.avi,01:09:58,How many Clips appear in this frame? Please provide a number.,7,number,n_instances_per_class,,5,False,6,0.5238390121991386,False,2.8403023861756083e-06,4.7295281547121704e-05,0.00013685342855751514,0.0031147697009146214,0.042998071759939194,0.4079543352127075,0.5238237380981445,0.01581810601055622,0.005819156300276518,0.00025567589909769595,0.0,0.0,0.0,False
heico__2229838,heico,0023 - Heico - Sigma - 4.avi,heico/0023 - Heico - Sigma - 4.avi,01:13:29,How many Clips appear in this frame? Please provide a number.,8,number,n_instances_per_class,,6,False,6,0.574243942735251,False,7.016551990091102e-06,0.00028027521329931915,0.00012437134864740074,0.0009782566921785474,0.01734001189470291,0.2112446129322052,0.5742223262786865,0.16451746225357056,0.02858884632587433,0.0026591771747916937,0.0,0.0,0.0,False
heico__2229730,heico,0023 - Heico - Sigma - 4.avi,heico/0023 - Heico - Sigma - 4.avi,01:11:36,How many Clips appear in this frame? Please provide a number.,9,number,n_instances_per_class,,5,False,5,0.6007996728225617,False,9.426044016436208e-06,0.00010787534847622737,0.0005478362436406314,0.018141845241189003,0.19504320621490479,0.6007753610610962,0.17212502658367157,0.011003585532307625,0.0019121364457532763,0.00029323561466299,0.0,0.0,0.0,False
heico__2536885,heico,0027 - Heico - Sigma - 8.avi,heico/0027 - Heico - Sigma - 8.avi,00:14:12,How many different foreign object instances appear in this frame? Please provide a number.,1,number,n_instances_total,,1,True,1,0.9699618334768648,True,2.6709163648774847e-05,0.9699564246270478,0.025848468765616417,0.002724408870562911,0.0010022538481280208,0.00025340946740470827,9.322413825429976e-05,3.4295244404347613e-05,3.886159902322106e-05,1.619992508494761e-05,1.2368780536626625e-07,1.3036599052817177e-08,3.127317577867296e-08,True
heico__2537108,heico,0027 - Heico - Sigma - 8.avi,heico/0027 - Heico - Sigma - 8.avi,00:41:50,How many different foreign object instances appear in this frame? Please provide a number.,2,number,n_instances_total,,2,True,2,0.8196128469537187,False,2.1201434719841927e-05,0.031779248267412186,0.8195976614952087,0.12568937242031097,0.021841537207365036,0.0008468882879242301,0.00014716711302753538,1.8710199583438225e-05,3.084790296270512e-05,8.838072062644642e-06,0.0,0.0,0.0,True
heico__2536988,heico,0027 - Heico - Sigma - 8.avi,heico/0027 - Heico - Sigma - 8.avi,00:42:01,How many different foreign object instances appear in this frame? Please provide a number.,3,number,n_instances_total,,2,False,2,0.49765958197165444,False,2.4050204956438392e-05,0.38756680488586426,0.49764561653137207,0.09799222648143768,0.015027595683932304,0.001397784217260778,0.0002143571327906102,5.091428101877682e-05,3.499284139252268e-05,1.759550468705129e-05,0.0,0.0,0.0,False
heico__2536973,heico,0027 - Heico - Sigma - 8.avi,heico/0027 - Heico - Sigma - 8.avi,00:41:32,How many different foreign object instances appear in this frame? Please provide a number.,4,number,n_instances_total,,3,False,4,0.6465387312848311,False,3.7317074657039484e-06,6.213851156644523e-05,0.005593530833721161,0.3053964376449585,0.6465242505073547,0.041330911219120026,0.0009720098460093141,6.614610174437985e-05,2.1474494133144617e-05,6.971748007345013e-06,0.0,0.0,0.0,True
heico__2537086,heico,0027 - Heico - Sigma - 8.avi,heico/0027 - Heico - Sigma - 8.avi,01:49:07,How many different foreign object instances appear in this frame? Please provide a number.,5,number,n_instances_total,,4,False,4,0.9617997392616088,False,1.0931399856417556e-06,1.104032253351761e-05,0.0005319525371305645,0.013719235546886921,0.9617927074432373,0.022619197145104408,0.0012760877143591642,1.9376369891688228e-05,1.9376369891688228e-05,2.622306510602357e-06,0.0,0.0,0.0,False
heico__2537351,heico,0027 - Heico - Sigma - 8.avi,heico/0027 - Heico - Sigma - 8.avi,00:13:37,How many different foreign object classes appear in this frame? Please provide a number.,1,number,n_classes,,1,True,1,0.9939470863743902,True,2.2690248442813754e-05,0.99394303485498,0.005910200998187065,0.00010169063170906156,1.3762331036559772e-05,2.1105217911099317e-06,8.797963459983293e-07,4.1558638486094424e-07,6.046745966159506e-07,5.336234494279779e-07,2.7725721161001e-10,8.455867180660551e-11,1.790106899378909e-10,True
heico__2537806,heico,0027 - Heico - Sigma - 8.avi,heico/0027 - Heico - Sigma - 8.avi,00:42:00,How many different foreign object classes appear in this frame? Please provide a number.,2,number,n_classes,,2,True,1,0.6222204852525066,True,9.170961675408762e-06,0.6222158073733519,0.3773929476737976,0.00036633279523812234,6.7096193561155815e-06,7.52798428038659e-07,2.948000883407076e-07,1.191100196251682e-07,1.679720327274481e-07,1.7880527991565032e-07,2.2066328186875824e-11,1.0423395340794254e-11,1.718527249531113e-11,False
heico__2538846,heico,0027 - Heico - Sigma - 8.avi,heico/0027 - Heico - Sigma - 8.avi,00:13:32,How many Sponges appear in this frame? Please provide a number.,1,number,n_instances_per_class,,1,True,1,0.9883331716865199,True,0.0016837141010910273,0.9883155760627987,0.009689105674624443,0.00022786589397583157,4.2150950321229175e-05,1.207644982059719e-05,5.034213700128021e-06,2.2339188490150264e-06,2.6946204343403224e-06,1.7397776446159696e-06,3.805748270066251e-09,4.0112290399080157e-10,7.977282073376489e-10,True
heico__2540101,heico,0027 - Heico - Sigma - 8.avi,heico/0027 - Heico - Sigma - 8.avi,00:42:16,How many Clips appear in this frame? Please provide a number.,2,number,n_instances_per_class,,2,True,2,0.8241137161382028,False,8.431119204033166e-05,0.08685667812824249,0.8240731954574585,0.07665074616670609,0.011754772625863552,0.00040222625830210745,7.920304051367566e-05,1.559600241307635e-05,2.2692051061312668e-05,1.1410279512347188e-05,0.0,0.0,0.0,True
heico__2540077,heico,0027 - Heico - Sigma - 8.avi,heico/0027 - Heico - Sigma - 8.avi,00:41:32,How many Clips appear in this frame? Please provide a number.,3,number,n_instances_per_class,,3,True,3,0.5351345325582532,False,0.0003353738284204155,0.0019299433333799243,0.3245665729045868,0.5351197719573975,0.1352994740009308,0.0024780964013189077,0.0002034145436482504,1.7774162188288756e-05,1.7774162188288756e-05,4.221733888698509e-06,0.0,0.0,0.0,True
heico__2540183,heico,0027 - Heico - Sigma - 8.avi,heico/0027 - Heico - Sigma - 8.avi,01:49:15,How many Clips appear in this frame? Please provide a number.,4,number,n_instances_per_class,,2,False,2,0.62995847796923,False,0.0025742794387042522,0.058590326458215714,0.6299054026603699,0.2625836133956909,0.04026850312948227,0.004809386562556028,0.0008357461192645133,0.0001864801743067801,0.00012040064029861242,4.1609346226323396e-05,0.0,0.0,0.0,False
heico__2540172,heico,0027 - Heico - Sigma - 8.avi,heico/0027 - Heico - Sigma - 8.avi,01:49:04,How many Clips appear in this frame? Please provide a number.,5,number,n_instances_per_class,,4,False,4,0.9894334528713911,False,1.7417366962035885e-06,6.079258582758484e-06,0.0001383632916258648,0.004581963177770376,0.9894284605979919,0.00519204419106245,0.000620101171080023,1.13575506475172e-05,1.2869790225522593e-05,1.973646476471913e-06,0.0,0.0,0.0,False
heico__2537125,heico,0027 - Heico - Sigma - 8.avi,heico/0027 - Heico - Sigma - 8.avi,00:21:46,How many different foreign object instances appear in this frame? Please provide a number.,1,number,n_instances_total,,1,True,1,0.9924252863429426,True,4.505592005443759e-05,0.9924225273092083,0.006686890963464975,0.0004843967908527702,0.00025927889510057867,5.785294342786074e-05,1.8782100596581586e-05,7.829544301785063e-06,1.0053333426185418e-05,4.461139724298846e-06,6.773873623711133e-08,7.1396106169427316e-09,1.6089359204116502e-08,True
heico__2536878,heico,0027 - Heico - Sigma - 8.avi,heico/0027 - Heico - Sigma - 8.avi,00:50:36,How many different foreign object instances appear in this frame? Please provide a number.,2,number,n_instances_total,,2,True,2,0.9599806844895784,False,4.593593075696845e-06,0.0007725235773250461,0.959975004196167,0.03722226992249489,0.0018531876849010587,0.00013424447388388216,2.1914807803113945e-05,4.8898546083364636e-06,4.053831617056858e-06,1.4009667665959569e-06,0.0,0.0,0.0,True
heico__2537268,heico,0027 - Heico - Sigma - 8.avi,heico/0027 - Heico - Sigma - 8.avi,01:49:51,How many different foreign object instances appear in this frame? Please provide a number.,3,number,n_instances_total,,2,False,2,0.7485269531781643,False,3.398238914087415e-05,0.18925344944000244,0.7485119104385376,0.04785076156258583,0.013709474354982376,0.0004691123613156378,9.833130025072023e-05,1.605214310984593e-05,2.646551001816988e-05,1.0364043191657402e-05,0.0,0.0,0.0,False
heico__2536969,heico,0027 - Heico - Sigma - 8.avi,heico/0027 - Heico - Sigma - 8.avi,01:49:14,How many different foreign object instances appear in this frame? Please provide a number.,4,number,n_instances_total,,3,False,3,0.43502055177867927,False,3.0587121727876365e-05,0.021656891331076622,0.2054748833179474,0.4349903166294098,0.29896417260169983,0.031510595232248306,0.006204803474247456,0.000653981463983655,0.00035005106474272907,9.421495633432642e-05,0.0,0.0,0.0,False
heico__2537251,heico,0027 - Heico - Sigma - 8.avi,heico/0027 - Heico - Sigma - 8.avi,01:49:20,How many different foreign object instances appear in this frame? Please provide a number.,5,number,n_instances_total,,3,False,4,0.6007952222619374,False,6.47848082735436e-06,6.965023931115866e-05,0.004048031754791737,0.3643922209739685,0.6007812023162842,0.029911132529377937,0.0007034424343146384,4.224500298732892e-05,1.6543381207156926e-05,5.71723921893863e-06,0.0,0.0,0.0,False
heico__2537646,heico,0027 - Heico - Sigma - 8.avi,heico/0027 - Heico - Sigma - 8.avi,00:22:16,How many different foreign object classes appear in this frame? Please provide a number.,1,number,n_classes,,1,True,1,0.9958204101561645,True,1.2168122339062393e-05,0.9958178395267708,0.004069679882377386,8.446350693702698e-05,1.0087726877827663e-05,1.4532749901263742e-06,5.691106821359426e-07,2.688288134322647e-07,4.7180930096146767e-07,4.163702556070348e-07,2.1633540995947655e-10,6.597857582266728e-11,1.396766421420789e-10,True
heico__2537371,heico,0027 - Heico - Sigma - 8.avi,heico/0027 - Heico - Sigma - 8.avi,00:50:39,How many different foreign object classes appear in this frame? Please provide a number.,2,number,n_classes,,1,False,1,0.9143086877396,True,5.617663191515021e-06,0.9143015739631182,0.0850432887673378,0.0006099736201576889,2.6800371415447444e-05,2.653596311574802e-06,8.61496516790794e-07,3.3736688465069165e-07,5.562239380196843e-07,5.562239380196843e-07,1.2047307535609737e-10,2.86148643860277e-11,6.057766754994311e-11,False
heico__2539222,heico,0027 - Heico - Sigma - 8.avi,heico/0027 - Heico - Sigma - 8.avi,00:28:11,How many Sponges appear in this frame? Please provide a number.,1,number,n_instances_per_class,,1,True,1,0.991748301424205,True,0.0003769880277104676,0.9917371808509936,0.007572006434202194,0.0002286547824041918,5.101978240418248e-05,1.1384052413632162e-05,4.45805881099659e-06,2.3862266971264035e-06,3.0639760097983526e-06,1.6400282447648351e-06,3.370188196486395e-09,4.0251155919590684e-10,9.070737774205168e-10,True
heico__2540120,heico,0027 - Heico - Sigma - 8.avi,heico/0027 - Heico - Sigma - 8.avi,00:50:37,How many Clips appear in this frame? Please provide a number.,2,number,n_instances_per_class,,2,True,2,0.9458699817375816,False,5.1798011554637924e-05,0.047091685235500336,0.94586181640625,0.00637316657230258,0.0005231413524597883,6.248032150324434e-05,1.579750096425414e-05,4.5260599108587485e-06,4.817965418624226e-06,2.137959199899342e-06,0.0,0.0,0.0,True
heico__2540214,heico,0027 - Heico - Sigma - 8.avi,heico/0027 - Heico - Sigma - 8.avi,01:49:51,How many Clips appear in this frame? Please provide a number.,3,number,n_instances_per_class,,2,False,2,0.7935376964518804,False,0.000161455333000049,0.08363593369722366,0.793515682220459,0.09477193653583527,0.027152612805366516,0.0005635345005430281,0.00011096652451669797,1.9283090296084993e-05,2.98662343993783e-05,1.0987173482135404e-05,0.0,0.0,0.0,False
heico__2540190,heico,0027 - Heico - Sigma - 8.avi,heico/0027 - Heico - Sigma - 8.avi,01:49:22,How many Clips appear in this frame? Please provide a number.,4,number,n_instances_per_class,,2,False,2,0.7427949375256714,False,0.03697952255606651,0.025415631011128426,0.7427536249160767,0.18779751658439636,0.006426077801734209,0.00046550348633900285,6.706214480800554e-05,1.6955964383669198e-05,1.4963586181693245e-05,7.524163265770767e-06,0.0,0.0,0.0,False
heico__2540209,heico,0027 - Heico - Sigma - 8.avi,heico/0027 - Heico - Sigma - 8.avi,01:49:46,How many Clips appear in this frame? Please provide a number.,5,number,n_instances_per_class,,1,False,1,0.548150430697932,True,0.0008240797324106097,0.5481297061426316,0.42688387632369995,0.021253297105431557,0.0025383445899933577,0.00023610280186403543,5.6079330533975735e-05,1.3320008292794228e-05,1.820629222493153e-05,9.15469900064636e-06,1.7672718763519295e-08,2.391742326249989e-09,4.75654747423529e-09,False
heico__2537061,heico,0027 - Heico - Sigma - 8.avi,heico/0027 - Heico - Sigma - 8.avi,00:41:13,How many different foreign object instances appear in this frame? Please provide a number.,1,number,n_instances_total,,1,True,1,0.9768819295405523,True,4.7210429329425097e-05,0.9768755822066532,0.020274408161640167,0.00188581389375031,0.0006122340564616024,0.0001754080003593117,5.6946642871480435e-05,2.6899691874859855e-05,2.6899691874859855e-05,1.19366650324082e-05,1.245701272146519e-07,1.233411412004082e-08,2.6111318303681035e-08,True
heico__2537301,heico,0027 - Heico - Sigma - 8.avi,heico/0027 - Heico - Sigma - 8.avi,01:49:29,How many different foreign object instances appear in this frame? Please provide a number.,2,number,n_instances_total,,2,True,2,0.7984690087517385,False,2.198674155806657e-05,0.07426830381155014,0.798459529876709,0.10805974900722504,0.016571499407291412,0.001979183405637741,0.00038972432957962155,9.853773372014984e-05,9.853773372014984e-05,4.1076640627579764e-05,0.0,0.0,0.0,True
heico__2537323,heico,0027 - Heico - Sigma - 8.avi,heico/0027 - Heico - Sigma - 8.avi,01:59:30,How many different foreign object instances appear in this frame? Please provide a number.,3,number,n_instances_total,,1,False,1,0.6154601377797904,True,1.5920271835057065e-05,0.6154394154711951,0.25655367970466614,0.07350386679172516,0.05051841959357262,0.002850054297596216,0.0007206065347418189,0.00013329880312085152,0.000171159059391357,5.915098881814629e-05,5.798942127426564e-07,5.74172982076526e-08,1.2155242612601885e-07,False
heico__2537026,heico,0027 - Heico - Sigma - 8.avi,heico/0027 - Heico - Sigma - 8.avi,01:49:01,How many different foreign object instances appear in this frame? Please provide a number.,4,number,n_instances_total,,4,True,4,0.6528733588737223,False,2.285577238581027e-06,3.155142258037813e-05,0.0005253783310763538,0.022339655086398125,0.6528604030609131,0.30838942527770996,0.015353805385529995,0.000318658072501421,0.00013283644511830062,2.615704397612717e-05,0.0,0.0,0.0,True
heico__2537058,heico,0027 - Heico - Sigma - 8.avi,heico/0027 - Heico - Sigma - 8.avi,01:49:13,How many different foreign object instances appear in this frame? Please provide a number.,5,number,n_instances_total,,3,False,4,0.7097193797521768,False,1.0460385965416208e-05,0.0006471612141467631,0.058255597949028015,0.20333202183246613,0.7096984386444092,0.024284545332193375,0.0032865561079233885,0.00023807730758562684,0.00018541478493716568,3.2220261346083134e-05,0.0,0.0,0.0,False
heico__2537827,heico,0027 - Heico - Sigma - 8.avi,heico/0027 - Heico - Sigma - 8.avi,00:29:57,How many different foreign object classes appear in this frame? Please provide a number.,1,number,n_classes,,1,True,1,0.9963264806053117,True,2.577296800154727e-05,0.9963223930331442,0.00359329953789711,4.815024294657633e-05,4.76751984024304e-06,7.311228387152369e-07,3.047773304842849e-07,1.1935252075545577e-07,1.848568018658625e-07,1.7365688620429864e-07,1.5835458252089383e-10,4.536934050302029e-11,8.47610932023641e-11,True
heico__2537578,heico,0027 - Heico - Sigma - 8.avi,heico/0027 - Heico - Sigma - 8.avi,01:59:31,How many different foreign object classes appear in this frame? Please provide a number.,2,number,n_classes,,1,False,1,0.8660967811187286,True,6.029986252542585e-06,0.8660905357251664,0.1328192800283432,0.0010140876984223723,5.374467946239747e-05,4.999033990316093e-06,1.6229487300734036e-06,6.355558639370429e-07,9.843681709753582e-07,8.687018748787523e-07,1.6604439041833738e-10,4.198259543912121e-11,1.0071102037527587e-10,False
heico__2539042,heico,0027 - Heico - Sigma - 8.avi,heico/0027 - Heico - Sigma - 8.avi,00:35:49,How many Sponges appear in this frame? Please provide a number.,1,number,n_instances_per_class,,1,True,1,0.9987525024082193,True,0.00015826297749299556,0.9987483010027314,0.0010320042492821813,4.001514389528893e-05,1.0117413694388233e-05,3.496484850984416e-06,1.457551661587786e-06,7.801712058608246e-07,8.84049768501427e-07,4.7319772988885234e-07,7.573067954629176e-10,1.1613677374848998e-10,2.3096552608286204e-10,True
heico__2540157,heico,0027 - Heico - Sigma - 8.avi,heico/0027 - Heico - Sigma - 8.avi,01:48:49,How many Clips appear in this frame? Please provide a number.,2,number,n_instances_per_class,,2,True,2,0.8304479341303991,False,0.00014911414473317564,0.16352351009845734,0.8304409384727478,0.0055954670533537865,0.00024584768107160926,2.5912155251717195e-05,5.102405793877551e-06,1.6565086298214737e-06,2.264178874611389e-06,1.7633441302677966e-06,0.0,0.0,0.0,True
heico__2540195,heico,0027 - Heico - Sigma - 8.avi,heico/0027 - Heico - Sigma - 8.avi,01:49:27,How many Clips appear in this frame? Please provide a number.,3,number,n_instances_per_class,,3,True,2,0.4096887018547149,False,0.0008961153216660023,0.04892623797059059,0.4096543788909912,0.4096543788909912,0.1173679456114769,0.010916918516159058,0.001897076261229813,0.00032966240542009473,0.00019995035836473107,7.355761772487313e-05,0.0,0.0,0.0,False
heico__2540169,heico,0027 - Heico - Sigma - 8.avi,heico/0027 - Heico - Sigma - 8.avi,01:49:01,How many Clips appear in this frame? Please provide a number.,4,number,n_instances_per_class,,4,True,4,0.7293333723659954,False,3.714952072186861e-06,2.9220358555903658e-05,0.0005179432919248939,0.024955905973911285,0.7293184995651245,0.23677504062652588,0.008101996965706348,0.00019054068252444267,7.00960008543916e-05,1.6649260942358524e-05,0.0,0.0,0.0,True
heico__2540210,heico,0027 - Heico - Sigma - 8.avi,heico/0027 - Heico - Sigma - 8.avi,01:49:47,How many Clips appear in this frame? Please provide a number.,5,number,n_instances_per_class,,2,False,2,0.5693140769260622,False,0.002053156029433012,0.26891034841537476,0.5692832469940186,0.14393733441829681,0.013388258405029774,0.00181190378498286,0.00035678496351465583,8.47438641358167e-05,8.47438641358167e-05,3.532649498083629e-05,0.0,0.0,0.0,False
heico__2536850,heico,0027 - Heico - Sigma - 8.avi,heico/0027 - Heico - Sigma - 8.avi,00:51:09,How many different foreign object instances appear in this frame? Please provide a number.,1,number,n_instances_total,,2,False,2,0.9385651552207293,False,9.020545257953927e-05,0.019478952512145042,0.9385485649108887,0.03211536630988121,0.009201206266880035,0.00040427278145216405,0.00010221617412753403,1.567535764479544e-05,1.8908089259639382e-05,6.955897788429866e-06,0.0,0.0,0.0,False
heico__2537139,heico,0027 - Heico - Sigma - 8.avi,heico/0027 - Heico - Sigma - 8.avi,01:58:29,How many different foreign object instances appear in this frame? Please provide a number.,2,number,n_instances_total,,1,False,1,0.5371822527098468,True,2.02179162442917e-05,0.5371641025188617,0.2875261902809143,0.1198587492108345,0.04409356787800789,0.007662313058972359,0.0024875891394913197,0.0004898352781310678,0.0004898352781310678,0.00016928256081882864,3.3004437952722588e-06,3.9418179233739905e-07,8.344829208825424e-07,False
heico__2537336,heico,0027 - Heico - Sigma - 8.avi,heico/0027 - Heico - Sigma - 8.avi,00:42:17,How many different foreign object instances appear in this frame? Please provide a number.,3,number,n_instances_total,,2,False,2,0.5851460544136878,False,1.8257727788295597e-05,0.029131880030035973,0.5851294994354248,0.3131972551345825,0.06988374888896942,0.002110306406393647,0.0003667162382043898,4.962964521837421e-05,6.372573261614889e-05,2.0688716176664457e-05,0.0,0.0,0.0,False
heico__2537110,heico,0027 - Heico - Sigma - 8.avi,heico/0027 - Heico - Sigma - 8.avi,01:49:21,How many different foreign object instances appear in this frame? Please provide a number.,5,number,n_instances_total,,4,False,4,0.9022469076312362,False,2.787448465824127e-06,2.484426113369409e-05,0.000499010260682553,0.04491947218775749,0.902231752872467,0.05090043693780899,0.0013564504915848374,3.190066126990132e-05,1.2492478163039777e-05,4.055713816342177e-06,0.0,0.0,0.0,False
heico__2537787,heico,0027 - Heico - Sigma - 8.avi,heico/0027 - Heico - Sigma - 8.avi,00:50:32,How many different foreign object classes appear in this frame? Please provide a number.,1,number,n_classes,,1,True,1,0.9840072452166722,True,8.796781003184151e-06,0.9840046166722055,0.015904953703284264,7.365455530816689e-05,4.155305305175716e-06,5.282877850731893e-07,2.3442628105385666e-07,8.624061109685499e-08,1.5135698561152822e-07,1.5135698561152822e-07,2.553107821703025e-11,6.871596245353365e-12,1.6484102484721926e-11,True
heico__2537785,heico,0027 - Heico - Sigma - 8.avi,heico/0027 - Heico - Sigma - 8.avi,00:41:25,How many different foreign object classes appear in this frame? Please provide a number.,2,number,n_classes,,2,True,2,0.9938856991062667,False,1.9825306480925065e-06,0.004602588247507811,0.9938822984695435,0.0014942415291443467,1.3761489753960632e-05,9.364811148770968e-07,3.2363922741751594e-07,1.2673893934334046e-07,1.844040724563456e-07,1.3491289507783222e-07,0.0,0.0,0.0,True
heico__2539174,heico,0027 - Heico - Sigma - 8.avi,heico/0027 - Heico - Sigma - 8.avi,00:50:58,How many Sponges appear in this frame? Please provide a number.,1,number,n_instances_per_class,,1,True,1,0.9976305864559337,True,8.461686957161874e-05,0.9976260028930253,0.002182298107072711,7.467413524864241e-05,1.888057704491075e-05,4.773757609655149e-06,1.7561671938892687e-06,8.295546649605967e-07,1.0006339152823784e-06,5.701440386474133e-07,1.7046993392845405e-09,2.96232325487239e-10,7.106244521183557e-10,True
heico__2540281,heico,0027 - Heico - Sigma - 8.avi,heico/0027 - Heico - Sigma - 8.avi,01:59:13,How many Clips appear in this frame? Please provide a number.,2,number,n_instances_per_class,,1,False,2,0.24065851569028637,False,0.3967323899269104,0.06894174963235855,0.2406303584575653,0.21235555410385132,0.06894174963235855,0.00933025125414133,0.0020818605553358793,0.00040994264418259263,0.0003617730981204659,9.736992069520056e-05,0.0,0.0,0.0,True
heico__2540204,heico,0027 - Heico - Sigma - 8.avi,heico/0027 - Heico - Sigma - 8.avi,01:49:37,How many Clips appear in this frame? Please provide a number.,3,number,n_instances_per_class,,3,True,4,0.6226995680394432,False,1.3353737813304178e-05,0.00012669674470089376,0.010064768604934216,0.3332993686199188,0.6226851940155029,0.03100166842341423,0.0025447721127420664,0.00014356621250044554,7.684545562369749e-05,2.0682671674876474e-05,0.0,0.0,0.0,False
heico__2540218,heico,0027 - Heico - Sigma - 8.avi,heico/0027 - Heico - Sigma - 8.avi,01:49:55,How many Clips appear in this frame? Please provide a number.,4,number,n_instances_per_class,,2,False,2,0.6396769222174975,False,6.966424552956596e-05,0.019315963611006737,0.6396569013595581,0.30215251445770264,0.036086972802877426,0.002306962851434946,0.0003122134949080646,2.9040378649369814e-05,2.9040378649369814e-05,9.428029443370178e-06,0.0,0.0,0.0,False
heico__2540184,heico,0027 - Heico - Sigma - 8.avi,heico/0027 - Heico - Sigma - 8.avi,01:49:16,How many Clips appear in this frame? Please provide a number.,5,number,n_instances_per_class,,3,False,4,0.8048628862043602,False,7.659213224542327e-06,7.266859756782651e-05,0.011480546556413174,0.1584840565919876,0.8048484921455383,0.02430431731045246,0.0007339268340729177,2.845743074431084e-05,1.8373499187873676e-05,3.617956281232182e-06,0.0,0.0,0.0,False
heico__2536968,heico,0027 - Heico - Sigma - 8.avi,heico/0027 - Heico - Sigma - 8.avi,01:50:20,How many different foreign object instances appear in this frame? Please provide a number.,1,number,n_instances_total,,1,True,1,0.872995038493998,True,1.8721479136729613e-05,0.8729824579926172,0.10426296293735504,0.01411045715212822,0.007552783470600843,0.0007025183294899762,0.0002012748591369018,4.780697054229677e-05,7.88203687989153e-05,2.723959187278524e-05,4.402859969043028e-07,3.3951209487006623e-08,7.187471182692477e-08,True
heico__2537339,heico,0027 - Heico - Sigma - 8.avi,heico/0027 - Heico - Sigma - 8.avi,00:50:16,How many different foreign object instances appear in this frame? Please provide a number.,2,number,n_instances_total,,1,False,1,0.8626628118452847,True,4.7241253923857585e-05,0.8626445422317497,0.10302918404340744,0.02028764970600605,0.009583206847310066,0.00242301425896585,0.0010100625222548842,0.0003715812345035374,0.0004210567276459187,0.00015489810903090984,4.677459068531693e-06,5.247963683934409e-07,1.1826468903232802e-06,False
heico__2537254,heico,0027 - Heico - Sigma - 8.avi,heico/0027 - Heico - Sigma - 8.avi,01:48:54,How many different foreign object instances appear in this frame? Please provide a number.,3,number,n_instances_total,,2,False,2,0.6428952097275186,False,5.747268460254418e-06,0.0005862373509444296,0.64288729429245,0.3441127836704254,0.01177489198744297,0.000517352600581944,7.93385916040279e-05,8.901543878891971e-06,1.1429809092078358e-05,3.710715191118652e-06,0.0,0.0,0.0,False
heico__2537743,heico,0027 - Heico - Sigma - 8.avi,heico/0027 - Heico - Sigma - 8.avi,01:45:10,How many different foreign object classes appear in this frame? Please provide a number.,1,number,n_classes,,1,True,1,0.9932053498616444,True,3.5117096558678895e-05,0.9932007192417178,0.006692133843898773,5.7898301747627556e-05,6.496009063994279e-06,1.7483772580817458e-06,4.152759913722548e-07,1.62624417043844e-07,3.234172822885739e-07,3.234172822885739e-07,7.004925298797195e-11,9.48013553031328e-12,1.6638156129853244e-11,True
heico__2537692,heico,0027 - Heico - Sigma - 8.avi,heico/0027 - Heico - Sigma - 8.avi,00:50:53,How many different foreign object classes appear in this frame? Please provide a number.,2,number,n_classes,,1,False,1,0.9623082788451317,True,1.1758583241316956e-05,0.962301909009419,0.03731249272823334,0.00034363617305643857,1.9386627172934823e-05,2.1751193344243802e-06,8.517889682480018e-07,3.1335565608969773e-07,4.2830635038626497e-07,4.2830635038626497e-07,3.2378956086963305e-10,1.1189868916661652e-10,2.368895149564382e-10,False
heico__2539060,heico,0027 - Heico - Sigma - 8.avi,heico/0027 - Heico - Sigma - 8.avi,01:45:28,How many Sponges appear in this frame? Please provide a number.,1,number,n_instances_per_class,,1,True,1,0.9688722104317081,True,0.025818508118391037,0.9688323523884386,0.005083965603262186,0.0001535224582767114,3.881655356963165e-05,1.6181147657334805e-05,5.95271194470115e-06,2.8118622594774934e-06,4.09123504141462e-06,2.641500032041222e-06,1.4755295037686812e-08,9.43274431641927e-10,2.1257017856577366e-09,True
heico__2540073,heico,0027 - Heico - Sigma - 8.avi,heico/0027 - Heico - Sigma - 8.avi,00:41:28,How many Clips appear in this frame? Please provide a number.,2,number,n_instances_per_class,,2,True,2,0.7833604024637361,False,0.00023190618958324194,0.0052781603299081326,0.7833484411239624,0.1980614960193634,0.012661647982895374,0.00033742148661985993,4.861017077928409e-05,6.18008971287054e-06,8.447181244264357e-06,2.420158125460148e-06,0.0,0.0,0.0,True
heico__2540163,heico,0027 - Heico - Sigma - 8.avi,heico/0027 - Heico - Sigma - 8.avi,01:48:55,How many Clips appear in this frame? Please provide a number.,3,number,n_instances_per_class,,3,True,3,0.8843050177953707,False,8.9579880295787e-06,0.00033614604035392404,0.09320397675037384,0.8842946887016296,0.02079661935567856,0.0011732649290934205,0.00014012650353834033,1.5721760064479895e-05,1.3033794857619796e-05,5.783711458207108e-06,0.0,0.0,0.0,True
heico__2540168,heico,0027 - Heico - Sigma - 8.avi,heico/0027 - Heico - Sigma - 8.avi,01:49:00,How many Clips appear in this frame? Please provide a number.,4,number,n_instances_per_class,,4,True,4,0.8258008056883339,False,3.4871613934228662e-06,6.181142089189962e-05,0.004910288844257593,0.0986257866024971,0.8257836103439331,0.06778444349765778,0.0026282882317900658,0.00011547892790986225,5.4548378102481365e-05,1.1433961844886653e-05,0.0,0.0,0.0,True
heico__2540181,heico,0027 - Heico - Sigma - 8.avi,heico/0027 - Heico - Sigma - 8.avi,01:49:13,How many Clips appear in this frame? Please provide a number.,5,number,n_instances_per_class,,3,False,4,0.6100391414032699,False,3.556064621079713e-05,0.0007142546237446368,0.08255661278963089,0.2881509065628052,0.6100154519081116,0.016256360337138176,0.0019415455171838403,0.00015937174612190574,0.00010953449964290485,2.1568623196799308e-05,0.0,0.0,0.0,False
heico__2537141,heico,0027 - Heico - Sigma - 8.avi,heico/0027 - Heico - Sigma - 8.avi,02:10:12,How many different foreign object instances appear in this frame? Please provide a number.,1,number,n_instances_total,,1,True,1,0.9384933647187375,True,4.002571586170234e-05,0.9384850111943907,0.05999533832073212,0.0012451634975150228,0.00016851455438882113,3.5322569601703435e-05,1.0772775567602366e-05,3.7229717690934194e-06,4.4907610572408885e-06,2.7237845188210486e-06,9.823496760493809e-09,1.1021656916837648e-09,1.9343610435830036e-09,True
heico__2536986,heico,0027 - Heico - Sigma - 8.avi,heico/0027 - Heico - Sigma - 8.avi,01:49:26,How many different foreign object instances appear in this frame? Please provide a number.,2,number,n_instances_total,,3,False,3,0.4274633478846195,False,1.3337369637156371e-05,0.003263546386733651,0.15724650025367737,0.42744025588035583,0.3772146999835968,0.03096366859972477,0.003263546386733651,0.00030355711351148784,0.00018411669589113444,5.27503143530339e-05,0.0,0.0,0.0,False
heico__2537188,heico,0027 - Heico - Sigma - 8.avi,heico/0027 - Heico - Sigma - 8.avi,01:59:24,How many different foreign object instances appear in this frame? Please provide a number.,3,number,n_instances_total,,2,False,2,0.663840883421951,False,2.204912743763998e-05,0.31356850266456604,0.6638244986534119,0.017690323293209076,0.003947244491428137,0.0006053295801393688,0.00016292225336655974,5.993574814056046e-05,6.79160948493518e-05,2.659632264112588e-05,0.0,0.0,0.0,False
heico__2537624,heico,0027 - Heico - Sigma - 8.avi,heico/0027 - Heico - Sigma - 8.avi,02:08:04,How many different foreign object classes appear in this frame? Please provide a number.,1,number,n_classes,,1,True,1,0.9142219771276828,True,1.6253632566076703e-05,0.9142106769202488,0.08503483980894089,0.0006911219679750502,2.852601210179273e-05,3.4069462344632484e-06,1.1060734550483176e-06,4.069016767971334e-07,6.302216775111447e-07,6.708675073241466e-07,1.1316273589331529e-10,2.3720197962558672e-11,4.717324426771007e-11,True
heico__2537829,heico,0027 - Heico - Sigma - 8.avi,heico/0027 - Heico - Sigma - 8.avi,01:59:25,How many different foreign object classes appear in this frame? Please provide a number.,2,number,n_classes,,1,False,1,0.9316957908463464,True,8.866277312336024e-06,0.9316896189431926,0.06749136745929718,0.0007497614133171737,4.502667434280738e-05,4.458244347915752e-06,1.6400963431806304e-06,6.422709475373267e-07,1.0589258181425976e-06,9.344987006443262e-07,4.284891829336553e-10,1.153262997464918e-10,2.766534077297796e-10,False
heico__2539780,heico,0027 - Heico - Sigma - 8.avi,heico/0027 - Heico - Sigma - 8.avi,02:06:23,How many Needles appear in this frame? Please provide a number.,1,number,n_instances_per_class,,1,True,1,0.9930226208536715,True,0.001691713696345687,0.9930111762730498,0.005210844334214926,6.162065983517095e-05,7.834187272237614e-06,2.389292149018729e-06,9.960051556845428e-07,5.675066745425283e-07,7.286930099326128e-07,6.041076971996517e-07,1.7884288823817315e-10,2.273732341900922e-11,4.813491283224602e-11,True
heico__2540118,heico,0027 - Heico - Sigma - 8.avi,heico/0027 - Heico - Sigma - 8.avi,00:50:35,How many Clips appear in this frame? Please provide a number.,2,number,n_instances_per_class,,2,True,2,0.9772648865273058,False,1.63219101523282e-05,0.0010098008206114173,0.977260410785675,0.02028239332139492,0.0012966099893674254,0.00010643223504303023,1.63219101523282e-05,3.421258497837698e-06,2.6644788704288658e-06,1.0434248451929307e-06,0.0,0.0,0.0,True
heico__2540160,heico,0027 - Heico - Sigma - 8.avi,heico/0027 - Heico - Sigma - 8.avi,01:48:52,How many Clips appear in this frame? Please provide a number.,3,number,n_instances_per_class,,2,False,2,0.553604564439896,False,0.1399616003036499,0.20364294946193695,0.553558886051178,0.09619410336017609,0.005426900461316109,0.0008322420762851834,0.00016387819778174162,5.663478441420011e-05,4.9980026233242825e-05,3.0314417017507367e-05,0.0,0.0,0.0,False
heico__2540170,heico,0027 - Heico - Sigma - 8.avi,heico/0027 - Heico - Sigma - 8.avi,01:49:02,How many Clips appear in this frame? Please provide a number.,4,number,n_instances_per_class,,3,False,4,0.8569442297568718,False,3.399467232156894e-06,2.6738880478660576e-05,0.009519701823592186,0.13141542673110962,0.8569361567497253,0.0018745402339845896,0.0001975750783458352,5.604773377854144e-06,9.240709914593026e-06,2.1948608264210634e-06,0.0,0.0,0.0,True
heico__2540171,heico,0027 - Heico - Sigma - 8.avi,heico/0027 - Heico - Sigma - 8.avi,01:49:03,How many Clips appear in this frame? Please provide a number.,5,number,n_instances_per_class,,4,False,4,0.9802262623098174,False,1.3438434507406782e-06,4.4062926463084295e-06,0.00017600874707568437,0.017953380942344666,0.9802213907241821,0.0014737031888216734,0.00015532717225141823,4.139329121244373e-06,4.4062926463084295e-06,9.236091500497423e-07,0.0,0.0,0.0,False
heico__2537047,heico,0027 - Heico - Sigma - 8.avi,heico/0027 - Heico - Sigma - 8.avi,02:20:54,How many different foreign object instances appear in this frame? Please provide a number.,1,number,n_instances_total,,2,False,2,0.5924143739572961,False,3.2441443181596696e-05,0.35930854082107544,0.5923996567726135,0.033420901745557785,0.012294861488044262,0.0016639287350699306,0.0005401985254138708,0.00010637139348546043,0.00015476945554837584,5.3486899560084566e-05,0.0,0.0,0.0,False
heico__2536907,heico,0027 - Heico - Sigma - 8.avi,heico/0027 - Heico - Sigma - 8.avi,01:58:14,How many different foreign object instances appear in this frame? Please provide a number.,2,number,n_instances_total,,1,False,1,0.4941074265568354,True,2.5418863515369594e-05,0.4940869547826792,0.2996862828731537,0.14156177639961243,0.04595838114619255,0.013167296536266804,0.0033292139414697886,0.0010808375664055347,0.0007428480312228203,0.0003096651053056121,7.282427058053094e-06,9.855694610673158e-07,1.6249291600317487e-06,False
heico__2537320,heico,0027 - Heico - Sigma - 8.avi,heico/0027 - Heico - Sigma - 8.avi,01:49:36,How many different foreign object instances appear in this frame? Please provide a number.,3,number,n_instances_total,,2,False,2,0.5653322302069607,False,1.8776869183056988e-05,0.036138925701379776,0.5653079152107239,0.3428765833377838,0.052581824362277985,0.0023102841805666685,0.0005841313395649195,5.433267870103009e-05,6.156699237180874e-05,2.2649226593784988e-05,0.0,0.0,0.0,False
heico__2537476,heico,0027 - Heico - Sigma - 8.avi,heico/0027 - Heico - Sigma - 8.avi,02:12:02,How many different foreign object classes appear in this frame? Please provide a number.,1,number,n_classes,,1,True,1,0.9321569645231284,True,1.3739160749537405e-05,0.9321511387223668,0.06752480566501617,0.0002937562530860305,7.82833740231581e-06,1.1277790008534794e-06,5.004488912163652e-07,1.8410487712117174e-07,3.0353763236234954e-07,3.6613624843084835e-07,2.740596771680806e-11,6.929313657049678e-12,1.378058486241241e-11,True
heico__2537482,heico,0027 - Heico - Sigma - 8.avi,heico/0027 - Heico - Sigma - 8.avi,00:41:54,How many different foreign object classes appear in this frame? Please provide a number.,2,number,n_classes,,1,False,1,0.9889593138085843,True,5.362363481253851e-06,0.9889556764627836,0.01098630577325821,4.489851926336996e-05,2.8702663712465437e-06,5.309458970259584e-07,2.5080109367081604e-07,8.142318819182037e-08,1.6192933571801404e-07,1.8349000185935438e-07,3.974227267753845e-11,1.1386351695611558e-11,2.1272505599209907e-11,False
heico__2539474,heico,0027 - Heico - Sigma - 8.avi,heico/0027 - Heico - Sigma - 8.avi,02:22:18,How many External drains appear in this frame? Please provide a number.,1,number,n_instances_per_class,,1,True,1,0.9012611392068864,True,0.0013549636350944638,0.9012427276246497,0.09499028325080872,0.001971460646018386,0.00034258849336765707,4.6364308218471706e-05,1.4140315215627197e-05,5.894559762964491e-06,7.568764885945711e-06,3.5752316307480214e-06,3.470453196877052e-09,2.8487215326716193e-10,7.27446539007623e-10,True
heico__2540208,heico,0027 - Heico - Sigma - 8.avi,heico/0027 - Heico - Sigma - 8.avi,01:49:45,How many Clips appear in this frame? Please provide a number.,2,number,n_instances_per_class,,3,False,2,0.6032659306499869,False,0.0001306574558839202,0.026504745706915855,0.603245198726654,0.3228939175605774,0.03856417536735535,0.007593736983835697,0.0008003739640116692,0.00012274131586309522,8.435879863100126e-05,2.5727977117639966e-05,0.0,0.0,0.0,True
heico__2540164,heico,0027 - Heico - Sigma - 8.avi,heico/0027 - Heico - Sigma - 8.avi,01:48:56,How many Clips appear in this frame? Please provide a number.,3,number,n_instances_per_class,,2,False,2,0.9185511879468469,False,5.030139072914608e-05,0.005461794789880514,0.91853266954422,0.06653828918933868,0.009004977531731129,0.0003081333707086742,5.6998942454811186e-05,8.741071724216454e-06,1.353843526885612e-05,4.395286850922275e-06,0.0,0.0,0.0,False
heico__2540182,heico,0027 - Heico - Sigma - 8.avi,heico/0027 - Heico - Sigma - 8.avi,01:49:14,How many Clips appear in this frame? Please provide a number.,4,number,n_instances_per_class,,3,False,3,0.4625958043177324,False,0.00013693443906959146,0.009599844925105572,0.17016133666038513,0.4625464379787445,0.31790322065353394,0.03350675106048584,0.005138427019119263,0.0005415861960500479,0.00028989018755964935,6.885495531605557e-05,0.0,0.0,0.0,False
heico__2540177,heico,0027 - Heico - Sigma - 8.avi,heico/0027 - Heico - Sigma - 8.avi,01:49:09,How many Clips appear in this frame? Please provide a number.,5,number,n_instances_per_class,,2,False,3,0.5260262047244277,False,0.00037355159292928874,0.0013038231991231441,0.10357549786567688,0.5259997844696045,0.36151403188705444,0.0058433301746845245,0.001150619937106967,8.335062011610717e-05,8.335062011610717e-05,2.243351445940789e-05,0.0,0.0,0.0,False
heico__2536872,heico,0027 - Heico - Sigma - 8.avi,heico/0027 - Heico - Sigma - 8.avi,00:13:58,How many different foreign object instances appear in this frame? Please provide a number.,1,number,n_instances_total,,1,True,1,0.7521700922832631,True,4.968471694155596e-05,0.7521540486469327,0.21549595892429352,0.022713107988238335,0.006507413927465677,0.0018644054653123021,0.0006052838289178908,0.00025231981999240816,0.00023703255283180624,9.880986908683553e-05,4.2985638431874366e-07,6.592061547646408e-08,1.0868472074474351e-07,True
heico__2537054,heico,0027 - Heico - Sigma - 8.avi,heico/0027 - Heico - Sigma - 8.avi,00:50:50,How many different foreign object instances appear in this frame? Please provide a number.,2,number,n_instances_total,,1,False,1,0.9650849039232999,True,3.412275327718817e-05,0.9650775069555488,0.02914283610880375,0.003071632469072938,0.0018630390986800194,0.0004157002258580178,0.0001963628747034818,6.37496923445724e-05,9.275525371776894e-05,3.412275327718817e-05,3.5610215352289074e-07,4.253033953699587e-08,1.0860502270172012e-07,False
heico__2537387,heico,0027 - Heico - Sigma - 8.avi,heico/0027 - Heico - Sigma - 8.avi,00:14:14,How many different foreign object classes appear in this frame? Please provide a number.,1,number,n_classes,,1,True,1,0.9971034412517188,True,2.4230352209997363e-05,0.9970997561376617,0.0028006481006741524,5.8125591749558225e-05,1.0100712643179577e-05,1.455145820727921e-06,6.873621600789193e-07,3.246869084705395e-07,5.028849159316451e-07,4.7241664447028597e-07,4.0468803957349754e-10,1.2342288998899335e-10,2.6128624807448326e-10,True
heico__2537611,heico,0027 - Heico - Sigma - 8.avi,heico/0027 - Heico - Sigma - 8.avi,00:50:40,How many different foreign object classes appear in this frame? Please provide a number.,2,number,n_classes,,2,True,2,0.5302868322999154,False,8.85659483174095e-06,0.4679713547229767,0.5302810668945312,0.001687768381088972,3.502851177472621e-05,2.701108996916446e-06,9.334782475889369e-07,3.5430838352112914e-07,5.318798912412603e-07,5.318798912412603e-07,0.0,0.0,0.0,True
heico__2538877,heico,0027 - Heico - Sigma - 8.avi,heico/0027 - Heico - Sigma - 8.avi,00:14:03,How many Sponges appear in this frame? Please provide a number.,1,number,n_instances_per_class,,1,True,1,0.9986710781662501,True,8.470517786918208e-05,0.9986671183395802,0.0011693189153447747,5.1376293413341045e-05,1.4719552382302936e-05,4.489209914027015e-06,1.6514882190676872e-06,9.40989593800623e-07,1.0662809017958352e-06,6.467320758929418e-07,1.2484862349002242e-09,2.169543712894294e-10,4.5929244871593355e-10,True
heico__2540242,heico,0027 - Heico - Sigma - 8.avi,heico/0027 - Heico - Sigma - 8.avi,01:58:31,How many Clips appear in this frame? Please provide a number.,2,number,n_instances_per_class,,2,True,2,0.5049105161147285,False,0.07742048799991608,0.16389916837215424,0.5048449635505676,0.18572209775447845,0.053210265934467316,0.010477722622454166,0.0026491833850741386,0.000759003683924675,0.0006698184297420084,0.00021745820413343608,0.0,0.0,0.0,True
heico__2540179,heico,0027 - Heico - Sigma - 8.avi,heico/0027 - Heico - Sigma - 8.avi,01:49:11,How many Clips appear in this frame? Please provide a number.,3,number,n_instances_per_class,,2,False,2,0.8201896552811416,False,0.0007478798506781459,0.1257740557193756,0.820149838924408,0.04626968875527382,0.006261920556426048,0.0005140097346156836,0.00014726626977790147,3.7234745832392946e-05,3.497880243230611e-05,1.4581336472474504e-05,0.0,0.0,0.0,False
heico__2540167,heico,0027 - Heico - Sigma - 8.avi,heico/0027 - Heico - Sigma - 8.avi,01:48:59,How many Clips appear in this frame? Please provide a number.,4,number,n_instances_per_class,,3,False,3,0.8949125089037947,False,2.3149323169491254e-05,0.00026492998586036265,0.08323851972818375,0.8948984742164612,0.021045994013547897,0.0004367957008071244,5.911386324441992e-05,7.060144071147079e-06,7.515484412579099e-06,2.7647922706819372e-06,0.0,0.0,0.0,False
heico__2540188,heico,0027 - Heico - Sigma - 8.avi,heico/0027 - Heico - Sigma - 8.avi,01:49:20,How many Clips appear in this frame? Please provide a number.,5,number,n_instances_per_class,,3,False,3,0.7453565465196599,False,0.0006796620436944067,0.0012697760248556733,0.21354347467422485,0.7453399300575256,0.03710829094052315,0.0018475131364539266,0.00015165310469456017,1.92805291590048e-05,1.3251301425043494e-05,4.874880687566474e-06,0.0,0.0,0.0,False
heico__2537027,heico,0027 - Heico - Sigma - 8.avi,heico/0027 - Heico - Sigma - 8.avi,00:17:57,How many different foreign object instances appear in this frame? Please provide a number.,1,number,n_instances_total,,1,True,1,0.8520012380738425,True,9.877266711555421e-05,0.8519793316981584,0.1306557059288025,0.010724873282015324,0.005066071171313524,0.0007769071962684393,0.00032386311795562506,0.00010514294990571216,0.0001733514218358323,6.788539030821994e-05,1.9257507080787687e-06,1.231091297168839e-07,3.3464529630011916e-07,True
heico__2536852,heico,0027 - Heico - Sigma - 8.avi,heico/0027 - Heico - Sigma - 8.avi,01:48:49,How many different foreign object instances appear in this frame? Please provide a number.,2,number,n_instances_total,,2,True,2,0.8849708744172923,False,2.2892345441505313e-05,0.10569390654563904,0.8849642276763916,0.008675884455442429,0.0005546307074837387,5.8457644627196714e-05,1.1510993317642715e-05,3.7370723475760315e-06,4.507769972406095e-06,2.734100462475908e-06,0.0,0.0,0.0,True
heico__2537410,heico,0027 - Heico - Sigma - 8.avi,heico/0027 - Heico - Sigma - 8.avi,00:15:00,How many different foreign object classes appear in this frame? Please provide a number.,1,number,n_classes,,1,True,1,0.9971418891554158,True,2.0088444216526113e-05,0.9971382615497285,0.0028007563669234514,3.312024273327552e-05,3.0806625090917805e-06,4.724349196294497e-07,2.0964172620097088e-07,9.302794978793827e-08,1.3535486687032972e-07,1.4408450965675001e-07,1.0232511344019695e-10,2.93166361657275e-11,5.4770689010422513e-11,True
heico__2537775,heico,0027 - Heico - Sigma - 8.avi,heico/0027 - Heico - Sigma - 8.avi,00:42:04,How many different foreign object classes appear in this frame? Please provide a number.,2,number,n_classes,,1,False,1,0.7762382452125889,True,2.717483084779815e-06,0.7762314676672832,0.22239404916763306,0.0013224034337326884,3.524085695971735e-05,2.892745669669239e-06,9.391370099365304e-07,3.454891555065842e-07,6.06352443810465e-07,6.06352443810465e-07,2.4293689092449096e-11,6.9602587675585986e-12,1.3842126957884585e-11,False
heico__2539107,heico,0027 - Heico - Sigma - 8.avi,heico/0027 - Heico - Sigma - 8.avi,00:21:28,How many Sponges appear in this frame? Please provide a number.,1,number,n_instances_per_class,,1,True,1,0.9983444506960846,True,7.472764991689473e-05,0.9983408420291341,0.0015009447233751416,5.8197943872073665e-05,1.4714743883814663e-05,3.720470203916193e-06,1.2857601632276783e-06,6.465207889050362e-07,8.301490765916242e-07,4.7300468963840103e-07,1.6025642962417508e-09,2.308712718286148e-10,5.202764763940432e-10,True
heico__2540096,heico,0027 - Heico - Sigma - 8.avi,heico/0027 - Heico - Sigma - 8.avi,00:42:11,How many Clips appear in this frame? Please provide a number.,2,number,n_instances_per_class,,3,False,3,0.666041523281882,False,1.6185122149181552e-05,0.0005359776550903916,0.3146110773086548,0.6660316586494446,0.01774914190173149,0.0008836777415126562,0.0001195927761727944,1.4283320524555165e-05,1.8340148017159663e-05,5.254539701127214e-06,0.0,0.0,0.0,False
heico__2540212,heico,0027 - Heico - Sigma - 8.avi,heico/0027 - Heico - Sigma - 8.avi,01:49:49,How many Clips appear in this frame? Please provide a number.,3,number,n_instances_per_class,,2,False,2,0.8494277139597901,False,8.163811435224488e-05,0.012116169556975365,0.8494091033935547,0.1302611082792282,0.007348828483372927,0.0006032285746186972,0.00011878275836352259,1.5101533790584654e-05,1.821592559281271e-05,5.913845143368235e-06,0.0,0.0,0.0,False
heico__2540175,heico,0027 - Heico - Sigma - 8.avi,heico/0027 - Heico - Sigma - 8.avi,01:49:07,How many Clips appear in this frame? Please provide a number.,5,number,n_instances_per_class,,4,False,4,0.9735369730688723,False,1.824277319428802e-06,9.264444088330492e-06,0.0005384442047215998,0.015735646709799767,0.9735299944877625,0.00954415276646614,0.0006101371836848557,1.1895782336068805e-05,9.861949365586042e-06,1.6099190816021292e-06,0.0,0.0,0.0,False
heico__2536936,heico,0027 - Heico - Sigma - 8.avi,heico/0027 - Heico - Sigma - 8.avi,00:34:54,How many different foreign object instances appear in this frame? Please provide a number.,1,number,n_instances_total,,1,True,1,0.9800140119884934,True,4.449236803338863e-05,0.9800095194494983,0.017949502915143967,0.0013002576306462288,0.00047833807[redacted-port]092,0.00012094279372831807,4.449236803338863e-05,1.854717811511364e-05,2.1016707250964828e-05,8.230260391428601e-06,5.545501547944195e-08,6.623156472062502e-09,1.4021223036043004e-08,True
heico__2536859,heico,0027 - Heico - Sigma - 8.avi,heico/0027 - Heico - Sigma - 8.avi,01:59:41,How many different foreign object instances appear in this frame? Please provide a number.,2,number,n_instances_total,,4,False,3,0.3683666168039489,False,1.7801479771151207e-05,0.0640091598033905,0.17399494349956512,0.36834728717803955,0.32506534457206726,0.05648788809776306,0.0098161231726408,0.0011723687639459968,0.0008057564846239984,0.00023085306747816503,0.0,0.0,0.0,False
heico__2537757,heico,0027 - Heico - Sigma - 8.avi,heico/0027 - Heico - Sigma - 8.avi,00:34:46,How many different foreign object classes appear in this frame? Please provide a number.,1,number,n_classes,,1,True,1,0.9577571882954612,True,9.114281056099571e-06,0.9577504989776814,0.04208061844110489,0.0001425713417120278,8.043324669415597e-06,1.022594005917199e-06,4.262805930466129e-07,1.5199503877738607e-07,2.75227421298041e-07,2.929780862359621e-07,9.828318924056314e-11,3.615636829297815e-11,6.754898492636745e-11,True
heico__2537532,heico,0027 - Heico - Sigma - 8.avi,heico/0027 - Heico - Sigma - 8.avi,00:50:16,How many different foreign object classes appear in this frame? Please provide a number.,2,number,n_classes,,1,False,1,0.9230748810565734,True,9.35076332098106e-06,0.9230678664663239,0.07577002048492432,0.0010808012448251247,5.380993025028147e-05,5.6715248319960665e-06,1.960026565939188e-06,8.170605951818288e-07,1.1167894626851194e-06,9.855632470134879e-07,5.12073663689415e-10,1.467115742882879e-10,3.3061959341335033e-10,False
heico__2539187,heico,0027 - Heico - Sigma - 8.avi,heico/0027 - Heico - Sigma - 8.avi,00:38:28,How many Sponges appear in this frame? Please provide a number.,1,number,n_instances_per_class,,1,True,1,0.9989279618456268,True,9.600826888345182e-05,0.9989243145275185,0.0009109011152759194,4.535109474090859e-05,1.2993305972486269e-05,3.497101033644867e-06,1.3694844938072492e-06,6.886199912514712e-07,7.803087100910489e-07,4.4460645653998654e-07,2.1701030058567236e-10,3.771073862838323e-11,7.983363040118669e-11,True
heico__2540116,heico,0027 - Heico - Sigma - 8.avi,heico/0027 - Heico - Sigma - 8.avi,00:50:33,How many Clips appear in this frame? Please provide a number.,2,number,n_instances_per_class,,2,True,2,0.6283295930503151,False,2.852565739885904e-05,0.0015574481803923845,0.6283193826675415,0.3363151550292969,0.031282179057598114,0.002266073599457741,0.0001641538110561669,2.6797371901920997e-05,1.8417547835269943e-05,5.617034730676096e-06,0.0,0.0,0.0,True
heico__2540211,heico,0027 - Heico - Sigma - 8.avi,heico/0027 - Heico - Sigma - 8.avi,01:49:48,How many Clips appear in this frame? Please provide a number.,3,number,n_instances_per_class,,2,False,2,0.5382377699881423,False,0.005978903733193874,0.25422945618629456,0.5382037162780762,0.17472916841506958,0.023647021502256393,0.0024923780001699924,0.00043311031186021864,9.663996752351522e-05,9.078485163627192e-05,3.55518568539992e-05,0.0,0.0,0.0,False
heico__2540176,heico,0027 - Heico - Sigma - 8.avi,heico/0027 - Heico - Sigma - 8.avi,01:49:08,How many Clips appear in this frame? Please provide a number.,5,number,n_instances_per_class,,3,False,4,0.7504080654755828,False,3.1688382478023414e-06,1.6092688383650966e-05,0.004462056327611208,0.24362002313137054,0.7504025101661682,0.0012784007703885436,0.00019604906265158206,5.561484613281209e-06,7.141087280615466e-06,1.593391971255187e-06,0.0,0.0,0.0,False
heico__2537203,heico,0027 - Heico - Sigma - 8.avi,heico/0027 - Heico - Sigma - 8.avi,00:51:02,How many different foreign object instances appear in this frame? Please provide a number.,1,number,n_instances_total,,1,True,1,0.9459906573102573,True,1.9057841200265102e-05,0.9459810096246577,0.04156354069709778,0.007222659885883331,0.003411743091419339,0.0009774807840585709,0.00040747461025603116,0.0001698606793070212,0.0001698606793070212,6.651840521954e-05,4.210417652194176e-07,5.352946049032443e-08,1.2063049340160344e-07,True
heico__2537099,heico,0027 - Heico - Sigma - 8.avi,heico/0027 - Heico - Sigma - 8.avi,00:50:33,How many different foreign object instances appear in this frame? Please provide a number.,2,number,n_instances_total,,2,True,2,0.6541910740593608,False,1.026397876557894e-05,0.001262867939658463,0.6541817784309387,0.30901360511779785,0.03256979212164879,0.00267349136993289,0.0002194535336457193,2.7900383429368958e-05,2.0412358935573138e-05,6.22541756456485e-06,0.0,0.0,0.0,True
heico__2537403,heico,0027 - Heico - Sigma - 8.avi,heico/0027 - Heico - Sigma - 8.avi,00:50:19,How many different foreign object classes appear in this frame? Please provide a number.,1,number,n_classes,,1,True,1,0.9971207231921463,True,6.521635441458784e-06,0.9971188289251693,0.0028007016517221928,5.8126704971073195e-05,1.0752359230536968e-05,1.2841862826462602e-06,6.066065907361917e-07,3.2469313282490475e-07,5.353284677767078e-07,4.169142187038233e-07,5.531534108353292e-10,2.166179869527249e-10,4.881561958814985e-10,True
heico__2537721,heico,0027 - Heico - Sigma - 8.avi,heico/0027 - Heico - Sigma - 8.avi,00:42:06,How many different foreign object classes appear in this frame? Please provide a number.,2,number,n_classes,,1,False,1,0.9932327887691,True,3.7014237932453398e-06,0.9932299851550156,0.006692331284284592,6.560930341947824e-05,4.194262601231458e-06,6.432110239984468e-07,2.681302078144654e-07,8.704914478130377e-08,1.7311788269580575e-07,1.8428305281759094e-07,3.749577000942231e-11,8.366437206241741e-12,1.7711747237386195e-11,False
heico__2540107,heico,0027 - Heico - Sigma - 8.avi,heico/0027 - Heico - Sigma - 8.avi,00:50:21,How many Clips appear in this frame? Please provide a number.,1,number,n_instances_per_class,,1,True,1,0.9942693422131574,True,0.0014948180178180337,0.99426573466915,0.00406333664432168,0.00013903975195717067,2.1322433894965798e-05,6.92238108968013e-06,2.3923107619339135e-06,9.972635552912834e-07,1.2029294111925992e-06,6.048709337846958e-07,2.9523461850311445e-10,2.923218511004834e-11,6.5875746972098e-11,True
heico__2540207,heico,0027 - Heico - Sigma - 8.avi,heico/0027 - Heico - Sigma - 8.avi,01:49:44,How many Clips appear in this frame? Please provide a number.,2,number,n_instances_per_class,,2,True,2,0.776007592609982,False,0.00013089325511828065,0.10501748323440552,0.7759801149368286,0.10501748323440552,0.012542550452053547,0.0009085792698897421,0.0002297248283866793,5.4564428864978254e-05,6.182959623401985e-05,2.136773764505051e-05,0.0,0.0,0.0,True
heico__2540213,heico,0027 - Heico - Sigma - 8.avi,heico/0027 - Heico - Sigma - 8.avi,01:49:50,How many Clips appear in this frame? Please provide a number.,3,number,n_instances_per_class,,3,True,2,0.6614211596375974,False,0.00010480666242074221,0.009434394538402557,0.66140216588974,0.31242427229881287,0.01555468887090683,0.0008775354363024235,0.00013457442400977015,1.6072621292551048e-05,1.6072621292551048e-05,6.700065569020808e-06,0.0,0.0,0.0,False
heico__2540174,heico,0027 - Heico - Sigma - 8.avi,heico/0027 - Heico - Sigma - 8.avi,01:49:06,How many Clips appear in this frame? Please provide a number.,5,number,n_instances_per_class,,4,False,4,0.9019282354377994,False,3.5779253266809974e-06,1.1731565791706089e-05,0.0010560418013483286,0.09506186097860336,0.901921808719635,0.0017411187291145325,0.00018351255857851356,6.279454737523338e-06,5.541599421121646e-06,1.401135818923649e-06,0.0,0.0,0.0,False
heico__2536914,heico,0027 - Heico - Sigma - 8.avi,heico/0027 - Heico - Sigma - 8.avi,01:47:31,How many different foreign object instances appear in this frame? Please provide a number.,1,number,n_instances_total,,1,True,1,0.8015462034211923,True,8.729357068659738e-05,0.8015288512395369,0.1788453608751297,0.014680520631372929,0.004206039477139711,0.0004433132999110967,9.292351751355454e-05,3.4184649848612025e-05,4.123456164961681e-05,1.8297725546290167e-05,2.7783578744515353e-07,1.8906961944186028e-08,3.5322857121889856e-08,True
heico__2537250,heico,0027 - Heico - Sigma - 8.avi,heico/0027 - Heico - Sigma - 8.avi,01:49:28,How many different foreign object instances appear in this frame? Please provide a number.,2,number,n_instances_total,,2,True,2,0.8473924160289511,False,1.603701639396604e-05,0.007331237196922302,0.8473758101463318,0.11467984318733215,0.028995605185627937,0.0012739780358970165,0.00022138416534289718,3.1893414416117594e-05,4.35931324318517e-05,1.102206988434773e-05,0.0,0.0,0.0,True
heico__2537496,heico,0027 - Heico - Sigma - 8.avi,heico/0027 - Heico - Sigma - 8.avi,01:48:59,How many different foreign object classes appear in this frame? Please provide a number.,1,number,n_classes,,1,True,1,0.9874631923875244,True,1.549301487102639e-05,0.9874580502114394,0.012430261820554733,8.375444303965196e-05,5.354242603061721e-06,7.246179620779003e-07,3.878600409734645e-07,1.4268573522713268e-07,3.215472759166005e-07,3.0206570045265835e-07,1.553972864336317e-11,4.182461194419185e-12,1.0033202032374082e-11,True
heico__2537440,heico,0027 - Heico - Sigma - 8.avi,heico/0027 - Heico - Sigma - 8.avi,00:50:23,How many different foreign object classes appear in this frame? Please provide a number.,2,number,n_classes,,2,True,2,0.9993679082771059,False,8.845971137816377e-07,0.0004877861647401005,0.9993667006492615,0.00013975307228974998,3.0875473839842016e-06,3.254251055295754e-07,1.1971719970915728e-07,4.137315912089434e-08,5.6550405247435265e-08,3.65116825662426e-08,0.0,0.0,0.0,True
heico__2539085,heico,0027 - Heico - Sigma - 8.avi,heico/0027 - Heico - Sigma - 8.avi,01:51:07,How many Sponges appear in this frame? Please provide a number.,1,number,n_instances_per_class,,1,True,1,0.990746579619174,True,0.00015699348296038806,0.9907368901713262,0.008571553975343704,0.00037660778616555035,0.00010789994121296331,2.4075729015748948e-05,6.897811999806436e-06,3.2582956919213757e-06,3.930254933948163e-06,2.1037137685198104e-06,6.289989272824493e-09,7.996824331168957e-10,1.8021119875549166e-09,True
heico__2540231,heico,0027 - Heico - Sigma - 8.avi,heico/0027 - Heico - Sigma - 8.avi,01:58:20,How many Clips appear in this frame? Please provide a number.,2,number,n_instances_per_class,,1,False,2,0.40661241851962004,False,0.0018828617176041007,0.21762920916080475,0.40658488869667053,0.24660620093345642,0.10280075669288635,0.01786409318447113,0.004516750108450651,0.0010078231571242213,0.0007848934619687498,0.00025481756892986596,0.0,0.0,0.0,True
heico__2540202,heico,0027 - Heico - Sigma - 8.avi,heico/0027 - Heico - Sigma - 8.avi,01:49:35,How many Clips appear in this frame? Please provide a number.,3,number,n_instances_per_class,,3,True,3,0.47097116969533265,False,8.456184150418267e-05,0.0059282430447638035,0.11907193809747696,0.47093865275382996,0.36676740646362305,0.03010609932243824,0.0059282430447638035,0.0006248321733437479,0.00037897989386692643,0.00010200104588875547,0.0,0.0,0.0,True
heico__2540173,heico,0027 - Heico - Sigma - 8.avi,heico/0027 - Heico - Sigma - 8.avi,01:49:05,How many Clips appear in this frame? Please provide a number.,5,number,n_instances_per_class,,3,False,4,0.9267845849351737,False,2.526837079130928e-06,1.3659951946465299e-05,0.002297250786796212,0.0671355128288269,0.9267771244049072,0.0033424801658838987,0.0003992023121099919,1.0638381354510784e-05,1.1324497791065369e-05,2.2299257125268923e-06,0.0,0.0,0.0,False
heico__2537135,heico,0027 - Heico - Sigma - 8.avi,heico/0027 - Heico - Sigma - 8.avi,02:07:56,How many different foreign object instances appear in this frame? Please provide a number.,1,number,n_instances_total,,1,True,1,0.9832547970566612,True,5.731828059651889e-05,0.9832508998048923,0.015892770141363144,0.0006162295467220247,0.00012134279677411541,3.476529673207551e-05,1.0602815564197954e-05,3.900558112945873e-06,5.6752778618829325e-06,2.5183894649671856e-06,1.0292077420164273e-08,1.0190537694865493e-09,2.157336656215878e-09,True
heico__2537244,heico,0027 - Heico - Sigma - 8.avi,heico/0027 - Heico - Sigma - 8.avi,01:59:09,How many different foreign object instances appear in this frame? Please provide a number.,2,number,n_instances_total,,1,False,1,0.8470338929676506,True,2.6429515855852515e-05,0.8470193281382223,0.11463189125061035,0.025577833876013756,0.009409559890627861,0.002099556615576148,0.0006816262030042708,0.00022129160061012954,0.00022129160061012954,9.224807581631467e-05,1.3158434528443756e-06,1.3868887018746672e-07,2.9360434791268205e-07,False
heico__2537448,heico,0027 - Heico - Sigma - 8.avi,heico/0027 - Heico - Sigma - 8.avi,02:03:26,How many different foreign object classes appear in this frame? Please provide a number.,1,number,n_classes,,1,True,1,0.9940213176607884,True,2.5713345166877843e-05,0.9940174817204258,0.005910643842071295,3.741269392776303e-05,3.2690848001948325e-06,6.852374099253211e-07,3.0407224471673544e-07,1.2675617711011e-07,2.5208476017724024e-07,2.5208476017724024e-07,3.994568689435916e-11,9.487931556379425e-12,1.665183858180408e-11,True
heico__2537566,heico,0027 - Heico - Sigma - 8.avi,heico/0027 - Heico - Sigma - 8.avi,00:42:11,How many different foreign object classes appear in this frame? Please provide a number.,2,number,n_classes,,1,False,1,0.7977766911693348,True,3.3688722851366038e-06,0.7977719306544931,0.2017083317041397,0.0004999849479645491,8.60271666169865e-06,8.517843070876552e-07,3.335635199164244e-07,1.2271117100226547e-07,2.2925460996248148e-07,2.765338820154284e-07,1.3364321712846053e-11,5.233544004776989e-12,1.1079412387903736e-11,False
heico__2539725,heico,0027 - Heico - Sigma - 8.avi,heico/0027 - Heico - Sigma - 8.avi,02:03:45,How many Needles appear in this frame? Please provide a number.,1,number,n_instances_per_class,,1,True,1,0.9956877918895095,True,0.00015777736552990973,0.9956837890989557,0.004069132264703512,6.57713899272494e-05,1.3786433555651456e-05,2.7147095806867583e-06,1.1316593599985936e-06,6.057335895093274e-07,8.279396865873423e-07,4.4316414005152183e-07,7.475346327917606e-11,1.0769258007486065e-11,2.9273877002461407e-11,True
heico__2540088,heico,0027 - Heico - Sigma - 8.avi,heico/0027 - Heico - Sigma - 8.avi,00:42:01,How many Clips appear in this frame? Please provide a number.,2,number,n_instances_per_class,,2,True,2,0.7161354072898355,False,0.013115988112986088,0.09691476821899414,0.7161086797714233,0.1597854495048523,0.013115988112986088,0.0007399533642455935,0.00011347552936058491,2.8691103580058552e-05,2.6952800908475183e-05,1.2731602510029916e-05,0.0,0.0,0.0,True
heico__2540201,heico,0027 - Heico - Sigma - 8.avi,heico/0027 - Heico - Sigma - 8.avi,01:49:34,How many Clips appear in this frame? Please provide a number.,3,number,n_instances_per_class,,2,False,2,0.6784254179600248,False,0.0005459235399030149,0.15136946737766266,0.6783909201622009,0.15136946737766266,0.01595422439277172,0.0016815629787743092,0.0004251656646374613,0.0001009857005556114,7.86477467045188e-05,3.278525764471851e-05,0.0,0.0,0.0,False
heico__2540189,heico,0027 - Heico - Sigma - 8.avi,heico/0027 - Heico - Sigma - 8.avi,01:49:21,How many Clips appear in this frame? Please provide a number.,5,number,n_instances_per_class,,4,False,4,0.9263478964407103,False,4.7184835239022505e-06,2.2510625058203004e-05,0.0004521380178630352,0.040700167417526245,0.9263315200805664,0.03169732168316841,0.0007454495644196868,1.8661963622434996e-05,7.308129625016591e-06,2.525622221583035e-06,0.0,0.0,0.0,False
heico__2683729,heico,0027 - Heico - Sigma - 8.avi,heico/0027 - Heico - Sigma - 8.avi,02:24:57,How many External drains appear in this frame? Please provide a number.,1,number,n_instances_per_class,,1,True,1,0.9156604467684201,True,0.0167703777551651,0.9156315228274223,0.06632813066244125,0.0009461198933422565,0.00021110787929501384,4.425062070367858e-05,1.6278894690913148e-05,6.374905751727056e-06,9.275432603317313e-06,4.964781510352623e-06,6.587174476470989e-09,4.771733026551858e-10,1.2185046775226293e-09,True
lapchole__1303303,lapchole,0032 - Laparoscopic Cholecystectomy.mp4,lapchole/0032 - Laparoscopic Cholecystectomy.mp4,00:28:17,How many different foreign object instances appear in this frame? Please provide a number.,1,number,n_instances_total,,1,True,1,0.9875350022346143,True,3.956578075303696e-05,0.9875325442735393,0.010970496572554111,0.001020414987578988,0.00037538973265327513,3.956578075303696e-05,1.0648986062733456e-05,3.4572199183457997e-06,3.6801911846851e-06,1.7383993053954327e-06,6.269640702527545e-09,1.0234907675664661e-09,1.7962820913794518e-09,True
lapchole__1303367,lapchole,0032 - Laparoscopic Cholecystectomy.mp4,lapchole/0032 - Laparoscopic Cholecystectomy.mp4,00:29:25,How many different foreign object instances appear in this frame? Please provide a number.,2,number,n_instances_total,,1,False,1,0.9348319247733992,True,5.1193637773394585e-05,0.9348255820557815,0.052739255130290985,0.007137481123209,0.004905514419078827,0.0002442311670165509,5.449534364743158e-05,1.4667223695141729e-05,1.4667223695141729e-05,6.114207735663513e-06,9.192332923953366e-09,1.5973878376091882e-09,2.8035030971980368e-09,False
lapchole__1303412,lapchole,0032 - Laparoscopic Cholecystectomy.mp4,lapchole/0032 - Laparoscopic Cholecystectomy.mp4,00:30:24,How many different foreign object instances appear in this frame? Please provide a number.,3,number,n_instances_total,,2,False,2,0.8721584105068058,False,2.7213667635805905e-05,0.10416373610496521,0.8721522688865662,0.02051105536520481,0.0027758695650845766,0.0002581960870884359,6.52821981930174e-05,1.550588058307767e-05,1.6505922758369707e-05,7.324458692892222e-06,0.0,0.0,0.0,False
lapchole__1303568,lapchole,0032 - Laparoscopic Cholecystectomy.mp4,lapchole/0032 - Laparoscopic Cholecystectomy.mp4,00:33:02,How many different foreign object instances appear in this frame? Please provide a number.,4,number,n_instances_total,,3,False,3,0.48016545921942866,False,1.4982075299485587e-05,0.0011901736725121737,0.06498127430677414,0.4801503121852875,0.37394142150878906,0.06498127430677414,0.01279557216912508,0.0011901736725121737,0.0005621981690637767,0.0001610724866623059,0.0,0.0,0.0,False
lapchole__1303738,lapchole,0032 - Laparoscopic Cholecystectomy.mp4,lapchole/0032 - Laparoscopic Cholecystectomy.mp4,00:36:17,How many different foreign object instances appear in this frame? Please provide a number.,5,number,n_instances_total,,4,False,4,0.6138869510243545,False,2.459436836943496e-05,0.0002644144115038216,0.0019537729676812887,0.05038846656680107,0.6138572096824646,0.2899656295776367,0.03924257680773735,0.003221227088943124,0.000814453698694706,0.00021920724248047918,0.0,0.0,0.0,False
lapchole__1303690,lapchole,0032 - Laparoscopic Cholecystectomy.mp4,lapchole/0032 - Laparoscopic Cholecystectomy.mp4,00:35:29,How many different foreign object instances appear in this frame? Please provide a number.,6,number,n_instances_total,,3,False,3,0.7409440475682555,False,1.1625063052633777e-05,0.0002816494961734861,0.0287290271371603,0.7409313917160034,0.21228040754795074,0.01537754014134407,0.0020811238791793585,0.00017082903650589287,9.143819625023752e-05,2.7887073883903213e-05,0.0,0.0,0.0,False
lapchole__1303746,lapchole,0032 - Laparoscopic Cholecystectomy.mp4,lapchole/0032 - Laparoscopic Cholecystectomy.mp4,00:49:39,How many different foreign object instances appear in this frame? Please provide a number.,7,number,n_instances_total,,5,False,5,0.43857536822307036,False,2.556402250775136e-05,0.0002581874723546207,0.0003529004461597651,0.002301200060173869,0.05237507447600365,0.4385311007499695,0.4385311007499695,0.059348732233047485,0.007088195066899061,0.0010870100231841207,0.0,0.0,0.0,False
lapchole__1304082,lapchole,0032 - Laparoscopic Cholecystectomy.mp4,lapchole/0032 - Laparoscopic Cholecystectomy.mp4,00:33:16,How many different foreign object classes appear in this frame? Please provide a number.,1,number,n_classes,,1,True,1,0.9622294207323209,True,1.821062141971197e-05,0.9622263904774787,0.037309564650058746,0.00041447184048593044,2.338290141778998e-05,2.6234888537146617e-06,9.066534971680085e-07,3.550505880411947e-07,5.165956054042908e-07,4.2827275592571823e-07,1.1188992098653258e-10,4.1162000261581504e-11,9.275999862352762e-11,True
lapchole__1303999,lapchole,0032 - Laparoscopic Cholecystectomy.mp4,lapchole/0032 - Laparoscopic Cholecystectomy.mp4,00:57:27,How many different foreign object classes appear in this frame? Please provide a number.,2,number,n_classes,,2,True,2,0.9488370430204524,False,9.029367902257945e-06,0.0034220064990222454,0.9488275647163391,0.04723934084177017,0.0004631182528100908,2.1660327547579072e-05,4.006757535535144e-06,1.2219920790812466e-06,1.2219920790812466e-06,8.398620252592082e-07,0.0,0.0,0.0,True
lapchole__1304247,lapchole,0032 - Laparoscopic Cholecystectomy.mp4,lapchole/0032 - Laparoscopic Cholecystectomy.mp4,00:58:41,How many different foreign object classes appear in this frame? Please provide a number.,3,number,n_classes,,2,False,2,0.5195455804961425,False,0.0003466026100795716,0.45848318934440613,0.5195295214653015,0.020144345238804817,0.0013708400074392557,6.411504000425339e-05,1.4305999684438575e-05,5.2628824960265774e-06,5.963627700111829e-06,4.944020929542603e-06,0.0,0.0,0.0,False
lapchole__1304850,lapchole,0032 - Laparoscopic Cholecystectomy.mp4,lapchole/0032 - Laparoscopic Cholecystectomy.mp4,00:28:55,How many Clips appear in this frame? Please provide a number.,1,number,n_instances_per_class,,3,False,2,0.44489173195471776,False,0.00031592458253726363,0.11247693747282028,0.4448549151420593,0.3057440221309662,0.12745307385921478,0.0071904100477695465,0.0014158757403492928,0.00019161794625688344,0.00020397623302415013,7.049230043776333e-05,0.0,0.0,0.0,False
lapchole__1304890,lapchole,0032 - Laparoscopic Cholecystectomy.mp4,lapchole/0032 - Laparoscopic Cholecystectomy.mp4,00:29:36,How many Clips appear in this frame? Please provide a number.,2,number,n_instances_per_class,,1,False,1,0.7075267763371549,True,0.00016312273510266095,0.7075070597596467,0.20270417630672455,0.05807571858167648,0.02743302658200264,0.003276407951489091,0.0005693543353118002,0.0001270401116926223,8.202326716855168e-05,3.41923841915559e-05,7.88339021097013e-09,1.2089570541698256e-09,1.9932330934936784e-09,False
lapchole__1305068,lapchole,0032 - Laparoscopic Cholecystectomy.mp4,lapchole/0032 - Laparoscopic Cholecystectomy.mp4,00:32:50,How many Clips appear in this frame? Please provide a number.,3,number,n_instances_per_class,,2,False,2,0.7752779253860945,False,8.443275874014944e-05,0.10492020845413208,0.7752612829208374,0.09259176254272461,0.023410864174365997,0.0027960289735347033,0.0006238783826120198,0.0001392060803482309,0.00010841380571946502,4.2455456423340365e-05,0.0,0.0,0.0,False
lapchole__1305054,lapchole,0032 - Laparoscopic Cholecystectomy.mp4,lapchole/0032 - Laparoscopic Cholecystectomy.mp4,00:32:34,How many Clips appear in this frame? Please provide a number.,4,number,n_instances_per_class,,2,False,2,0.9831494580124452,False,3.938997906516306e-05,0.007506401743739843,0.9831446409225464,0.008505867794156075,0.0006982041522860527,6.494310218840837e-05,2.1083938918309286e-05,5.6746648624539375e-06,6.040649623173522e-06,2.853400928870542e-06,0.0,0.0,0.0,False
lapchole__1305123,lapchole,0032 - Laparoscopic Cholecystectomy.mp4,lapchole/0032 - Laparoscopic Cholecystectomy.mp4,00:34:07,How many Clips appear in this frame? Please provide a number.,5,number,n_instances_per_class,,2,False,2,0.8597866777193539,False,5.0120062951464206e-05,0.004511664155870676,0.8597710132598877,0.11635735630989075,0.017843978479504585,0.0011407273123040795,0.00022462251945398748,3.666861812234856e-05,3.4446977224433795e-05,1.118329782912042e-05,0.0,0.0,0.0,False
lapchole__1305187,lapchole,0032 - Laparoscopic Cholecystectomy.mp4,lapchole/0032 - Laparoscopic Cholecystectomy.mp4,00:35:14,How many Clips appear in this frame? Please provide a number.,6,number,n_instances_per_class,,3,False,3,0.6002547531811838,False,3.964958887081593e-05,0.0016859435709193349,0.2835320830345154,0.6002374291419983,0.10430561751127243,0.008561926893889904,0.0013130140723660588,0.00015681715740356594,0.00010777875286294147,3.0879131372785196e-05,0.0,0.0,0.0,False
lapchole__1304891,lapchole,0032 - Laparoscopic Cholecystectomy.mp4,lapchole/0032 - Laparoscopic Cholecystectomy.mp4,00:49:44,How many Clips appear in this frame? Please provide a number.,7,number,n_instances_per_class,,5,False,5,0.5474346249224331,False,4.6428081986960024e-05,0.0004138090298511088,0.001537487143650651,0.01873042620718479,0.20137108862400055,0.5473833084106445,0.20137108862400055,0.02405034378170967,0.004179322626441717,0.0008229574887081981,0.0,0.0,0.0,False
lapchole__1303560,lapchole,0032 - Laparoscopic Cholecystectomy.mp4,lapchole/0032 - Laparoscopic Cholecystectomy.mp4,00:40:30,How many different foreign object instances appear in this frame? Please provide a number.,1,number,n_instances_total,,2,False,2,0.6617093566148086,False,3.6235916923033074e-05,0.029072580859065056,0.6616889238357544,0.2434217631816864,0.05431473255157471,0.009438484907150269,0.0014474386116489768,0.0003229672147426754,0.00016239812248386443,6.359601684380323e-05,0.0,0.0,0.0,False
lapchole__1303701,lapchole,0032 - Laparoscopic Cholecystectomy.mp4,lapchole/0032 - Laparoscopic Cholecystectomy.mp4,00:35:40,How many different foreign object instances appear in this frame? Please provide a number.,2,number,n_instances_total,,2,True,2,0.7390432050647542,False,2.305991256434936e-05,0.01194532960653305,0.7390313744544983,0.2117360532283783,0.03247077390551567,0.0038780809845775366,0.0006739094387739897,0.00011710789112839848,8.048700692597777e-05,2.781556213449221e-05,0.0,0.0,0.0,True
lapchole__1303396,lapchole,0032 - Laparoscopic Cholecystectomy.mp4,lapchole/0032 - Laparoscopic Cholecystectomy.mp4,00:39:07,How many different foreign object instances appear in this frame? Please provide a number.,3,number,n_instances_total,,3,True,3,0.48465505013071886,False,1.9417224393691868e-05,0.000728626037016511,0.030981967225670815,0.4846395254135132,0.42769286036491394,0.05108062922954559,0.004192953463643789,0.0004419340402819216,0.0001434749865438789,4.65795055788476e-05,0.0,0.0,0.0,True
lapchole__1303353,lapchole,0032 - Laparoscopic Cholecystectomy.mp4,lapchole/0032 - Laparoscopic Cholecystectomy.mp4,00:37:24,How many different foreign object instances appear in this frame? Please provide a number.,4,number,n_instances_total,,3,False,3,0.6493881413829778,False,2.2960193746257573e-05,0.000670995214022696,0.04704039916396141,0.6493726372718811,0.27069878578186035,0.02853144332766533,0.0030071921646595,0.0004069791466463357,0.000169654143974185,5.507863897946663e-05,0.0,0.0,0.0,False
lapchole__1303374,lapchole,0032 - Laparoscopic Cholecystectomy.mp4,lapchole/0032 - Laparoscopic Cholecystectomy.mp4,00:43:48,How many different foreign object instances appear in this frame? Please provide a number.,5,number,n_instances_total,,6,False,5,0.39078846971615766,False,2.2779344362788834e-05,0.0006657101330347359,0.0018095877021551132,0.015151490457355976,0.18458294868469238,0.3907620906829834,0.34484633803367615,0.04666987806558609,0.013371143490076065,0.002050531329587102,0.0,0.0,0.0,True
lapchole__1303780,lapchole,0032 - Laparoscopic Cholecystectomy.mp4,lapchole/0032 - Laparoscopic Cholecystectomy.mp4,00:36:59,How many different foreign object instances appear in this frame? Please provide a number.,6,number,n_instances_total,,4,False,5,0.5556814706293477,False,1.3502980436896905e-05,0.00014517070667352527,0.000574161356780678,0.006994717288762331,0.3818986117839813,0.5556591749191284,0.05168435350060463,0.002270852215588093,0.000574161356780678,0.00014517070667352527,0.0,0.0,0.0,False
lapchole__1303319,lapchole,0032 - Laparoscopic Cholecystectomy.mp4,lapchole/0032 - Laparoscopic Cholecystectomy.mp4,00:49:40,How many different foreign object instances appear in this frame? Please provide a number.,7,number,n_instances_total,,6,False,6,0.5668642981186232,False,2.270966797368601e-05,0.00040253851329907775,0.00031349732307717204,0.0015920709120109677,0.03197759762406349,0.26774513721466064,0.5668164491653442,0.11161276698112488,0.017116373404860497,0.0023164493031799793,0.0,0.0,0.0,False
lapchole__1304208,lapchole,0032 - Laparoscopic Cholecystectomy.mp4,lapchole/0032 - Laparoscopic Cholecystectomy.mp4,00:40:54,How many different foreign object classes appear in this frame? Please provide a number.,1,number,n_classes,,1,True,1,0.9887717717471342,True,1.1349991837050766e-05,0.9887700079951869,0.010984242893755436,0.00020118341490160674,2.7227217287872918e-05,2.532525513743167e-06,7.72376665736374e-07,2.5075399889828986e-07,3.648448796411685e-07,2.8414146413524577e-07,2.907060646450331e-11,1.0694478952138966e-11,2.4100379015148823e-11,True
lapchole__1304063,lapchole,0032 - Laparoscopic Cholecystectomy.mp4,lapchole/0032 - Laparoscopic Cholecystectomy.mp4,00:57:13,How many different foreign object classes appear in this frame? Please provide a number.,2,number,n_classes,,2,True,2,0.9380319616877408,False,1.3825664609612431e-05,0.008115463890135288,0.9380201101303101,0.052919477224349976,0.0008553636725991964,4.533261380856857e-05,9.502231478109024e-06,3.084923037022236e-06,3.084923037022236e-06,2.12023451240384e-06,0.0,0.0,0.0,True
lapchole__1305168,lapchole,0032 - Laparoscopic Cholecystectomy.mp4,lapchole/0032 - Laparoscopic Cholecystectomy.mp4,00:34:55,How many Clips appear in this frame? Please provide a number.,1,number,n_instances_per_class,,2,False,2,0.8226463808633748,False,7.906353857833892e-05,0.059590522199869156,0.822621762752533,0.09824816137552261,0.017072970047593117,0.0017994778463616967,0.0004015177837572992,6.977331941016018e-05,6.554596620844677e-05,2.127966217813082e-05,0.0,0.0,0.0,False
lapchole__1305165,lapchole,0032 - Laparoscopic Cholecystectomy.mp4,lapchole/0032 - Laparoscopic Cholecystectomy.mp4,00:34:49,How many Clips appear in this frame? Please provide a number.,2,number,n_instances_per_class,,4,False,4,0.5100970843765645,False,7.13263507350348e-05,0.015402202494442463,0.11380773782730103,0.27301058173179626,0.510050892829895,0.06902787834405899,0.015402202494442463,0.0016233802307397127,0.0012642898363992572,0.0002489534381311387,0.0,0.0,0.0,False
lapchole__1305107,lapchole,0032 - Laparoscopic Cholecystectomy.mp4,lapchole/0032 - Laparoscopic Cholecystectomy.mp4,00:37:25,How many Clips appear in this frame? Please provide a number.,3,number,n_instances_per_class,,3,True,3,0.47610986134736544,False,5.875444185221568e-05,0.0008110801572911441,0.07301110029220581,0.4760921895503998,0.42014986276626587,0.026859283447265625,0.002498302375897765,0.00029837965848855674,0.00014094458310864866,4.298567000660114e-05,0.0,0.0,0.0,True
lapchole__1305280,lapchole,0032 - Laparoscopic Cholecystectomy.mp4,lapchole/0032 - Laparoscopic Cholecystectomy.mp4,00:36:47,How many Clips appear in this frame? Please provide a number.,4,number,n_instances_per_class,,4,True,4,0.5474519150631795,False,6.34617535979487e-05,0.0007262812578119338,0.008847917430102825,0.1384047120809555,0.5474012494087219,0.25857406854629517,0.03965361788868904,0.004735948983579874,0.0011974354274570942,0.0003027590864803642,0.0,0.0,0.0,True
lapchole__1305158,lapchole,0032 - Laparoscopic Cholecystectomy.mp4,lapchole/0032 - Laparoscopic Cholecystectomy.mp4,00:37:14,How many Clips appear in this frame? Please provide a number.,5,number,n_instances_per_class,,5,True,5,0.5957971795852349,False,6.094987838878296e-05,0.0004230760096106678,0.0016732983058318496,0.02309916727244854,0.2483394593000412,0.5957354307174683,0.11730724573135376,0.010911274701356888,0.0018960952293127775,0.0004503621021285653,0.0,0.0,0.0,True
lapchole__1305292,lapchole,0032 - Laparoscopic Cholecystectomy.mp4,lapchole/0032 - Laparoscopic Cholecystectomy.mp4,00:36:59,How many Clips appear in this frame? Please provide a number.,6,number,n_instances_per_class,,4,False,4,0.47322388868529003,False,2.9363956855377182e-05,0.00017987606406677514,0.0008061486296355724,0.01112853828817606,0.47319746017456055,0.47319746017456055,0.03884241357445717,0.0019338498823344707,0.0004889538395218551,0.00014008762082085013,0.0,0.0,0.0,False
lapchole__1305095,lapchole,0032 - Laparoscopic Cholecystectomy.mp4,lapchole/0032 - Laparoscopic Cholecystectomy.mp4,00:49:40,How many Clips appear in this frame? Please provide a number.,7,number,n_instances_per_class,,6,False,6,0.4961872835382299,False,6.122683407738805e-05,0.0004249984922353178,0.00048158635036088526,0.002950074151158333,0.046146925538778305,0.34098222851753235,0.4961262047290802,0.09769303351640701,0.01322131510823965,0.0017893104813992977,0.0,0.0,0.0,False
lapchole__1719312,lapchole,0043 - Laparoscopic Cholecystectomy.mp4,lapchole/0043 - Laparoscopic Cholecystectomy.mp4,00:16:40,How many different foreign object instances appear in this frame? Please provide a number.,1,number,n_instances_total,,2,False,2,0.8735626788849418,False,1.136253649747232e-05,0.00755769619718194,0.8735508918762207,0.10433077812194824,0.012460533529520035,0.0016863499768078327,0.00025861014728434384,7.409304089378566e-05,3.965914947912097e-05,1.6532392692170106e-05,0.0,0.0,0.0,False
lapchole__1719342,lapchole,0043 - Laparoscopic Cholecystectomy.mp4,lapchole/0043 - Laparoscopic Cholecystectomy.mp4,00:17:11,How many different foreign object instances appear in this frame? Please provide a number.,2,number,n_instances_total,,2,True,2,0.9039255232839782,False,6.699250207020668e-06,0.0017449752194806933,0.903919517993927,0.0840776115655899,0.008861715905368328,0.0010583809344097972,0.00023615668760612607,4.103788160136901e-05,3.6215798900229856e-05,1.104519560612971e-05,0.0,0.0,0.0,True
lapchole__1719360,lapchole,0043 - Laparoscopic Cholecystectomy.mp4,lapchole/0043 - Laparoscopic Cholecystectomy.mp4,00:17:29,How many different foreign object instances appear in this frame? Please provide a number.,3,number,n_instances_total,,4,False,4,0.8820261227678576,False,7.407118118862854e-06,2.7520783987711184e-05,0.00027795007918030024,0.03419864922761917,0.8819948434829712,0.08203829824924469,0.0013260255800560117,7.02767792972736e-05,1.5680871001677588e-05,7.884837032179348e-06,0.0,0.0,0.0,False
lapchole__1719435,lapchole,0043 - Laparoscopic Cholecystectomy.mp4,lapchole/0043 - Laparoscopic Cholecystectomy.mp4,00:18:47,How many different foreign object instances appear in this frame? Please provide a number.,4,number,n_instances_total,,4,True,4,0.5218764283087928,False,1.2681679436354898e-05,0.0011415684130042791,0.029441438615322113,0.31652528047561646,0.5218619704246521,0.11644314974546432,0.012273017317056656,0.0016609722515568137,0.0004758765280712396,0.00013634089555125684,0.0,0.0,0.0,True
lapchole__1719434,lapchole,0043 - Laparoscopic Cholecystectomy.mp4,lapchole/0043 - Laparoscopic Cholecystectomy.mp4,00:18:46,How many different foreign object instances appear in this frame? Please provide a number.,5,number,n_instances_total,,5,True,5,0.7468428355702463,False,1.2472856724343728e-05,8.657878788653761e-05,0.0001519505021860823,0.0009908417705446482,0.07871230691671371,0.7468016147613525,0.1666339635848999,0.005701899994164705,0.0006809949409216642,0.0001721824664855376,0.0,0.0,0.0,True
lapchole__1719442,lapchole,0043 - Laparoscopic Cholecystectomy.mp4,lapchole/0043 - Laparoscopic Cholecystectomy.mp4,00:18:54,How many different foreign object instances appear in this frame? Please provide a number.,6,number,n_instances_total,,6,True,6,0.761307740472807,False,6.0058205235691275e-06,6.87329811626114e-05,3.9162874600151554e-05,8.290780533570796e-05,0.0011445068521425128,0.08023612201213837,0.7612591981887817,0.14990080893039703,0.006586182396858931,0.0006126104271970689,0.0,0.0,0.0,True
lapchole__1719693,lapchole,0043 - Laparoscopic Cholecystectomy.mp4,lapchole/0043 - Laparoscopic Cholecystectomy.mp4,00:17:35,How many different foreign object classes appear in this frame? Please provide a number.,1,number,n_classes,,1,True,1,0.9995942226087247,True,6.959476650081342e-06,0.9995937942127644,0.00037997454637661576,1.4733211173734162e-05,3.287423851361382e-06,3.926267879705847e-07,1.742270825388914e-07,7.26286515373431e-08,1.0567406860673145e-07,7.73127979414312e-08,3.773601237651919e-11,1.6745253293346098e-11,3.5449701624306056e-11,True
lapchole__1719921,lapchole,0043 - Laparoscopic Cholecystectomy.mp4,lapchole/0043 - Laparoscopic Cholecystectomy.mp4,00:24:13,How many different foreign object classes appear in this frame? Please provide a number.,2,number,n_classes,,2,True,2,0.9370210619856659,False,1.1449602425273042e-05,0.059901390224695206,0.9370154142379761,0.0029823146760463715,7.013732101768255e-05,7.392418410745449e-06,2.719519216043409e-06,1.0649789601302473e-06,1.206779302265204e-06,8.828985755826579e-07,0.0,0.0,0.0,True
lapchole__1720522,lapchole,0043 - Laparoscopic Cholecystectomy.mp4,lapchole/0043 - Laparoscopic Cholecystectomy.mp4,00:16:08,How many Clips appear in this frame? Please provide a number.,1,number,n_instances_per_class,,1,True,1,0.8642155795703995,True,0.0002899076498579234,0.8642024738665466,0.11695709079504013,0.013968531973659992,0.0031168009154498577,0.0008929783944040537,0.0002899076498579234,0.00013694267545361072,8.841683302307501e-05,4.176515722065233e-05,1.4010646427048672e-08,1.8961350095795118e-09,3.327820431777742e-09,True
lapchole__1720568,lapchole,0043 - Laparoscopic Cholecystectomy.mp4,lapchole/0043 - Laparoscopic Cholecystectomy.mp4,00:17:18,How many Clips appear in this frame? Please provide a number.,2,number,n_instances_per_class,,3,False,3,0.7646769299767484,False,1.5404772057081573e-05,0.0014761274214833975,0.13287673890590668,0.7646529078483582,0.09132476896047592,0.008494527079164982,0.0008953164797276258,0.00013730123464483768,6.485651101684198e-05,3.0636045266874135e-05,0.0,0.0,0.0,False
lapchole__1720588,lapchole,0043 - Laparoscopic Cholecystectomy.mp4,lapchole/0043 - Laparoscopic Cholecystectomy.mp4,00:17:38,How many Clips appear in this frame? Please provide a number.,3,number,n_instances_per_class,,4,False,4,0.5828278880869868,False,1.708335730654653e-05,0.00017253580153919756,0.0014446245040744543,0.0372573547065258,0.5828031301498413,0.3534879684448242,0.022597728297114372,0.001636974047869444,0.0004138918302487582,0.00012622987560462207,0.0,0.0,0.0,False
lapchole__1720598,lapchole,0043 - Laparoscopic Cholecystectomy.mp4,lapchole/0043 - Laparoscopic Cholecystectomy.mp4,00:17:48,How many Clips appear in this frame? Please provide a number.,4,number,n_instances_per_class,,3,False,3,0.8785724026793333,False,1.0735276191553567e-05,0.00015775373321957886,0.009759878739714622,0.8785562515258789,0.10492858290672302,0.005919665563851595,0.0005506146117113531,6.177725299494341e-05,2.4192320779548027e-05,1.2164662621216848e-05,0.0,0.0,0.0,False
lapchole__1720649,lapchole,0043 - Laparoscopic Cholecystectomy.mp4,lapchole/0043 - Laparoscopic Cholecystectomy.mp4,00:18:41,How many Clips appear in this frame? Please provide a number.,5,number,n_instances_per_class,,6,False,5,0.46861797624057294,False,3.294892667327076e-05,0.00042728817788884044,0.000515407882630825,0.006683911196887493,0.1342499554157257,0.46857836842536926,0.3220489025115967,0.055963706225156784,0.009725033305585384,0.0016899574548006058,0.0,0.0,0.0,True
lapchole__1720659,lapchole,0043 - Laparoscopic Cholecystectomy.mp4,lapchole/0043 - Laparoscopic Cholecystectomy.mp4,00:18:52,How many Clips appear in this frame? Please provide a number.,6,number,n_instances_per_class,,4,False,4,0.6237108941385217,False,1.9460745534161106e-05,0.00017345172818750143,0.0015459585702046752,0.04517953097820282,0.6236841678619385,0.294607549905777,0.031051404774188995,0.0028882308397442102,0.0006444513564929366,0.00016294281522277743,0.0,0.0,0.0,False
lapchole__1719547,lapchole,0043 - Laparoscopic Cholecystectomy.mp4,lapchole/0043 - Laparoscopic Cholecystectomy.mp4,00:21:50,How many different foreign object instances appear in this frame? Please provide a number.,1,number,n_instances_total,,2,False,2,0.6503035076617952,False,7.538962381659076e-05,0.02521437592804432,0.6502873301506042,0.2710801064968109,0.0415714792907238,0.009275850839912891,0.0016119012143462896,0.0004618174280039966,0.00028010644018650055,0.00011676572466967627,0.0,0.0,0.0,False
lapchole__1719483,lapchole,0043 - Laparoscopic Cholecystectomy.mp4,lapchole/0043 - Laparoscopic Cholecystectomy.mp4,00:19:35,How many different foreign object instances appear in this frame? Please provide a number.,2,number,n_instances_total,,1,False,1,0.7983685946089413,True,7.673136133234948e-05,0.7983563168288261,0.1781374216079712,0.018775545060634613,0.0032627005130052567,0.0009347793529741466,0.00023634925310034305,9.852501534624025e-05,7.208244642242789e-05,3.404933522688225e-05,7.928626212150196e-08,1.561239075133533e-08,2.5740478380844335e-08,False
lapchole__1719392,lapchole,0043 - Laparoscopic Cholecystectomy.mp4,lapchole/0043 - Laparoscopic Cholecystectomy.mp4,00:18:01,How many different foreign object instances appear in this frame? Please provide a number.,3,number,n_instances_total,,3,True,3,0.8997387269270594,False,4.3053269109805115e-06,0.00026636116672307253,0.057517990469932556,0.899732768535614,0.03953149914741516,0.0025271642953157425,0.0003420144785195589,4.084780448465608e-05,2.1864252630621195e-05,8.562165021430701e-06,0.0,0.0,0.0,True
lapchole__1719523,lapchole,0043 - Laparoscopic Cholecystectomy.mp4,lapchole/0043 - Laparoscopic Cholecystectomy.mp4,00:20:57,How many different foreign object instances appear in this frame? Please provide a number.,4,number,n_instances_total,,5,False,5,0.755276128631112,False,1.2613826584129129e-05,6.017720079398714e-05,0.00021003907022532076,0.0034974648151546717,0.19095510244369507,0.7552420496940613,0.04828100651502609,0.0014579602284356952,0.00018535884737502784,5.310619599185884e-05,0.0,0.0,0.0,False
lapchole__1719528,lapchole,0043 - Laparoscopic Cholecystectomy.mp4,lapchole/0043 - Laparoscopic Cholecystectomy.mp4,00:21:02,How many different foreign object instances appear in this frame? Please provide a number.,5,number,n_instances_total,,5,True,6,0.49655973239854745,False,1.1334950613672845e-05,0.00011447893484728411,8.915628859540448e-05,0.00042534086969681084,0.01499378215521574,0.438182532787323,0.4965258836746216,0.046184100210666656,0.002952450653538108,0.0004527730052359402,0.0,0.0,0.0,False
lapchole__1719527,lapchole,0043 - Laparoscopic Cholecystectomy.mp4,lapchole/0043 - Laparoscopic Cholecystectomy.mp4,00:21:01,How many different foreign object instances appear in this frame? Please provide a number.,6,number,n_instances_total,,5,False,5,0.7717632622363243,False,7.817552614142187e-06,2.7285943360766396e-05,3.7295463698683307e-05,0.00027557823341339827,0.02640666253864765,0.7717158198356628,0.19512031972408295,0.005892122630029917,0.0003766708541661501,7.895448652561754e-05,0.0,0.0,0.0,False
lapchole__1719859,lapchole,0043 - Laparoscopic Cholecystectomy.mp4,lapchole/0043 - Laparoscopic Cholecystectomy.mp4,00:21:06,How many different foreign object classes appear in this frame? Please provide a number.,1,number,n_classes,,2,False,1,0.6510114060843211,True,1.908254125737585e-05,0.651005864128538,0.34845831990242004,0.0004921452491544187,1.3115226465743035e-05,1.471487621529377e-06,5.762428259004082e-07,2.1198789568188658e-07,3.283332716819132e-07,3.7205035141596454e-07,4.2707291473589975e-12,1.8951243724932504e-12,4.2707291473589975e-12,True
lapchole__1719935,lapchole,0043 - Laparoscopic Cholecystectomy.mp4,lapchole/0043 - Laparoscopic Cholecystectomy.mp4,00:24:45,How many different foreign object classes appear in this frame? Please provide a number.,2,number,n_classes,,2,True,2,0.6837622699614372,False,0.00022937393805477768,0.2850310802459717,0.6837540864944458,0.03004205785691738,0.0008005936979316175,7.926951366243884e-05,2.417583527858369e-05,1.0077987099066377e-05,9.467393283557612e-06,7.848744644434191e-06,0.0,0.0,0.0,True
lapchole__1720737,lapchole,0043 - Laparoscopic Cholecystectomy.mp4,lapchole/0043 - Laparoscopic Cholecystectomy.mp4,00:20:16,How many Clips appear in this frame? Please provide a number.,1,number,n_instances_per_class,,1,True,1,0.957423513541229,True,0.0014394110767170787,0.9574122718327335,0.037122901529073715,0.003047233447432518,0.0006000358262099326,0.0002207408397225663,7.166406430769712e-05,3.1800733268028125e-05,2.80640488199424e-05,1.4111489690549206e-05,1.758847243697112e-08,1.973371776330071e-09,3.924518728067913e-09,True
lapchole__1720722,lapchole,0043 - Laparoscopic Cholecystectomy.mp4,lapchole/0043 - Laparoscopic Cholecystectomy.mp4,00:19:58,How many Clips appear in this frame? Please provide a number.,2,number,n_instances_per_class,,3,False,3,0.4312163074034154,False,0.00014465011190623045,0.01149098202586174,0.3805290758609772,0.4311959147453308,0.13998882472515106,0.03123573027551174,0.004227296449244022,0.0007345940102823079,0.00030622430494986475,9.941647294908762e-05,0.0,0.0,0.0,False
lapchole__1720743,lapchole,0043 - Laparoscopic Cholecystectomy.mp4,lapchole/0043 - Laparoscopic Cholecystectomy.mp4,00:20:58,How many Clips appear in this frame? Please provide a number.,3,number,n_instances_per_class,,3,True,3,0.8767408885568192,False,3.512635885272175e-05,0.0002941093989647925,0.018195904791355133,0.876727819442749,0.09240642935037613,0.011036374606192112,0.0010265427408739924,0.00015742542746011168,7.436250598402694e-05,3.0998904549051076e-05,0.0,0.0,0.0,True
lapchole__1720733,lapchole,0043 - Laparoscopic Cholecystectomy.mp4,lapchole/0043 - Laparoscopic Cholecystectomy.mp4,00:20:12,How many Clips appear in this frame? Please provide a number.,4,number,n_instances_per_class,,3,False,3,0.4968577565784635,False,0.0005133714294061065,0.007086873985826969,0.1827729195356369,0.49682822823524475,0.26593300700187683,0.0407821461558342,0.00487073278054595,0.0007469510310329497,0.00031137550831772387,9.496416168985888e-05,0.0,0.0,0.0,False
lapchole__1720747,lapchole,0043 - Laparoscopic Cholecystectomy.mp4,lapchole/0043 - Laparoscopic Cholecystectomy.mp4,00:21:02,How many Clips appear in this frame? Please provide a number.,5,number,n_instances_per_class,,5,True,5,0.6449139624020354,False,2.280062108184211e-05,9.599419718142599e-05,0.00012325898569542915,0.0007093065069057047,0.0283331498503685,0.6448594927787781,0.30461007356643677,0.01947307027876377,0.0014106244780123234,0.00027776844217441976,0.0,0.0,0.0,True
lapchole__1720746,lapchole,0043 - Laparoscopic Cholecystectomy.mp4,lapchole/0043 - Laparoscopic Cholecystectomy.mp4,00:21:01,How many Clips appear in this frame? Please provide a number.,6,number,n_instances_per_class,,5,False,5,0.8230493411560443,False,1.2912648344354238e-05,3.09758324874565e-05,5.436427818494849e-05,0.0005157938576303422,0.04643028974533081,0.8229965567588806,0.12621061503887177,0.0033633988350629807,0.00025935747544281185,6.160280463518575e-05,0.0,0.0,0.0,False
lapchole__1719556,lapchole,0043 - Laparoscopic Cholecystectomy.mp4,lapchole/0043 - Laparoscopic Cholecystectomy.mp4,00:23:33,How many different foreign object instances appear in this frame? Please provide a number.,1,number,n_instances_total,,1,True,1,0.9165727134515406,True,6.0545185988303274e-05,0.9165664670805468,0.07523636519908905,0.006175776943564415,0.0013780021108686924,0.0003948042285628617,9.982214396586642e-05,3.240750447730534e-05,3.449760697549209e-05,1.4380743778019678e-05,9.102594960293633e-08,8.466732459228044e-09,1.6838107466327477e-08,True
lapchole__1719537,lapchole,0043 - Laparoscopic Cholecystectomy.mp4,lapchole/0043 - Laparoscopic Cholecystectomy.mp4,00:21:12,How many different foreign object instances appear in this frame? Please provide a number.,2,number,n_instances_total,,2,True,2,0.7390627259532685,False,7.103155803633854e-05,0.2117420881986618,0.7390524744987488,0.04169449210166931,0.005642734933644533,0.0012590645346790552,0.0003183413646183908,0.00010335030674468726,7.103155803633854e-05,3.152005956508219e-05,0.0,0.0,0.0,True
lapchole__1719533,lapchole,0043 - Laparoscopic Cholecystectomy.mp4,lapchole/0043 - Laparoscopic Cholecystectomy.mp4,00:21:07,How many different foreign object instances appear in this frame? Please provide a number.,3,number,n_instances_total,,3,True,3,0.840370809104052,False,2.1738422219641507e-05,0.0007663057767786086,0.0885728970170021,0.8403562903404236,0.06087520718574524,0.008238563314080238,0.0008683381602168083,0.0001709859207039699,8.076803351286799e-05,3.162921348121017e-05,0.0,0.0,0.0,True
lapchole__1719404,lapchole,0043 - Laparoscopic Cholecystectomy.mp4,lapchole/0043 - Laparoscopic Cholecystectomy.mp4,00:18:13,How many different foreign object instances appear in this frame? Please provide a number.,4,number,n_instances_total,,3,False,4,0.8865575384601782,False,3.303859102743445e-06,1.4806869330641348e-05,0.0002974039234686643,0.10588313639163971,0.8865485787391663,0.006768881808966398,0.00043272017501294613,2.598686478449963e-05,1.0832936823135242e-05,4.242239356244681e-06,0.0,0.0,0.0,True
lapchole__1719430,lapchole,0043 - Laparoscopic Cholecystectomy.mp4,lapchole/0043 - Laparoscopic Cholecystectomy.mp4,00:18:41,How many different foreign object instances appear in this frame? Please provide a number.,5,number,n_instances_total,,6,False,5,0.40845731191899814,False,1.444120061933063e-05,0.00047822686610743403,0.000349878246197477,0.004004144575446844,0.09113391488790512,0.40843385457992554,0.40843385457992554,0.0709751546382904,0.013975837267935276,0.0021432640496641397,0.0,0.0,0.0,True
lapchole__1719459,lapchole,0043 - Laparoscopic Cholecystectomy.mp4,lapchole/0043 - Laparoscopic Cholecystectomy.mp4,00:19:11,How many different foreign object instances appear in this frame? Please provide a number.,6,number,n_instances_total,,6,True,6,0.7548035222525162,False,4.356451881903922e-06,3.882863529725e-05,3.219006612198427e-05,9.915239934343845e-05,0.002402242738753557,0.14862146973609924,0.7547621726989746,0.09014348685741425,0.003495242679491639,0.0003460758598521352,0.0,0.0,0.0,True
lapchole__1719893,lapchole,0043 - Laparoscopic Cholecystectomy.mp4,lapchole/0043 - Laparoscopic Cholecystectomy.mp4,00:23:43,How many different foreign object classes appear in this frame? Please provide a number.,1,number,n_classes,,1,True,1,0.9111698739400765,True,2.2142052330309525e-05,0.9111644017844132,0.08475149422883987,0.0037237207870930433,0.0002697454474400729,3.4294280339963734e-05,1.2616162166523281e-05,5.259198132989695e-06,5.95945266468334e-06,4.360028924565995e-06,6.097135121151485e-10,1.2005970554324459e-10,2.107113377995037e-10,True
lapchole__1719941,lapchole,0043 - Laparoscopic Cholecystectomy.mp4,lapchole/0043 - Laparoscopic Cholecystectomy.mp4,00:24:51,How many different foreign object classes appear in this frame? Please provide a number.,2,number,n_classes,,2,True,2,0.988111157797005,False,5.703307579096872e-06,0.009687061421573162,0.9881070852279663,0.0021614753641188145,3.083179035456851e-05,2.0981296984246e-06,7.25094253084535e-07,2.6674723585529136e-07,3.6460025398810103e-07,2.6674723585529136e-07,0.0,0.0,0.0,True
lapchole__1720854,lapchole,0043 - Laparoscopic Cholecystectomy.mp4,lapchole/0043 - Laparoscopic Cholecystectomy.mp4,00:24:43,How many Specimens appear in this frame? Please provide a number.,1,number,n_instances_per_class,,1,True,1,0.9824080347571348,True,0.0008958298712968826,0.9823967157905943,0.015878964215517044,0.0006156942108646035,0.00012123738270020112,3.9360013033729047e-05,1.746590351103805e-05,9.951770152838435e-06,8.25030747364508e-06,5.00406486025895e-06,3.782956265905745e-09,3.7456340327974615e-10,6.573792321302682e-10,True
lapchole__1720744,lapchole,0043 - Laparoscopic Cholecystectomy.mp4,lapchole/0043 - Laparoscopic Cholecystectomy.mp4,00:20:59,How many Clips appear in this frame? Please provide a number.,2,number,n_instances_per_class,,2,True,2,0.6986044973046981,False,4.9122569180326536e-05,0.007760628592222929,0.6985895037651062,0.2569967210292816,0.03069387935101986,0.004707058891654015,0.0008179641445167363,0.00020681374007835984,0.00011069940956076607,4.6146378736011684e-05,0.0,0.0,0.0,True
lapchole__1720791,lapchole,0043 - Laparoscopic Cholecystectomy.mp4,lapchole/0043 - Laparoscopic Cholecystectomy.mp4,00:23:55,How many Clips appear in this frame? Please provide a number.,3,number,n_instances_per_class,,3,True,3,0.7618492177790268,False,1.851315209933091e-05,0.00013679471157956868,0.006591138429939747,0.761832058429718,0.21826854348182678,0.012313867919147015,0.0006947009242139757,8.297019667224959e-05,2.6936477297567762e-05,1.1952989552810322e-05,0.0,0.0,0.0,True
lapchole__1720601,lapchole,0043 - Laparoscopic Cholecystectomy.mp4,lapchole/0043 - Laparoscopic Cholecystectomy.mp4,00:17:51,How many Clips appear in this frame? Please provide a number.,4,number,n_instances_per_class,,3,False,4,0.7986051725803898,False,1.1057419214921538e-05,4.108329812879674e-05,0.000825180031824857,0.17818927764892578,0.7985889315605164,0.02128167264163494,0.0009350514737889171,7.21034302841872e-05,2.4918279450503178e-05,1.0387483598606195e-05,0.0,0.0,0.0,True
lapchole__1720644,lapchole,0043 - Laparoscopic Cholecystectomy.mp4,lapchole/0043 - Laparoscopic Cholecystectomy.mp4,00:18:34,How many Clips appear in this frame? Please provide a number.,5,number,n_instances_per_class,,5,True,5,0.635479544891498,False,1.280182823393261e-05,3.070999082410708e-05,9.459342254558578e-05,0.001784847117960453,0.34013164043426514,0.6354495286941528,0.021743886172771454,0.0005794549942947924,9.459342254558578e-05,3.070999082410708e-05,0.0,0.0,0.0,True
lapchole__1720669,lapchole,0043 - Laparoscopic Cholecystectomy.mp4,lapchole/0043 - Laparoscopic Cholecystectomy.mp4,00:19:02,How many Clips appear in this frame? Please provide a number.,6,number,n_instances_per_class,,6,True,6,0.8408751446177432,False,5.166302344150608e-06,2.7928765121032484e-05,1.80321676452877e-05,3.368852048879489e-05,0.000465055723907426,0.04186297953128815,0.8408404588699341,0.11379538476467133,0.002676211064681411,0.0002338447084184736,0.0,0.0,0.0,True
lapchole__1802994,lapchole,0045 - Laparoscopic Cholecystectomy.mp4,lapchole/0045 - Laparoscopic Cholecystectomy.mp4,00:15:16,How many different foreign object instances appear in this frame? Please provide a number.,1,number,n_instances_total,,1,True,1,0.6811683831511305,True,8.406134293181822e-05,0.6811559860609336,0.2839481234550476,0.02641128934919834,0.005893155001103878,0.0016884172800928354,0.00048373962636105716,0.0001570472668390721,0.00011489823373267427,4.499479473452084e-05,5.969816374978281e-08,1.1043048301295301e-08,1.7103808672553964e-08,True
lapchole__1802951,lapchole,0045 - Laparoscopic Cholecystectomy.mp4,lapchole/0045 - Laparoscopic Cholecystectomy.mp4,00:14:18,How many different foreign object instances appear in this frame? Please provide a number.,2,number,n_instances_total,,2,True,2,0.7577144302086095,False,4.416991214384325e-05,0.006555396597832441,0.7577008008956909,0.1915767639875412,0.03772370144724846,0.005105347838252783,0.0010053026489913464,0.00013605291314888746,0.00010595811909297481,2.851823956007138e-05,0.0,0.0,0.0,True
lapchole__1802989,lapchole,0045 - Laparoscopic Cholecystectomy.mp4,lapchole/0045 - Laparoscopic Cholecystectomy.mp4,00:14:56,How many different foreign object instances appear in this frame? Please provide a number.,3,number,n_instances_total,,3,True,3,0.5990061978681656,False,7.319218639167957e-06,0.00010103869863087311,0.005872311536222696,0.5989920496940613,0.36330702900886536,0.029822057113051414,0.0016824455233290792,0.00012973624689038843,4.483565498958342e-05,1.755789344315417e-05,0.0,0.0,0.0,True
lapchole__1803257,lapchole,0045 - Laparoscopic Cholecystectomy.mp4,lapchole/0045 - Laparoscopic Cholecystectomy.mp4,00:14:13,How many different foreign object classes appear in this frame? Please provide a number.,1,number,n_classes,,1,True,1,0.9971301040012733,True,1.665375202719588e-05,0.9971291419201573,0.0028007307555526495,4.526959310169332e-05,5.406681793829193e-06,8.826165185382706e-07,3.916587161256757e-07,1.353536305259695e-07,2.3755301015171426e-07,1.8500648479857773e-07,1.3138684765721246e-10,4.2655065799815797e-11,8.482972652463151e-11,True
lapchole__1804220,lapchole,0045 - Laparoscopic Cholecystectomy.mp4,lapchole/0045 - Laparoscopic Cholecystectomy.mp4,00:14:28,How many Clips appear in this frame? Please provide a number.,1,number,n_instances_per_class,,1,True,1,0.5219166853292848,True,0.00022480722691398114,0.5219062531799336,0.46058064699172974,0.015760203823447227,0.0011416652705520391,0.0002547399781178683,6.856233085272834e-05,1.9643435734906234e-05,1.5298322978196666e-05,8.188602805603296e-06,1.7735770415179559e-09,3.7176193699375385e-10,5.409104638962373e-10,True
lapchole__1804204,lapchole,0045 - Laparoscopic Cholecystectomy.mp4,lapchole/0045 - Laparoscopic Cholecystectomy.mp4,00:14:11,How many Clips appear in this frame? Please provide a number.,2,number,n_instances_per_class,,3,False,3,0.4729142483736695,False,9.038874122779816e-05,0.0028119112830609083,0.22337780892848969,0.47289079427719116,0.22337780892848969,0.06399881094694138,0.011121326126158237,0.0015051078516989946,0.0006274222396314144,0.00014902585826348513,0.0,0.0,0.0,False
lapchole__1804238,lapchole,0045 - Laparoscopic Cholecystectomy.mp4,lapchole/0045 - Laparoscopic Cholecystectomy.mp4,00:14:46,How many Clips appear in this frame? Please provide a number.,3,number,n_instances_per_class,,2,False,2,0.9614063869468336,False,4.945899127051234e-05,0.0034673430491238832,0.9613981246948242,0.032897233963012695,0.0018559349700808525,0.00025117344921454787,4.945899127051234e-05,9.148993740382139e-06,1.0367167305957992e-05,3.161807626383961e-06,0.0,0.0,0.0,False
lapchole__1803011,lapchole,0045 - Laparoscopic Cholecystectomy.mp4,lapchole/0045 - Laparoscopic Cholecystectomy.mp4,00:16:58,How many different foreign object instances appear in this frame? Please provide a number.,1,number,n_instances_total,,1,True,1,0.8550417100170444,True,6.812840001657605e-05,0.8550317945030845,0.11571600288152695,0.020108425989747047,0.0057611605152487755,0.0021194126456975937,0.0006880725268274546,0.0002531277423258871,0.00017397197370883077,6.812840001657605e-05,1.2355034737598136e-07,1.8947058665984277e-08,3.539776382783489e-08,True
lapchole__1802944,lapchole,0045 - Laparoscopic Cholecystectomy.mp4,lapchole/0045 - Laparoscopic Cholecystectomy.mp4,00:14:10,How many different foreign object instances appear in this frame? Please provide a number.,2,number,n_instances_total,,2,True,2,0.7110395721724067,False,4.144868580624461e-05,0.011492571793496609,0.7110202312469482,0.20371070504188538,0.05836409330368042,0.011492571793496609,0.0029057771898806095,0.0005049483734183013,0.00034704559948295355,9.340605902252719e-05,0.0,0.0,0.0,True
lapchole__1802962,lapchole,0045 - Laparoscopic Cholecystectomy.mp4,lapchole/0045 - Laparoscopic Cholecystectomy.mp4,00:14:29,How many different foreign object instances appear in this frame? Please provide a number.,3,number,n_instances_total,,5,False,5,0.5494828866686268,False,1.8250098946737126e-05,0.00030389142921194434,0.001981621142476797,0.03512507304549217,0.2940986752510071,0.5494486093521118,0.10819284617900848,0.008881010115146637,0.001543288235552609,0.00034435410634614527,0.0,0.0,0.0,False
lapchole__1803323,lapchole,0045 - Laparoscopic Cholecystectomy.mp4,lapchole/0045 - Laparoscopic Cholecystectomy.mp4,00:17:00,How many different foreign object classes appear in this frame? Please provide a number.,1,number,n_classes,,1,True,1,0.8923031394801901,True,2.457070331729483e-05,0.8922973869091538,0.10656972229480743,0.0010447727981954813,4.5904114813311026e-05,5.83605287829414e-06,2.432828978271573e-06,8.949876928454614e-07,1.0795612297442858e-06,9.527095130579255e-07,8.601875515442719e-11,2.4644783307108852e-11,4.901200840572691e-11,True
lapchole__1804272,lapchole,0045 - Laparoscopic Cholecystectomy.mp4,lapchole/0045 - Laparoscopic Cholecystectomy.mp4,00:17:00,How many Clips appear in this frame? Please provide a number.,1,number,n_instances_per_class,,1,True,1,0.7192951003529656,True,0.002020298270508647,0.7192759661361867,0.2335147261619568,0.03581064194440842,0.0062229568138718605,0.002020298270508647,0.0006558948080055416,0.00024129021039698273,0.00014634990657214075,6.494238186860457e-05,2.4686472121712075e-08,3.556423126203629e-09,5.5082965146695144e-09,True
lapchole__1804206,lapchole,0045 - Laparoscopic Cholecystectomy.mp4,lapchole/0045 - Laparoscopic Cholecystectomy.mp4,00:14:13,How many Clips appear in this frame? Please provide a number.,2,number,n_instances_per_class,,3,False,3,0.4942355488912489,False,0.00010704230226110667,0.0037733712233603,0.2997560203075409,0.49421414732933044,0.1604478359222412,0.0358007550239563,0.0048451051115989685,0.0006557136657647789,0.0002733421279117465,8.336463361047208e-05,0.0,0.0,0.0,False
lapchole__1804248,lapchole,0045 - Laparoscopic Cholecystectomy.mp4,lapchole/0045 - Laparoscopic Cholecystectomy.mp4,00:14:56,How many Clips appear in this frame? Please provide a number.,3,number,n_instances_per_class,,3,True,3,0.7095862929152529,False,1.4295022083388176e-05,0.000144374615047127,0.008932140655815601,0.7095678448677063,0.2610354423522949,0.01890934258699417,0.001208833884447813,0.00010562671377556399,3.885789919877425e-05,1.7243088223040104e-05,0.0,0.0,0.0,True
lapchole__1803034,lapchole,0045 - Laparoscopic Cholecystectomy.mp4,lapchole/0045 - Laparoscopic Cholecystectomy.mp4,00:25:08,How many different foreign object instances appear in this frame? Please provide a number.,1,number,n_instances_total,,2,False,1,0.2524659237835194,True,0.00014886644203215837,0.2524264452270611,0.11943763494491577,0.22313886880874634,0.22313886880874634,0.11943763494491577,0.0387757234275341,0.012588633224368095,0.007635392248630524,0.002808904042467475,0.0002031325901650366,4.532500894431635e-05,5.8198459618177475e-05,True
lapchole__1802947,lapchole,0045 - Laparoscopic Cholecystectomy.mp4,lapchole/0045 - Laparoscopic Cholecystectomy.mp4,00:14:13,How many different foreign object instances appear in this frame? Please provide a number.,2,number,n_instances_total,,3,False,3,0.49152169593657835,False,2.8652040782617405e-05,0.002276113722473383,0.23216989636421204,0.49150365591049194,0.2048892080783844,0.05870174244046211,0.009002204053103924,0.0009488252690061927,0.00034905329812318087,9.394642256665975e-05,0.0,0.0,0.0,False
lapchole__1802987,lapchole,0045 - Laparoscopic Cholecystectomy.mp4,lapchole/0045 - Laparoscopic Cholecystectomy.mp4,00:14:54,How many different foreign object instances appear in this frame? Please provide a number.,3,number,n_instances_total,,3,True,4,0.5459557413662195,False,1.4122188076726161e-05,0.00038770592072978616,0.009999067522585392,0.37521225214004517,0.5459306240081787,0.06520211696624756,0.0028647808358073235,0.00023515553039032966,7.634382927790284e-05,3.182484215358272e-05,0.0,0.0,0.0,False
lapchole__1803359,lapchole,0045 - Laparoscopic Cholecystectomy.mp4,lapchole/0045 - Laparoscopic Cholecystectomy.mp4,00:25:23,How many different foreign object classes appear in this frame? Please provide a number.,1,number,n_classes,,1,True,1,0.9850903781011865,True,0.00010728454799391329,0.9850863199590022,0.014051501639187336,0.0006173798465169966,9.467827476328239e-05,1.9845645510940813e-05,8.27289477456361e-06,3.4486561162339058e-06,3.9078390727809165e-06,3.2397124414274003e-06,9.009906886858943e-10,1.888579207331599e-10,3.314559774815575e-10,True
lapchole__1804306,lapchole,0045 - Laparoscopic Cholecystectomy.mp4,lapchole/0045 - Laparoscopic Cholecystectomy.mp4,00:24:53,How many Specimens appear in this frame? Please provide a number.,1,number,n_instances_per_class,,1,True,1,0.9911454913621964,True,0.0007038808544166386,0.991138028722391,0.00756743224337697,0.00042692534043453634,9.525991481496021e-05,2.9052633180981502e-05,1.289202737098094e-05,7.345656285906443e-06,6.9006050580355804e-06,4.742712462757481e-06,8.079775761122453e-09,6.632283961291065e-10,1.2390737365439931e-09,True
lapchole__1804203,lapchole,0045 - Laparoscopic Cholecystectomy.mp4,lapchole/0045 - Laparoscopic Cholecystectomy.mp4,00:14:10,How many Clips appear in this frame? Please provide a number.,2,number,n_instances_per_class,,2,True,2,0.7163419018128225,False,0.00011350915883667767,0.013119875453412533,0.7163209319114685,0.20522938668727875,0.051890116184949875,0.01021776907145977,0.0022798925638198853,0.0004489374114200473,0.0002722943318076432,7.801363244652748e-05,0.0,0.0,0.0,True
lapchole__1804247,lapchole,0045 - Laparoscopic Cholecystectomy.mp4,lapchole/0045 - Laparoscopic Cholecystectomy.mp4,00:14:55,How many Clips appear in this frame? Please provide a number.,3,number,n_instances_per_class,,3,True,3,0.8521948868567821,False,1.2560377399495337e-05,0.00019647736917249858,0.010727301239967346,0.8521751165390015,0.13068528473377228,0.005741910543292761,0.00036706807441078126,4.118389915674925e-05,2.0708563170046546e-05,9.189368938677944e-06,0.0,0.0,0.0,True
lapchole__1803106,lapchole,0045 - Laparoscopic Cholecystectomy.mp4,lapchole/0045 - Laparoscopic Cholecystectomy.mp4,00:26:43,How many different foreign object instances appear in this frame? Please provide a number.,1,number,n_instances_total,,1,True,1,0.9661076252143258,True,0.0002524015726521611,0.9660981831916002,0.029173657298088074,0.0030748809222131968,0.0008809681166894734,0.0002860084641724825,0.00010521664080442861,4.668960173148662e-05,4.668960173148662e-05,2.4991142709041014e-05,4.299952463291299e-07,3.9995791876653814e-08,7.019479320693506e-08,True
lapchole__1802946,lapchole,0045 - Laparoscopic Cholecystectomy.mp4,lapchole/0045 - Laparoscopic Cholecystectomy.mp4,00:14:12,How many different foreign object instances appear in this frame? Please provide a number.,2,number,n_instances_total,,2,True,3,0.47757611373683073,False,2.783921627269592e-05,0.002211543032899499,0.3719243109226227,0.47756028175354004,0.12074615061283112,0.023776326328516006,0.0032177758403122425,0.0002992997469846159,0.00016020362090785056,4.3118223402416334e-05,0.0,0.0,0.0,False
lapchole__1802958,lapchole,0045 - Laparoscopic Cholecystectomy.mp4,lapchole/0045 - Laparoscopic Cholecystectomy.mp4,00:14:25,How many different foreign object instances appear in this frame? Please provide a number.,3,number,n_instances_total,,3,True,4,0.6967718126084651,False,1.4941847439331468e-05,0.00015090730448719114,0.0025128324050456285,0.19961901009082794,0.6967387795448303,0.09429334104061127,0.0060279713943600655,0.00043666476267389953,0.00011752673162845895,4.061615254613571e-05,0.0,0.0,0.0,False
lapchole__1803417,lapchole,0045 - Laparoscopic Cholecystectomy.mp4,lapchole/0045 - Laparoscopic Cholecystectomy.mp4,00:26:44,How many different foreign object classes appear in this frame? Please provide a number.,1,number,n_classes,,1,True,1,0.9911372798769316,True,6.150406989036128e-05,0.9911324374203777,0.008574975654482841,0.00018944588373415172,2.563871385063976e-05,5.3741659939987585e-06,2.384771732977242e-06,8.773085369284672e-07,1.1991386372756097e-06,1.2764763823724934e-06,4.852256223953491e-10,5.795193973521757e-11,9.554659663471235e-11,True
lapchole__1804360,lapchole,0045 - Laparoscopic Cholecystectomy.mp4,lapchole/0045 - Laparoscopic Cholecystectomy.mp4,00:26:38,How many Specimens appear in this frame? Please provide a number.,1,number,n_instances_per_class,,1,True,1,0.9737292510542519,True,0.020208558067679405,0.9737028238026264,0.005789848510175943,0.00019811773381661624,3.664809628389776e-05,1.626249468245078e-05,7.68185782362707e-06,4.659282694774447e-06,4.37699100075406e-06,3.862680841848487e-06,1.6803983354880905e-08,1.29578388421649e-09,2.136386729182723e-09,True
lapchole__1804214,lapchole,0045 - Laparoscopic Cholecystectomy.mp4,lapchole/0045 - Laparoscopic Cholecystectomy.mp4,00:14:22,How many Clips appear in this frame? Please provide a number.,2,number,n_instances_per_class,,2,True,2,0.9295723281550048,False,6.536339060403407e-05,0.015024873428046703,0.9295560121536255,0.04627986624836922,0.008042234927415848,0.0007480444037355483,0.00018913524399977177,2.9004830139456317e-05,3.724293492268771e-05,1.0670280062186066e-05,0.0,0.0,0.0,True
lapchole__1804237,lapchole,0045 - Laparoscopic Cholecystectomy.mp4,lapchole/0045 - Laparoscopic Cholecystectomy.mp4,00:14:45,How many Clips appear in this frame? Please provide a number.,3,number,n_instances_per_class,,3,True,4,0.498620601799889,False,4.7919867938617244e-05,0.0010906512616202235,0.02812826633453369,0.2668735682964325,0.49858543276786804,0.1834193468093872,0.01933225430548191,0.0017981798155233264,0.0005151871591806412,0.00013866073277313262,0.0,0.0,0.0,False
lapchole__2517871,lapchole,0061 - Laparoscopic Cholecystectomy.mp4,lapchole/0061 - Laparoscopic Cholecystectomy.mp4,00:17:35,How many different foreign object instances appear in this frame? Please provide a number.,1,number,n_instances_total,,1,True,1,0.967861495568,True,4.127837746636942e-05,0.9678545250059477,0.02276179939508438,0.005078843794763088,0.0027185094077140093,0.000882570690009743,0.0003246796259190887,0.0001533677859697491,0.00011944295692956075,5.642085670842789e-05,1.033381201779915e-06,9.611943115277646e-08,2.3057851131015174e-07,True
lapchole__2517927,lapchole,0061 - Laparoscopic Cholecystectomy.mp4,lapchole/0061 - Laparoscopic Cholecystectomy.mp4,00:27:01,How many different foreign object instances appear in this frame? Please provide a number.,2,number,n_instances_total,,1,False,1,0.9323024561095721,True,5.1054910727543756e-05,0.9322919182031169,0.05959945172071457,0.005543612875044346,0.0017997475806623697,0.0004550474986899644,0.00013037328608334064,4.5055803639115766e-05,4.796165012521669e-05,2.4116632630466484e-05,2.8519001811276744e-07,2.1991493878809934e-08,4.95585949064259e-08,False
lapchole__2518120,lapchole,0061 - Laparoscopic Cholecystectomy.mp4,lapchole/0061 - Laparoscopic Cholecystectomy.mp4,00:26:53,How many different foreign object instances appear in this frame? Please provide a number.,3,number,n_instances_total,,2,False,2,0.48494120745713626,True,4.660746708395891e-05,0.48492863429859334,0.4849304258823395,0.024143263697624207,0.004195470362901688,0.001202022423967719,0.00028550534625537694,0.00010503154044272378,9.269001020584255e-05,4.660746708395891e-05,1.0960941373510763e-06,1.680914900713121e-07,2.445716548291623e-07,False
lapchole__2518304,lapchole,0061 - Laparoscopic Cholecystectomy.mp4,lapchole/0061 - Laparoscopic Cholecystectomy.mp4,00:26:27,How many different foreign object instances appear in this frame? Please provide a number.,4,number,n_instances_total,,1,False,1,0.9780051040285728,True,4.440120392246172e-05,0.9780012735990777,0.0179127249866724,0.002424223581328988,0.0010105667170137167,0.00032808296964503825,0.00013676534581463784,5.701227200916037e-05,5.701227200916037e-05,2.3766251615597866e-05,1.931601935502953e-07,1.7966696007464875e-08,4.3099865853592684e-08,False
lapchole__2518291,lapchole,0061 - Laparoscopic Cholecystectomy.mp4,lapchole/0061 - Laparoscopic Cholecystectomy.mp4,00:28:04,How many different foreign object instances appear in this frame? Please provide a number.,5,number,n_instances_total,,5,True,5,0.6646398558685197,False,2.476798044881434e-06,1.181614334200276e-05,3.0173576305969618e-05,0.000268934149062261,0.017711449414491653,0.6646172404289246,0.31394296884536743,0.00307778874412179,0.000268934149062261,3.4191143640782684e-05,0.0,0.0,0.0,True
lapchole__2517945,lapchole,0061 - Laparoscopic Cholecystectomy.mp4,lapchole/0061 - Laparoscopic Cholecystectomy.mp4,00:27:14,How many different foreign object instances appear in this frame? Please provide a number.,6,number,n_instances_total,,3,False,4,0.5820674200995155,False,6.276527074078331e-06,8.664478082209826e-05,0.0044440291821956635,0.18896494805812836,0.582053005695343,0.2141253650188446,0.009408011101186275,0.0006815139786340296,0.00016187377332244068,4.356773570179939e-05,0.0,0.0,0.0,False
lapchole__2517892,lapchole,0061 - Laparoscopic Cholecystectomy.mp4,lapchole/0061 - Laparoscopic Cholecystectomy.mp4,00:28:01,How many different foreign object instances appear in this frame? Please provide a number.,7,number,n_instances_total,,5,False,5,0.8071758337021722,False,2.493680995030445e-06,9.862699698715005e-06,3.44242034771014e-05,0.00037009507650509477,0.03129645064473152,0.8071460723876953,0.1589364856481552,0.0020007151179015636,0.00013615036732517183,3.037925489479676e-05,0.0,0.0,0.0,False
lapchole__2518413,lapchole,0061 - Laparoscopic Cholecystectomy.mp4,lapchole/0061 - Laparoscopic Cholecystectomy.mp4,00:18:17,How many different foreign object classes appear in this frame? Please provide a number.,1,number,n_classes,,1,True,1,0.9971051254560086,True,1.5644334780517966e-05,0.997102439096619,0.002800655784085393,6.586510426132008e-05,8.913872989069205e-06,1.8684492033571587e-06,8.291193580589606e-07,3.050159591566626e-07,4.1690736907185055e-07,3.6791945490222133e-07,1.3985682420960514e-10,3.536134448580247e-11,6.206108590154897e-11,True
lapchole__2518778,lapchole,0061 - Laparoscopic Cholecystectomy.mp4,lapchole/0061 - Laparoscopic Cholecystectomy.mp4,00:27:38,How many different foreign object classes appear in this frame? Please provide a number.,2,number,n_classes,,2,True,2,0.9997117845516384,False,6.474072620221705e-07,5.1429928134894e-05,0.9997096657752991,0.00023049292212817818,4.783728400070686e-06,5.367194262362318e-07,1.742472761634417e-07,5.314242201848174e-08,6.021825527113833e-08,3.6524216540101406e-08,0.0,0.0,0.0,True
lapchole__2519510,lapchole,0061 - Laparoscopic Cholecystectomy.mp4,lapchole/0061 - Laparoscopic Cholecystectomy.mp4,00:17:45,How many Sponges appear in this frame? Please provide a number.,1,number,n_instances_per_class,,1,True,1,0.9917029016359276,True,0.0002935859083663672,0.9916943842949563,0.007571679539978504,0.00033267639810219407,6.55078692943789e-05,1.7631205992074683e-05,7.349779480136931e-06,3.2614448173262645e-06,3.471790023468202e-06,1.8583151586426538e-06,3.370042323373439e-09,5.168127356701345e-10,9.655333453869588e-10,True
lapchole__2519990,lapchole,0061 - Laparoscopic Cholecystectomy.mp4,lapchole/0061 - Laparoscopic Cholecystectomy.mp4,00:26:07,How many Clips appear in this frame? Please provide a number.,2,number,n_instances_per_class,,1,False,1,0.47934168620526274,True,0.3294000029563904,0.4792740257335595,0.1555975377559662,0.03063897043466568,0.004146534018218517,0.0005611723172478378,0.00012521445751190186,4.6063829358899966e-05,4.6063829358899966e-05,2.316235077159945e-05,7.847523177244387e-08,7.29933447155895e-09,1.3636950935956963e-08,False
lapchole__2520093,lapchole,0061 - Laparoscopic Cholecystectomy.mp4,lapchole/0061 - Laparoscopic Cholecystectomy.mp4,00:27:55,How many Clips appear in this frame? Please provide a number.,3,number,n_instances_per_class,,3,True,3,0.9303458182305573,False,6.084819233365124e-06,6.96370771038346e-05,0.04631851613521576,0.9303323030471802,0.021879319101572037,0.0012343466514721513,0.00013009918620809913,7.813062438799534e-06,5.716159193980275e-06,1.6377069869122352e-06,0.0,0.0,0.0,True
lapchole__2520097,lapchole,0061 - Laparoscopic Cholecystectomy.mp4,lapchole/0061 - Laparoscopic Cholecystectomy.mp4,00:27:59,How many Clips appear in this frame? Please provide a number.,4,number,n_instances_per_class,,4,True,4,0.9305318375640179,False,4.182855263934471e-06,1.4599600035580806e-05,0.00027547424542717636,0.015040382742881775,0.9305155873298645,0.05249609798192978,0.0015852448996156454,3.5022618249058723e-05,1.288410112465499e-05,3.0602423066738993e-06,0.0,0.0,0.0,True
lapchole__2520079,lapchole,0061 - Laparoscopic Cholecystectomy.mp4,lapchole/0061 - Laparoscopic Cholecystectomy.mp4,00:27:41,How many Clips appear in this frame? Please provide a number.,5,number,n_instances_per_class,,4,False,4,0.8521098722311883,False,1.4231145541998558e-05,1.61259995365981e-05,0.0002522531140130013,0.013772551901638508,0.8520776033401489,0.13067033886909485,0.003073071828112006,6.789299368392676e-05,1.4231145541998558e-05,3.830260993709089e-06,0.0,0.0,0.0,False
lapchole__2520103,lapchole,0061 - Laparoscopic Cholecystectomy.mp4,lapchole/0061 - Laparoscopic Cholecystectomy.mp4,00:28:05,How many Clips appear in this frame? Please provide a number.,6,number,n_instances_per_class,,5,False,5,0.6687540688120871,False,1.0492096407688223e-05,1.4340995221573394e-05,0.00011280066246399656,0.003096792846918106,0.27876436710357666,0.6687210202217102,0.04844198748469353,0.0006909877993166447,8.25267270556651e-05,1.5265910406014882e-05,0.0,0.0,0.0,False
lapchole__2517922,lapchole,0061 - Laparoscopic Cholecystectomy.mp4,lapchole/0061 - Laparoscopic Cholecystectomy.mp4,00:18:28,How many different foreign object instances appear in this frame? Please provide a number.,1,number,n_instances_total,,2,False,2,0.5481517520352118,False,3.0017728931852616e-05,0.42689278721809387,0.5481411814689636,0.021253740414977074,0.0028763809241354465,0.0005663929623551667,0.00012637935287784785,4.3675536289811134e-05,3.1953706638887525e-05,1.8206672393716872e-05,0.0,0.0,0.0,False
lapchole__2518275,lapchole,0061 - Laparoscopic Cholecystectomy.mp4,lapchole/0061 - Laparoscopic Cholecystectomy.mp4,00:29:44,How many different foreign object instances appear in this frame? Please provide a number.,2,number,n_instances_total,,4,False,4,0.4787884262934088,False,1.4939098036848009e-05,0.0008156471885740757,0.030606931075453758,0.3290555477142334,0.47877296805381775,0.13717076182365417,0.0210358165204525,0.0017267250223085284,0.0006352266063913703,0.00013315073738340288,0.0,0.0,0.0,False
lapchole__2518196,lapchole,0061 - Laparoscopic Cholecystectomy.mp4,lapchole/0061 - Laparoscopic Cholecystectomy.mp4,00:30:15,How many different foreign object instances appear in this frame? Please provide a number.,3,number,n_instances_total,,3,True,3,0.3194258061698713,False,2.5450361135881394e-05,0.020419180393218994,0.13314978778362274,0.31940972805023193,0.31940972805023193,0.15087847411632538,0.04322740435600281,0.00851198099553585,0.004020775202661753,0.0008971562492661178,0.0,0.0,0.0,True
lapchole__2517874,lapchole,0061 - Laparoscopic Cholecystectomy.mp4,lapchole/0061 - Laparoscopic Cholecystectomy.mp4,00:30:25,How many different foreign object instances appear in this frame? Please provide a number.,4,number,n_instances_total,,3,False,3,0.3905259620545924,False,3.525877764332108e-05,0.04115968197584152,0.1627897024154663,0.3905121982097626,0.2683948576450348,0.09873694181442261,0.02828861027956009,0.0063120415434241295,0.0029815970920026302,0.000753865868318826,0.0,0.0,0.0,False
lapchole__2518188,lapchole,0061 - Laparoscopic Cholecystectomy.mp4,lapchole/0061 - Laparoscopic Cholecystectomy.mp4,00:27:31,How many different foreign object instances appear in this frame? Please provide a number.,5,number,n_instances_total,,4,False,5,0.6311189445725623,False,4.978964625479421e-06,3.246693086111918e-05,0.0001868342951638624,0.005460098385810852,0.33780431747436523,0.6311015486717224,0.024470461532473564,0.0007389439269900322,0.00012840919953305274,4.43770331912674e-05,0.0,0.0,0.0,True
lapchole__2518283,lapchole,0061 - Laparoscopic Cholecystectomy.mp4,lapchole/0061 - Laparoscopic Cholecystectomy.mp4,00:27:27,How many different foreign object instances appear in this frame? Please provide a number.,6,number,n_instances_total,,5,False,4,0.4905562671074559,False,8.192859240807593e-06,0.0001203931969939731,0.00156128266826272,0.04562736302614212,0.49054041504859924,0.43290039896965027,0.027674397453665733,0.0012159281177446246,0.000254872371442616,6.444183236453682e-05,0.0,0.0,0.0,False
lapchole__2517917,lapchole,0061 - Laparoscopic Cholecystectomy.mp4,lapchole/0061 - Laparoscopic Cholecystectomy.mp4,00:28:07,How many different foreign object instances appear in this frame? Please provide a number.,7,number,n_instances_total,,6,False,6,0.8315523328444633,False,2.000754420805606e-06,7.913137778814416e-06,1.3046559615759179e-05,2.5946181267499924e-05,0.00021724468388129026,0.02215956151485443,0.8315314054489136,0.14449848234653473,0.0014166135806590319,0.00010261913121212274,0.0,0.0,0.0,False
lapchole__2518689,lapchole,0061 - Laparoscopic Cholecystectomy.mp4,lapchole/0061 - Laparoscopic Cholecystectomy.mp4,00:23:09,How many different foreign object classes appear in this frame? Please provide a number.,1,number,n_classes,,1,True,1,0.997996823254032,True,2.010569369303994e-05,0.9979945415534095,0.0019265826558694243,4.530888327280991e-05,7.873502909205854e-06,1.6503759070474189e-06,6.879790248603967e-07,2.6941643227473833e-07,3.6824863514084427e-07,3.2497828783562e-07,2.456759573834864e-10,7.038734169586206e-11,1.1604911089467586e-10,True
lapchole__2518819,lapchole,0061 - Laparoscopic Cholecystectomy.mp4,lapchole/0061 - Laparoscopic Cholecystectomy.mp4,00:30:13,How many different foreign object classes appear in this frame? Please provide a number.,2,number,n_classes,,2,True,2,0.9902234282803515,False,4.738314146379707e-06,0.007560414262115955,0.9902189373970032,0.0021660951897501945,3.967341035604477e-05,3.4666245483094826e-06,1.0572607607173268e-06,3.6537952041726385e-07,4.140292446663807e-07,3.0291027997009223e-07,0.0,0.0,0.0,True
lapchole__2665862,lapchole,0065 - Laparoscopic Cholecystectomy.mp4,lapchole/0065 - Laparoscopic Cholecystectomy.mp4,00:19:04,How many different foreign object instances appear in this frame? Please provide a number.,1,number,n_instances_total,,2,False,2,0.5256600029478333,False,5.377779234549962e-05,0.15059669315814972,0.5256341099739075,0.2482919842004776,0.062778040766716,0.009627324528992176,0.0021481465082615614,0.00042299513006582856,0.00029071999597363174,0.00010694991942727938,0.0,0.0,0.0,False
lapchole__2665923,lapchole,0065 - Laparoscopic Cholecystectomy.mp4,lapchole/0065 - Laparoscopic Cholecystectomy.mp4,00:20:07,How many different foreign object instances appear in this frame? Please provide a number.,2,number,n_instances_total,,4,False,4,0.5167125574034218,False,1.82687581400387e-05,0.0011302480706945062,0.033030688762664795,0.24406562745571136,0.5166869163513184,0.16774368286132812,0.033030688762664795,0.002711324254050851,0.0012807388557121158,0.00025219243252649903,0.0,0.0,0.0,False
lapchole__2665983,lapchole,0065 - Laparoscopic Cholecystectomy.mp4,lapchole/0065 - Laparoscopic Cholecystectomy.mp4,00:21:09,How many different foreign object instances appear in this frame? Please provide a number.,3,number,n_instances_total,,3,True,3,0.5284117677108366,False,1.4550189916917589e-05,0.0010200469987466931,0.06310807913541794,0.5283974409103394,0.36316192150115967,0.03827698528766632,0.005180226638913155,0.00048183611943386495,0.0002579083084128797,7.389196252916008e-05,0.0,0.0,0.0,True
lapchole__2665932,lapchole,0065 - Laparoscopic Cholecystectomy.mp4,lapchole/0065 - Laparoscopic Cholecystectomy.mp4,00:20:16,How many different foreign object instances appear in this frame? Please provide a number.,4,number,n_instances_total,,4,True,4,0.5346774993732968,False,1.6682697605574504e-05,0.0007093662861734629,0.005939451511949301,0.09290864318609238,0.5346523523330688,0.2861787974834442,0.07235732674598694,0.004625649191439152,0.0021850019693374634,0.0003796964301727712,0.0,0.0,0.0,True
lapchole__2666031,lapchole,0065 - Laparoscopic Cholecystectomy.mp4,lapchole/0065 - Laparoscopic Cholecystectomy.mp4,00:21:57,How many different foreign object instances appear in this frame? Please provide a number.,5,number,n_instances_total,,6,False,6,0.5015034653749761,False,1.6656751540722325e-05,0.0007539421203546226,0.0015960956225171685,0.01715964451432228,0.1844835877418518,0.23688159883022308,0.5014783143997192,0.036326970905065536,0.019444424659013748,0.0018086133059114218,0.0,0.0,0.0,False
lapchole__2666150,lapchole,0065 - Laparoscopic Cholecystectomy.mp4,lapchole/0065 - Laparoscopic Cholecystectomy.mp4,00:24:09,How many different foreign object instances appear in this frame? Please provide a number.,6,number,n_instances_total,,4,False,4,0.4453627360921554,False,2.941759339591954e-05,0.0007586898282170296,0.005606001242995262,0.11259954422712326,0.4453398287296295,0.34683099389076233,0.0773884505033493,0.008156683295965195,0.0026480872184038162,0.0005908681778237224,0.0,0.0,0.0,False
lapchole__2666426,lapchole,0065 - Laparoscopic Cholecystectomy.mp4,lapchole/0065 - Laparoscopic Cholecystectomy.mp4,00:20:10,How many different foreign object classes appear in this frame? Please provide a number.,1,number,n_classes,,1,True,1,0.9974307924767655,True,6.944412689335877e-06,0.997430145537018,0.0024723822716623545,7.465948147000745e-05,1.2973870980204083e-05,1.2845872561229044e-06,4.439414169610245e-07,1.4412668747354473e-07,2.0970308867163112e-07,1.6331692620497051e-07,7.034754242633753e-11,2.2838502637193585e-11,5.146735949806107e-11,True
lapchole__2666666,lapchole,0065 - Laparoscopic Cholecystectomy.mp4,lapchole/0065 - Laparoscopic Cholecystectomy.mp4,00:34:07,How many different foreign object classes appear in this frame? Please provide a number.,2,number,n_classes,,2,True,2,0.7968980255874095,False,0.00011862388055305928,0.15691472589969635,0.7968787550926208,0.04495682567358017,0.0009932256070896983,7.1949019911699e-05,1.9364815670996904e-05,7.583370916108834e-06,8.072455784713384e-06,6.692301212751772e-06,0.0,0.0,0.0,True
lapchole__2667467,lapchole,0065 - Laparoscopic Cholecystectomy.mp4,lapchole/0065 - Laparoscopic Cholecystectomy.mp4,00:19:31,How many Clips appear in this frame? Please provide a number.,1,number,n_instances_per_class,,1,True,1,0.5233596657442016,True,0.00019893261196557432,0.5233291809656858,0.4075692296028137,0.05515849590301514,0.012307524681091309,0.001010263105854392,0.00022542016813531518,5.699514804291539e-05,5.699514804291539e-05,2.865895839931909e-05,3.572031347218426e-08,6.60759368625464e-09,1.3140767612524359e-08,True
lapchole__2667503,lapchole,0065 - Laparoscopic Cholecystectomy.mp4,lapchole/0065 - Laparoscopic Cholecystectomy.mp4,00:20:07,How many Clips appear in this frame? Please provide a number.,2,number,n_instances_per_class,,4,False,4,0.4751413008980219,False,5.1743008953053504e-05,0.0017134931404143572,0.050075605511665344,0.28816524147987366,0.4751041531562805,0.15424373745918274,0.02680354379117489,0.002493117703124881,0.0010392861440777779,0.00023189609055407345,0.0,0.0,0.0,False
lapchole__2667540,lapchole,0065 - Laparoscopic Cholecystectomy.mp4,lapchole/0065 - Laparoscopic Cholecystectomy.mp4,00:20:44,How many Clips appear in this frame? Please provide a number.,3,number,n_instances_per_class,,4,False,4,0.4717263820907816,False,5.468557355925441e-05,0.0013249102048575878,0.030154814943671227,0.1735289990901947,0.4717006981372833,0.28610092401504517,0.03416988253593445,0.0019277329556643963,0.0008035987266339362,0.00017930709873326123,0.0,0.0,0.0,False
lapchole__2667512,lapchole,0065 - Laparoscopic Cholecystectomy.mp4,lapchole/0065 - Laparoscopic Cholecystectomy.mp4,00:20:16,How many Clips appear in this frame? Please provide a number.,4,number,n_instances_per_class,,4,True,4,0.5462093784723746,False,4.632522905012593e-05,0.000930467271246016,0.008828026242554188,0.12186715006828308,0.5461706519126892,0.25799277424812317,0.05756596475839615,0.004170064348727465,0.0019697989337146282,0.0003878764109686017,0.0,0.0,0.0,True
lapchole__2667645,lapchole,0065 - Laparoscopic Cholecystectomy.mp4,lapchole/0065 - Laparoscopic Cholecystectomy.mp4,00:22:42,How many Clips appear in this frame? Please provide a number.,5,number,n_instances_per_class,,6,False,5,0.4221120351487592,False,3.36307602992747e-05,0.0006345659494400024,0.001954600913450122,0.021013937890529633,0.17594754695892334,0.4220762252807617,0.3287132978439331,0.039259202778339386,0.008759912103414536,0.001522244536317885,0.0,0.0,0.0,True
lapchole__2667730,lapchole,0065 - Laparoscopic Cholecystectomy.mp4,lapchole/0065 - Laparoscopic Cholecystectomy.mp4,00:24:09,How many Clips appear in this frame? Please provide a number.,6,number,n_instances_per_class,,5,False,4,0.4510752596187084,False,8.621252345619723e-05,0.001118021085858345,0.00936107523739338,0.14643186330795288,0.45104190707206726,0.30999627709388733,0.06916952133178711,0.00936107523739338,0.0026819929480552673,0.000678114069160074,0.0,0.0,0.0,False
lapchole__2666172,lapchole,0065 - Laparoscopic Cholecystectomy.mp4,lapchole/0065 - Laparoscopic Cholecystectomy.mp4,00:24:47,How many different foreign object instances appear in this frame? Please provide a number.,1,number,n_instances_total,,4,False,1,0.431465287293078,True,6.423008017009124e-05,0.4314406045517834,0.179866760969162,0.14008037745952606,0.179866760969162,0.05153269320726395,0.011498497799038887,0.0025656616780906916,0.002264188602566719,0.0007350744563154876,1.9587255194472488e-05,3.4037545441357986e-06,4.9524336435711005e-06,True
lapchole__2666127,lapchole,0065 - Laparoscopic Cholecystectomy.mp4,lapchole/0065 - Laparoscopic Cholecystectomy.mp4,00:23:44,How many different foreign object instances appear in this frame? Please provide a number.,2,number,n_instances_total,,3,False,3,0.5350273265152858,False,4.004660513601266e-05,0.004628757946193218,0.3677077889442444,0.5350116491317749,0.07240595668554306,0.016155952587723732,0.003181295469403267,0.0004878675099462271,0.00026113667991012335,9.024641622090712e-05,0.0,0.0,0.0,False
lapchole__2666001,lapchole,0065 - Laparoscopic Cholecystectomy.mp4,lapchole/0065 - Laparoscopic Cholecystectomy.mp4,00:21:27,How many different foreign object instances appear in this frame? Please provide a number.,4,number,n_instances_total,,4,True,4,0.5199241448656053,False,1.8382284906692803e-05,0.00041837888420559466,0.003969468176364899,0.06209293380379677,0.5198977589607239,0.31533393263816833,0.09034467488527298,0.005096898414194584,0.0024076043628156185,0.00036921806167811155,0.0,0.0,0.0,True
lapchole__2666335,lapchole,0065 - Laparoscopic Cholecystectomy.mp4,lapchole/0065 - Laparoscopic Cholecystectomy.mp4,00:28:26,How many different foreign object instances appear in this frame? Please provide a number.,5,number,n_instances_total,,5,True,4,0.395650868080864,False,3.802440551226027e-05,0.001616838970221579,0.017382657155394554,0.239960178732872,0.3956274390220642,0.27191048860549927,0.06067143380641937,0.00930426549166441,0.00266571668908,0.000763740623369813,0.0,0.0,0.0,False
lapchole__2666527,lapchole,0065 - Laparoscopic Cholecystectomy.mp4,lapchole/0065 - Laparoscopic Cholecystectomy.mp4,00:21:53,How many different foreign object classes appear in this frame? Please provide a number.,1,number,n_classes,,1,True,1,0.9977138696919358,True,6.525522167066811e-06,0.9977130886931892,0.00218248856253922,8.462426194455475e-05,1.010692631098209e-05,1.2071002402080921e-06,5.356475298867736e-07,1.7389928075317584e-07,2.6934046104543086e-07,1.970537084616808e-07,9.618096701822891e-11,3.323925123583963e-11,7.490581113478287e-11,True
lapchole__2666409,lapchole,0065 - Laparoscopic Cholecystectomy.mp4,lapchole/0065 - Laparoscopic Cholecystectomy.mp4,00:34:11,How many different foreign object classes appear in this frame? Please provide a number.,2,number,n_classes,,2,True,2,0.9703640305677524,False,1.1857018762384541e-05,0.0030884358566254377,0.9703576564788818,0.025859154760837555,0.0006081489846110344,4.689542038249783e-05,1.1857018762384541e-05,3.616186404542532e-06,3.616186404542532e-06,2.193327873101225e-06,0.0,0.0,0.0,True
lapchole__2667753,lapchole,0065 - Laparoscopic Cholecystectomy.mp4,lapchole/0065 - Laparoscopic Cholecystectomy.mp4,00:24:48,How many Clips appear in this frame? Please provide a number.,1,number,n_instances_per_class,,1,True,1,0.618646947147244,True,0.011329671368002892,0.6185783555756352,0.20082323253154755,0.09486217796802521,0.06519775837659836,0.006871793419122696,0.0013531362637877464,0.00038768001832067966,0.0003421264118514955,0.00014261950855143368,4.539253220741384e-07,4.2221628833351135e-08,7.888038572722151e-08,True
lapchole__2667710,lapchole,0065 - Laparoscopic Cholecystectomy.mp4,lapchole/0065 - Laparoscopic Cholecystectomy.mp4,00:23:48,How many Clips appear in this frame? Please provide a number.,2,number,n_instances_per_class,,5,False,4,0.40372138203393515,False,7.248662586789578e-05,0.003492601215839386,0.09007537364959717,0.31439393758773804,0.40368980169296265,0.1485091894865036,0.03313687816262245,0.004484588745981455,0.0016497879987582564,0.0004171317268628627,0.0,0.0,0.0,False
lapchole__2667692,lapchole,0065 - Laparoscopic Cholecystectomy.mp4,lapchole/0065 - Laparoscopic Cholecystectomy.mp4,00:23:29,How many Clips appear in this frame? Please provide a number.,3,number,n_instances_per_class,,3,True,3,0.3879287608114769,False,6.965183274587616e-05,0.0013989944709464908,0.028099555522203445,0.3879023790359497,0.3879023790359497,0.1617017686367035,0.028099555522203445,0.0033560132142156363,0.0010895380983129144,0.0003121578774880618,0.0,0.0,0.0,True
lapchole__2667594,lapchole,0065 - Laparoscopic Cholecystectomy.mp4,lapchole/0065 - Laparoscopic Cholecystectomy.mp4,00:21:40,How many Clips appear in this frame? Please provide a number.,4,number,n_instances_per_class,,5,False,5,0.40393569312682914,False,2.3545639123767614e-05,0.0006072500254958868,0.0016506767133250833,0.013820946216583252,0.24498215317726135,0.40390726923942566,0.3145633041858673,0.012196943163871765,0.007397819776087999,0.000779724505264312,0.0,0.0,0.0,False
lapchole__2667794,lapchole,0065 - Laparoscopic Cholecystectomy.mp4,lapchole/0065 - Laparoscopic Cholecystectomy.mp4,00:26:25,How many Clips appear in this frame? Please provide a number.,5,number,n_instances_per_class,,4,False,4,0.34372249616942774,False,0.002315635560080409,0.015099841170012951,0.041045624762773514,0.18395371735095978,0.3436707854270935,0.23620125651359558,0.11157356947660446,0.041045624762773514,0.019388580694794655,0.005554920993745327,0.0,0.0,0.0,False
lapchole__2667660,lapchole,0065 - Laparoscopic Cholecystectomy.mp4,lapchole/0065 - Laparoscopic Cholecystectomy.mp4,00:22:57,How many Clips appear in this frame? Please provide a number.,6,number,n_instances_per_class,,6,True,5,0.45002150413938147,False,5.553131632041186e-05,0.0009843161096796393,0.001263887039385736,0.009338931180536747,0.10040298104286194,0.449974924325943,0.3504408299922943,0.06900589168071747,0.01539729442447424,0.0030319071374833584,0.0,0.0,0.0,False
lapchole__4658475,lapchole,0149 - Laparoscopic Cholecystectomy.mp4,lapchole/0149 - Laparoscopic Cholecystectomy.mp4,00:07:41,How many different foreign object instances appear in this frame? Please provide a number.,1,number,n_instances_total,,1,True,1,0.9739008963119266,True,3.901948002749123e-05,0.9738973246483194,0.022903870791196823,0.002414050279185176,0.0006103673949837685,9.360288095194846e-05,2.0885625417577103e-05,7.21787910151761e-06,6.780569947295589e-06,3.202914513167343e-06,7.006342068872275e-09,1.1437538128252876e-09,2.0073503638435833e-09,True
lapchole__4658497,lapchole,0149 - Laparoscopic Cholecystectomy.mp4,lapchole/0149 - Laparoscopic Cholecystectomy.mp4,00:08:03,How many different foreign object instances appear in this frame? Please provide a number.,2,number,n_instances_total,,2,True,2,0.9292709448332815,False,1.0020627996709663e-05,0.002610105322673917,0.9292618036270142,0.05940571799874306,0.008039689622819424,0.0005139601998962462,0.00010120476508745924,1.9928398614865728e-05,1.9928398614865728e-05,7.80407299316721e-06,0.0,0.0,0.0,True
lapchole__4658575,lapchole,0149 - Laparoscopic Cholecystectomy.mp4,lapchole/0149 - Laparoscopic Cholecystectomy.mp4,00:09:21,How many different foreign object instances appear in this frame? Please provide a number.,3,number,n_instances_total,,2,False,2,0.8237244444536613,False,8.344311027030926e-06,0.003366335527971387,0.8237151503562927,0.14314021170139313,0.028185982257127762,0.0012384055880829692,0.00024385654251091182,3.513086267048493e-05,4.2375912016723305e-05,1.2923923350172117e-05,0.0,0.0,0.0,False
lapchole__4658548,lapchole,0149 - Laparoscopic Cholecystectomy.mp4,lapchole/0149 - Laparoscopic Cholecystectomy.mp4,00:08:54,How many different foreign object instances appear in this frame? Please provide a number.,4,number,n_instances_total,,3,False,3,0.5222269166972311,False,4.3856935008079745e-06,0.00013643491547554731,0.010838368907570839,0.5222218632698059,0.46085917949676514,0.005119683220982552,0.000692873727530241,5.6874541769502684e-05,4.7150650061666965e-05,1.350888760498492e-05,0.0,0.0,0.0,False
lapchole__4658629,lapchole,0149 - Laparoscopic Cholecystectomy.mp4,lapchole/0149 - Laparoscopic Cholecystectomy.mp4,00:10:15,How many different foreign object instances appear in this frame? Please provide a number.,5,number,n_instances_total,,3,False,4,0.6877732679405494,False,7.416400421789149e-06,0.00013993721222504973,0.004634084179997444,0.25301244854927063,0.6877590417861938,0.04982110112905502,0.004089564550668001,0.0003356919332873076,0.00013993721222504973,4.0092680137604475e-05,0.0,0.0,0.0,False
lapchole__4658665,lapchole,0149 - Laparoscopic Cholecystectomy.mp4,lapchole/0149 - Laparoscopic Cholecystectomy.mp4,00:10:51,How many different foreign object instances appear in this frame? Please provide a number.,6,number,n_instances_total,,4,False,4,0.8757096215935627,False,8.333379810210317e-06,6.554711580974981e-05,0.00029376178281381726,0.007576216012239456,0.8756915330886841,0.10458643734455109,0.011023329570889473,0.0004843312781304121,0.00020189931092318147,4.7955290938261896e-05,0.0,0.0,0.0,False
lapchole__4658993,lapchole,0149 - Laparoscopic Cholecystectomy.mp4,lapchole/0149 - Laparoscopic Cholecystectomy.mp4,00:07:59,How many different foreign object classes appear in this frame? Please provide a number.,1,number,n_classes,,1,True,1,0.9971083740884649,True,6.5215617723879404e-06,0.9971075651250537,0.002800669986754656,7.463533256668597e-05,7.866505256970413e-06,1.0646157306837267e-06,3.9165024645626545e-07,1.3535070308989816e-07,1.8500249154840276e-07,1.5337244008151174e-07,9.029881228470125e-11,3.120643367635042e-11,6.606402051488208e-11,True
lapchole__4659449,lapchole,0149 - Laparoscopic Cholecystectomy.mp4,lapchole/0149 - Laparoscopic Cholecystectomy.mp4,00:25:27,How many different foreign object classes appear in this frame? Please provide a number.,2,number,n_classes,,1,False,1,0.9613518783657448,True,1.4169509995554108e-05,0.9613487714475184,0.0372755341231823,0.00127549865283072,7.19587187631987e-05,6.69320297674858e-06,1.9176347905158764e-06,6.225648689905938e-07,8.509452413818508e-07,7.509565875807311e-07,1.9619380790727703e-10,7.217566888563634e-11,1.527959066870183e-10,False
lapchole__4659358,lapchole,0149 - Laparoscopic Cholecystectomy.mp4,lapchole/0149 - Laparoscopic Cholecystectomy.mp4,00:26:43,How many different foreign object classes appear in this frame? Please provide a number.,3,number,n_classes,,2,False,1,0.5785024878127607,True,9.758100350154564e-05,0.5784936541303757,0.3975924849510193,0.022430632263422012,0.0012654497986659408,7.139178342185915e-05,1.6957035768427886e-05,5.860194505658001e-06,5.860194505658001e-06,4.858271950070048e-06,2.660524471240699e-10,7.622529767351814e-11,1.1806005448490454e-10,False
lapchole__4660107,lapchole,0149 - Laparoscopic Cholecystectomy.mp4,lapchole/0149 - Laparoscopic Cholecystectomy.mp4,00:07:53,How many Clips appear in this frame? Please provide a number.,1,number,n_instances_per_class,,1,True,1,0.8429086915708964,True,6.716155621688813e-05,0.8428978275993251,0.14647367596626282,0.0082634799182415,0.002089334884658456,0.00013356670388020575,3.594898953451775e-05,1.0299558198312297e-05,1.0299558198312297e-05,5.51295624973136e-06,2.5278170446745615e-09,3.8765330443195454e-10,7.242317049631596e-10,True
lapchole__4660120,lapchole,0149 - Laparoscopic Cholecystectomy.mp4,lapchole/0149 - Laparoscopic Cholecystectomy.mp4,00:08:06,How many Clips appear in this frame? Please provide a number.,2,number,n_instances_per_class,,2,True,2,0.9488626554205432,False,1.0891805686696898e-05,0.003422103589400649,0.9488545060157776,0.041689757257699966,0.005642094649374485,0.0002809033903758973,6.26780092716217e-05,1.2342032277956605e-05,1.1594266652537044e-05,4.540380359685514e-06,0.0,0.0,0.0,True
lapchole__4660159,lapchole,0149 - Laparoscopic Cholecystectomy.mp4,lapchole/0149 - Laparoscopic Cholecystectomy.mp4,00:08:45,How many Clips appear in this frame? Please provide a number.,3,number,n_instances_per_class,,2,False,2,0.8228323080194578,False,3.5092416510451585e-05,0.05260071903467178,0.8228136897087097,0.09827108681201935,0.024846822023391724,0.0010916930623352528,0.00021496710542123765,4.7965648263925686e-05,3.9764920074958354e-05,1.5572166375932284e-05,0.0,0.0,0.0,False
lapchole__4660202,lapchole,0149 - Laparoscopic Cholecystectomy.mp4,lapchole/0149 - Laparoscopic Cholecystectomy.mp4,00:09:28,How many Clips appear in this frame? Please provide a number.,4,number,n_instances_per_class,,2,False,2,0.9072564813893831,False,3.414683305891231e-05,0.057998351752758026,0.9072468876838684,0.031044280156493187,0.0032720433082431555,0.0002685856889002025,7.695108070038259e-05,1.827748383220751e-05,2.0711102479253896e-05,9.190495802613441e-06,0.0,0.0,0.0,False
lapchole__4660233,lapchole,0149 - Laparoscopic Cholecystectomy.mp4,lapchole/0149 - Laparoscopic Cholecystectomy.mp4,00:09:59,How many Clips appear in this frame? Please provide a number.,5,number,n_instances_per_class,,3,False,4,0.6925182748320398,False,1.020695435727248e-05,7.54197608330287e-05,0.0028301056008785963,0.2886786162853241,0.6925040483474731,0.014372462406754494,0.0013368473155423999,0.00010308658966096118,5.1835198974004015e-05,1.6828422303660773e-05,0.0,0.0,0.0,False
lapchole__4660288,lapchole,0149 - Laparoscopic Cholecystectomy.mp4,lapchole/0149 - Laparoscopic Cholecystectomy.mp4,00:10:54,How many Clips appear in this frame? Please provide a number.,6,number,n_instances_per_class,,4,False,4,0.9429536093003907,False,1.1521981832629535e-05,5.163794048712589e-05,0.0004602439876180142,0.02512846700847149,0.9429388046264648,0.02847428433597088,0.002648521214723587,0.00016931428399402648,7.997840293683112e-05,2.152589695469942e-05,0.0,0.0,0.0,False
lapchole__4658516,lapchole,0149 - Laparoscopic Cholecystectomy.mp4,lapchole/0149 - Laparoscopic Cholecystectomy.mp4,00:08:22,How many different foreign object instances appear in this frame? Please provide a number.,1,number,n_instances_total,,3,False,3,0.45261463749400593,False,1.4122252650849987e-05,0.007315507624298334,0.18866942822933197,0.45259442925453186,0.31106331944465637,0.03278583288192749,0.006455912720412016,0.0006004934548400342,0.0003642177034635097,9.20886523090303e-05,0.0,0.0,0.0,False
lapchole__4658538,lapchole,0149 - Laparoscopic Cholecystectomy.mp4,lapchole/0149 - Laparoscopic Cholecystectomy.mp4,00:08:44,How many different foreign object instances appear in this frame? Please provide a number.,2,number,n_instances_total,,2,True,2,0.9136464552872994,False,1.5259303836501203e-05,0.04014244303107262,0.9136377573013306,0.04014244303107262,0.005432688631117344,0.0004459422780200839,0.00011275185534032062,2.5158340577036142e-05,2.6780913685797714e-05,9.255235454475041e-06,0.0,0.0,0.0,True
lapchole__4658716,lapchole,0149 - Laparoscopic Cholecystectomy.mp4,lapchole/0149 - Laparoscopic Cholecystectomy.mp4,00:11:52,How many different foreign object instances appear in this frame? Please provide a number.,3,number,n_instances_total,,4,False,3,0.36580628485268263,False,4.2406358261359856e-05,0.030025379732251167,0.17278413474559784,0.36578401923179626,0.322803258895874,0.08161744475364685,0.020636122673749924,0.0035860203206539154,0.0021750309970229864,0.0004853150458075106,0.0,0.0,0.0,True
lapchole__4658739,lapchole,0149 - Laparoscopic Cholecystectomy.mp4,lapchole/0149 - Laparoscopic Cholecystectomy.mp4,00:12:15,How many different foreign object instances appear in this frame? Please provide a number.,4,number,n_instances_total,,3,False,1,0.3630797370941562,True,5.404566036304459e-05,0.36306120221255905,0.2827530801296234,0.2202083170413971,0.11786901950836182,0.012423302978277206,0.0027720134239643812,0.00037515125586651266,0.00033106980845332146,0.00010097058839164674,5.640147071845161e-07,7.170641929143035e-08,1.426052443613833e-07,False
lapchole__4658725,lapchole,0149 - Laparoscopic Cholecystectomy.mp4,lapchole/0149 - Laparoscopic Cholecystectomy.mp4,00:12:01,How many different foreign object instances appear in this frame? Please provide a number.,5,number,n_instances_total,,3,False,3,0.382831017982495,False,6.873816892039031e-05,0.04572061821818352,0.3378322124481201,0.38281404972076416,0.18082855641841888,0.04034830257296562,0.009002923965454102,0.001772780902683735,0.0012184132356196642,0.00034908123780041933,0.0,0.0,0.0,False
lapchole__4658705,lapchole,0149 - Laparoscopic Cholecystectomy.mp4,lapchole/0149 - Laparoscopic Cholecystectomy.mp4,00:11:31,How many different foreign object instances appear in this frame? Please provide a number.,6,number,n_instances_total,,4,False,4,0.44359804387159985,False,2.1437059331219643e-05,0.0029887815471738577,0.032132431864738464,0.18490935862064362,0.4435745179653168,0.23742833733558655,0.07708168774843216,0.013394789770245552,0.007169714197516441,0.0012459096033126116,0.0,0.0,0.0,False
lapchole__4659135,lapchole,0149 - Laparoscopic Cholecystectomy.mp4,lapchole/0149 - Laparoscopic Cholecystectomy.mp4,00:10:21,How many different foreign object classes appear in this frame? Please provide a number.,1,number,n_classes,,1,True,1,0.9911383076885101,True,2.2626165446126834e-05,0.9911359544679399,0.008575006388127804,0.00022851616085972637,3.092630140599795e-05,2.7023102120438125e-06,8.241580076173705e-07,2.848213682682399e-07,4.411399743275979e-07,3.435602025092521e-07,1.15251592277774e-10,4.239868997723592e-11,1.0826885034761989e-10,True
lapchole__4659212,lapchole,0149 - Laparoscopic Cholecystectomy.mp4,lapchole/0149 - Laparoscopic Cholecystectomy.mp4,00:26:40,How many different foreign object classes appear in this frame? Please provide a number.,2,number,n_classes,,2,True,2,0.8897695438183115,False,5.877430157852359e-05,0.08276037871837616,0.8897579908370972,0.026868363842368126,0.0004921111976727843,3.3488588087493554e-05,7.954236934892833e-06,2.7489106741995784e-06,2.926200295405579e-06,2.2789270133216633e-06,0.0,0.0,0.0,True
lapchole__4659145,lapchole,0149 - Laparoscopic Cholecystectomy.mp4,lapchole/0149 - Laparoscopic Cholecystectomy.mp4,00:26:45,How many different foreign object classes appear in this frame? Please provide a number.,3,number,n_classes,,2,False,2,0.9895909176329587,False,5.71185273656738e-06,0.0003761709085665643,0.9895875453948975,0.00970157515257597,0.00029296218417584896,2.259081884403713e-05,5.71185273656738e-06,1.854367269515933e-06,1.5373245787486667e-06,9.324344318883959e-07,0.0,0.0,0.0,False
lapchole__4660136,lapchole,0149 - Laparoscopic Cholecystectomy.mp4,lapchole/0149 - Laparoscopic Cholecystectomy.mp4,00:08:22,How many Clips appear in this frame? Please provide a number.,1,number,n_instances_per_class,,3,False,3,0.4473370282242291,False,4.576424544211477e-05,0.011920359916985035,0.239426851272583,0.447308212518692,0.2713061571121216,0.025235403329133987,0.003869974287226796,0.00046220250078476965,0.0002803399693220854,8.031875040614977e-05,0.0,0.0,0.0,False
lapchole__4660130,lapchole,0149 - Laparoscopic Cholecystectomy.mp4,lapchole/0149 - Laparoscopic Cholecystectomy.mp4,00:08:16,How many Clips appear in this frame? Please provide a number.,2,number,n_instances_per_class,,3,False,3,0.5603440360129871,False,2.7079444407718256e-05,0.0037754501681774855,0.264679491519928,0.5603264570236206,0.16053622961044312,0.009056833572685719,0.0012257092166692019,0.00018796858785208315,0.00011400871881050989,3.9400358218699694e-05,0.0,0.0,0.0,False
lapchole__4660382,lapchole,0149 - Laparoscopic Cholecystectomy.mp4,lapchole/0149 - Laparoscopic Cholecystectomy.mp4,00:12:38,How many Clips appear in this frame? Please provide a number.,3,number,n_instances_per_class,,3,True,3,0.42246224146183053,False,0.00038521079113706946,0.030601084232330322,0.2903349995613098,0.42243492603302,0.19954413175582886,0.044524312019348145,0.008767357096076012,0.0019562619272619486,0.0010471115820109844,0.0003399473207537085,0.0,0.0,0.0,True
lapchole__4660381,lapchole,0149 - Laparoscopic Cholecystectomy.mp4,lapchole/0149 - Laparoscopic Cholecystectomy.mp4,00:12:37,How many Clips appear in this frame? Please provide a number.,4,number,n_instances_per_class,,3,False,3,0.3823852470025226,False,0.00044768626685254276,0.06644253432750702,0.23190724849700928,0.3823504149913788,0.23190724849700928,0.06644253432750702,0.014825333841145039,0.0033079790882766247,0.001770633738487959,0.0005072950152680278,0.0,0.0,0.0,False
lapchole__4660398,lapchole,0149 - Laparoscopic Cholecystectomy.mp4,lapchole/0149 - Laparoscopic Cholecystectomy.mp4,00:12:54,How many Clips appear in this frame? Please provide a number.,5,number,n_instances_per_class,,3,False,2,0.3004095521427841,False,0.0003985229996033013,0.2339271903038025,0.30036845803260803,0.2339271903038025,0.2064400315284729,0.019201911985874176,0.004284525755792856,0.0006570533732883632,0.0005117136752232909,0.0001466084213461727,0.0,0.0,0.0,False
lapchole__4660308,lapchole,0149 - Laparoscopic Cholecystectomy.mp4,lapchole/0149 - Laparoscopic Cholecystectomy.mp4,00:11:14,How many Clips appear in this frame? Please provide a number.,6,number,n_instances_per_class,,4,False,4,0.6393733269895133,False,2.5615081540308893e-05,0.0001778039149940014,0.0007485824171453714,0.021876785904169083,0.6393334269523621,0.2665138244628906,0.0673852413892746,0.0029607012402266264,0.0007485824171453714,0.00016703130677342415,0.0,0.0,0.0,False
lapchole__5025237,lapchole,0065 - Laparoscopic Cholecystectomy.mp4,lapchole/0065 - Laparoscopic Cholecystectomy.mp4,00:21:20,How many different foreign object instances appear in this frame? Please provide a number.,3,number,n_instances_total,,2,False,2,0.6883236750148204,False,2.9355549486353993e-05,0.07254640012979507,0.688301146030426,0.19720157980918884,0.034268494695425034,0.00595497153699398,0.0011726035736501217,0.00026164320297539234,0.0001689295459073037,6.214570748852566e-05,0.0,0.0,0.0,False
lapchole__5026828,lapchole,0065 - Laparoscopic Cholecystectomy.mp4,lapchole/0065 - Laparoscopic Cholecystectomy.mp4,00:29:32,How many Clips appear in this frame? Please provide a number.,5,number,n_instances_per_class,,3,False,3,0.5195335287016164,False,7.264882879098877e-05,0.004494623746722937,0.19111627340316772,0.5195078253746033,0.21656309068202972,0.05475572124123573,0.010782040655612946,0.0016534796450287104,0.0007810484385117888,0.00022377412824425846,0.0,0.0,0.0,False
