qID,gold,dataset,greedy,greedy_legal,p_top1,margin_top2,gold_rank,value_mass,one_split_exact,p0,p1,p2,p3,p4,p5,p6,p7,p8,p9,p10,p11,p12
heico__1980141,5,heico,1,1,0.5762650161952275,0.2678118815537742,5,0.9999709437301469,True,0.00024821521947160363,0.5762482720834101,0.30844417214393616,0.07798689603805542,0.028689775615930557,0.006401555147022009,0.0014283799100667238,0.00021904916502535343,0.00024821521947160363,5.538429832085967e-05,7.421433292623862e-07,1.2115156928078186e-07,1.6559453798069192e-07
heico__1980186,2,heico,3,3,0.3290013576535157,0.07277483337009366,3,0.9999647008535248,False,2.3133501599659212e-05,0.06478191912174225,0.22611112892627716,0.32898974418640137,0.25621747970581055,0.10680732876062393,0.014454800635576248,0.0017263797344639897,0.0007196621736511588,0.00013312410737853497,0.0,0.0,0.0
heico__1980202,4,heico,2,2,0.3907316722363425,0.0,3,0.9999750338029116,False,0.00014852471940685064,0.05287846177816391,0.3907219171524048,0.3907219171524048,0.12684883177280426,0.03207240626215935,0.005573348607867956,0.0005874266498722136,0.0003562922647688538,6.590744305867702e-05,0.0,0.0,0.0
heico__1980233,3,heico,2,2,0.4878989630686314,0.25743180309121355,2,0.9999709502080805,False,0.00018545913917478174,0.13978134095668793,0.4878847897052765,0.23046046495437622,0.10886181145906448,0.02752457745373249,0.004221030510962009,0.0005712543497793376,0.0003926169883925468,8.760469063417986e-05,0.0,0.0,0.0
heico__1980260,3,heico,2,2,0.4433998092953622,0.13865585708464145,2,0.9999661413603462,False,6.60025398246944e-05,0.07704871892929077,0.4433847963809967,0.30473363399505615,0.12703187763690948,0.03639524057507515,0.009202157147228718,0.001099041081033647,0.0008559340494684875,0.0001487390254624188,0.0,0.0,0.0
heico__1980355,3,heico,2,2,0.5929527252053194,0.4004491535576069,2,0.9999693460376875,False,0.0005406863056123257,0.149917334318161,0.5929345488548279,0.19249767065048218,0.055151503533124924,0.007463944610208273,0.0011446329299360514,0.0001455237652407959,0.00013670690532308072,3.67941647709813e-05,0.0,0.0,0.0
heico__1980362,2,heico,3,3,0.3163187349449208,0.037168436574563604,2,0.9999713128854637,False,3.667065902845934e-05,0.07997560501098633,0.279142290353775,0.3163096606731415,0.21739624440670013,0.09062423557043076,0.013897676952183247,0.001659840694628656,0.0007840532925911248,0.00014503527199849486,0.0,0.0,0.0
heico__1980372,1,heico,2,2,0.3360645200181101,0.07433720931485462,4,0.9999455427605426,False,0.0001447493996238336,0.12362450361251831,0.3360462188720703,0.26171305775642395,0.17987258732318878,0.06617141515016556,0.024343106895685196,0.00423019751906395,0.003294481197372079,0.0005052250344306231,0.0,0.0,0.0
heico__1980396,2,heico,1,1,0.5857767582170084,0.2722322623473152,2,0.9999606051498183,True,0.0011307734530419111,0.5857536816293785,0.31353214383125305,0.06995847821235657,0.022712191566824913,0.005067775025963783,0.0012813342036679387,0.0002091720380121842,0.00023702297767158598,7.695009844610468e-05,7.543842032372856e-07,1.4854705030841288e-07,1.7918194831758406e-07
heico__1980401,4,heico,3,3,0.34734663191820636,0.07683281473729697,3,0.9999649128731107,False,0.00014961171837057918,0.032307133078575134,0.27050432562828064,0.34733444452285767,0.21066898107528687,0.0995129868388176,0.032307133078575134,0.0038585371803492308,0.003005031729117036,0.0003167280228808522,0.0,0.0,0.0
heico__1980405,2,heico,1,1,0.7054595268906358,0.47643008844849966,2,0.9999865687911651,True,4.1124021663563326e-05,0.7054500517164056,0.22902636229991913,0.0450979620218277,0.014641165733337402,0.004194763954728842,0.0010606024879962206,0.00020884502737317234,0.00020884502737317234,5.62098684895318e-05,4.291660878083883e-07,8.450781839548136e-08,1.2295814458766397e-07
heico__1980411,3,heico,2,2,0.41225259417161947,0.162208761839883,2,0.9999691577395424,False,0.0005469517782330513,0.10423056036233902,0.4122398793697357,0.2500361204147339,0.15165458619594574,0.055790599435567856,0.02052421309053898,0.0024512677919119596,0.0021632362622767687,0.0003317430382594466,0.0,0.0,0.0
heico__1980412,4,heico,2,2,0.5154134925604424,0.11400907730642758,3,0.9999780860944156,False,0.00022200564853847027,0.017636092379689217,0.5154021978378296,0.40139561891555786,0.0543229877948761,0.009439920075237751,0.00127755431458354,0.00011883105617016554,0.00013465322263073176,2.8224849302205257e-05,0.0,0.0,0.0
heico__1980420,1,heico,2,2,0.7320055548488161,0.5686730303959572,3,0.9999748956506664,False,0.0001314357650699094,0.06808540970087051,0.7319871783256531,0.16332842409610748,0.032161273062229156,0.0033897734247148037,0.0006674858741462231,9.033438982442021e-05,0.00010236228263238445,3.121872941846959e-05,0.0,0.0,0.0
heico__1980433,2,heico,2,2,0.3279791220548384,7.735457471977663e-06,1,0.9999719996255736,True,6.673151074210182e-05,0.32796220327574055,0.3279699385166168,0.19892382621765137,0.09396496415138245,0.03917042538523674,0.008740102872252464,0.0017210283549502492,0.0011828442802652717,0.0002639282320160419,4.265875536694537e-06,7.891076105787413e-07,9.518455723050916e-07
heico__1980482,2,heico,4,4,0.27362379180792645,0.03215166364465869,5,0.9999538283009315,False,2.7993242838419974e-05,0.037029240280389786,0.08882853388786316,0.1880500167608261,0.2736111581325531,0.24146097898483276,0.11405809223651886,0.037029240280389786,0.017491374164819717,0.002367200329899788,0.0,0.0,0.0
heico__1980491,5,heico,4,4,0.21601546141682662,0.025382501466978458,2,0.9999384528055089,False,0.0001054296299116686,0.010754114016890526,0.10203219950199127,0.16822265088558197,0.21600216627120972,0.19062122702598572,0.19062122702598572,0.05461389943957329,0.06188565492630005,0.005079884082078934,0.0,0.0,0.0
heico__1980498,2,heico,1,1,0.8793007878215895,0.7742832487007637,2,0.9999864137622919,True,4.815230568055995e-05,0.8792888414320692,0.10501611232757568,0.009768020361661911,0.003593453671783209,0.001321957679465413,0.0005510739283636212,0.00015788532618898898,0.0001789075176930055,6.182878860272467e-05,1.0533240349328953e-07,2.8349832063308234e-08,4.674097204347088e-08
heico__1980508,5,heico,3,3,0.7661188822593122,0.6624359649153732,4,0.999975884144078,False,5.734402293455787e-05,0.0016758379060775042,0.10368041694164276,0.7661004066467285,0.10368041694164276,0.020415883511304855,0.004020126070827246,0.00020015027257613838,0.00012139728642068803,2.3904543922981247e-05,0.0,0.0,0.0
heico__1980514,3,heico,2,2,0.4955857915556588,0.2614876268565398,3,0.9999707895840402,False,0.00024188602401409298,0.23409132659435272,0.4955713152885437,0.18231052160263062,0.06706828624010086,0.016957517713308334,0.002946774708107114,0.00039880260010249913,0.00031058775493875146,7.37710579414852e-05,0.0,0.0,0.0
heico__1980519,5,heico,3,3,0.5793568283515572,0.3912672061099068,4,0.9999654680541425,False,6.30948634352535e-05,0.0020894149783998728,0.1464792937040329,0.5793368220329285,0.18808312714099884,0.06919191777706146,0.013624696992337704,0.0006783336866647005,0.0003630858554970473,5.568102278630249e-05,0.0,0.0,0.0
heico__1980527,2,heico,2,2,0.3041251327875575,0.0,1,0.999964027756505,False,3.111402111244388e-05,0.1267736554145813,0.3041141927242279,0.3041141927242279,0.18445459008216858,0.0678570494055748,0.010406214743852615,0.001408328185789287,0.0006652470910921693,0.00013944336387794465,0.0,0.0,0.0
heico__1980532,1,heico,2,2,0.6195444000558192,0.3916267192396476,2,0.999979101739882,False,6.338446110021323e-05,0.22791291773319244,0.6195314526557922,0.10765841603279114,0.034951575100421906,0.007798750419169664,0.0015356650110334158,0.0002355018659727648,0.0002355018659727648,5.593659443547949e-05,0.0,0.0,0.0
heico__1980566,1,heico,2,2,0.7224817412141362,0.45669552181845435,2,0.9999866986785975,False,2.6924030862574e-06,0.2657826840877533,0.7224721312522888,0.011677674017846584,4.77239846077282e-05,2.6924030862574e-06,6.007563229104562e-07,1.220510483790349e-07,2.2100590513218776e-07,1.567166520999308e-07,0.0,0.0,0.0
heico__1980588,1,heico,2,2,0.8416839468201944,0.6954212181824913,2,0.9999884301237074,False,6.640240826527588e-06,0.1462610363960266,0.8416742086410522,0.012005836702883244,3.8211950595723465e-05,1.678915964475891e-06,4.244964202371193e-07,9.180378413020662e-08,1.7151205611298792e-07,1.294640981086559e-07,0.0,0.0,0.0
heico__1980740,2,heico,1,1,0.891217353708535,0.7847766168724865,2,0.9999906298061746,True,5.195272751734592e-05,0.8912090028291902,0.1064397394657135,0.002209086436778307,6.670862785540521e-05,8.481049917463679e-06,2.9309724141057814e-06,7.888605182415631e-07,1.1477852694952162e-06,7.888605182415631e-07,8.151270718319427e-10,5.602281351648057e-10,8.151270718319427e-10
heico__1980855,1,heico,2,2,0.8318201290740989,0.6680250350289518,3,0.9999843805914281,False,2.414171149212052e-06,0.003852031659334898,0.8318071365356445,0.16379253566265106,0.0005213157273828983,7.915761671029031e-06,7.362805263255723e-07,8.793617212177196e-08,1.3619819583254866e-07,7.065870022415766e-08,0.0,0.0,0.0
heico__1980980,2,heico,1,1,0.7731066373389247,0.5516078685173321,2,0.9999896563828179,True,1.9801288999587996e-06,0.7730986406198271,0.22149647772312164,0.0052090976387262344,0.00015730112500023097,1.764869739417918e-05,4.750082098325947e-06,1.2784672662746743e-06,1.5421259149661637e-06,9.353466339234728e-07,1.805640396811749e-09,1.028822791368766e-09,1.593471870313907e-09
heico__1982878,2,heico,2,2,0.4867829319028129,8.681789137709124e-08,1,0.9999784625186142,True,0.000645840133074671,0.4867723610084566,0.48677244782447815,0.024234972894191742,0.0012065883493050933,0.0002375913318246603,7.246125460369512e-05,1.2591878657985944e-05,1.7211057638633065e-05,6.331594249786576e-06,4.266185629632383e-08,9.519146209311762e-09,1.3011130724118836e-08
heico__1982879,3,heico,2,2,0.4415911281925957,0.20522442173518118,2,0.9999572472006548,False,0.0033714454621076584,0.0677172988653183,0.44157224893569946,0.23635660111904144,0.16244536638259888,0.05976030230522156,0.021984586492180824,0.002975290408357978,0.0033714454621076584,0.000402661768021062,0.0,0.0,0.0
heico__1982880,3,heico,2,2,0.5165883608675889,0.11426895643010707,3,0.9999642879411113,False,0.03302320837974548,0.4023050367832184,0.5165699124336243,0.03742019832134247,0.008349575102329254,0.0016441288171336055,0.00041570086614228785,9.275539196096361e-05,0.00010510563879506662,3.866620681947097e-05,0.0,0.0,0.0
heico__1982885,4,heico,2,2,0.4156815738583022,0.04884386981727936,3,0.9999717447062721,False,0.00048669931129552424,0.03412025794386864,0.41566982865333557,0.3668273389339447,0.1349482387304306,0.038663316518068314,0.0076132589019834995,0.0009092740947380662,0.000624934327788651,0.0001085972908185795,0.0,0.0,0.0
heico__1982886,4,heico,2,2,0.685528064766051,0.48912097531050686,3,0.9999754447053419,False,0.0007083371165208519,0.04965826869010925,0.6855112314224243,0.19640226662158966,0.056270189583301544,0.008629313670098782,0.0021818322129547596,0.0002605826884973794,0.00029527884908020496,5.814385076519102e-05,0.0,0.0,0.0
heico__1982887,4,heico,2,2,0.6326195989236453,0.3689045097222691,4,0.9999645118405169,False,0.001383800758048892,0.2637057304382324,0.6325971484184265,0.0856127142906189,0.013129135593771935,0.0025852802209556103,0.0006536611472256482,0.00010670725168893114,0.00014585151802748442,4.4482203520601615e-05,0.0,0.0,0.0
heico__1982888,4,heico,2,2,0.4916555189185565,0.057771062800361504,3,0.9999756518409413,False,0.0005080141127109528,0.010203735902905464,0.4916435480117798,0.43387389183044434,0.05181884765625,0.010203735902905464,0.0013809256488457322,0.0001455484889447689,0.00016492803115397692,3.247625500080176e-05,0.0,0.0,0.0
heico__1982889,3,heico,2,2,0.4477676156201819,0.14002172492014392,2,0.9999584008473903,False,0.00017020237282849848,0.03675347566604614,0.44774898886680603,0.30773308873176575,0.14536280930042267,0.047192394733428955,0.01193210668861866,0.001614835113286972,0.0012576348381116986,0.0001928645360749215,0.0,0.0,0.0
heico__1982891,3,heico,2,2,0.625289716013574,0.36463019627131077,2,0.9999739168779342,False,0.0008296004962176085,0.031130528077483177,0.6252734065055847,0.26065272092819214,0.0581594854593277,0.018881620839238167,0.003718011314049363,0.0005701755289919674,0.0006460935110226274,0.00011227421782677993,0.0,0.0,0.0
heico__1982892,3,heico,2,2,0.44238797246871914,2.5310733846607185e-06,3,0.9999665092134172,True,0.004914322402328253,0.44237062555892936,0.4423731565475464,0.08710843324661255,0.01715266890823841,0.00433687400072813,0.0010965334950014949,0.0002446696744300425,0.0002772470470517874,9.00089435162954e-05,1.4548462229289048e-06,2.0959047345631458e-07,3.0495233817368935e-07
heico__1982893,4,heico,3,3,0.6177020299319933,0.3602055146540608,2,0.9999599182701786,False,5.936598245170899e-05,0.00026605985476635396,0.009983822703361511,0.6176772713661194,0.2574861943721771,0.09472388029098511,0.018652236089110374,0.0007232257048599422,0.000341627630405128,4.623427594196983e-05,0.0,0.0,0.0
heico__1982894,4,heico,4,4,0.3718603314160978,0.043694745101095285,1,0.9999540612188866,False,0.0001413483842043206,0.0028390579391270876,0.03458680957555771,0.32815051078796387,0.37184324860572815,0.15500731766223907,0.09401669353246689,0.008744915015995502,0.004130805376917124,0.0004933543386869133,0.0,0.0,0.0
heico__1982896,5,heico,3,3,0.7902463590942687,0.6958648871945893,4,0.9999743659445812,False,8.60625586938113e-05,0.0009252596064470708,0.09437905251979828,0.7902261018753052,0.09437905251979828,0.016400618478655815,0.0032294734846800566,0.00018219441699329764,0.00014189314970280975,2.4657334506628104e-05,0.0,0.0,0.0
heico__1982897,5,heico,4,4,0.5011274494636494,0.15670790739941554,3,0.9999553420002485,False,6.184127414599061e-05,0.0002445870195515454,0.013353997841477394,0.3444041609764099,0.5011050701141357,0.12669919431209564,0.013353997841477394,0.0005177906714379787,0.00019048455578740686,2.4217393729486503e-05,0.0,0.0,0.0
heico__1982898,5,heico,3,3,0.5398297846225326,0.21240645827989854,3,0.9999487790664716,False,7.548681605840102e-05,0.0004343966138549149,0.020930400118231773,0.5398021340370178,0.32740655541419983,0.0938035398721695,0.016300613060593605,0.0008115596720017493,0.00033830839674919844,4.5785065594827756e-05,0.0,0.0,0.0
heico__1982899,5,heico,3,3,0.6431654080750336,0.4588954246766366,4,0.999962376714393,False,8.993792289402336e-05,0.0012415546225383878,0.09862890094518661,0.6431412100791931,0.18426305055618286,0.05982144922018051,0.0117795430123806,0.0005864689010195434,0.0003557113523129374,5.455010250443593e-05,0.0,0.0,0.0
heico__1982900,5,heico,2,2,0.41960647318107913,3.278987072514294e-06,5,0.9999542694029949,True,0.002201792085543275,0.41958400548943087,0.41958728432655334,0.10608828067779541,0.03902769461274147,0.009867747314274311,0.0024949570652097464,0.0004335585399530828,0.0005567001644521952,0.0001096207633963786,2.0077497164940555e-06,2.7171936648120156e-07,3.488945618211326e-07
heico__1982901,5,heico,4,4,0.20086367118440254,0.0,3,0.9999209337402135,False,0.00018314947374165058,0.01133105717599392,0.09487377852201462,0.13804054260253906,0.200847789645195,0.177247554063797,0.200847789645195,0.07388778030872345,0.09487377852201462,0.007787713780999184,0.0,0.0,0.0
heico__1982902,4,heico,3,3,0.352847593587264,0.11033922204689456,3,0.9999538341362495,False,0.00028393499087542295,0.013680754229426384,0.24249717593193054,0.35283130407333374,0.24249717593193054,0.10108786076307297,0.03718814626336098,0.0050328681245446205,0.004441490862518549,0.0004131229652557522,0.0,0.0,0.0
heico__1982903,3,heico,2,2,0.5039045559175759,0.23418385293446828,2,0.999964091097354,False,0.0005899904062971473,0.032212384045124054,0.5038864612579346,0.2697110176086426,0.14436590671539307,0.03650141507387161,0.010457830503582954,0.0008584310999140143,0.0012490097433328629,0.00013164464326109737,0.0,0.0,0.0
heico__1982904,3,heico,2,2,0.5834113931178426,0.3687863174738511,3,0.9999661873152945,False,0.0034689735621213913,0.21461781859397888,0.5833916664123535,0.13017228245735168,0.054263874888420105,0.010685191489756107,0.002384188352152705,0.0004143098194617778,0.0004694745293818414,9.840721031650901e-05,0.0,0.0,0.0
heico__1982905,3,heico,2,2,0.6336159235707275,0.4279109640130375,2,0.9999581187439617,False,0.00332477199845016,0.08574699610471725,0.6335893869400024,0.20569634437561035,0.058932989835739136,0.010241018608212471,0.0017796222819015384,0.00030925197643227875,0.0002729138941504061,6.482272874563932e-05,0.0,0.0,0.0
heico__1982906,3,heico,2,2,0.5502726743625566,0.3716253020570133,3,0.9999486011220142,False,0.0022487230598926544,0.17863819003105164,0.5502443909645081,0.17863819003105164,0.06571731716394424,0.01882832683622837,0.0042011672630906105,0.0006442698650062084,0.0006442698650062084,0.0001437560422345996,0.0,0.0,0.0
heico__1982907,3,heico,2,2,0.48938936174357955,0.22743808504755383,2,0.9999641280301148,False,0.0007357407594099641,0.08504006266593933,0.48937180638313293,0.2619418799877167,0.1237325668334961,0.03128449246287346,0.00616028206422925,0.0008337035542353988,0.0007357407594099641,0.00012785255967173725,0.0,0.0,0.0
heico__1982909,1,heico,2,2,0.5144551274824527,0.11379705054078594,2,0.9999708269679104,False,0.005043393932282925,0.4006463885307312,0.51444011926651,0.06144111230969429,0.013709365390241146,0.00346627039834857,0.0007734294631518424,0.00019555359904188663,0.00019555359904188663,5.964047886664048e-05,0.0,0.0,0.0
heico__1982922,1,heico,2,2,0.4663905265254775,0.10316522166602296,2,0.9999675255603506,False,0.0024473133962601423,0.36321350932121277,0.4663753807544708,0.11791816353797913,0.03828242048621178,0.008541963063180447,0.0021597465965896845,0.0004252792859915644,0.0004819045716430992,0.0001218445468111895,0.0,0.0,0.0
heico__1982923,1,heico,2,2,0.9000984662215811,0.8425570999403578,4,0.9999753403444629,False,0.00018313704640604556,0.014548377133905888,0.9000762701034546,0.05753994733095169,0.023986218497157097,0.002864745445549488,0.0005641017924062908,6.737236253684387e-05,0.0001258681295439601,1.9302502550999634e-05,0.0,0.0,0.0
heico__1982928,1,heico,2,2,0.6706631431131705,0.3538642926977532,2,0.9999888538211508,False,0.00013645720900967717,0.31679531931877136,0.6706556677818298,0.010840139351785183,0.0012946700444445014,0.00019854409038089216,4.430117041920312e-05,8.194892870960757e-06,1.1923500096600037e-05,3.6364615425554803e-06,0.0,0.0,0.0
heico__2051914,2,heico,1,1,0.5280629013470747,0.16513039625962786,2,0.999976181418311,True,1.8670567442313768e-05,0.528050323637722,0.36292386054992676,0.08097925782203674,0.020474761724472046,0.005866118241101503,0.0011551070492714643,0.00025773924426175654,0.00018856603128369898,6.121843762230128e-05,3.419610852574011e-07,9.797349551541176e-08,1.1817858963569413e-07
heico__2051948,1,heico,2,2,0.47293489589613347,0.10461281764827167,2,0.9999758772901259,False,0.00031550953281112015,0.368313193321228,0.47292348742485046,0.11957377940416336,0.03023298643529415,0.0067458911798894405,0.0013283448060974479,0.00024571907124482095,0.00023083171981852502,6.613439472857863e-05,0.0,0.0,0.0
heico__2051959,2,heico,1,1,0.6756702413811212,0.42710494487895556,2,0.9999821545920985,True,2.244219467684161e-05,0.6756581837700568,0.2485608607530594,0.055461421608924866,0.014022842980921268,0.0045525506138801575,0.0011510651092976332,0.0002568373456597328,0.00022665814321953803,6.912682874826714e-05,9.763104049391557e-08,3.169616037208727e-08,3.591645310060466e-08
heico__2051977,1,heico,4,4,0.3714072390024303,0.0821549920554146,5,0.9999647783042747,False,3.353264037286863e-05,0.05026273429393768,0.12057403475046158,0.28924205899238586,0.37139415740966797,0.15482011437416077,0.012708409689366817,0.0007169594173319638,0.0001812757400330156,3.150099655613303e-05,0.0,0.0,0.0
heico__2052005,2,heico,3,3,0.2891051166320933,0.06394982996701024,2,0.9999668091004423,False,4.042758882860653e-05,0.09385556727647781,0.2251478135585785,0.28909552097320557,0.2251478135585785,0.1205129325389862,0.03452753648161888,0.00679887505248189,0.004123725928366184,0.0007165961433202028,0.0,0.0,0.0
heico__2052073,2,heico,1,1,0.5973632878711492,0.3151883608174901,2,0.9999786230210377,True,2.8868789740954526e-05,0.5973505180487115,0.2821688950061798,0.08084273338317871,0.02624579519033432,0.00965528842061758,0.0024412390775978565,0.0006172418943606317,0.0004807084915228188,0.0001466078101657331,4.66618430696046e-07,1.1797961923542629e-07,1.423105778134312e-07
heico__2052164,2,heico,1,1,0.5156065350517495,0.16123502082912614,2,0.9999696505957125,True,0.00020863173995167017,0.515590886700564,0.35436075925827026,0.08959642052650452,0.029087701812386513,0.008333765901625156,0.001859514508396387,0.00041491378215141594,0.0003897754068020731,0.00012654156307689846,4.858100026574697e-07,1.2283199910694177e-07,1.3075398190934441e-07
heico__2052243,2,heico,1,1,0.4836076874154765,0.10697347786085938,2,0.9999727029370917,True,4.647908644983545e-05,0.4835944863460102,0.3766239285469055,0.10790456831455231,0.024076761677861214,0.006087559275329113,0.0011987114557996392,0.0002217393193859607,0.0001622279523871839,5.6064483942463994e-05,1.0167222592117772e-07,3.7403121165195614e-08,3.7403121165195614e-08
heico__2052244,1,heico,2,2,0.35166631194405584,0.07778831065943886,3,0.999958783701004,False,6.721502722939476e-05,0.14659029245376587,0.3516518175601959,0.2738667130470276,0.14659029245376587,0.06110791862010956,0.015450503677129745,0.0026848947163671255,0.0016284711891785264,0.0003206649562343955,0.0,0.0,0.0
heico__2052282,2,heico,1,1,0.5890426706420234,0.27375063446542003,2,0.9999738939023296,True,3.030244624824263e-05,0.5890272930365316,0.31528380513191223,0.07034932076931,0.01778709515929222,0.005774624180048704,0.0011370908468961716,0.00028750160709023476,0.00022390647791326046,7.269178604474291e-05,1.590120260563013e-07,4.84959290076415e-08,5.4953087140383085e-08
heico__2052289,2,heico,2,2,0.3100737827877315,0.0,1,0.9999714869700256,False,0.00011786467075580731,0.1292542964220047,0.3100649416446686,0.3100649416446686,0.16596581041812897,0.06918483972549438,0.012022522278130054,0.0020892012398689985,0.0009868687484413385,0.00022020017786417156,0.0,0.0,0.0
heico__2052291,2,heico,1,1,0.37435488805834616,0.043986447218895074,2,0.9999727222176225,True,0.0004966753185726702,0.37434467648717773,0.33035942912101746,0.17682866752147675,0.08352794498205185,0.02711755409836769,0.005339762661606073,0.0010514616733416915,0.0007226582965813577,0.00018271664157509804,7.467087007253115e-07,2.0097389312023328e-07,2.2773326027619744e-07
heico__2052293,2,heico,2,2,0.365132888947201,0.04290426560139146,1,0.9999692541241529,False,0.00010809234663611278,0.32221871614456177,0.36512166261672974,0.17247126996517181,0.09231720864772797,0.03396160155534744,0.009730162099003792,0.002171092666685581,0.0014921687543392181,0.000377279327949509,0.0,0.0,0.0
heico__2052298,2,heico,1,1,0.43982642021540563,0.09728824803039379,2,0.9999757426571366,True,4.227154568070546e-05,0.4398157511951301,0.34252986311912537,0.14278769493103027,0.052528657019138336,0.01705355755984783,0.0038051630835980177,0.0007492811419069767,0.0005149728385731578,0.00014754218864254653,6.418540751075623e-07,1.6228612024473806e-07,1.8389426793016214e-07
heico__2052299,2,heico,3,3,0.2963545917278044,0.0348225714387706,2,0.999971239367369,False,2.361266342632007e-05,0.13998398184776306,0.261524498462677,0.2963460683822632,0.20367549359798431,0.08490457385778427,0.01149058435112238,0.001372354687191546,0.0005374217871576548,0.00011264972999924794,0.0,0.0,0.0
heico__2052300,2,heico,2,2,0.37602722948024725,1.170652810174164e-06,1,0.9999766907439595,True,1.603691816853825e-05,0.37601729393975397,0.3760184645652771,0.17761854827404022,0.05088856443762779,0.016521098092198372,0.0022358873393386602,0.0003885389887727797,0.00020796993339899927,6.342724373098463e-05,5.155007729069311e-07,1.6735858324084755e-07,1.781522958535785e-07
heico__2052304,1,heico,2,2,0.264189583694928,0.0,4,0.9999732173273514,False,3.694371480378322e-05,0.16023479402065277,0.26418250799179077,0.26418250799179077,0.18156981468200684,0.09718732535839081,0.02457280084490776,0.004838671535253525,0.0025899542961269617,0.0005778968916274607,0.0,0.0,0.0
heico__2052350,2,heico,1,1,0.580634696141618,0.18157065790012114,2,0.9999774364050914,True,7.094746251823381e-06,0.5806215949355444,0.39905503392219543,0.019867777824401855,0.0003873600217048079,2.8060267140972428e-05,5.881750894332072e-06,1.4871395705995383e-06,1.9095250536338426e-06,1.2328820275797625e-06,1.4435533614773083e-09,8.225119453296846e-10,1.124240591771761e-09
heico__2052413,2,heico,1,1,0.69648753885858,0.40614834506796,2,0.999981858760275,True,4.849070592172211e-06,0.696474903711172,0.29033392667770386,0.01275638397783041,0.0003618707414716482,3.583005673135631e-05,7.994765837793238e-06,2.021393584072939e-06,2.5955205273930915e-06,1.4788829503231682e-06,1.6266790220634006e-09,9.866306514566284e-10,1.3485642699285696e-09
heico__2052533,2,heico,1,1,0.5807027933389525,0.1815919751693631,2,0.9999814956761378,True,3.798004627242335e-06,0.5806920478263968,0.39910343289375305,0.01987018994987011,0.0002834330662153661,2.0531821064651012e-05,4.581268058245769e-06,1.0881466323553468e-06,1.4873201052978402e-06,9.021052846946986e-07,1.2740866411591638e-09,8.756659847404038e-10,1.1243773940699507e-09
heico__2052592,2,heico,1,1,0.7181695506168624,0.45396972418226283,2,0.9999840824234635,True,3.894031578965951e-06,0.7181581190980743,0.26419562101364136,0.016889460384845734,0.000654875417239964,6.091290197218768e-05,1.2768039596267045e-05,3.0326748401421355e-06,3.4364709335932275e-06,1.9580420484999195e-06,1.7855001377209924e-09,1.0829606491407036e-09,1.4802317213022368e-09
heico__2052727,2,heico,1,1,0.5806361726509751,0.1815711231775254,2,0.9999801300848131,True,5.1906545195379294e-06,0.5806246354594701,0.3990571200847626,0.01986788399517536,0.00038736205897293985,2.8060414479114115e-05,5.525423148355912e-06,1.3970457075629383e-06,1.7938422161023482e-06,1.1581915941860643e-06,1.1967545576816238e-09,7.258683353562326e-10,9.921443695381603e-10
heico__2052791,2,heico,1,1,0.5976211670102384,0.2351455944397702,2,0.999971720707341,True,7.375021959887818e-05,0.5976042667063572,0.3624653220176697,0.038203559815883636,0.0014813129091635346,0.00010730593930929899,2.1129793822183274e-05,5.342448275769129e-06,6.053786819393281e-06,3.671807462524157e-06,2.4496289034887513e-09,1.2317505419011472e-09,1.5815993339580606e-09
heico__2052793,2,heico,1,1,0.8781691269510521,0.7593218531848401,2,0.9999853264457903,True,6.573161226697266e-05,0.8781562410887624,0.11884552985429764,0.002794979140162468,0.00010180710523854941,1.2943319234182127e-05,4.202081072435249e-06,1.2815622767448076e-06,1.5458591633432661e-06,1.062452383848722e-06,1.0978284773442187e-09,5.185774730715609e-10,7.545257775503945e-10
heico__2052798,2,heico,1,1,0.5820505742717366,0.1820134236609736,2,0.9999783679338716,True,5.5388727560057305e-06,0.5820379833152238,0.4000284969806671,0.017576023936271667,0.0003024121979251504,2.057940946542658e-05,4.313678346079541e-06,9.328983878731378e-07,1.2358894991848501e-06,8.494136523040652e-07,6.421363424562051e-10,2.8494626613175486e-10,4.1459437865474705e-10
heico__2054099,1,heico,0,1,0.8338789033263655,0.669678421860148,2,0.9999745193204035,False,0.8338576555252075,0.16419629752635956,0.001824056264013052,7.528779678978026e-05,1.0846234545169864e-05,6.179998308653012e-06,1.6633240420560469e-06,7.380955366897979e-07,1.0088569979416206e-06,7.856986030674307e-07,0.0,0.0,0.0
heico__2054228,1,heico,2,2,0.8059466757052521,0.6472463798742336,2,0.9999784445590194,False,0.0001447128306608647,0.15869687497615814,0.8059293031692505,0.0312492698431015,0.00329364906065166,0.00044574690400622785,0.00011270247341599315,3.658913556137122e-05,5.001141471439041e-05,1.9584751498769037e-05,0.0,0.0,0.0
heico__2114386,2,heico,2,2,0.30694479472549635,1.2546909286301323e-06,1,0.9999720135600838,True,7.076716428855434e-05,0.30693494977762686,0.30693620443344116,0.23904214799404144,0.09964758902788162,0.03665830194950104,0.00817957241088152,0.0014213967369869351,0.0008621206507086754,0.000217978231376037,6.937706575275548e-07,1.3661152938992854e-07,1.548011630327038e-07
heico__2114392,2,heico,1,1,0.5421730682219824,0.21332823953711894,2,0.9999799312474899,True,0.00010362941247876734,0.5421621874848586,0.3288382291793823,0.09421372413635254,0.026992686092853546,0.0060228826478123665,0.0011859758524224162,0.0002193834661738947,0.00018187527894042432,5.904626232222654e-05,2.129533882643948e-07,4.463745464333474e-08,5.384304982297595e-08
heico__2114401,2,heico,3,3,0.6811740598501025,0.5089462764278339,2,0.9999725822453911,False,3.730195385287516e-05,0.0014900214737281203,0.1722230613231659,0.6811553835868835,0.11836705356836319,0.023307856172323227,0.0031543755903840065,0.0001223083963850513,9.525388304609805e-05,1.9966297259088606e-05,0.0,0.0,0.0
heico__2114407,2,heico,1,1,0.6319933154142395,0.36853899939929075,2,0.9999699174177369,True,7.799191371304914e-05,0.6319743034233388,0.2634463906288147,0.07547865808010101,0.02162499725818634,0.005467655602842569,0.0013824398629367352,0.00024023202422540635,0.0002120040007866919,6.465756450779736e-05,4.0926170424106435e-07,8.058840590169102e-08,9.720817359534176e-08
heico__2114410,2,heico,5,5,0.35764429433496603,0.07911065983326641,7,0.9999637387945768,False,1.525272000435507e-05,0.000287797738565132,0.003972925245761871,0.07979833334684372,0.2785235345363617,0.3576313257217407,0.24579617381095886,0.025906726717948914,0.0074224011041224,0.0006092678522691131,0.0,0.0,0.0
heico__2114411,2,heico,3,3,0.32466361248766634,0.0,4,0.9999620789640176,False,3.120277324342169e-05,0.009803620167076588,0.11943255364894867,0.324651300907135,0.324651300907135,0.15335442125797272,0.05641593411564827,0.007635067217051983,0.003606550395488739,0.00038012757431715727,0.0,0.0,0.0
heico__2114412,2,heico,3,3,0.4861594576468945,0.1075380700372853,2,0.9999786999978824,False,6.798388494644314e-05,0.024203939363360405,0.37861332297325134,0.4861491024494171,0.08448003977537155,0.021359901875257492,0.0042060138657689095,0.00044331062235869467,0.0003912202373612672,6.386495078913867e-05,0.0,0.0,0.0
heico__2114413,2,heico,3,3,0.3632913001163263,0.11360507040962652,3,0.9999603589312756,False,5.080123810330406e-05,0.01596127450466156,0.2203385829925537,0.3632768988609314,0.24967633187770844,0.10408058017492294,0.03828910365700722,0.0051818666979670525,0.0027736532501876354,0.0003312656772322953,0.0,0.0,0.0
heico__2114415,2,heico,3,3,0.5665873054417132,0.29895037635509136,2,0.9999762663574074,False,3.742589251487516e-05,0.007132112979888916,0.26763057708740234,0.5665738582611084,0.12641972303390503,0.024893520399928093,0.006294067949056625,0.0005854394403286278,0.0003550869587343186,5.445435454021208e-05,0.0,0.0,0.0
heico__2114417,2,heico,3,3,0.49064016161757534,0.2588781525992381,3,0.9999694505968364,False,3.909269435098395e-05,0.0033058063127100468,0.18049092590808868,0.49062517285346985,0.23175492882728577,0.07523980736732483,0.016788270324468613,0.001073238207027316,0.0005744629888795316,7.774511323077604e-05,0.0,0.0,0.0
heico__2114418,2,heico,3,3,0.28449395802084604,0.06292984619985333,3,0.9999643654264219,False,4.2348441638750955e-05,0.07192877680063248,0.19552268087863922,0.28448382019996643,0.22155621647834778,0.13438065350055695,0.06347692012786865,0.016049480065703392,0.011030634865164757,0.001492834067903459,0.0,0.0,0.0
heico__2114419,2,heico,3,3,0.3507027731471064,0.07757516556637306,3,0.9999617294488417,False,4.606973016052507e-05,0.01978454180061817,0.1877104938030243,0.3506893515586853,0.27311715483665466,0.11385216563940048,0.04188387095928192,0.0072783250361680984,0.005002314690500498,0.0005974413943476975,0.0,0.0,0.0
heico__2114420,2,heico,3,3,0.3928610399847859,0.15457876556621278,3,0.9999716245547461,False,5.4936772357905284e-05,0.013442584313452244,0.21027740836143494,0.3928498923778534,0.23827551305294037,0.09932801127433777,0.03654073178768158,0.004945250693708658,0.003851365065202117,0.00040593085577711463,0.0,0.0,0.0
heico__2114421,2,heico,3,3,0.3563414505483669,0.11143179815915887,3,0.9999690577642468,False,3.880750955431722e-05,0.048224076628685,0.21612532436847687,0.35633042454719543,0.24490207433700562,0.10209037363529205,0.025812489911913872,0.003958473447710276,0.0021188179962337017,0.0003681953821796924,0.0,0.0,0.0
heico__2114423,2,heico,3,3,0.4116986291376246,0.12874256737412318,2,0.999972517209244,False,0.00020094262436032295,0.01808827742934227,0.2829482853412628,0.41168731451034546,0.22036033868789673,0.05571581795811653,0.00968195777386427,0.0007947434787638485,0.00042539549758657813,6.944390770513564e-05,0.0,0.0,0.0
heico__2114424,2,heico,3,3,0.42174055954663703,0.16594199318744632,2,0.9999713858123869,False,0.00018165640358347446,0.03922685980796814,0.25579124689102173,0.4217284917831421,0.19921043515205383,0.06467416137456894,0.01635218784213066,0.001723508001305163,0.0009225273388437927,0.0001603112177690491,0.0,0.0,0.0
heico__2114425,2,heico,1,1,0.671718585734346,0.39170457109552925,2,0.9999820968055144,True,0.0035247933119535446,0.671706559825866,0.280009001493454,0.03344230726361275,0.00958138145506382,0.001296699047088623,0.0002893326454795897,5.027848237659782e-05,6.0647420468740165e-05,2.0959188987035304e-05,9.705990007567149e-08,1.7954274498041203e-08,2.165698913117415e-08
heico__2114426,1,heico,2,2,0.39824903461062783,0.15669877198780263,3,0.9999762665247545,False,0.0009871373185887933,0.18811507523059845,0.3982395827770233,0.24154452979564667,0.12928946316242218,0.032689496874809265,0.007294012699276209,0.0009871373185887933,0.0006784489378333092,0.0001513824099674821,0.0,0.0,0.0
heico__2114427,1,heico,2,2,0.4677933464626947,2.1049987366153e-07,2,0.9999778273470346,True,0.00048335903557017446,0.46778276374795774,0.46778297424316406,0.04930396005511284,0.012465993873775005,0.0016870888648554683,0.0003322074771858752,5.0945669499924406e-05,6.963447231100872e-05,1.8741862731985748e-05,1.0469078724200808e-07,2.335967188343206e-08,2.999441131820474e-08
heico__2114498,1,heico,2,2,0.6400081748765497,0.2974364789052998,2,0.9999824548826268,False,0.00013021913764532655,0.3425656855106354,0.6399969458580017,0.017055340111255646,0.0002146950428141281,1.3724995369557291e-05,3.2599721180304186e-06,7.743112746538827e-07,1.1266162118772627e-06,6.833273005213414e-07,0.0,0.0,0.0
heico__2115497,1,heico,2,2,0.46886805348758004,0.14662005362352645,2,0.9999657260923414,False,0.0007048904662951827,0.32223695516586304,0.4688519835472107,0.1522139608860016,0.04361002892255783,0.00973071251064539,0.0019160909578204155,0.00033296667970716953,0.00029384205117821693,7.429490506183356e-05,0.0,0.0,0.0
heico__2115508,2,heico,1,1,0.480993152144152,0.10639410981887258,2,0.9999747727414845,True,0.0008194114780053496,0.4809810180055587,0.37458959221839905,0.10732171684503555,0.027135180309414864,0.00686084758490324,0.001530862064100802,0.0003415815008338541,0.00030144458287395537,9.193540608976036e-05,8.466910915634368e-07,1.4713285458849964e-07,1.8892232325637632e-07
heico__2115517,2,heico,3,3,0.7006612427342749,0.4731898403847405,2,0.9999625685450155,False,0.00011102355347247794,0.0011936158407479525,0.22746288776397705,0.7006350159645081,0.05751162767410278,0.011324710212647915,0.0015326329739764333,8.646523201605305e-05,8.646523201605305e-05,1.8124097550753504e-05,0.0,0.0,0.0
heico__2115523,2,heico,1,1,0.48390755861724394,0.10703722515171317,2,0.9999628349397598,True,0.0008243698976002634,0.4838895741636772,0.37685632705688477,0.09528419375419617,0.030934249982237816,0.008862811140716076,0.0022408696822822094,0.0005000055534765124,0.00044125338899903,0.00012642120418604463,2.0433856593185746e-06,3.133633466947678e-07,4.023664976524581e-07
heico__2115526,2,heico,5,5,0.36121973892021203,0.07990152345958566,7,0.9999532885958615,False,3.261248275521211e-05,0.00029067188734188676,0.0035411084536463022,0.07112506031990051,0.28130507469177246,0.3612028658390045,0.24825087189674377,0.026165449991822243,0.007496526464819908,0.0005430465680547059,0.0,0.0,0.0
heico__2115527,2,heico,3,3,0.31583425632050394,0.0,4,0.9999544165475527,False,7.281538273673505e-05,0.007427371107041836,0.11618364602327347,0.3158198595046997,0.3158198595046997,0.16904619336128235,0.062188614159822464,0.0084163136780262,0.004504927899688482,0.0004748159262817353,0.0,0.0,0.0
heico__2115528,2,heico,3,3,0.5218534125926627,0.1631891273313285,2,0.9999765371103422,False,0.00015448834164999425,0.010830467566847801,0.3586558699607849,0.5218411684036255,0.08002693951129913,0.02292810194194317,0.004514811094850302,0.00047585758147761226,0.00047585758147761226,7.297512638615444e-05,0.0,0.0,0.0
heico__2115529,2,heico,3,3,0.3948683627860185,0.1553686021713261,3,0.9999577625931124,False,0.00010315837425878271,0.008194885216653347,0.21134887635707855,0.3948516845703125,0.23948964476585388,0.0998341366648674,0.036726925522089005,0.005632256623357534,0.003416136372834444,0.0003600581258069724,0.0,0.0,0.0
heico__2115531,2,heico,3,3,0.6340618796830109,0.4282121292964446,2,0.9999767702938698,False,6.90532979206182e-05,0.003327174112200737,0.2058449685573578,0.6340471506118774,0.1248512789607048,0.024584675207734108,0.006215979810804129,0.0005781761719845235,0.00039737424231134355,6.093932097428478e-05,0.0,0.0,0.0
heico__2115532,2,heico,3,3,0.38423709881953116,0.08499293916532716,2,0.9999660583998775,False,0.00012889281788375229,0.01912938989698887,0.299234002828598,0.3842240571975708,0.1814946085214615,0.07565820217132568,0.031539030373096466,0.004836667329072952,0.003324189456179738,0.00039701780769973993,0.0,0.0,0.0
heico__2115533,2,heico,3,3,0.5344339413448722,0.33782665793498784,2,0.999966466522892,False,9.595984738552943e-05,0.0019274051301181316,0.19660069048404694,0.5344160199165344,0.19660069048404694,0.056327033787965775,0.012568260543048382,0.0008034619386307895,0.0005522107821889222,7.473360892618075e-05,0.0,0.0,0.0
heico__2115534,2,heico,3,3,0.2680749621712821,0.031499645685628616,3,0.9999567443446722,False,9.572491399012506e-05,0.0465824231505394,0.16258864104747772,0.26806336641311646,0.23656508326530457,0.16258864104747772,0.07680144160985947,0.024933775886893272,0.019418444484472275,0.0023192025255411863,0.0,0.0,0.0
heico__2115535,2,heico,3,3,0.35302014104273666,0.07808777598600525,3,0.9999549768108409,False,0.00011841973173432052,0.012079141102731228,0.16674740612506866,0.35300424695014954,0.2749199867248535,0.12986302375793457,0.04777393117547035,0.008301864378154278,0.006465498358011246,0.0006814585067331791,0.0,0.0,0.0
heico__2115536,2,heico,3,3,0.4222798943652465,0.1661541827399963,3,0.9999657006119378,False,0.00016051530838012695,0.007734060753136873,0.17602640390396118,0.4222654104232788,0.25611692667007446,0.09422014653682709,0.03466165438294411,0.004690945148468018,0.003653311636298895,0.00043632584856823087,0.0,0.0,0.0
heico__2115537,2,heico,3,3,0.37989744288411476,0.14947799057665234,2,0.9999592135936837,False,0.00011246205394854769,0.035334523767232895,0.23041005432605743,0.37988194823265076,0.23041005432605743,0.09604919701814651,0.02143147401511669,0.0037242318503558636,0.002258860506117344,0.00034640749800018966,0.0,0.0,0.0
heico__2115539,2,heico,3,3,0.4324988154316269,0.1352470126820783,2,0.9999676761071896,False,0.0007367897778749466,0.011525330133736134,0.2972421944141388,0.43248483538627625,0.20429137349128723,0.045583564788103104,0.006990466266870499,0.0006502146134153008,0.0003943751216866076,6.853211380075663e-05,0.0,0.0,0.0
heico__2115540,2,heico,3,3,0.45369657624015286,0.21085027631962552,2,0.9999567829509033,False,0.0011245528003200889,0.0225872453302145,0.24283580482006073,0.4536769688129425,0.18912069499492645,0.06957361847162247,0.017590966075658798,0.0021009412594139576,0.0011245528003200889,0.0002214375854237005,0.0,0.0,0.0
heico__2115542,1,heico,2,2,0.47405425771141974,0.22031127513949686,3,0.9999652751721442,False,0.006761786062270403,0.1358141005039215,0.4740377962589264,0.25373417139053345,0.0933435708284378,0.026743384078145027,0.006761786062270403,0.0013314747484400868,0.00117502233479172,0.000262182904407382,0.0,0.0,0.0
heico__2115543,1,heico,2,2,0.6482388266667007,0.40976506961882403,2,0.9999683867354179,False,0.011872532777488232,0.23846621811389923,0.6482183337211609,0.07741864025592804,0.019574496895074844,0.003401537425816059,0.0006698024226352572,0.000131891923956573,0.00016935257008299232,4.558062937576324e-05,0.0,0.0,0.0
heico__2115546,1,heico,2,2,0.28662468465523355,1.6859000675079278e-05,2,0.999957214497896,True,0.2529345750808716,0.2865955629948309,0.2866124212741852,0.10543882846832275,0.043953441083431244,0.01616956666111946,0.005249490030109882,0.0013272789074108005,0.0013272789074108005,0.00033558864379301667,1.0133252639981695e-05,1.2882985215256873e-06,1.7608952488592134e-06
heico__2156441,3,heico,2,2,0.6295271364120563,0.4251496087167041,3,0.9999755962453492,False,0.00018636364256963134,0.20437254011631012,0.6295117735862732,0.12395820766687393,0.035514626652002335,0.005446343682706356,0.0007370824459940195,9.975326247513294e-05,0.00012032539962092414,2.8579790523508564e-05,0.0,0.0,0.0
heico__2156446,4,heico,5,5,0.45269421571185575,0.10013561871976406,2,0.9999336876426241,False,3.606799145927653e-05,0.0007711677462793887,0.007316634990274906,0.0786612331867218,0.352535218000412,0.45266419649124146,0.10100303590297699,0.00569820124655962,0.0011220424203202128,0.00012588966637849808,0.0,0.0,0.0
heico__2156447,2,heico,1,1,0.7568508540743377,0.6078177514310793,2,0.9999791813240573,True,0.00021048259804956615,0.7568350974416698,0.14902999997138977,0.054825082421302795,0.02285449393093586,0.010795697569847107,0.0035048502031713724,0.0008861648384481668,0.0007820377359166741,0.0002538904664106667,9.747226429202699e-07,1.9193427093914845e-07,2.174900016709675e-07
heico__2156491,2,heico,1,1,0.9674849580241269,0.9382694411559843,2,0.999989978582078,True,4.9771635531215e-05,0.9674752624530294,0.029215224087238312,0.002116343704983592,0.0008822233066894114,0.00016319489805027843,5.298162795952521e-05,1.3395853784459177e-05,1.517949112894712e-05,6.327752544166287e-06,5.142879776264497e-08,1.0126930315995785e-08,1.2215410660454206e-08
heico__2156498,3,heico,4,4,0.3305348759203396,0.03883888470211712,2,0.9999679902102798,False,6.317668885458261e-05,0.03483700379729271,0.1561286300420761,0.29168665409088135,0.3305242955684662,0.1561286300420761,0.027131086215376854,0.002523584058508277,0.0008192878449335694,0.00012564186181407422,0.0,0.0,0.0
heico__2156505,3,heico,4,4,0.291645932037342,0.06451186148096945,3,0.9999626411081408,False,6.316550570772961e-05,0.027126282453536987,0.09468002617359161,0.20043763518333435,0.29163503646850586,0.22712558507919312,0.10728654265403748,0.03073810413479805,0.01864360272884369,0.0022266607265919447,0.0,0.0,0.0
heico__2156530,4,heico,3,3,0.40499719176639515,0.1266469698398345,3,0.9999663171583961,False,4.410626206663437e-05,0.062106240540742874,0.2783408463001251,0.4049835503101349,0.19130069017410278,0.05480856075882912,0.007417532615363598,0.0006088681402616203,0.0002876089420169592,6.831311475252733e-05,0.0,0.0,0.0
heico__2156533,3,heico,1,1,0.6994000170381417,0.4421050275571076,3,0.999982483296756,True,0.00015148108650464565,0.6993877658555944,0.25729048252105713,0.034820474684238434,0.006856558378785849,0.001191491261124611,0.00019450558465905488,3.380000271135941e-05,4.077058474649675e-05,1.4998659935372416e-05,1.0757764845811508e-07,1.9899863468908803e-08,2.7199886715247686e-08
heico__2156536,2,heico,3,3,0.4620287258838495,0.21472256023950295,2,0.9999630742049703,False,5.7016768550965935e-05,0.012312193401157856,0.2472970336675644,0.4620116651058197,0.2472970336675644,0.029535416513681412,0.0012976957950741053,0.00010006754018831998,4.440470365807414e-05,1.054704171110643e-05,0.0,0.0,0.0
heico__2156537,4,heico,3,3,0.5040857528312876,0.2659724743141393,2,0.9999513361472054,False,0.0001916082837851718,0.005599615164101124,0.21012398600578308,0.504061222076416,0.23810169100761414,0.036514077335596085,0.004941642750054598,0.00021712062880396843,0.0001690937060629949,3.127918898826465e-05,0.0,0.0,0.0
heico__2156541,4,heico,2,2,0.5018855867179577,0.1569449986026409,3,0.9999722222200944,False,0.0001485764660174027,0.013374426402151585,0.501871645450592,0.3449310064315796,0.1268930286169052,0.010416013188660145,0.0020510347094386816,0.00013111825683154166,0.00013111825683154166,2.425444108666852e-05,0.0,0.0,0.0
heico__2156549,2,heico,1,1,0.4065774482258203,0.047770927205085516,2,0.9999621239345088,True,7.3003007855732e-05,0.40656204867176404,0.3587929308414459,0.1495671570301056,0.055022675544023514,0.0229368656873703,0.005117906257510185,0.0010077755432575941,0.0006926333298906684,0.00018641972565092146,1.7168362354178207e-06,4.340842358666404e-07,5.573751630020182e-07
heico__2156557,4,heico,2,2,0.47316991187648627,0.18617783370808214,3,0.9999634292107658,False,0.00014007434947416186,0.03883873298764229,0.47315260767936707,0.28698158264160156,0.17406314611434937,0.02355688065290451,0.0028134682215750217,0.00020380696514621377,0.00017985902377404273,3.327057493152097e-05,0.0,0.0,0.0
heico__2156566,2,heico,1,1,0.918179641004375,0.8428108667538757,2,0.999988963624832,True,1.73768221429782e-05,0.9181695076293853,0.07536794245243073,0.0048181116580963135,0.001075065927579999,0.00034902282641269267,0.00011331112182233483,3.0497272746288218e-05,3.45579392160289e-05,1.3533082892536186e-05,2.1658345411507375e-08,6.205219786389513e-09,9.02854166559306e-09
heico__2156579,3,heico,2,2,0.7777498292166012,0.6584780230428673,2,0.9999817696170794,False,5.137449988978915e-05,0.06384043395519257,0.7777356505393982,0.11926963180303574,0.034171320497989655,0.0040811821818351746,0.0006258695502765477,7.474946323782206e-05,0.00010875982843572274,2.279729778820183e-05,0.0,0.0,0.0
heico__2156650,3,heico,4,4,0.47868843018561047,0.1496909918968646,3,0.9999549636086158,False,1.5899060599622317e-05,0.0006350858020596206,0.014454486779868603,0.1554003804922104,0.47866687178611755,0.3289826214313507,0.021031154319643974,0.0006350858020596206,0.00011747907410608605,1.5899060599622317e-05,0.0,0.0,0.0
heico__2156684,2,heico,2,2,0.3983844911717545,0.0,1,0.9999592806270812,False,3.596809256123379e-05,0.06109175458550453,0.3983682692050934,0.3983682692050934,0.12933124601840973,0.012029679492115974,0.0006375496741384268,5.5708471336402e-05,3.17417252517771e-05,9.094157576328143e-06,0.0,0.0,0.0
heico__2156732,2,heico,1,1,0.8440411000383758,0.6973687337775691,2,0.9999858905079138,True,4.3420975998742506e-05,0.8440291910471543,0.14667029678821564,0.006444243248552084,0.0018463068408891559,0.0005994080565869808,0.00019459929899312556,5.5753633205313236e-05,7.620618271175772e-05,2.6336152586736716e-05,7.874343806684319e-08,1.8703206547269163e-08,3.0836375211285496e-08
heico__2156739,2,heico,1,1,0.9778099405636843,0.9575161419408769,2,0.9999928248285065,True,3.917596404789947e-05,0.9778029246096727,0.02029365301132202,0.0012973299017176032,0.00037169124698266387,0.00010649132309481502,4.4392189010977745e-05,1.3538851817429531e-05,1.6330972357536666e-05,7.246825589390937e-06,2.9616040600552558e-08,7.971049085993622e-09,1.2345803778792476e-08
heico__2156741,2,heico,1,1,0.9304598182065204,0.8630575329215374,2,0.9999910913357257,True,3.289844244136475e-05,0.9304515290523793,0.06740168482065201,0.0015851358184590936,0.000353691604686901,0.00010133434261661023,3.502020990708843e-05,1.0680560080800205e-05,1.3714110536966473e-05,5.370522558223456e-06,1.9369089419560166e-08,4.897273460022408e-09,7.58504448655764e-09
heico__2156749,2,heico,1,1,0.6337763920557103,0.36957901437850316,2,0.9999783481104402,True,3.260384255554527e-05,0.633762669599264,0.2641916573047638,0.06679811328649521,0.02457365207374096,0.007977897301316261,0.001780109480023384,0.0003971960686612874,0.000350524322129786,0.00011379858187865466,8.081665103635178e-08,1.9195635986929023e-08,2.623732427832331e-08
heico__2156773,3,heico,2,2,0.5131917001996044,0.27077709002752476,3,0.9999801387821208,False,9.214697638526559e-05,0.24240979552268982,0.5131815075874329,0.1666056513786316,0.06129079684615135,0.013675824739038944,0.0020972557831555605,0.00028383269091136754,0.00028383269091136754,5.9494566812645644e-05,0.0,0.0,0.0
heico__2156777,3,heico,2,2,0.7278979520412681,0.46011923917467884,3,0.9999812344042311,False,1.1420356713642832e-05,0.26777368783950806,0.7278842926025391,0.003819586243480444,0.000402581412345171,5.7997349358629435e-05,1.768819311109837e-05,4.760712272400269e-06,6.5071226345025934e-06,2.712572268137592e-06,0.0,0.0,0.0
heico__2156780,3,heico,2,2,0.7245731441625534,0.5169794581849826,3,0.9999632168774042,False,5.094778316561133e-05,0.20758605003356934,0.724546492099762,0.0594743974506855,0.007103204261511564,0.0009613140719011426,0.00015693021123297513,3.727419607457705e-05,3.289436062914319e-05,1.3712408872379456e-05,0.0,0.0,0.0
heico__2156785,3,heico,5,5,0.44785317825116183,0.052624155125368215,3,0.9999390438788396,False,3.148967880406417e-05,0.0003836227988358587,0.0063878926448524,0.07782046496868134,0.39520493149757385,0.4478258788585663,0.06867632269859314,0.003017426934093237,0.0005243501509539783,6.666364788543433e-05,0.0,0.0,0.0
heico__2156819,3,heico,5,5,0.4080380837045121,0.04794575468480619,4,0.999950543493469,False,2.8690508770523593e-05,0.0010113753378391266,0.01232107263058424,0.09104110300540924,0.360074520111084,0.4080179035663605,0.11689908802509308,0.008468140847980976,0.0018894978566095233,0.00019915160373784602,0.0,0.0,0.0
heico__2156880,5,heico,6,6,0.4271741534780668,0.09449059791042394,2,0.9999462740843228,False,1.1762228496081661e-05,0.0001958586653927341,0.0010588020086288452,0.010045633651316166,0.0841110497713089,0.33266568183898926,0.4271512031555176,0.12238087505102158,0.021266605705022812,0.0010588020086288452,0.0,0.0,0.0
heico__2156983,2,heico,1,1,0.6186348992857745,0.24341385176926156,2,0.9999847403622485,True,2.6123634597752243e-06,0.618625459141311,0.3752153217792511,0.006064791232347488,6.737374496879056e-05,5.887051884201355e-06,1.6866686110006412e-06,4.264566086931154e-07,6.814757398387883e-07,4.985782311450748e-07,7.733756414202456e-10,4.139581811340876e-10,6.825016606651417e-10
heico__2157015,2,heico,1,1,0.9703821415124254,0.9410791396869352,2,0.9999953397712943,True,5.2616283028328326e-06,0.970377619309714,0.029302865266799927,0.0002872752083931118,1.72522177308565e-05,2.8163469778519357e-06,1.1740280569938477e-06,3.1598537475474586e-07,4.5975596663083707e-07,2.968407670778106e-07,1.4633007486208818e-09,6.493357951256886e-10,1.0705736840117848e-09
heico__2157075,2,heico,1,1,0.866128169827985,0.7333031001292696,2,0.9999925353213063,True,4.411790996527998e-06,0.8661217044594897,0.13282407820224762,0.001014124252833426,2.384991785220336e-05,2.675886435099528e-06,8.687331387591257e-07,2.2662257492811477e-07,3.5099995443488297e-07,2.412384958461189e-07,1.3903202763033094e-09,7.441848887660644e-10,1.0827826176310808e-09
heico__2157134,2,heico,1,1,0.6745901747247973,0.35593633195241087,2,0.9999880568766842,True,4.6966461013653316e-06,0.674582118011153,0.3186500370502472,0.00661337049677968,0.00012112809781683609,1.1266668479947839e-05,3.032382664969191e-06,7.202540359685372e-07,1.047963451128453e-06,6.35621972833178e-07,1.4800886633739554e-09,8.97719078709887e-10,1.3061736005226865e-09
heico__2157201,2,heico,1,1,0.6782725017534219,0.3578792506235643,2,0.9999876696995004,True,7.785725756548345e-06,0.6782641384496546,0.3203893005847931,0.0013093578163534403,1.4545651538355742e-05,1.4402145325220772e-06,5.298253427099553e-07,1.3821318134432659e-07,2.425717013920803e-07,1.889150382794469e-07,7.48297957540644e-10,4.0053503136868606e-10,5.827750472039587e-10
heico__2157240,2,heico,1,1,0.9838377325093397,0.9679354761892159,2,0.9999956833241307,True,8.262373739853501e-06,0.9838334856007405,0.015902187675237656,0.00022683250426780432,1.861954660853371e-05,3.444270078034606e-06,1.435785293324443e-06,4.113593661259074e-07,6.371258791659784e-07,3.6302336070548336e-07,1.9049692739276324e-09,8.45324962499985e-10,1.309264773763532e-09
heico__2157270,2,heico,1,1,0.9038530062526894,0.8085876052278476,2,0.9999930642544181,True,2.623253067213227e-06,0.9038467373581947,0.0952647402882576,0.0008242015610449016,4.368108420749195e-05,6.698710876662517e-06,2.315012579856557e-06,6.632621989410836e-07,8.516455523022159e-07,5.498636710399296e-07,9.367577694029027e-10,5.014102551725571e-10,7.765994592688696e-10
heico__2157272,2,heico,1,1,0.8918935426884091,0.785372043547532,2,0.9999924041908472,True,1.2349239113973454e-05,0.8918867680352743,0.10652069002389908,0.001519436133094132,4.588299270835705e-05,4.543031536741182e-06,1.3855463976142346e-06,3.72914712443162e-07,5.77581602101418e-07,3.9696561771052075e-07,7.198941920421207e-10,4.1018333646798336e-10,5.968132232843157e-10
heico__2157280,2,heico,1,1,0.9623327542100367,0.9250190636947442,2,0.9999939570091234,True,5.554506060434505e-06,0.9623269388419828,0.037313465029001236,0.00032282472238875926,1.938713285198901e-05,3.164862391713541e-06,1.2393778661135002e-06,3.779888970711909e-07,6.231983888937975e-07,3.779888970711909e-07,1.5447523984508946e-09,6.854797955340187e-10,1.1301651172453415e-09
heico__2158784,1,heico,2,2,0.7762789550398738,0.5538713092418164,2,0.9999738398189493,False,5.810438597109169e-05,0.22240182757377625,0.776258647441864,0.0011670576641336083,6.584088259842247e-05,1.217934004671406e-05,4.769497991219396e-06,1.6482944147355738e-06,2.398254082436324e-06,1.3664840707861003e-06,0.0,0.0,0.0
heico__2158794,1,heico,2,2,0.8791653515026971,0.7601832630702726,2,0.9999823048939334,False,2.920121914939955e-05,0.11897998303174973,0.8791497945785522,0.0016971583245322108,0.00010192228364758193,1.468329628551146e-05,4.766968231706414e-06,1.5476081216547755e-06,2.1153293801035034e-06,1.1322542832203908e-06,0.0,0.0,0.0
heico__2158957,1,heico,2,2,0.9349393070114235,0.8751706377533911,2,0.9999768769571347,False,0.0005859378725290298,0.059767287224531174,0.934917688369751,0.004329528193920851,0.0003136299492325634,3.745775393326767e-05,1.2160752703493927e-05,3.7088200315338327e-06,6.928988113941159e-06,2.5490323878329946e-06,0.0,0.0,0.0
heico__2158994,1,heico,2,2,0.9355922051770108,0.894485150678681,2,0.9999902199296002,False,0.00016799347940832376,0.04110665246844292,0.9355830550193787,0.022002805024385452,0.0009667357662692666,0.0001308334612986073,2.2735444872523658e-05,2.890487621698412e-06,4.765608537127264e-06,1.7531693856653874e-06,0.0,0.0,0.0
heico__2159004,3,heico,3,3,0.4373123325618396,0.0,1,0.9999514149494644,False,0.0001294577232329175,0.001787108718417585,0.04067440330982208,0.43729108572006226,0.43729108572006226,0.07598979026079178,0.006237621884793043,0.0003519025631248951,0.00016622700786683708,3.2732041290728375e-05,0.0,0.0,0.0
heico__2159005,3,heico,1,1,0.6088153191332212,0.2829397001139584,3,0.9999732683768051,True,0.0013317435514181852,0.6087990445115148,0.3258669078350067,0.04997330531477928,0.011150551959872246,0.0021956737618893385,0.00043235381599515676,8.513551438227296e-05,0.00010269303311361,3.548976019374095e-05,2.709668020158176e-07,4.155410735019838e-08,5.6797730441470664e-08
heico__2159006,3,heico,1,1,0.49571775597272383,0.23037879683403026,3,0.9999650622311049,True,0.000844486290588975,0.4957004367003285,0.2653296887874603,0.1823582649230957,0.04610738158226013,0.008012262172996998,0.0012287202989682555,0.0001662891882006079,0.0001662891882006079,5.071533814771101e-05,3.8721488531168777e-07,5.938132536062442e-08,8.116464649241333e-08
heico__2159007,4,heico,3,3,0.833896682299729,0.7060144813573365,2,0.9999521988270317,False,0.0001696634863037616,0.00040700158569961786,0.02853301167488098,0.8338568210601807,0.12787608802318573,0.008174845017492771,0.0008616222767159343,3.7857043935218826e-05,2.9483093385351822e-05,5.805565251648659e-06,0.0,0.0,0.0
heico__2159011,4,heico,3,3,0.6649024386725988,0.3877298566381707,2,0.9999551032697127,False,0.00017370365094393492,0.0004721755103673786,0.025779908522963524,0.6648725867271423,0.2771601378917694,0.02921246364712715,0.002116143936291337,9.297687211073935e-05,6.390200724126771e-05,1.1104503755632322e-05,0.0,0.0,0.0
heico__2159019,2,heico,4,4,0.3955458018422185,0.08749444202356367,3,0.9999617466273776,False,7.102156087057665e-05,0.005641941446810961,0.2117123156785965,0.3080395758152008,0.39553067088127136,0.06873291730880737,0.00930198933929205,0.0005247823428362608,0.00036067728069610894,4.585497299558483e-05,0.0,0.0,0.0
heico__2159021,4,heico,2,2,0.4548506629239884,0.17896978147355638,3,0.9999689666292397,False,0.0004699815472122282,0.07903873920440674,0.45483654737472534,0.2758723199367523,0.14766381680965424,0.03294825181365013,0.007351748179644346,0.0008780411444604397,0.0007748686475679278,0.00013465197116602212,0.0,0.0,0.0
heico__2159024,4,heico,2,2,0.47328815814853903,0.1480022822911845,3,0.9999686844876123,False,0.00023100247199181467,0.02356289140880108,0.4732733368873596,0.3252756893634796,0.15364935994148254,0.020794179290533066,0.0028141860384494066,0.00015876551333349198,0.00017990490596275777,2.9368666218942963e-05,0.0,0.0,0.0
heico__2159025,3,heico,2,2,0.7108413626164253,0.5522312177927547,2,0.9999715676603955,False,0.0005720212357118726,0.058347754180431366,0.7108211517333984,0.1586056351661682,0.06611666083335876,0.004789475351572037,0.0005720212357118726,5.320626951288432e-05,7.741466106381267e-05,1.6226993466261774e-05,0.0,0.0,0.0
heico__2159026,4,heico,2,2,0.5735188662773366,0.26653633247275293,3,0.9999695595415687,False,0.00024703145027160645,0.0173182412981987,0.5735014081001282,0.3069731891155243,0.08794929087162018,0.011902641505002975,0.0018253293819725513,0.00011668939987430349,0.00011668939987430349,1.9049019101657905e-05,0.0,0.0,0.0
heico__2159027,4,heico,3,3,0.5200090617140284,0.2416682750129209,3,0.9999615613669448,False,0.00011988860205747187,0.012228970415890217,0.27833008766174316,0.5199890732765198,0.14897936582565308,0.03324178606271744,0.006545696407556534,0.0002875978243537247,0.0001976628991542384,4.143239129916765e-05,0.0,0.0,0.0
heico__2159046,2,heico,0,2,0.9654810196700899,0.9498754732230541,2,0.9999958877292556,False,0.9654770493507385,0.00835301261395216,0.015605482272803783,0.0073715075850486755,0.0023931784089654684,0.0006050901720300317,0.00011914932838408276,3.012566958204843e-05,3.4136854083044454e-05,7.15547366780811e-06,0.0,0.0,0.0
heico__2159124,1,heico,0,2,0.9775445882931448,0.9679610777517575,3,0.9999931887696221,False,0.9775379300117493,0.005812652874737978,0.009583445265889168,0.004526899196207523,0.001665353192947805,0.0006126490770839155,0.00015490195073653013,3.916534478776157e-05,5.028930536354892e-05,9.902550118567888e-06,0.0,0.0,0.0
heico__2159143,2,heico,0,2,0.9607094092212192,0.9407705231432205,2,0.9999943993316265,False,0.9607040286064148,0.008311718702316284,0.019938774406909943,0.007335065398365259,0.0026984200812876225,0.0007731102523393929,0.00015223442460410297,3.396809188416228e-05,3.8490888982778415e-05,8.588478522142395e-06,0.0,0.0,0.0
heico__2159151,2,heico,0,3,0.41637306511748406,0.13020429311808054,3,0.9999555727627012,False,0.41635456681251526,0.018293343484401703,0.15316830575466156,0.2861560583114624,0.09290126711130142,0.02661665715277195,0.005241130944341421,0.0007093099993653595,0.0004302182060200721,8.4714985860046e-05,0.0,0.0,0.0
heico__2159152,2,heico,0,3,0.6639528186448767,0.5158049169597534,3,0.9999762235784146,False,0.6639370322227478,0.013779573142528534,0.08985410630702972,0.14814437925815582,0.06175576150417328,0.017693322151899338,0.003947913646697998,0.0005342920776456594,0.0002859859087038785,4.385735883261077e-05,0.0,0.0,0.0
heico__2159153,2,heico,0,3,0.34098138818433166,0.0,3,0.99996654239294,False,0.340969979763031,0.021797480061650276,0.23434501886367798,0.340969979763031,0.0522894412279129,0.008018845692276955,0.0012297297362238169,0.00016642583068460226,0.00014687026850879192,3.277118594269268e-05,0.0,0.0,0.0
heico__2159154,2,heico,0,3,0.4662467263843817,0.24600735432753607,3,0.999964136244671,False,0.46623000502586365,0.02980508655309677,0.15136271715164185,0.22023147344589233,0.10402997583150864,0.02321222424507141,0.004033680073916912,0.0006185848615132272,0.00037519069155678153,6.519836460938677e-05,0.0,0.0,0.0
heico__2159245,1,heico,2,2,0.5690870158323679,0.3002693263445484,5,0.9999698579194956,False,0.0321047268807888,0.022065231576561928,0.5690698623657227,0.26880958676338196,0.08726969361305237,0.01718442142009735,0.0026353164575994015,0.00035665123141370714,0.0004041388165205717,7.022879435680807e-05,0.0,0.0,0.0
heico__2159265,1,heico,2,2,0.5841139050422032,0.2714602396546417,2,0.9999667183692509,False,0.00025159434881061316,0.31264325976371765,0.5840944647789001,0.07904859632253647,0.01998661458492279,0.0030650466214865446,0.000603543478064239,0.00010488012776477262,0.00013466874952428043,3.404959352337755e-05,0.0,0.0,0.0
heico__2159352,3,heico,2,2,0.46443631721330797,0.14523421725821678,2,0.9999514354931307,False,0.00022667815210297704,0.0051591708324849606,0.46441376209259033,0.31918659806251526,0.1708482950925827,0.03364202007651329,0.0051591708324849606,0.0006161750643514097,0.0006161750643514097,8.339022315340117e-05,0.0,0.0,0.0
heico__2159358,3,heico,2,2,0.6459659501827757,0.376687268938522,2,0.9999677716696169,False,0.0001314294058829546,0.0018143270863220096,0.645945131778717,0.26927000284194946,0.07714714854955673,0.004931851755827665,0.0005890257307328284,4.8350178985856473e-05,7.971595914568752e-05,1.078838249668479e-05,0.0,0.0,0.0
heico__2159373,4,heico,3,3,0.8325522141971254,0.7048761815778896,2,0.9999663278958906,False,8.00152774900198e-05,0.00046045612543821335,0.019579093903303146,0.8325241804122925,0.1276717334985733,0.017278488725423813,0.002063621301203966,0.00016939234046731144,0.00011642155004665256,2.2924761651665904e-05,0.0,0.0,0.0
heico__2159377,4,heico,3,3,0.6868775071744206,0.5336144195446498,2,0.9999551103574049,False,0.00013975157344248146,0.0008042147383093834,0.1352481245994568,0.6868466734886169,0.15325620770454407,0.020740972831845284,0.0024771559983491898,0.00020333734573796391,0.00020333734573796391,3.533473136485554e-05,0.0,0.0,0.0
heico__2159399,3,heico,4,4,0.4827296455113117,0.18993930965379566,2,0.9999586321573588,False,6.341311382129788e-05,0.0022353895474225283,0.1382986456155777,0.29277822375297546,0.482709676027298,0.07402592897415161,0.00884113647043705,0.0005651949322782457,0.0003884524048771709,5.2571318519767374e-05,0.0,0.0,0.0
heico__2159404,5,heico,4,4,0.5129085488628919,0.27062770860131613,2,0.9999347471311921,False,7.172128971433267e-05,0.0006005149334669113,0.019886324182152748,0.18867620825767517,0.5128750801086426,0.2422650307416916,0.03278700262308121,0.0020960031542927027,0.0006005149334669113,7.634690700797364e-05,0.0,0.0,0.0
heico__2159409,5,heico,4,4,0.47330970494306623,0.14800902640977376,4,0.999954330312903,False,7.04539634170942e-05,0.0021917587146162987,0.10560484975576401,0.32528582215309143,0.47328808903694153,0.0822451263666153,0.009822780266404152,0.000806302996352315,0.0005541633581742644,8.498370152665302e-05,0.0,0.0,0.0
heico__2159417,3,heico,4,4,0.5185543499237485,0.20403522321710021,2,0.9999555929971393,False,0.0004728393687400967,0.0014564478769898415,0.05465279892086983,0.3145051598548889,0.518531322479248,0.10210486501455307,0.0073964521288871765,0.0005357972113415599,0.0002530927013140172,4.681744030676782e-05,0.0,0.0,0.0
heico__2159419,3,heico,4,4,0.4058798188655266,0.08978028392014684,2,0.9999547118532064,False,0.0012917680433019996,0.007433611899614334,0.10261784493923187,0.31608521938323975,0.40586143732070923,0.14930810034275055,0.015736956149339676,0.0011399813229218125,0.00041937566129490733,6.0416790802264586e-05,0.0,0.0,0.0
heico__2159421,3,heico,4,4,0.46601713474827544,0.18336344540439897,3,0.9999349451536546,False,0.0007005828083492815,0.0011550658382475376,0.02320011705160141,0.17142698168754578,0.46598681807518005,0.28263530135154724,0.0491146482527256,0.004031575750559568,0.0014831339940428734,0.00020072034385520965,0.0,0.0,0.0
heico__2159422,5,heico,4,4,0.4715914210834751,0.10431565435386568,3,0.9999604226977681,False,0.00132455094717443,0.001700756954960525,0.056321337819099426,0.36726123094558716,0.47157275676727295,0.09285818040370941,0.007622263859957457,0.0008033807971514761,0.0004300186992622912,6.594550359295681e-05,0.0,0.0,0.0
heico__2159423,5,heico,4,4,0.4901379568937338,0.15327140236459558,3,0.9999486969609279,False,0.0005738630425184965,0.0015599216567352414,0.0313318632543087,0.33684927225112915,0.4901128113269806,0.12391991913318634,0.01306106336414814,0.0015599216567352414,0.00083496596198529,0.0001450953132007271,0.0,0.0,0.0
heico__2159435,2,heico,4,4,0.44172138144853,0.1738038232209588,4,0.999947775475448,False,0.0020454691257327795,0.004330257885158062,0.06773663312196732,0.26790356636047363,0.4416983127593994,0.18412724137306213,0.02823682688176632,0.0026264339685440063,0.0010948607232421637,0.00014817327610217035,0.0,0.0,0.0
heico__2226866,7,heico,5,5,0.3479306555825415,0.0769619955745067,5,0.9999662923837604,False,1.5795496437931433e-05,0.0007610695902258158,0.015286491252481937,0.09968044608831406,0.2709595263004303,0.34791892766952515,0.2110235095024109,0.041552990674972534,0.011905130930244923,0.0008624048787169158,0.0,0.0,0.0
heico__2226875,6,heico,5,5,0.34039518152077913,0.03999747962468591,2,0.9999689214928367,False,1.2811349733965471e-05,0.0007445883238688111,0.008005078881978989,0.05914997309446335,0.16078631579875946,0.3403846025466919,0.300388365983963,0.0860627070069313,0.04065314680337906,0.003781331703066826,0.0,0.0,0.0
heico__2226878,10,heico,6,6,0.33012032168831107,0.10323215433398329,11,0.9999620938961016,False,1.0300316716893576e-05,0.0007221079431474209,0.0032362632919102907,0.023912930861115456,0.08346432447433472,0.2002205103635788,0.33010780811309814,0.2268795669078827,0.12143988907337189,0.009968392550945282,0.0,0.0,0.0
heico__2226881,8,heico,6,6,0.29344162122422307,0.03448030286394947,3,0.999949023793306,False,2.64930677076336e-05,0.0022403402253985405,0.004742800258100033,0.02125575765967369,0.057779133319854736,0.13860495388507843,0.29342666268348694,0.25894811749458313,0.20166900753974915,0.02125575765967369,0.0,0.0,0.0
heico__2226885,5,heico,2,2,0.2605657116339834,0.0,5,0.9999659787281416,False,0.00014410991570912302,0.22994060814380646,0.2605568468570709,0.2605568468570709,0.15803572535514832,0.06587909162044525,0.018874675035476685,0.003279926721006632,0.0022542583756148815,0.0004438898467924446,0.0,0.0,0.0
heico__2226887,1,heico,2,2,0.42482461975414326,0.13284721137920866,2,0.9999697774073866,False,6.731623579980806e-05,0.29196858406066895,0.42481178045272827,0.2006668895483017,0.06514699757099152,0.014536259695887566,0.0022292076610028744,0.00030169045203365386,0.0001947860000655055,4.626572990673594e-05,0.0,0.0,0.0
heico__2226897,7,heico,3,3,0.4346645180120677,0.20200534921324706,6,0.9999732592004875,False,5.709994366043247e-05,0.0029286681674420834,0.0404290147125721,0.4346528947353363,0.232652947306633,0.205315500497818,0.07553134113550186,0.005471472628414631,0.002584540518000722,0.0003497795551083982,0.0,0.0,0.0
heico__2226902,11,heico,8,8,0.44109789610660516,0.17355848172676316,12,0.9999578833103442,False,8.886026989785023e-06,0.0014038588851690292,0.0005852153990417719,0.002622753381729126,0.009154308587312698,0.0410267673432827,0.18386921286582947,0.26752814650535583,0.441079318523407,0.05267941579222679,0.0,0.0,0.0
heico__2226930,6,heico,2,2,0.3438775594621163,0.0,6,0.9999655777355656,False,7.447820098605007e-05,0.02822621911764145,0.3438657224178314,0.3438657224178314,0.2085651159286499,0.05975490063428879,0.013333121314644814,0.0014053006889298558,0.0007522032246924937,0.00012279379006940871,0.0,0.0,0.0
heico__2226933,7,heico,6,6,0.3714414585974665,0.1726231616811096,3,0.9999443844753841,False,4.305984839447774e-05,0.0019490375416353345,0.0060034580528736115,0.03914746269583702,0.10641384869813919,0.1988072395324707,0.37142080068588257,0.1754467785358429,0.09390988945960999,0.006802809424698353,0.0,0.0,0.0
heico__2226941,7,heico,6,6,0.35285589177830384,0.13883796593907866,3,0.9999647778095095,False,9.127390512730926e-06,0.0008746115490794182,0.003919737413525581,0.028963156044483185,0.10109134763479233,0.21401038765907288,0.3528434634208679,0.18886351585388184,0.10109134763479233,0.008298083208501339,0.0,0.0,0.0
heico__2226943,6,heico,3,3,0.39385779814298766,0.15497096062907226,6,0.9999649881319783,False,3.138123793178238e-05,0.0251776035875082,0.23887847363948822,0.39384400844573975,0.23887847363948822,0.08787848055362701,0.013476600870490074,0.001253519207239151,0.0004611439071595669,8.530304330633953e-05,0.0,0.0,0.0
heico__2226959,9,heico,5,5,0.3715335539516891,0.08218292349021704,8,0.9999574565717921,False,1.584496749273967e-05,0.0003838884294964373,0.0032142584677785635,0.05697409436106682,0.19885914027690887,0.37151774764060974,0.2893383204936981,0.05697409436106682,0.020959598943591118,0.0017204686300829053,0.0,0.0,0.0
heico__2226968,11,heico,8,8,0.4001768247777037,0.12513957443876955,12,0.9999518119493587,False,1.414857069903519e-05,0.004445348866283894,0.0008753410656936467,0.0034620410297065973,0.012083710171282291,0.04779200255870819,0.16681046783924103,0.2750239968299866,0.40015754103660583,0.08928721398115158,0.0,0.0,0.0
heico__2226969,2,heico,1,1,0.6386469611366977,0.3724186816157365,2,0.9999758537653687,True,0.00040024836198426783,0.6386315402173275,0.2662218511104584,0.05940212681889534,0.021852821111679077,0.009109610691666603,0.002957457909360528,0.0006598980398848653,0.0005823579849675298,0.00015673953748773783,7.726550041134534e-07,2.0795726904918155e-07,2.2136938374458147e-07
heico__2226970,5,heico,4,4,0.3911872288937584,0.08653032479367714,3,0.99996318232661,False,5.470224641612731e-05,0.0010987239656969905,0.01947534643113613,0.30464568734169006,0.3911728262901306,0.20937973260879517,0.06797564029693604,0.004345537628978491,0.001598633942194283,0.00021635157463606447,0.0,0.0,0.0
heico__2226972,5,heico,3,3,0.3250920007225964,0.07191009521716445,4,0.999967507977999,False,5.483512723003514e-05,0.08219345659017563,0.17400355637073517,0.3250814378261566,0.25317367911338806,0.13551409542560577,0.026684308424592018,0.002190381521359086,0.000913086871150881,0.00015867070760577917,0.0,0.0,0.0
heico__2226982,8,heico,6,6,0.42619461719331275,0.13327563227037548,4,0.9999639667485098,False,8.065658221312333e-06,0.00030266158864833415,0.0006407345645129681,0.003687172895297408,0.024043388664722443,0.1383601427078247,0.42617926001548767,0.2929084300994873,0.10775499045848846,0.006079120095819235,0.0,0.0,0.0
heico__2226989,3,heico,1,1,0.6429321036186568,0.3749177813776879,3,0.999981279953169,True,0.0018058327259495854,0.6429200678995679,0.2680093050003052,0.05980096012353897,0.01941453106701374,0.00556235620751977,0.0015936417039483786,0.0003555895236786455,0.0004029356932733208,0.00011544301378307864,3.9112373653324713e-07,9.889157082028591e-08,1.2697928309958157e-07
heico__2227002,7,heico,3,3,0.3315168165771757,0.03895426668257134,6,0.9999638184272044,False,4.35494766861666e-05,0.0015351719921454787,0.03494035080075264,0.33150482177734375,0.2925519645214081,0.22783970832824707,0.0949777215719223,0.011343470774590969,0.004728661850094795,0.0004983973340131342,0.0,0.0,0.0
heico__2227006,8,heico,4,4,0.2761042519813887,0.03244311040315406,7,0.9999654220646335,False,2.653591764101293e-05,0.013745945878326893,0.06980767101049423,0.24365271627902985,0.2760947048664093,0.21502277255058289,0.11509339511394501,0.03736535459756851,0.02568080648779869,0.003475519362837076,0.0,0.0,0.0
heico__2227032,1,heico,4,4,0.4652235492635243,0.2162073126912117,6,0.9999511253481614,False,5.066445010015741e-05,0.0040247756987810135,0.029739292338490486,0.21974530816078186,0.465200811624527,0.249004065990448,0.029739292338490486,0.0019011694239452481,0.0004806908837053925,6.505443889182061e-05,0.0,0.0,0.0
heico__2227045,7,heico,8,8,0.3093081500603576,0.06841870928492176,2,0.9999610461973134,False,1.494765547249699e-05,0.011992711573839188,0.0038934636395424604,0.015398946590721607,0.04185867682099342,0.1004137471318245,0.18759757280349731,0.2408800572156906,0.3092961013317108,0.088614821434021,0.0,0.0,0.0
heico__2227047,5,heico,3,3,0.4443282757930734,0.13894619553896068,3,0.9999773350573378,False,6.21341896476224e-05,0.0033924111630767584,0.09914080053567886,0.4443182051181793,0.3053751587867737,0.11234124004840851,0.03218630328774452,0.002057601697742939,0.0009719421504996717,0.00013153807958588004,0.0,0.0,0.0
heico__2227050,11,heico,8,8,0.3905566657378529,0.08639082643506267,12,0.9999571853013549,False,1.0102526175614912e-05,0.0029818089678883553,0.0007539194193668664,0.0033788324799388647,0.011793284676969051,0.046643342822790146,0.16280126571655273,0.30415281653404236,0.3905399441719055,0.0769018679857254,0.0,0.0,0.0
heico__2227051,2,heico,1,1,0.8964117239777035,0.8130323481219008,2,0.999982540470763,True,9.76255105342716e-05,0.8963960730510003,0.08337792009115219,0.012786418199539185,0.004703860264271498,0.001527120009995997,0.0006365982699207962,0.0001823884667828679,0.00020667319768108428,6.709696754114702e-05,5.122879786599458e-07,1.0738139919806255e-07,1.4677296575473187e-07
heico__2227056,7,heico,3,3,0.2911503387993561,0.03421106673856472,7,0.9999591330415569,False,6.712484173476696e-05,0.050592269748449326,0.25692877173423767,0.2911384403705597,0.226738840341568,0.12136455625295639,0.039401303976774216,0.007758576422929764,0.005332386586815119,0.000636862765531987,0.0,0.0,0.0
heico__2227066,7,heico,4,4,0.2973626856203514,0.034941031502033267,5,0.9999543975281995,False,5.68355608265847e-05,0.0029151085764169693,0.021539900451898575,0.15915952622890472,0.29734912514686584,0.26240968704223633,0.1803513616323471,0.04559996724128723,0.027657777070999146,0.0029151085764169693,0.0,0.0,0.0
heico__2227082,3,heico,1,1,0.844666475533275,0.715132529584589,3,0.9999723955507046,True,0.00017185835167765617,0.8446431589803797,0.12953037023544312,0.01547019649296999,0.006448936648666859,0.002372431568801403,0.000770215701777488,0.00019474102009553462,0.0002833465114235878,8.64158064359799e-05,5.46984216876433e-07,6.954123619674882e-08,1.0770758030271074e-07
heico__2227089,5,heico,3,3,0.3308076644942841,0.13016266622227002,3,0.9999726773312432,False,6.322912668110803e-05,0.023962972685694695,0.13789738714694977,0.3307986259460449,0.2006395161151886,0.1562582105398178,0.10739459097385406,0.023962972685694695,0.016469493508338928,0.002525678602978587,0.0,0.0,0.0
heico__2227110,6,heico,4,4,0.2751817069030956,0.0323347223770474,4,0.9999730470408394,False,1.93493724509608e-05,0.005039992742240429,0.04781811684370041,0.21430593729019165,0.2751742899417877,0.24284043908119202,0.1472901850938797,0.04219934344291687,0.02258767932653427,0.0026977139059454203,0.0,0.0,0.0
heico__2227123,4,heico,3,3,0.3654213603343317,0.042938156217794045,2,0.9999719294937677,False,2.5694534997455776e-05,0.005906320177018642,0.19559046626091003,0.36541110277175903,0.3224741518497467,0.09239039570093155,0.016055043786764145,0.0013178782537579536,0.0007054093875922263,9.546677028993145e-05,0.0,0.0,0.0
heico__2227130,10,heico,6,6,0.3411768023055518,0.07546802656312503,11,0.9999645516109013,False,1.3668864994542673e-05,0.0013942623045295477,0.002028639428317547,0.016985591500997543,0.05231930688023567,0.14221861958503723,0.3411647081375122,0.2656993567943573,0.16115480661392212,0.016985591500997543,0.0,0.0,0.0
heico__2227140,5,heico,4,4,0.6350105731656993,0.4288528305322399,3,0.9999662513528165,False,2.24516297748778e-05,0.0005109967314638197,0.03582363948225975,0.20615078508853912,0.6349891424179077,0.11034455895423889,0.011630232445895672,0.00030993521795608103,0.00016589633014518768,1.8613054635352455e-05,0.0,0.0,0.0
heico__2227141,2,heico,1,1,0.46923956989235466,0.1467346954243922,2,0.9999694237410809,True,0.0006225617835298181,0.46922522230177055,0.3224950134754181,0.13443592190742493,0.04945620894432068,0.01819392293691635,0.00405961275100708,0.000799385248683393,0.0005494088400155306,0.00013049604604020715,1.0605902298497431e-06,2.8545399207395024e-07,3.2346173237708133e-07
heico__2227144,9,heico,4,4,0.3986643078903066,0.124666590554369,9,0.9999752253074803,False,6.2548074311052915e-06,0.0008720530895516276,0.025485124439001083,0.21338436007499695,0.39865443110466003,0.2739909291267395,0.07849971204996109,0.007301610894501209,0.0016292096115648746,0.0001515401090728119,0.0,0.0,0.0
heico__2227156,6,heico,1,1,0.4158599731686481,0.04886310337823176,6,0.9999657707585823,True,0.0002299988700542599,0.4158457385972305,0.3669843077659607,0.15298183262348175,0.0438300259411335,0.014229525811970234,0.004619651008397341,0.0006252017337828875,0.0004869075783062726,0.00013104941172059625,1.0650953943808076e-06,1.9702284008930166e-07,2.69298309783817e-07
heico__2227161,6,heico,4,4,0.36396248685316457,0.04276671511420166,4,0.9999715443918831,False,1.3698379916604608e-05,0.0010222666896879673,0.0298750102519989,0.3211866319179535,0.3639521300792694,0.22074812650680542,0.05581386759877205,0.005191497970372438,0.001909845508635044,0.00025846948847174644,0.0,0.0,0.0
heico__2227164,9,heico,4,4,0.46358350851527264,0.1025443221462069,9,0.9999702150807934,False,9.941441931005102e-06,0.0013020719634369016,0.048859886825084686,0.36102843284606934,0.463569700717926,0.11720877140760422,0.007492906413972378,0.00037304984289221466,0.00010688056499930099,1.8573056877357885e-05,0.0,0.0,0.0
heico__2227174,4,heico,1,1,0.5294755645400772,0.2793626281928736,4,0.9999749159900737,True,7.881810597609729e-05,0.5294622831697605,0.25010666251182556,0.1181420236825943,0.049248918890953064,0.029870983213186264,0.014110052026808262,0.004580863285809755,0.0035675799008458853,0.0007960346410982311,7.803803378964068e-06,1.3560976866260326e-06,1.5366601501869907e-06
heico__2227177,4,heico,1,1,0.46039255617885094,0.18114914359132953,4,0.999970533253452,True,0.000136293368996121,0.4603789899080854,0.27923518419265747,0.14946381747722626,0.07060170918703079,0.029431169852614403,0.007441365160048008,0.0016603930853307247,0.0012931154342368245,0.0003269507724326104,1.1077174517545288e-06,2.049071304600784e-07,2.3219021111883897e-07
heico__2227183,6,heico,1,1,0.6631708295341356,0.3867199813663594,6,0.9999779880487203,True,0.00020898580260109156,0.6631562318501458,0.27644476294517517,0.048038896173238754,0.009459419175982475,0.0021106817293912172,0.0003904368495568633,7.222356362035498e-05,6.784775177948177e-05,2.8283149731578305e-05,1.48415982266861e-07,3.311607980127976e-08,3.752543542126686e-08
heico__2227189,5,heico,2,2,0.40041109549563353,0.0,5,0.9999688233583583,False,8.146845357259735e-05,0.07884315401315689,0.4003986120223999,0.4003986120223999,0.07884315401315689,0.0290047787129879,0.010670261457562447,0.0009924889309331775,0.0006019749562256038,0.0001343187759630382,0.0,0.0,0.0
heico__2227205,4,heico,3,3,0.5635781848389073,0.35624932686739624,2,0.9999748352129245,False,5.765841342508793e-05,0.010322035290300846,0.09793273359537125,0.5635640025138855,0.20732364058494568,0.09793273359537125,0.019284099340438843,0.0023031572345644236,0.0010879344772547483,0.00016684016736689955,0.0,0.0,0.0
heico__2227209,8,heico,5,5,0.29502965362880357,0.0,6,0.9999624780339218,False,1.7198008208652027e-05,0.0015481155132874846,0.010094980709254742,0.07459238171577454,0.17893782258033752,0.29501858353614807,0.29501858353614807,0.09577850997447968,0.045242566615343094,0.003713735844939947,0.0,0.0,0.0
heico__2227213,4,heico,2,2,0.455876356610194,0.1008394888069161,4,0.9999681493936805,False,8.185463957488537e-05,0.3550255596637726,0.4558618366718292,0.13060660660266876,0.0424017533659935,0.012148305773735046,0.002710653468966484,0.0005337593029253185,0.00047104095574468374,0.0001267789484700188,0.0,0.0,0.0
heico__2227225,10,heico,5,5,0.3700819741570178,0.0,11,0.9999655789943063,False,1.0847616067621857e-05,0.00026281370082870126,0.0017137606628239155,0.02365773357450962,0.1361408829689026,0.3700692355632782,0.3700692355632782,0.07287094742059708,0.02365773357450962,0.0015123883495107293,0.0,0.0,0.0
heico__2227235,4,heico,1,1,0.4607791627388877,0.10192312047477775,4,0.9999657287002459,True,0.00012037865235470235,0.46076337123808103,0.35884374380111694,0.11649950593709946,0.04856421798467636,0.012278957292437553,0.0021337629295885563,0.00037079237517900765,0.0003073976840823889,8.273496496258304e-05,6.316843802448661e-07,1.0977027686069766e-07,1.2438601018075503e-07
heico__2227237,7,heico,5,5,0.3521140831323559,0.11010982795910576,5,0.9999632620274497,False,3.602358265197836e-05,0.0008727715467102826,0.012048238888382912,0.14677760004997253,0.21356014907360077,0.3521011471748352,0.24199536442756653,0.022509073838591576,0.009383178316056728,0.0006797151290811598,0.0,0.0,0.0
heico__2227240,2,heico,1,1,0.8002328064732336,0.642657463755156,2,0.999980118189997,True,0.0003905824851244688,0.8002168963966171,0.1575722098350525,0.02738194353878498,0.008889616467058659,0.0037057434674352407,0.0010617132065817714,0.00030418593087233603,0.0003446878108661622,0.00011190375516889617,4.296149526846865e-07,9.005218439308975e-08,1.1562929783430466e-07
heico__2227247,8,heico,3,3,0.3961953593428891,0.08763809574834641,8,0.9999692161582061,False,4.053362499689683e-05,0.011963695287704468,0.12862184643745422,0.39618316292762756,0.3085477650165558,0.12862184643745422,0.02235112525522709,0.002355791162699461,0.0011127970647066832,0.0001706529437797144,0.0,0.0,0.0
heico__2227248,2,heico,3,3,0.3767889748267057,0.08334543788866236,2,0.9999775341675559,False,5.6087785196723416e-05,0.05099169537425041,0.2934369444847107,0.37678050994873047,0.20167608559131622,0.06547462940216064,0.010040860623121262,0.0009339455282315612,0.000499904970638454,8.687045919941738e-05,0.0,0.0,0.0
heico__2227252,4,heico,3,3,0.40160958280627085,0.12558761199980453,3,0.9999646449577995,False,8.698191959410906e-05,0.07907881587743759,0.27601221203804016,0.4015953838825226,0.13037893176078796,0.07907881587743759,0.02567313425242901,0.004461321979761124,0.0030662184581160545,0.0005328289116732776,0.0,0.0,0.0
heico__2227254,3,heico,1,1,0.3999306409656441,0.12506133218881132,3,0.9999626447881439,True,0.00015202024951577187,0.3999157014718231,0.2748590409755707,0.16671043634414673,0.10111498832702637,0.04215099662542343,0.010657441802322865,0.002377996454015374,0.0016343715833500028,0.00038819725159555674,1.0242953878094365e-06,2.1470398311543575e-07,2.1470398311543575e-07
heico__2227272,3,heico,2,2,0.5238307139811859,0.11587092438799809,2,0.9999773524850752,False,0.00013685214798897505,0.013959299772977829,0.523818850517273,0.4079505503177643,0.04299766942858696,0.008466742932796478,0.002425762824714184,0.00010658056999091059,9.405701712239534e-05,2.0986955860280432e-05,0.0,0.0,0.0
heico__2227277,3,heico,2,2,0.8421371852881837,0.741558245865358,2,0.9999877229329286,False,0.00015121245814953,0.028815994039177895,0.8421268463134766,0.1005777046084404,0.02543002739548683,0.0023653609678149223,0.0004110381123609841,4.069828355568461e-05,5.5627955589443445e-05,1.3212798876338638e-05,0.0,0.0,0.0
heico__2227278,3,heico,2,2,0.6639423815242295,0.4483918527324191,2,0.9999839532538317,False,0.00017345782543998212,0.054498832672834396,0.6639317274093628,0.21554706990718842,0.054498832672834396,0.009470476768910885,0.0014523448189720511,0.0001965535047929734,0.00017345782543998212,4.119984805583954e-05,0.0,0.0,0.0
heico__2227280,4,heico,2,2,0.25565668891391374,0.0,4,0.9999651469988748,False,0.0002641602186486125,0.1757039725780487,0.25564777851104736,0.25564777851104736,0.1757039725780487,0.09404756873846054,0.030532771721482277,0.006812782026827335,0.004682352300733328,0.000922009814530611,0.0,0.0,0.0
heico__2227284,5,heico,1,1,0.3657767889222083,0.04297786972627947,5,0.9999668199853728,True,6.567718810401857e-05,0.36576465244300155,0.32278820872306824,0.17277608811855316,0.08161364495754242,0.03855155408382416,0.012515856884419918,0.003164504421874881,0.002174929715692997,0.00054990837816149,1.2029078582120076e-06,2.684050204466344e-07,3.2375825136634645e-07
heico__2227288,6,heico,4,4,0.2746209664552009,0.06074595111107318,4,0.9999632605686202,False,2.4794215278234333e-05,0.01206555962562561,0.10102370381355286,0.2138671576976776,0.27461087703704834,0.2138671576976776,0.12971699237823486,0.032797593623399734,0.019892744719982147,0.002096679760143161,0.0,0.0,0.0
heico__2227308,8,heico,5,5,0.351463341017172,0.10990634608630077,6,0.9999654225921404,False,1.4080995242693461e-05,0.0006784604047425091,0.009365856647491455,0.08886078000068665,0.24154864251613617,0.35145118832588196,0.24154864251613617,0.04756374657154083,0.017497723922133446,0.0014363006921485066,0.0,0.0,0.0
heico__2227309,2,heico,1,1,0.7087410436396818,0.5056830494038071,2,0.9999759066927977,True,0.00011230548989260569,0.7087239677239905,0.20305310189723969,0.05817568674683571,0.02140163816511631,0.00613167230039835,0.0015503294998779893,0.0003459253057371825,0.0003682355454657227,0.00011230548989260569,5.200750690229194e-07,1.0240885152604737e-07,1.1604443047964326e-07
heico__2227314,2,heico,1,1,0.5627910679563524,0.29694679462155343,2,0.9999663022806675,True,0.00018878943228628486,0.5627721031809015,0.26583531498908997,0.11081663519144058,0.04076716676354408,0.01499740220606327,0.003346372628584504,0.0006589398253709078,0.0004528823192231357,0.0001297529524890706,5.64463695023625e-07,1.9507343909716394e-07,1.8325454004082387e-07
heico__2227322,6,heico,4,4,0.26357278669352496,0.0,4,0.9999619915397489,False,3.4623990359250456e-05,0.0029279179871082306,0.040418658405542374,0.20526288449764252,0.26356276869773865,0.26356276869773865,0.15985889732837677,0.040418658405542374,0.021634548902511597,0.002280264627188444,0.0,0.0,0.0
heico__2227323,2,heico,1,1,0.5495387946915439,0.2162263097599572,2,0.9999690533843473,True,0.00019623339176177979,0.5495217883256783,0.33330217003822327,0.08427198976278305,0.024144329130649567,0.006917465943843126,0.0012020753929391503,0.0002223615738330409,0.00014356740575749427,4.66095152660273e-05,2.771474356846708e-07,9.577958248979494e-08,8.997659422995546e-08
heico__2227332,8,heico,5,5,0.32929706807989895,0.03869343021252221,7,0.9999660543107893,False,2.1751475287601352e-05,0.0015248962445184588,0.01857703924179077,0.13726677000522614,0.2905937731266022,0.3292858898639679,0.1762540489435196,0.030628357082605362,0.014467812143266201,0.0013457161840051413,0.0,0.0,0.0
heico__2227340,4,heico,1,1,0.3094811022044682,0.03636148796678568,4,0.9999535676057459,True,0.00016079313354566693,0.3094667322559164,0.2731069326400757,0.2126958966255188,0.12900657951831818,0.053777940571308136,0.015407638624310493,0.0034379090648144484,0.0023628377821296453,0.0005272204289212823,2.1545831814588195e-06,4.516251849580357e-07,4.807525208068432e-07
heico__2227348,4,heico,3,3,0.6390007886707425,0.3726256610023222,3,0.9999853315202927,False,6.141451740404591e-05,0.009114722721278667,0.2663712203502655,0.6389914155006409,0.05943545699119568,0.021865082904696465,0.0037995814345777035,0.0001891700376290828,0.00013001453771721572,2.725252488744445e-05,0.0,0.0,0.0
heico__2227352,6,heico,3,3,0.3279416867232444,0.1025508744598537,5,0.9999632832696079,False,9.70818437053822e-05,0.04438044875860214,0.17552809417247772,0.32792964577674866,0.22538253664970398,0.15490299463272095,0.05698562040925026,0.008739029057323933,0.005300488788634539,0.0007173431804403663,0.0,0.0,0.0
heico__2227357,3,heico,1,1,0.3169864294372779,0.03724570365699492,3,0.9999670633921639,True,0.0014678963925689459,0.31697598897956214,0.27973151206970215,0.24686220288276672,0.10290747135877609,0.0378575436770916,0.010846368037164211,0.0018848160980269313,0.0011431988095864654,0.00028904591454192996,7.16464523739486e-07,1.325326150481024e-07,1.701752379485485e-07
heico__2227365,2,heico,1,1,0.9137416387651154,0.8287504316597208,2,0.9999920474212974,True,5.274031991575612e-06,0.9137343721628193,0.08499053120613098,0.0012123249471187592,4.148347943555564e-05,4.95449467052822e-06,1.608489014870429e-06,4.3291893803143466e-07,6.298932930803858e-07,4.3291893803143466e-07,1.3778847113470805e-09,6.114326740613682e-10,8.896293191369684e-10
heico__2227482,2,heico,1,1,0.9571072659234082,0.915054907349157,2,0.9999946803752263,True,1.0986479537677951e-05,0.9571021744718854,0.04205213487148285,0.000770211685448885,4.625480869435705e-05,7.550889677077066e-06,2.7778173716797028e-06,7.958579431033286e-07,1.0878088687604759e-06,7.023421630947269e-07,1.5363658950056593e-09,6.817582775672785e-10,1.1240293211571642e-09
heico__2227545,2,heico,1,1,0.6965952807879445,0.4062111769315297,2,0.9999846395993823,True,1.0267098332406022e-05,0.6965845808053632,0.2903796434402466,0.012758391909301281,0.0002336780889891088,1.318321574217407e-05,2.9415730296022957e-06,6.165872150631913e-07,7.917137168078625e-07,5.4413635552919e-07,5.281891778079061e-10,2.2018203921176217e-10,2.827193072664721e-10
heico__2227699,2,heico,1,1,0.6207569209898376,0.24424883814343512,2,0.9999879001749211,True,4.321846517996164e-06,0.6207494099396771,0.37650352716445923,0.0027004743460565805,2.647451765369624e-05,2.313317736479803e-06,7.279177225427702e-07,1.675761609476467e-07,2.850566716006142e-07,1.9591639954796847e-07,9.964425177528526e-10,6.433517009727007e-10,9.360712001816344e-10
heico__2227795,2,heico,2,2,0.4773407384174806,3.930912986628475e-09,1,0.9999766279291797,True,5.147249339643167e-06,0.4773295780451158,0.4773295819759369,0.04439856484532356,0.0008656341815367341,3.8033311284380034e-05,6.208767899806844e-06,1.261387637896405e-06,1.5698223023719038e-06,1.0457272310304688e-06,1.1867481057599068e-09,5.605801109570571e-10,8.682434611366872e-10
heico__2227843,2,heico,1,1,0.9318710013992111,0.8643664889167141,2,0.9999930140136253,True,6.4879245655902196e-06,0.9318644913610923,0.06750404089689255,0.0005840243538841605,2.7315183615428396e-05,3.935125278076157e-06,1.4476518117589876e-06,3.896301734584995e-07,5.325612733031448e-07,3.4384740388304635e-07,2.316819647141045e-09,1.2401041952620153e-09,1.920710988897772e-09
heico__2228865,1,heico,2,2,0.4990798432538883,1.067207972296241e-08,2,0.9999862260634789,True,6.9791181886103e-05,0.4990729582878756,0.49907296895980835,0.0015884399181231856,0.00013879632751923054,2.733061592152808e-05,7.830353752069641e-06,2.880625743273413e-06,3.474698132777121e-06,1.74718798007234e-06,4.90748921027297e-09,1.4060190786939092e-09,1.5932284171994472e-09
heico__2229265,1,heico,0,1,0.6025391271562996,0.23708067798254573,2,0.9999486508661448,False,0.6025081872940063,0.36543968319892883,0.029997114092111588,0.0016923216171562672,0.00022903081844560802,5.790805516880937e-05,1.3754369319940452e-05,3.940692295145709e-06,4.465389793040231e-06,2.245338919237838e-06,0.0,0.0,0.0
heico__2229408,3,heico,0,2,0.8528214423200511,0.7910432602843743,4,0.9999877308073337,False,0.8528109788894653,0.048112306743860245,0.061777424067258835,0.025752661749720573,0.008360665291547775,0.0023953707423061132,0.0004716764378827065,0.0001351375540252775,0.0001351375540252775,3.6371777241583914e-05,0.0,0.0,0.0
heico__2229415,3,heico,2,2,0.32307303425147776,0.07146350672702906,2,0.9999306160607375,False,0.0495414175093174,0.1188436895608902,0.3230506181716919,0.25159206986427307,0.1525983065366745,0.07208233326673508,0.023401709273457527,0.004608069080859423,0.003588768420740962,0.0006236343760974705,0.0,0.0,0.0
heico__2229431,1,heico,0,2,0.4199762058861258,0.19517912472842228,4,0.999931873564492,False,0.4199475944042206,0.1061793863773346,0.22478176653385162,0.15449011325836182,0.0644010528922081,0.023691823706030846,0.0046651968732476234,0.000918631674721837,0.0007154311169870198,0.00014087672752793878,0.0,0.0,0.0
heico__2229452,4,heico,3,3,0.2942279009812329,0.06508297644732042,3,0.9999403305118904,False,0.008884383365511894,0.07438802719116211,0.22913125157356262,0.2942103445529938,0.20220762491226196,0.12264511734247208,0.04511862248182297,0.012926701456308365,0.008884383365511894,0.0015438742702826858,0.0,0.0,0.0
heico__2229470,4,heico,2,2,0.37267162292679423,0.11653842264809303,4,0.9999264577636495,False,0.06475584954023361,0.12097986042499542,0.37264421582221985,0.2561143636703491,0.12097986042499542,0.0445060059428215,0.0144489835947752,0.0028451734688133,0.0022158233914524317,0.00043632148299366236,0.0,0.0,0.0
heico__2229483,3,heico,2,2,0.4981160335177584,0.0585301869064806,2,0.9999719053030276,False,0.00024312124878633767,0.009123057126998901,0.4981020390987396,0.4395734965801239,0.04088670387864113,0.009123057126998901,0.0026137996464967728,0.00014746049419045448,0.00013013341231271625,2.9036689738859423e-05,0.0,0.0,0.0
heico__2229491,4,heico,0,3,0.29231382734921635,0.034347786186123906,4,0.9999527505715378,False,0.2923000156879425,0.044825658202171326,0.17728891968727112,0.25795385241508484,0.13807275891304016,0.06522095203399658,0.018686113879084587,0.0032471599988639355,0.001969501841813326,0.00038781791226938367,0.0,0.0,0.0
heico__2229492,5,heico,4,4,0.3959597090554412,0.12382085169374524,3,0.9999573141976725,False,0.00011721678311005235,0.0009814441436901689,0.015352368354797363,0.272127240896225,0.3959428071975708,0.24015145003795624,0.068804532289505,0.004398527555167675,0.0018335790373384953,0.0002481479023117572,0.0,0.0,0.0
heico__2229498,5,heico,3,3,0.4473236899210368,0.13988290219803942,3,0.9999683980568079,False,0.00015005563909653574,0.003013947978615761,0.07773073762655258,0.44730955362319946,0.30743107199668884,0.12815633416175842,0.032402995973825455,0.0023472651373595,0.0012564006028696895,0.00017003531684167683,0.0,0.0,0.0
heico__2229501,5,heico,4,4,0.537463592631322,0.2497800583341423,3,0.9999515605195484,False,0.00018029021157417446,0.0008080046391114593,0.018390100449323654,0.2876695990562439,0.5374375581741333,0.13588549196720123,0.018390100449323654,0.0008080046391114593,0.00033682642970234156,4.558450382319279e-05,0.0,0.0,0.0
heico__2229523,1,heico,2,2,0.5363954255353315,0.3127925529224974,3,0.9999655619540135,False,0.0002966616884805262,0.11968187242746353,0.536376953125,0.22359517216682434,0.09320832788944244,0.020797589793801308,0.004640569910407066,0.0007116544293239713,0.00055423699086532,0.00010252353240502998,0.0,0.0,0.0
heico__2229541,2,heico,2,2,0.3969391008814264,0.04664155905045654,1,0.999976344537572,False,0.00019373952818568796,0.0223932433873415,0.39692971110343933,0.3502892553806305,0.1874963343143463,0.03258197754621506,0.008238013833761215,0.0008682802435941994,0.0008682802435941994,0.0001175089564640075,0.0,0.0,0.0
heico__2229553,4,heico,3,3,0.42260703088207235,0.049657637134469225,3,0.9999418998049805,False,0.0004947931738570333,0.02701479382812977,0.372927725315094,0.4225824773311615,0.13719244301319122,0.03061177395284176,0.007739868480712175,0.0007199199753813446,0.0005606741760857403,9.743055852595717e-05,0.0,0.0,0.0
heico__2229565,5,heico,4,4,0.40227501133545146,0.12579570814600477,3,0.9999342490773415,False,4.964141407981515e-05,0.0012802690034732223,0.05443841964006424,0.276461124420166,0.4022485613822937,0.19000877439975739,0.06990031152963638,0.00394350616261363,0.0014507347950711846,0.00015290633018594235,0.0,0.0,0.0
heico__2229570,5,heico,2,2,0.5507481644064083,0.21670251064951646,5,0.9999612646060996,False,0.00039111208752729,0.02741907350718975,0.5507268309593201,0.33403271436691284,0.07453276962041855,0.010086914524435997,0.002250694902613759,0.00023722148034721613,0.00023722148034721613,4.671167698688805e-05,0.0,0.0,0.0
heico__2229573,6,heico,4,4,0.33703334617612757,0.10539393397761715,4,0.9999482272578462,False,4.159106538281776e-05,0.0010726477485150099,0.040250808000564575,0.20441047847270966,0.33701589703559875,0.23162741959095,0.15919503569602966,0.016779033467173576,0.008981169201433659,0.0005741469794884324,0.0,0.0,0.0
heico__2229591,4,heico,0,2,0.3105739396849872,0.0,4,0.9999618908841512,False,0.3105621039867401,0.06115330010652542,0.3105621039867401,0.18836544454097748,0.1008247509598732,0.022497044876217842,0.004429930355399847,0.0007698065601289272,0.0006793518550693989,0.00011805365647887811,0.0,0.0,0.0
heico__2229593,3,heico,2,2,0.33877907804504487,0.07493767827869365,2,0.9999521851423196,False,0.0022825661581009626,0.1813267022371292,0.33876287937164307,0.2638287842273712,0.12462390959262848,0.058868154883384705,0.019111694768071175,0.005475591868162155,0.004832192789763212,0.0008397092460654676,0.0,0.0,0.0
heico__2229601,4,heico,1,1,0.5375746654558452,0.21151705398079257,4,0.9999661856126572,True,0.0006294179474934936,0.5375564876978818,0.32604658603668213,0.09341389685869217,0.03032705746591091,0.008688846603035927,0.0021968844812363386,0.0004901912179775536,0.0004901912179775536,0.00012393973884172738,2.003278384524865e-06,2.885996167985263e-07,3.944689262702403e-07
heico__2229620,5,heico,1,1,0.5614625690524574,0.2209174105156797,6,0.9999593617568058,True,0.008008528500795364,0.5614397522000318,0.3405313193798065,0.06705459207296371,0.016954056918621063,0.004286656621843576,0.0010838365415111184,0.00024183662026189268,0.0002740368072409183,8.357650222023949e-05,8.721946614658011e-07,1.256515478582731e-07,1.717453002491073e-07
heico__2229624,4,heico,2,2,0.464075564059411,0.05453033108406427,4,0.9999725171583123,False,0.004014929756522179,0.4095339775085449,0.46406280994415283,0.10354641079902649,0.014013482257723808,0.003543162951245904,0.0008958519902080297,0.00015567571972496808,0.00015567571972496808,5.054051143815741e-05,0.0,0.0,0.0
heico__2229625,4,heico,1,1,0.42518146981739474,0.049958814201897093,4,0.9999616308172309,True,0.012838920578360558,0.42516515595186927,0.3752082586288452,0.13803140819072723,0.03489980474114418,0.009998961351811886,0.00252813333645463,0.0005641027819365263,0.0005641027819365263,0.00016161816893145442,8.480892905191138e-07,1.3844676684524724e-07,1.7776915607219404e-07
heico__2229629,6,heico,3,3,0.3294159193951806,0.03870740538230326,6,0.9999591918749502,False,0.0002339331986149773,0.0648631900548935,0.2906966507434845,0.32940247654914856,0.1555987149477005,0.10694132000207901,0.0393415167927742,0.0068365298211574554,0.005324294790625572,0.0007205649744719267,0.0,0.0,0.0
heico__2229636,3,heico,0,2,0.6703237501012205,0.5207542960853441,4,0.9999576437548967,False,0.6702953577041626,0.09071461111307144,0.14956311881542206,0.062347181141376495,0.02024116739630699,0.005117767956107855,0.0011419286020100117,0.00022485904628410935,0.00025479870964773,5.685327050741762e-05,0.0,0.0,0.0
heico__2229637,7,heico,3,3,0.3529584660043138,0.07807415967309626,6,0.9999637055880157,False,0.000118400072096847,0.007325152866542339,0.08923863619565964,0.3529456555843353,0.27487432956695557,0.18891820311546326,0.06949911266565323,0.010658035054802895,0.005704835057258606,0.0006813454092480242,0.0,0.0,0.0
heico__2229638,7,heico,6,6,0.28162969164756885,0.08806861456796648,4,0.9999455723082065,False,4.4624983274843544e-05,0.0058447192423045635,0.007504768203943968,0.05545315146446228,0.0806838646531105,0.17080774903297424,0.28161436319351196,0.17080774903297424,0.19355054199695587,0.033634040504693985,0.0,0.0,0.0
heico__2229645,3,heico,2,2,0.34731666726042126,0.0408107888763656,2,0.9999402356916107,False,0.032303549349308014,0.06838661432266235,0.3472959101200104,0.3064875602722168,0.16405096650123596,0.06035097315907478,0.015259116888046265,0.0030046983156353235,0.002340061357244849,0.00046078540617600083,0.0,0.0,0.0
heico__2229646,8,heico,6,6,0.318714906781766,0.07049948672800134,3,0.9999417757935589,False,8.863209222909063e-05,0.0018950377125293016,0.005151246674358845,0.026160189881920815,0.0627550259232521,0.1505414992570877,0.31869634985923767,0.24820096790790558,0.17058587074279785,0.015866955742239952,0.0,0.0,0.0
heico__2229656,5,heico,2,2,0.4976944717651423,0.15563439179565278,5,0.9999589032595395,False,0.002033879980444908,0.34204602241516113,0.49767401814460754,0.11104608327150345,0.03605138510465622,0.008044150657951832,0.002033879980444908,0.0004004946968052536,0.0005142453592270613,0.00011474364873720333,0.0,0.0,0.0
heico__2229668,5,heico,3,3,0.5000357612397299,0.33769792173249263,4,0.9999508923792746,False,0.00016773506649769843,0.03622069209814072,0.14325560629367828,0.5000112056732178,0.16232986748218536,0.09845803678035736,0.04650828614830971,0.007132276427000761,0.004901937674731016,0.0009652487351559103,0.0,0.0,0.0
heico__2229669,5,heico,2,2,0.4123871386601927,0.0,5,0.999966308605508,False,0.00017762670177035034,0.04925096407532692,0.41237324476242065,0.41237324476242065,0.08120109885931015,0.029872220009565353,0.012452593073248863,0.0013124936958774924,0.000796067644841969,0.00015675502072554082,0.0,0.0,0.0
heico__2229680,6,heico,2,2,0.33995100211859874,0.07519691038967173,6,0.9999617086723447,False,0.0003980264300480485,0.2061828076839447,0.3399379849433899,0.26474395394325256,0.11036170274019241,0.052131179720163345,0.019177990034222603,0.003776370082050562,0.002595458412542939,0.0006562346825376153,0.0,0.0,0.0
heico__2229681,6,heico,2,2,0.349476065139312,0.07730382990380842,6,0.999964877468301,False,0.00040918003651313484,0.10012305527925491,0.3494637906551361,0.27216267585754395,0.12856055796146393,0.08835828304290771,0.041737500578165054,0.009312894195318222,0.00821860134601593,0.0016183385159820318,0.0,0.0,0.0
heico__2229694,4,heico,2,2,0.3810137053404585,0.1499172100125483,4,0.9999585858895443,False,0.0012126328656449914,0.23108692467212677,0.3809979259967804,0.23108692467212677,0.09633135795593262,0.040156882256269455,0.013037031516432762,0.0029089548625051975,0.002567143877968192,0.0005728072137571871,0.0,0.0,0.0
heico__2229697,6,heico,3,3,0.37726369110097213,0.044329656616907874,6,0.9999640671594534,False,0.0001624976866878569,0.014627574943006039,0.3329220712184906,0.37725013494491577,0.20192745327949524,0.05785318464040756,0.012908789329230785,0.0013605764834210277,0.0008252313127741218,0.00012655332102440298,0.0,0.0,0.0
heico__2229718,7,heico,2,2,0.3871389754496838,0.12106251198519666,7,0.9999751793220639,False,0.0013962065568193793,0.18286697566509247,0.38712936639785767,0.26606985926628113,0.09788163006305695,0.04080313444137573,0.017009276896715164,0.0033493253868073225,0.002955768955871463,0.0005136356921866536,0.0,0.0,0.0
heico__2229725,4,heico,2,2,0.28505444097040467,0.0,3,0.9999488903267775,False,0.014191298745572567,0.0816652923822403,0.28503987193107605,0.28503987193107605,0.22198927402496338,0.0816652923822403,0.023397495970129967,0.0040658749639987946,0.0024660779163241386,0.00042854007915593684,0.0,0.0,0.0
heico__2229727,10,heico,8,8,0.49248921099740117,0.25985376504185975,11,0.9999362342714448,False,3.055914567084983e-05,0.019094660878181458,0.0005088555044494569,0.0010772470850497484,0.0025841814931482077,0.011581498198211193,0.05881569907069206,0.18116511404514313,0.4924578070640564,0.23262061178684235,0.0,0.0,0.0
heico__2229729,8,heico,3,3,0.305090644759374,0.03584908972810656,7,0.9999502504360862,False,9.031599620357156e-05,0.015188813209533691,0.08740559220314026,0.305075466632843,0.26922816038131714,0.18503762781620026,0.08740559220314026,0.028376439586281776,0.019502822309732437,0.002639420097693801,0.0,0.0,0.0
heico__2229730,9,heico,6,6,0.36086088224235613,0.14198770333290603,7,0.9999502055943594,False,3.4681208489928395e-05,0.0013014026917517185,0.0021456503309309483,0.023067913949489594,0.07105417549610138,0.193145290017128,0.36084291338920593,0.21886228024959564,0.11714853346347809,0.01234736479818821,0.0,0.0,0.0
heico__2229735,9,heico,5,5,0.3815652169171356,0.08440191612930273,8,0.9999486749875359,False,3.040130832232535e-05,0.00039425017894245684,0.002570834243670106,0.045569129288196564,0.18022939562797546,0.38154563307762146,0.29714804887771606,0.06630267947912216,0.02439139597117901,0.0017669069347903132,0.0,0.0,0.0
heico__2229739,5,heico,7,7,0.33216101894796435,0.03902994944598993,4,0.99995205916548,False,1.4165750144456979e-05,0.0009329273016192019,0.001975006889551878,0.012878662906587124,0.03500783443450928,0.10783172398805618,0.2931170165538788,0.332145094871521,0.2014561891555786,0.014593437314033508,0.0,0.0,0.0
heico__2229740,7,heico,5,5,0.4247942099362123,0.04991463222223039,6,0.9999539466953138,False,3.835228562820703e-05,0.00034183019306510687,0.005347123835235834,0.09478004276752472,0.37486231327056885,0.4247746467590332,0.09478004276752472,0.0036750209983438253,0.0011931046610698104,0.00016146915731951594,0.0,0.0,0.0
heico__2229742,7,heico,5,5,0.3541034261360748,0.07832739912486794,5,0.9999526724805037,False,2.6504038032726385e-05,0.0004697952826973051,0.007348834536969662,0.10144753754138947,0.27576297521591187,0.35408666729927063,0.21476443111896515,0.032935190945863724,0.012116179801523685,0.0009945566998794675,0.0,0.0,0.0
heico__2229744,6,heico,4,4,0.3794606006167425,0.04458782388233635,4,0.9999658419656043,False,2.8402351745171472e-05,0.0007325062179006636,0.024257274344563484,0.3348613381385803,0.3794476389884949,0.2031036913394928,0.05135264992713928,0.00421528285369277,0.0017571912612766027,0.00020986654271837324,0.0,0.0,0.0
heico__2229745,7,heico,4,4,0.3316151719288227,0.07335302280997161,6,0.999967490653944,False,3.39265498041641e-05,0.0032509351149201393,0.06529676914215088,0.2582537531852722,0.33160439133644104,0.2279081493616104,0.08384271711111069,0.018707839772105217,0.010013584978878498,0.0010554241016507149,0.0,0.0,0.0
heico__2229748,7,heico,5,5,0.3329988748137426,0.07365911319389694,5,0.9999624918145855,False,3.0064855309319682e-05,0.001360839232802391,0.018785806372761726,0.12249885499477386,0.25933003425598145,0.33298638463020325,0.20196644961833954,0.04506480321288109,0.016578415408730507,0.001360839232802391,0.0,0.0,0.0
heico__2229752,2,heico,3,3,0.35112903789707295,0.10980180404235002,2,0.9999610059530823,False,9.764808783074841e-05,0.025434711948037148,0.24131782352924347,0.351115345954895,0.24131782352924347,0.11399046331644058,0.022446053102612495,0.0023657965939491987,0.0016259867697954178,0.000249353121034801,0.0,0.0,0.0
heico__2229757,6,heico,2,2,0.6388049623081298,0.4557842737666191,6,0.9999797679338371,False,0.00018911102961283177,0.11100540310144424,0.6387920379638672,0.18301698565483093,0.052435241639614105,0.011699884198606014,0.002303843852132559,0.0002751548890955746,0.00021429084881674498,4.7814755816943944e-05,0.0,0.0,0.0
heico__2229766,7,heico,8,8,0.3539170157242721,0.11067363856424502,2,0.9999480073620362,False,2.488501377229113e-05,0.013722137548029423,0.003061822848394513,0.009431078098714352,0.029049767181277275,0.0789654552936554,0.16716986894607544,0.24323073029518127,0.3538986146450043,0.10139364749193192,0.0,0.0,0.0
heico__2229777,3,heico,5,5,0.4026124397267024,0.125901210533976,4,0.9999546441940765,False,2.071140261250548e-05,0.00036711839493364096,0.005742697510868311,0.054485198110342026,0.27669867873191833,0.4025941789150238,0.21549315750598907,0.033046942204236984,0.010728771798312664,0.0007771896198391914,0.0,0.0,0.0
heico__2229778,2,heico,1,1,0.3486406634605022,0.10893368347191328,2,0.9998684533766583,True,0.010530604049563408,0.34859480095846435,0.23967544734477997,0.18665942549705505,0.1132146567106247,0.060599435120821,0.02526160702109337,0.007237570825964212,0.0063871340826153755,0.001614920562133193,6.259280809080845e-05,1.2325255123684536e-05,1.793314032921367e-05
heico__2229787,3,heico,0,1,0.79396974675945,0.699143574933612,4,0.9999602165989927,False,0.793938159942627,0.09482239931821823,0.06517041474580765,0.030784323811531067,0.009994206950068474,0.0036766636185348034,0.0009296060306951404,0.0002663365739863366,0.00030179889290593565,7.630671461811289e-05,0.0,0.0,0.0
heico__2229795,6,heico,4,4,0.39290415030880155,0.15459573564005236,5,0.9999635462772858,False,5.1613566029118374e-05,0.0020616967231035233,0.06025160849094391,0.23829972743988037,0.3928898274898529,0.23829972743988037,0.06025160849094391,0.0056042722426354885,0.0020616967231035233,0.0001917676709126681,0.0,0.0,0.0
heico__2229799,7,heico,4,4,0.41140924002509843,0.16187692769066173,6,0.9999657818061678,False,2.552885598561261e-05,0.0008999232668429613,0.03376936912536621,0.24952377378940582,0.4113951623439789,0.24952377378940582,0.04913414642214775,0.004033176228404045,0.0014837225899100304,0.00017720539472065866,0.0,0.0,0.0
heico__2229807,11,heico,8,8,0.49094829369850523,0.2590407360086344,12,0.9999512467384193,False,1.8477343473932706e-05,0.007002659607678652,0.0005748132825829089,0.0015625046798959374,0.004247327800840139,0.019035203382372856,0.08530985563993454,0.23189625144004822,0.4909243583679199,0.15937979519367218,0.0,0.0,0.0
heico__2229810,8,heico,5,5,0.3398848742312313,0.07518227588001025,6,0.999964496899338,False,2.7080845029558986e-05,0.0007434687577188015,0.007993042469024658,0.07583587616682053,0.23359094560146332,0.339872807264328,0.2646932005882263,0.05906103178858757,0.0169212706387043,0.0012257727794349194,0.0,0.0,0.0
heico__2229811,6,heico,3,3,0.3912693341517655,0.12235412028416978,5,0.9999590773222735,False,7.478448242181912e-05,0.011814826168119907,0.20942281186580658,0.3912533223628998,0.2689042091369629,0.09892433136701584,0.017190471291542053,0.001598962931893766,0.0006665469263680279,0.00010881078924285248,0.0,0.0,0.0
heico__2229815,9,heico,4,4,0.4157502021113277,0.13000954119885144,9,0.9999676073657611,False,1.5647443433408625e-05,0.0008025607094168663,0.020698312669992447,0.1963801383972168,0.41573673486709595,0.28573140501976013,0.07224420458078384,0.0067197587341070175,0.0014993807999417186,0.00013946414401289076,0.0,0.0,0.0
heico__2229817,10,heico,6,6,0.45887122565204547,0.14349395498814924,11,0.9999654911825928,False,9.840341590461321e-06,0.00015392883506137878,0.0008857992943376303,0.01079124491661787,0.09035398066043854,0.31536638736724854,0.45885539054870605,0.10238447785377502,0.020160699263215065,0.0010037421016022563,0.0,0.0,0.0
heico__2229818,9,heico,4,4,0.4931401593007481,0.10908220610061231,10,0.9999627158813382,False,2.383157698204741e-05,0.0009519489831291139,0.03152421861886978,0.3840436339378357,0.49312177300453186,0.08569171279668808,0.0042663393542170525,0.0002406904095550999,8.31803772598505e-05,1.5386822269647382e-05,0.0,0.0,0.0
heico__2229819,8,heico,4,4,0.4157349412784551,0.09196022418495121,7,0.9999623780240654,False,4.5275482989382e-05,0.0005515682278200984,0.01611918769776821,0.17329758405685425,0.41571930050849915,0.32376253604888916,0.06375262141227722,0.005233134143054485,0.0013231434859335423,0.00015802695997990668,0.0,0.0,0.0
heico__2229820,9,heico,6,6,0.3177031777703696,0.037331108392626836,8,0.9999615702399751,False,1.5353361959569156e-05,0.0006132878479547799,0.003999139182269573,0.03794277831912041,0.15006659924983978,0.2803612947463989,0.31769096851348877,0.15006659924983978,0.055206410586833954,0.003999139182269573,0.0,0.0,0.0
heico__2229821,9,heico,6,6,0.45735159478272075,0.1430187598243099,7,0.9999597302057737,False,1.1830340554297436e-05,0.00022322215954773128,0.0006875725812278688,0.008376349695026875,0.07947257906198502,0.3143201768398285,0.45733317732810974,0.11563193053007126,0.022769276052713394,0.001133615616708994,0.0,0.0,0.0
heico__2229822,9,heico,4,4,0.36018322871027497,0.07967226661082452,9,0.999969082969983,False,1.7406387996743433e-05,0.0006135963485576212,0.020319519564509392,0.21845541894435883,0.3601720929145813,0.2805022895336151,0.10319103300571442,0.012324410490691662,0.004001150839030743,0.00037216494092717767,0.0,0.0,0.0
heico__2229824,9,heico,4,4,0.40994983986563416,0.048170377145645836,9,0.9999674296959711,False,1.7483496776549146e-05,0.00032988941529765725,0.0066260057501494884,0.1330868899822235,0.40993648767471313,0.3617676794528961,0.08072127401828766,0.0058474293909966946,0.0014784617815166712,0.00015582873311359435,0.0,0.0,0.0
heico__2229826,12,heico,8,8,0.40788182639018206,0.12754902049278155,13,0.9999584248471365,False,1.7395144823240116e-05,0.00513426074758172,0.0010109959403052926,0.0035287225618958473,0.012316451407968998,0.048712510615587234,0.15004511177539825,0.2803211510181427,0.40786486864089966,0.09100695699453354,0.0,0.0,0.0
heico__2229828,12,heico,6,6,0.35932248215213186,0.04222150488703779,13,0.9999614498819938,False,1.121146578952903e-05,0.0004767236241605133,0.0006121253245510161,0.0035225378815084696,0.020270805805921555,0.11665042489767075,0.3593086302280426,0.3170887529850006,0.16972537338733673,0.012294864282011986,0.0,0.0,0.0
heico__2229829,10,heico,6,6,0.38364788444462244,0.17829596284011515,11,0.9999555778231297,False,2.697568925214e-05,0.0012210129061713815,0.003760984633117914,0.02452469989657402,0.06666503846645355,0.18121439218521118,0.3836308419704437,0.20534279942512512,0.12454669922590256,0.00902213342487812,0.0,0.0,0.0
heico__2229831,8,heico,5,5,0.3789737247459403,0.14911454183628303,6,0.9999436880461872,False,6.392213981598616e-05,0.000939329038374126,0.012967037037014961,0.12302782386541367,0.22984623908996582,0.37895238399505615,0.20283859968185425,0.035248059779405594,0.014693577773869038,0.001366715645417571,0.0,0.0,0.0
heico__2229833,8,heico,6,6,0.3306096459582058,0.03884764710036491,6,0.9999518738222832,False,4.623076893039979e-05,0.0013510610442608595,0.00686125410720706,0.05744857341051102,0.15616142749786377,0.29174795746803284,0.3305937349796295,0.10732807219028473,0.04474099725484848,0.0036725651007145643,0.0,0.0,0.0
heico__2229834,8,heico,3,3,0.40153578568425696,0.0888194004372223,8,0.9999625766431564,False,7.674701191717759e-05,0.0034738352987915277,0.11503762751817703,0.4015207588672638,0.3127046823501587,0.13035470247268677,0.03295883163809776,0.0027054257225245237,0.0009952705586329103,0.0001346952049061656,0.0,0.0,0.0
heico__2229835,8,heico,4,4,0.26782426021780337,0.03147018023429371,7,0.9999559429124929,False,0.00027672998839989305,0.015108946710824966,0.07672955840826035,0.23634366691112518,0.26781246066093445,0.20857256650924683,0.12650565803050995,0.041070375591516495,0.024910438805818558,0.0026255412958562374,0.0,0.0,0.0
heico__2229837,7,heico,3,3,0.32753332211833935,0.038486191340958695,6,0.9999540877324762,False,9.696006600279361e-05,0.0022068009711802006,0.04432477802038193,0.3275182843208313,0.2890338599681854,0.2250998169183731,0.09383556246757507,0.011207059025764465,0.005998706910759211,0.0006322590634226799,0.0,0.0,0.0
heico__2229838,8,heico,5,5,0.25576713722207056,0.0,6,0.9999561863842246,False,3.807199027505703e-05,0.002212722320109606,0.016349928453564644,0.09408735483884811,0.17577829957008362,0.2557559311389923,0.2557559311389923,0.1368962824344635,0.05706686154007912,0.00601480295881629,0.0,0.0,0.0
heico__2229839,11,heico,8,8,0.4617109211297719,0.18166907705958255,12,0.9999487036056962,False,1.5335079297074117e-05,0.0014694493729621172,0.00047706032637506723,0.001665104296989739,0.0065856147557497025,0.029514677822589874,0.16984526813030243,0.28002747893333435,0.46168723702430725,0.048661477863788605,0.0,0.0,0.0
heico__2229840,11,heico,8,8,0.45845835269368884,0.1803893027726024,12,0.9999476952416444,False,1.620909279154148e-05,0.0035001893993467093,0.0006082417094148695,0.0018735164776444435,0.006539214868098497,0.029306726530194283,0.13134364783763885,0.27805450558662415,0.4584343731403351,0.09027107059955597,0.0,0.0,0.0
heico__2229841,10,heico,5,5,0.39835190747297394,0.046807576137053865,11,0.9999613965919707,False,1.808445085771382e-05,0.00024964811746031046,0.0012678179191425443,0.019832007586956024,0.1465398371219635,0.3983365297317505,0.3515307605266571,0.06108688563108444,0.019832007586956024,0.0012678179191425443,0.0,0.0,0.0
heico__2229842,9,heico,6,6,0.35512360227893697,0.13973023783988467,7,0.9999609126043651,False,1.8268570784130134e-05,0.0008802290540188551,0.0016444844659417868,0.015602433122694492,0.06992524862289429,0.21538494527339935,0.35510972142219543,0.21538494527339935,0.11528725177049637,0.010723385028541088,0.0,0.0,0.0
heico__2229843,9,heico,6,6,0.47727870396046485,0.1492501772521137,6,0.9999686654473408,False,7.971116247063037e-06,0.00012468922068364918,0.00014129142800811678,0.0006332242046482861,0.0053019216284155846,0.06459062546491623,0.47726374864578247,0.3280182480812073,0.12067116796970367,0.003215777687728405,0.0,0.0,0.0
heico__2229844,10,heico,6,6,0.3599068946431258,0.14161233139730012,11,0.9999565748457826,False,1.633903775655199e-05,0.0006947535439394414,0.0024249281268566847,0.017917929217219353,0.07086678594350815,0.21828508377075195,0.35989126563072205,0.21828508377075195,0.10311057418584824,0.00846383161842823,0.0,0.0,0.0
heico__2229846,10,heico,6,6,0.36688748345778965,0.043110421379999556,11,0.9999573448067167,False,1.1447459655755665e-05,0.00037908778176642954,0.00048675836296752095,0.0031740632839500904,0.023453330621123314,0.11910584568977356,0.36687183380126953,0.32376325130462646,0.15293492376804352,0.009776802733540535,0.0,0.0,0.0
heico__2229847,6,heico,5,5,0.31724863491880484,0.0,2,0.9999731568950665,False,1.7372947695548646e-05,0.0007863596547394991,0.006584108341485262,0.055128064006567,0.19241586327552795,0.3172401189804077,0.3172401189804077,0.07078584283590317,0.03788892924785614,0.0018863786244764924,0.0,0.0,0.0
heico__2308192,1,heico,3,3,0.2776086663390619,0.06140681678306763,6,0.9999648827433703,False,0.00010552339517744258,0.0701880007982254,0.2161942571401596,0.27759891748428345,0.19079077243804932,0.1311284452676773,0.07953342795372009,0.02010919898748398,0.01219684537500143,0.002119493903592229,0.0,0.0,0.0
heico__2308233,2,heico,1,1,0.9276033789045998,0.8683036708398756,2,0.9999911311884385,True,3.2797452149679884e-05,0.9275951521650284,0.05929918214678764,0.00909382477402687,0.0026054244954138994,0.0008458574302494526,0.0003111735568381846,9.490257070865482e-05,8.375122706638649e-05,2.8943650249857455e-05,7.174393025314723e-08,2.1880662921995258e-08,2.809532632213529e-08
heico__2308278,1,heico,2,2,0.36482126620543986,0.11408351727274686,3,0.999972930396325,False,6.153682625154033e-05,0.22126929461956024,0.36481139063835144,0.250730961561203,0.11843691766262054,0.03845083713531494,0.0052037546411156654,0.0006214999593794346,0.00031250977190211415,7.422758062602952e-05,0.0,0.0,0.0
heico__2308364,1,heico,2,2,0.5683901724268298,0.2641528440863287,3,0.9999835680573597,False,0.002982588717713952,0.0871640220284462,0.5683808326721191,0.30423232913017273,0.028298012912273407,0.00715485867112875,0.0014088752213865519,0.0001682661531958729,0.0001484943350078538,4.528821591520682e-05,0.0,0.0,0.0
heico__2308377,1,heico,2,2,0.4137160037586754,0.09151363644969977,2,0.9999748944464955,False,0.00018969355733133852,0.32219427824020386,0.41370561718940735,0.17245815694332123,0.07189125567674637,0.0160411074757576,0.0027875264640897512,0.0003329225874040276,0.0003127518284600228,6.158448377391323e-05,0.0,0.0,0.0
heico__2308411,2,heico,1,1,0.39463367167991376,0.04636994716841685,2,0.9999755718567561,True,7.542892853962258e-05,0.3946240315120531,0.3482552170753479,0.16450411081314087,0.06857551634311676,0.01964721456170082,0.0034141740761697292,0.0005235805292613804,0.00028025248320773244,7.542892853962258e-05,3.9581257842972287e-07,1.0007709125709749e-07,1.2071600884613764e-07
heico__2308435,2,heico,1,1,0.3025277166922468,0.06690908451276938,2,0.9999701657062576,True,2.127302832377609e-05,0.3025186909914818,0.23561160266399384,0.20792651176452637,0.14290566742420197,0.07649188488721848,0.024833280593156815,0.00554105406627059,0.0033608193043619394,0.0007499001221731305,6.094464483676889e-06,1.640302808222769e-06,1.7460932570449153e-06
heico__2308440,2,heico,3,3,0.28462239988886834,0.0629582403402987,3,0.9999718373728683,False,0.0002021258551394567,0.09240076690912247,0.19561243057250977,0.2846143841743469,0.2216579169034958,0.13444232940673828,0.04945856332778931,0.01250508427619934,0.007584716659039259,0.0014935192884877324,0.0,0.0,0.0
heico__2308517,3,heico,4,4,0.32243816748697846,0.07132306258405098,2,0.9999653796839993,False,5.789505667053163e-05,0.008592388592660427,0.172582745552063,0.2511064112186432,0.32242700457572937,0.172582745552063,0.0634896382689476,0.005211547017097473,0.003581840777769685,0.00033316307235509157,0.0,0.0,0.0
heico__2308520,3,heico,2,2,0.4423093994896137,0.09783849300948684,2,0.9999722622524132,False,0.0002446276193950325,0.0678284615278244,0.4422971308231354,0.3444613516330719,0.1118302270770073,0.028275107964873314,0.004336128477007151,0.00040332277421839535,0.0002446276193950325,5.1276736485306174e-05,0.0,0.0,0.0
heico__2308527,1,heico,2,2,0.28392252075720326,0.0,4,0.9999659997047274,False,5.426734423963353e-05,0.1183524951338768,0.28391286730766296,0.28391286730766296,0.19513028860092163,0.0921730175614357,0.020566580817103386,0.0035739357117563486,0.0019129898864775896,0.0003766900335904211,0.0,0.0,0.0
heico__2308537,1,heico,4,4,0.2696980093245666,0.03169035327539122,6,0.9999611567545799,False,7.04581689205952e-05,0.04135792329907417,0.11242248862981796,0.23799841105937958,0.2696875333786011,0.23799841105937958,0.07726677507162094,0.015214730054140091,0.007186929229646921,0.0007574968039989471,0.0,0.0,0.0
heico__2308551,1,heico,4,4,0.3335675763781684,0.07378487788958789,6,0.9999698410683777,False,0.0001118960790336132,0.014655495062470436,0.0843365490436554,0.2597748637199402,0.33355751633644104,0.22925050556659698,0.06568136811256409,0.008889006450772285,0.0032700831070542336,0.00044255758984945714,0.0,0.0,0.0
heico__2308564,2,heico,5,5,0.267536016162795,0.03143629500798641,6,0.9999667972315365,False,2.1316389393177815e-05,0.010373152792453766,0.052679214626550674,0.162263423204422,0.23609188199043274,0.26752713322639465,0.162263423204422,0.06764145940542221,0.03620586171746254,0.00489993067458272,0.0,0.0,0.0
heico__2308566,2,heico,1,1,0.3869292287093334,0.12098438141210696,2,0.9999667966464544,True,7.872896094340831e-05,0.3869163813613554,0.265936017036438,0.18277497589588165,0.09783239662647247,0.04621275141835213,0.013240174390375614,0.0033476403914391994,0.002954282099381089,0.0006591895362362266,1.0654219684024576e-05,1.633877487352707e-06,1.9708324078232357e-06
heico__2308567,2,heico,1,1,0.622487202669794,0.36299246541840696,2,0.9999696210601995,True,0.00039012267370708287,0.6224682921685375,0.2594868540763855,0.06560854613780975,0.030991284176707268,0.012919089756906033,0.0047526671551167965,0.0013616620562970638,0.001542965299449861,0.00044206692837178707,4.3337926414087e-06,7.074722497397122e-07,1.0293660196835763e-06
heico__2308573,1,heico,4,4,0.28725135012780145,0.06353976752938155,6,0.9999660846733605,False,6.221392686711624e-05,0.030275041237473488,0.11974011361598969,0.223703995347023,0.2872416079044342,0.19741807878017426,0.09325369447469711,0.02671763114631176,0.01836274191737175,0.003190966323018074,0.0,0.0,0.0
heico__2308602,2,heico,2,2,0.21957772800507538,0.0,1,0.9999710303090978,False,0.0002570916258264333,0.19377104938030243,0.21957136690616608,0.21957136690616608,0.1710023432970047,0.11752808839082718,0.04899299517273903,0.015905696898698807,0.010931814089417458,0.0024392176419496536,0.0,0.0,0.0
heico__2308681,1,heico,3,3,0.6667566757717628,0.35180311827262006,4,0.9999821416827785,False,6.7541864154918585e-06,0.002404657192528248,0.3149479329586029,0.6667447686195374,0.015680333599448204,0.00018542724137660116,9.827283065533265e-06,9.730329111334868e-07,1.0357881592426565e-06,4.317807338338753e-07,0.0,0.0,0.0
heico__2308705,1,heico,2,2,0.7009018723475756,0.40872248723512433,2,0.9999883404153067,False,3.570164153643418e-06,0.2921759784221649,0.7008937001228333,0.006871320772916079,4.085836189915426e-05,2.034218368862639e-06,4.831691740037058e-07,9.81617702677795e-08,1.6697879345883848e-07,1.3004323307086452e-07,0.0,0.0,0.0
heico__2308728,2,heico,1,1,0.7672029549379865,0.5473956246469355,2,0.9999854088258439,True,3.4830452932510525e-05,0.7671917605460579,0.21980412304401398,0.012400499545037746,0.00048081952263601124,5.0678005209192634e-05,1.2813407010980882e-05,3.4486815820855554e-06,3.907868176611373e-06,2.5231095150957117e-06,2.161375257748472e-09,1.0868077366374787e-09,1.3954887395292233e-09
heico__2308741,2,heico,1,1,0.7181983578894833,0.45398791377771175,2,0.9999784127099944,True,8.863080438459292e-05,0.71818285393325,0.264204740524292,0.016890043392777443,0.0005429295124486089,5.050031541031785e-05,1.0585439667920582e-05,2.6764184895000653e-06,3.2283769542118534e-06,2.2188287402968854e-06,2.2927037732473653e-09,1.390595156326312e-09,1.480280632670634e-09
heico__2308757,2,heico,1,1,0.9014664986881861,0.8064526372768945,2,0.9999917187405593,True,4.356569115770981e-05,0.9014590334102333,0.0950130745768547,0.003251168876886368,0.0001834183931350708,2.6423924282426015e-05,7.570581146865152e-06,2.457808022882091e-06,2.9646821531059686e-06,2.0375944131956203e-06,1.5403712615350429e-09,7.2761993084238e-10,9.342824249155512e-10
heico__2308766,1,heico,3,3,0.6337009889281107,0.3695351232654216,4,0.9999757922315666,False,7.274014478753088e-06,0.003325277240946889,0.2641594707965851,0.6336856484413147,0.09717884659767151,0.00157074979506433,4.185906072962098e-05,3.4360009522060864e-06,2.3615266400156543e-06,8.687571835253038e-07,0.0,0.0,0.0
heico__2308782,1,heico,2,2,0.5112544966134356,0.06007401702405649,2,0.9999843635331445,False,2.1589178231806727e-06,0.45117342472076416,0.5112465023994446,0.037034571170806885,0.0004962634993717074,2.470750769134611e-05,4.0333893593924586e-06,8.454443900518527e-07,1.155585437118134e-06,7.00898056038568e-07,0.0,0.0,0.0
heico__2308856,1,heico,2,2,0.7743054419081419,0.6218356767272707,3,0.9999739314172302,False,7.368363640125608e-06,0.07201974838972092,0.7742852568626404,0.1524657905101776,0.001164090819656849,2.7376792786526494e-05,2.885492676796275e-06,4.425046142841893e-07,6.048321097296139e-07,3.6684920701191004e-07,0.0,0.0,0.0
heico__2308871,2,heico,1,1,0.9793052768704689,0.9589804450150045,2,0.9999952331936671,True,5.310011147230398e-06,0.9793006087118733,0.02032473497092724,0.0003285187704022974,2.6966463337885216e-05,5.310011147230398e-06,1.9534440980351064e-06,5.957667781331111e-07,7.649796884834359e-07,4.6398361064348137e-07,2.758940961630363e-09,1.303231434298051e-09,2.0184843010215275e-09
heico__2308914,1,heico,3,3,0.7732481622182513,0.6209865868468932,4,0.9999825452874234,False,6.493734872492496e-06,0.0019166572019457817,0.15225891768932343,0.7732346653938293,0.07192202657461166,0.0006222474621608853,1.879024421214126e-05,1.3611607982966234e-06,9.958465625459212e-07,3.8997910678517655e-07,0.0,0.0,0.0
heico__2309063,2,heico,1,1,0.6651098116539764,0.35093417427577417,2,0.9999837734105517,True,3.42159291903954e-05,0.6650990191901247,0.3141705393791199,0.02008425071835518,0.0005352271255105734,4.39341165474616e-05,9.803026841836981e-06,2.3284230792341987e-06,2.638448904690449e-06,1.8133777075490798e-06,1.653582133252115e-09,8.850987357547308e-10,1.1364893079077175e-09
heico__2309066,2,heico,1,1,0.8790510240636635,0.7600844037074118,2,0.9999896982758096,True,5.073788997833617e-06,0.8790419683224644,0.11896539479494095,0.001922896597534418,4.813877239939757e-05,3.951471171603771e-06,1.2051306157445651e-06,3.143770754832076e-07,4.2970253844032413e-07,3.243564776767016e-07,4.303496943218933e-10,2.1639342104664595e-10,3.148505556620854e-10
heico__2309069,2,heico,1,1,0.7481349937441067,0.5052511206033152,2,0.9999817903941635,True,0.0002671527036000043,0.7481213705007581,0.2428794503211975,0.008310878649353981,0.0003430309006944299,3.8486999983433634e-05,1.1737872227968182e-05,3.1592053346685134e-06,4.0565000745118596e-06,2.4603916699561523e-06,2.8808167349595087e-09,1.3608015249096931e-09,2.1076505996897535e-09
heico__2310247,2,heico,1,1,0.9515554180566541,0.9041802653606134,2,0.9999919229651302,True,3.8124038837850094e-05,0.9515477323103619,0.04737477004528046,0.0008676992147229612,0.0001174303179141134,2.9691036615986377e-05,7.991233360371552e-06,3.129412107227836e-06,3.7747915939689847e-06,1.5735672604932915e-06,4.41982426460709e-09,1.0498002673513536e-09,1.5274502920756633e-09
heico__2310784,3,heico,4,4,0.3260420171600383,0.07212024163915412,2,0.9999534107191721,False,0.000140433621709235,0.006766470614820719,0.15400417149066925,0.2539099454879761,0.3260268270969391,0.17450958490371704,0.07274641841650009,0.006766470614820719,0.004650522489100695,0.00043256598291918635,0.0,0.0,0.0
heico__2310785,3,heico,2,2,0.5941200316731478,0.4615539226445995,2,0.9999569507344859,False,0.0005417440552264452,0.10323812812566757,0.594094455242157,0.13256040215492249,0.13256040215492249,0.026102690026164055,0.007478545885533094,0.0010121111990883946,0.0021426393650472164,0.0002258325257571414,0.0,0.0,0.0
heico__2310786,3,heico,2,2,0.4433998007562561,0.1386558468379683,2,0.9999675048820791,False,0.00040431515662930906,0.03211873397231102,0.44338539242744446,0.3047340512275696,0.16311238706111908,0.046732477843761444,0.008120886981487274,0.0007553602335974574,0.0005191509262658656,8.47490518935956e-05,0.0,0.0,0.0
heico__2310787,3,heico,2,2,0.47872627533193346,0.10589388015913491,2,0.9999696046543249,False,0.0005605137557722628,0.039295051246881485,0.47871172428131104,0.37282106280326843,0.08318761736154556,0.02103312499821186,0.003655008738860488,0.0003852351219393313,0.00026476796483621,5.549838169827126e-05,0.0,0.0,0.0
heico__2310789,3,heico,2,2,0.3643977284273431,0.08060449574322551,2,0.9999648487864761,False,0.00020153560035396367,0.11829846352338791,0.3643849194049835,0.2837832570075989,0.15189823508262634,0.0633205994963646,0.014128736220300198,0.0021667119581252337,0.0014891579048708081,0.0002932325878646225,0.0,0.0,0.0
heico__2310790,3,heico,2,2,0.5902649770562487,0.3442059329279743,2,0.9999699063700973,False,0.0007831284310668707,0.07049497961997986,0.5902472138404846,0.2460516393184662,0.07049497961997986,0.017823921516537666,0.003097333014011383,0.0004749914223793894,0.0004191784537397325,8.254113345174119e-05,0.0,0.0,0.0
heico__2310791,3,heico,4,4,0.41518048861165135,0.12983140005347732,2,0.9999619218069711,False,8.992090442916378e-05,0.005226152017712593,0.0817507654428482,0.28533822298049927,0.41516467928886414,0.1730663776397705,0.03407879173755646,0.003591878106817603,0.0014973175711929798,0.00015781611728016287,0.0,0.0,0.0
heico__2310792,3,heico,2,2,0.3180216600164688,0.0703461458727394,2,0.9999428204027936,False,0.0004780988674610853,0.13256357610225677,0.31800347566604614,0.24766135215759277,0.17021499574184418,0.0804038718342781,0.033517319709062576,0.008474505506455898,0.007478725165128708,0.0011468996526673436,0.0,0.0,0.0
heico__2310803,2,heico,4,4,0.429155384743464,0.19944505685291844,4,0.9999645713542122,False,7.705649477429688e-05,0.005402077455073595,0.09575411677360535,0.2297021895647049,0.42914018034935,0.17889223992824554,0.051253486424684525,0.006121355574578047,0.003276525530964136,0.0003453432582318783,0.0,0.0,0.0
heico__2310813,1,heico,2,2,0.49623842212271574,0.31368249017119365,3,0.9999606395431329,False,0.0006583735230378807,0.1610986888408661,0.49621888995170593,0.18254874646663666,0.1107214018702507,0.03594597801566124,0.009088566526770592,0.00157935603056103,0.0017896447097882628,0.0003109936078544706,0.0,0.0,0.0
heico__2310984,1,heico,0,1,0.9985184307684297,0.9971936161158932,2,0.9999986632937805,False,0.9985170960426331,0.0013248128816485405,0.000123226796858944,2.4264794774353504e-05,4.778021775564412e-06,2.722434601309942e-06,7.327333264584013e-07,2.6955751764035085e-07,4.7308819262070756e-07,2.869424520213215e-07,0.0,0.0,0.0
heico__2311000,1,heico,0,1,0.9883192029109785,0.9773399675752862,2,0.9999909087533752,False,0.9883102178573608,0.010979135520756245,0.0006194003508426249,6.132893759058788e-05,1.0657372513378505e-05,6.072387805033941e-06,1.7397682086084387e-06,7.25243296528788e-07,9.912899940900388e-07,6.400250072147173e-07,0.0,0.0,0.0
heico__2311139,1,heico,0,1,0.9682556889041343,0.9390168988157843,2,0.999992807719309,False,0.968248724937439,0.02923857979476452,0.0021180356852710247,0.00028664496494457126,6.395913078449667e-05,2.5046756491065025e-05,5.949125807092059e-06,2.055962795566302e-06,2.6399086436867947e-06,1.1714523679984268e-06,0.0,0.0,0.0
heico__2409549,1,heico,2,2,0.2804799228950295,0.032957260966232936,3,0.9999749769922346,False,0.0005414400948211551,0.21843251585960388,0.28047290444374084,0.247516468167305,0.15012633800506592,0.07091465592384338,0.023022618144750595,0.0051370407454669476,0.0031157727353274822,0.0006952228723093867,0.0,0.0,0.0
heico__2409550,1,heico,2,2,0.4094940266757979,0.1280531480384885,2,0.9999782048689667,False,0.0013033014256507158,0.2814347445964813,0.4094851016998291,0.19342708587646484,0.08063239604234695,0.026177506893873215,0.005840991158038378,0.0008957450627349317,0.0006156359449960291,0.0001656961685512215,0.0,0.0,0.0
heico__2409551,1,heico,2,2,0.4523883443245233,0.21024230203326513,3,0.9999814266120666,False,0.0011213378747925162,0.2136891633272171,0.4523799419403076,0.24214154481887817,0.06937471777200699,0.017540674656629562,0.0030481121502816677,0.0003640450886450708,0.0002502042625565082,7.168472075136378e-05,0.0,0.0,0.0
heico__2409568,1,heico,2,2,0.4978497492540055,0.2626821785418654,3,0.9999782965496706,False,0.00035355245927348733,0.1831447333097458,0.49783894419670105,0.23516246676445007,0.06737517565488815,0.01326695829629898,0.0023054517805576324,0.0002753469452727586,0.00020144811423961073,5.4219028243096545e-05,0.0,0.0,0.0
heico__2409572,1,heico,3,3,0.28218474324550274,0.062419036971674814,4,0.9999647486984031,False,0.000176846471731551,0.1510372906923294,0.21975795924663544,0.2821747958660126,0.19393572211265564,0.10380631685256958,0.038188204169273376,0.0066361152566969395,0.0035520566161721945,0.0006994414143264294,0.0,0.0,0.0
heico__2409574,1,heico,2,2,0.34356614138265845,0.0,5,0.9999699233594583,False,0.0004558230866678059,0.041031889617443085,0.3435558080673218,0.3435558080673218,0.1838921755552292,0.06765013933181763,0.017104635015130043,0.001590979052707553,0.0009649776038713753,0.0001676879619481042,0.0,0.0,0.0
heico__2409576,1,heico,2,2,0.6438155988173936,0.43479928790596983,3,0.999980524295097,False,0.000457212416222319,0.08712926506996155,0.643803060054779,0.2090122401714325,0.04663693532347679,0.01040610671043396,0.0020490840543061495,0.00024472817312926054,0.0001905945100588724,5.1297811296535656e-05,0.0,0.0,0.0
heico__2409579,1,heico,2,2,0.6512266127816444,0.46464706186717997,4,0.9999810953740962,False,0.00019278857507742941,0.01966496929526329,0.6512143015861511,0.1865760236978531,0.1282316893339157,0.011927406303584576,0.0018291270826011896,0.00015014388191048056,0.00017013530305121094,2.451031468808651e-05,0.0,0.0,0.0
heico__2409588,1,heico,2,2,0.45243431156024766,0.21026366248746275,3,0.9999637484143022,False,0.0003640756185632199,0.2137070894241333,0.45241791009902954,0.24216187000274658,0.06938053667545319,0.017542146146297455,0.003454253077507019,0.00046748234308324754,0.0003640756185632199,0.00010430940892547369,0.0,0.0,0.0
heico__2409596,1,heico,3,3,0.25444077843527096,0.02989758617241839,5,0.9999655878127669,False,9.671698353486136e-05,0.08260197937488556,0.22453546524047852,0.2544320225715637,0.22453546524047852,0.13618765771389008,0.05010063201189041,0.014354073442518711,0.011178962886333466,0.0019426123471930623,0.0,0.0,0.0
heico__2409601,1,heico,2,2,0.5759334894175967,0.36405937328517335,3,0.9999651693160558,False,0.00036094029201194644,0.16500195860862732,0.5759134292602539,0.21186673641204834,0.04171903058886528,0.004397152923047543,0.0005251650582067668,8.053667261265218e-05,7.565720443380997e-05,2.456229594827164e-05,0.0,0.0,0.0
heico__2409616,1,heico,3,3,0.38109714408899237,0.11917317008824495,5,0.9999657316293451,False,0.0001860053453128785,0.040165964514017105,0.261914998292923,0.3810840845108032,0.2311391830444336,0.07503990083932877,0.008962239138782024,0.0009446130134165287,0.00044620357220992446,8.253935811808333e-05,0.0,0.0,0.0
heico__2409618,1,heico,3,3,0.41816489126665246,0.16453504287460596,4,0.9999753829542897,False,4.554070619633421e-05,0.05659107118844986,0.2536236047744751,0.41815459728240967,0.22382204234600067,0.04407317191362381,0.0031926496885716915,0.00029696268029510975,0.00014027523866388947,3.5467135603539646e-05,0.0,0.0,0.0
heico__2409647,1,heico,2,2,0.44348230608414585,0.20610332187264246,2,0.9999751436225779,False,0.00014876804198138416,0.23737308382987976,0.4434712827205658,0.23737308382987976,0.06800852715969086,0.011818109080195427,0.0014114719815552235,0.00019102194346487522,0.00013975465844850987,4.004037691629492e-05,0.0,0.0,0.0
heico__2409654,1,heico,2,2,0.31885676098787663,0.0,3,0.9999698567553423,False,0.0005431944155134261,0.19339057803153992,0.3188471496105194,0.3188471496105194,0.13291527330875397,0.029657404869794846,0.004548110533505678,0.0006974753341637552,0.0004230401827953756,0.00010048085823655128,0.0,0.0,0.0
heico__2409671,1,heico,2,2,0.4180785858907379,0.09247864695953523,4,0.9999711669734097,False,9.63893617154099e-05,0.10570377856492996,0.41806653141975403,0.3255905508995056,0.11977807432413101,0.026726098731160164,0.003191977273672819,0.0004895055899396539,0.00026201343280263245,6.624737579841167e-05,0.0,0.0,0.0
heico__2409678,1,heico,2,2,0.5087177576783162,0.23642074597387455,3,0.9999753126103315,False,9.134320862358436e-05,0.12862081825733185,0.508705198764801,0.27229028940200806,0.07801247388124466,0.010557839646935463,0.00126095418818295,0.00020584510639309883,0.0001816576550481841,4.889249976258725e-05,0.0,0.0,0.0
heico__2409680,1,heico,2,2,0.6558414283841831,0.41457082040641324,2,0.9999743432890682,False,0.00011062528210459277,0.24126441776752472,0.655824601650238,0.08875621110200882,0.012011847458779812,0.001625626697205007,0.00024929794017225504,5.562588557950221e-05,5.562588557950221e-05,2.0463619875954464e-05,0.0,0.0,0.0
heico__2409701,1,heico,4,4,0.4166946266854242,0.0,8,0.9999443199412781,False,4.262978472979739e-05,0.00033530924702063203,0.005245118867605925,0.07240662723779678,0.41667142510414124,0.41667142510414124,0.0820474624633789,0.005245118867605925,0.0011703443014994264,0.00010885896335821599,0.0,0.0,0.0
heico__2409709,1,heico,2,2,0.6649842054026761,0.4203501641711259,2,0.9999830906454008,False,7.242138963192701e-05,0.2446299046278,0.6649729609489441,0.07941969484090805,0.009485329501330853,0.0011328612454235554,0.0001737298589432612,3.8764374039601535e-05,4.1264462197432294e-05,1.6159396182047203e-05,0.0,0.0,0.0
heico__2409713,1,heico,3,3,0.43100191750378153,0.169586056830462,5,0.9999682248671888,False,7.738832937320694e-05,0.027552153915166855,0.2614075541496277,0.43098822236061096,0.23069137334823608,0.04542582109570503,0.0032906353008002043,0.0003468304348643869,0.00015390507178381085,3.4340861020609736e-05,0.0,0.0,0.0
heico__2409737,1,heico,2,2,0.42214070168432977,0.04960284184376901,2,0.9999764577223687,False,0.00013302944716997445,0.3725290894508362,0.4221307635307312,0.15529324114322662,0.03926427662372589,0.008761044591665268,0.0013435498112812638,0.00024853169452399015,0.0002060400292975828,6.68913999106735e-05,0.0,0.0,0.0
heico__2409811,1,heico,2,2,0.7833281421739852,0.5852717660494257,2,0.999980106617727,False,4.029740739497356e-05,0.19805243611335754,0.7833125591278076,0.018421746790409088,0.00014065176947042346,8.446795618510805e-06,2.1356843262765324e-06,5.399855353971361e-07,7.856743309275771e-07,5.072694762020546e-07,0.0,0.0,0.0
heico__2409819,1,heico,2,2,0.6832898770730077,0.46145812928519525,2,0.9999609324917174,False,0.00011525365698616952,0.2218230813741684,0.6832631826400757,0.09246961772441864,0.0021746770944446325,9.554863936500624e-05,1.2931101991853211e-05,2.3920133571664337e-06,2.885318735934561e-06,1.3629281738758436e-06,0.0,0.0,0.0
heico__2409860,1,heico,2,2,0.6653731961382063,0.35107315072573286,2,0.9999848758792496,False,3.422951340326108e-05,0.31429529190063477,0.6653631329536438,0.020092224702239037,0.00018504299805499613,1.0439412108098622e-05,2.4795774606900522e-06,5.889513090551191e-07,8.569190868001897e-07,5.889513090551191e-07,0.0,0.0,0.0
heico__2409885,1,heico,2,2,0.9175032912130335,0.8421900359273086,3,0.999983181000843,False,8.73112821864197e-06,0.007005105726420879,0.9174878597259521,0.07531198859214783,0.00016474429867230356,3.8744146877434105e-06,5.581623554462567e-07,8.831410980292276e-08,1.502273647702168e-07,8.041091348331975e-08,0.0,0.0,0.0
heico__2409886,1,heico,2,2,0.839919133020966,0.6939630873397924,3,0.9999843368589865,False,9.641196811571717e-06,0.013575815595686436,0.8399059772491455,0.14595375955104828,0.0005263914936222136,1.0924906746367924e-05,1.2257406751814415e-06,1.7658467754699814e-07,2.734996940034762e-07,1.5104087935924326e-07,0.0,0.0,0.0
heico__2409887,1,heico,2,2,0.7522156398616268,0.5843736408018306,2,0.9999761278506298,False,2.6595831513986923e-05,0.167837992310524,0.7521976828575134,0.07928105443716049,0.0006053183460608125,2.2048718165024184e-05,3.3812802939792164e-06,6.254740014810523e-07,9.100592706090538e-07,5.185361260373611e-07,0.0,0.0,0.0
heico__2409900,1,heico,2,2,0.8818834978637101,0.7765575291469142,3,0.9999822290826472,False,1.4728691894561052e-05,0.012579168193042278,0.8818678259849548,0.10532409697771072,0.00019100458303000778,4.491997515287949e-06,5.710933805858076e-07,8.758001257547221e-08,1.636210100741664e-07,9.03600962942619e-08,0.0,0.0,0.0
heico__2409904,1,heico,2,2,0.7295305573653665,0.4611512292870068,4,0.9999762457849286,False,5.755366601079004e-06,0.0009679038776084781,0.7295132279396057,0.26837295293807983,0.0010967787820845842,1.7727777958498336e-05,1.3670195357917692e-06,1.7379701944264525e-07,2.528732068185491e-07,1.0541322836843392e-07,0.0,0.0,0.0
heico__2409920,1,heico,2,2,0.5968079150154524,0.2773596406069805,2,0.9999771990565023,False,1.749347211443819e-05,0.3194409906864166,0.5967943072319031,0.08076732605695724,0.002763706259429455,0.00015591761621180922,2.3910739400889724e-05,5.011963821743848e-06,5.6792991927068215e-06,2.8557310542964842e-06,0.0,0.0,0.0
heico__2409924,1,heico,2,2,0.644364063446847,0.29946082230825966,2,0.9999838977928448,False,5.4652940889354795e-05,0.34489768743515015,0.6443536877632141,0.01041500736027956,0.0002300974738318473,2.1402398488135077e-05,5.760377916885773e-06,1.6503757933605812e-06,2.401282699793228e-06,1.5503845816056128e-06,0.0,0.0,0.0
heico__2409945,1,heico,2,2,0.933884642716884,0.8811984740988628,2,0.9999792334523505,False,4.513181920628995e-05,0.052685074508190155,0.9338652491569519,0.013320871628820896,5.79503939661663e-05,3.269337867095601e-06,9.366809194943926e-07,2.090017829914359e-07,3.445856577855011e-07,1.9633898773463443e-07,0.0,0.0,0.0
heico__2410975,1,heico,0,1,0.999451143443675,0.9991158649417712,2,0.9999986453368876,False,0.9994497895240784,0.0003352780477143824,0.00015837413957342505,4.004325091955252e-05,8.934857760323212e-06,4.220527898723958e-06,8.846706691656436e-07,3.254521629969531e-07,5.71186319575645e-07,2.2367979113369074e-07,0.0,0.0,0.0
heico__2411037,1,heico,2,2,0.5548914011761642,0.12274155747825886,2,0.9999744461856608,False,0.00023900921223685145,0.4321388006210327,0.5548772215843201,0.011516108177602291,0.0009452998638153076,0.00016426848014816642,4.7063702368177474e-05,1.6264781152131036e-05,2.2231317416299134e-05,8.178445568773896e-06,0.0,0.0,0.0
heico__2411039,1,heico,2,2,0.9151129916848187,0.8399959407094272,2,0.9999741207157058,False,0.0010714593809098005,0.07511510699987411,0.9150893092155457,0.007917073555290699,0.0006498729926533997,7.761625602142885e-05,2.6823461666936055e-05,7.2194361564470455e-06,1.4357565305544995e-05,5.281852281768806e-06,0.0,0.0,0.0
heico__2411080,1,heico,0,1,0.9969967680708295,0.9945254601417958,2,0.9999974813383119,False,0.9969942569732666,0.002471301704645157,0.00042944782762788236,7.462684880010784e-05,1.665150011831429e-05,6.941377705516061e-06,1.7550552229295135e-06,6.872894573461963e-07,1.2062306495863595e-06,6.065308184588503e-07,0.0,0.0,0.0
heico__2411099,1,heico,1,1,0.5462170200583915,0.12082275366674569,1,0.9998624069160219,True,0.42533573508262634,0.5461418643740803,0.0271908026188612,0.0009304182603955269,0.00016168244474101812,5.587595296674408e-05,1.814026472857222e-05,8.568855264456943e-06,1.1712236300809309e-05,7.561988240922801e-06,3.289722886375236e-08,5.044953320148932e-09,6.895633886388616e-09
heico__2411102,1,heico,3,3,0.3719229439174468,0.043702087523855945,6,0.9999688187963329,False,0.00020569835032802075,0.006811794359236956,0.12074194103479385,0.37191134691238403,0.32821062207221985,0.1368185579776764,0.030528344213962555,0.003217663848772645,0.00134132185485214,0.0001815281721064821,0.0,0.0,0.0
heico__2411104,1,heico,0,1,0.8432533629849017,0.7821682914956221,2,0.9999821300916665,False,0.8432382941246033,0.06108397990465164,0.06108397990465164,0.025463590398430824,0.006438203621655703,0.0018445763271301985,0.0005284799262881279,0.0001336206478299573,0.0001336206478299573,3.3784588595153764e-05,0.0,0.0,0.0
heico__2411107,1,heico,2,2,0.5384886580432388,0.2502564293874858,3,0.9999745936584077,False,0.02680908888578415,0.0643116682767868,0.538474977016449,0.2882249057292938,0.0643116682767868,0.014349871315062046,0.002825657371431589,0.000337476609274745,0.00026282708859071136,6.645308894803748e-05,0.0,0.0,0.0
heico__2411108,1,heico,0,2,0.5837758489910977,0.3942515818042541,3,0.9999634971172782,False,0.5837545394897461,0.13025324046611786,0.18951734900474548,0.06971953809261322,0.019974980503320694,0.005050466395914555,0.0011269113747403026,0.00025144789833575487,0.00025144789833575487,6.3575993408449e-05,0.0,0.0,0.0
heico__2411109,1,heico,2,2,0.3655697401923451,0.16989434173450177,2,0.9999679624161217,False,0.15238726139068604,0.19566912949085236,0.36555802822113037,0.19566912949085236,0.06352445483207703,0.020623374730348587,0.004601696506142616,0.0009061277960427105,0.000799654982984066,0.00022910497500561178,0.0,0.0,0.0
heico__2411113,1,heico,2,2,0.3993450218824287,0.15713001198281176,2,0.9999640008463757,False,0.1469055563211441,0.24220629036426544,0.39933064579963684,0.16646577417850494,0.03277905657887459,0.009391357190907001,0.0020954948849976063,0.0003641424118541181,0.0003213545714970678,0.00010432854469399899,0.0,0.0,0.0
heico__2411114,1,heico,0,1,0.5915300777626447,0.42205387187767784,2,0.9999704878682678,False,0.5915126204490662,0.16947120428085327,0.16947120428085327,0.05501924082636833,0.010833931155502796,0.0027392469346523285,0.000611208553891629,0.00013637906522490084,0.00013637906522490084,3.9073256630217656e-05,0.0,0.0,0.0
heico__2411116,1,heico,0,1,0.5361673311068874,0.31265952193769364,2,0.9999585203186143,False,0.5361450910568237,0.22349853813648224,0.1972367912530899,0.03427460789680481,0.006749071180820465,0.0015059213619679213,0.0003360164409969002,8.495826477883384e-05,9.627032704884186e-05,3.125439980067313e-05,0.0,0.0,0.0
heico__2411117,1,heico,2,2,0.5294894915500243,0.3575894189562239,2,0.9999638009176124,False,0.01598861813545227,0.17189384996891022,0.5294703245162964,0.17189384996891022,0.08119690418243408,0.02326330356299877,0.00458081578835845,0.000702490855474025,0.0007960264338180423,0.000177617504959926,0.0,0.0,0.0
heico__2411119,1,heico,2,2,0.6033967064502822,0.2804217200814781,3,0.9999757117348054,False,0.011051327921450138,0.03404048830270767,0.6033820509910583,0.32296714186668396,0.023395659402012825,0.004065555986016989,0.0008005554554983974,0.0001227691536769271,0.0001227691536769271,2.7393502023187466e-05,0.0,0.0,0.0
heico__2411120,1,heico,2,2,0.36663953548016315,0.11465210749951801,2,0.999958840344334,False,0.19623993337154388,0.2519770562648773,0.3666244447231293,0.1528318077325821,0.023437516763806343,0.006714961491525173,0.00149831036105752,0.00029503481346182525,0.00026036729104816914,7.940753130242229e-05,0.0,0.0,0.0
heico__2411121,1,heico,0,2,0.279627219897561,0.0,3,0.999960082481266,False,0.2796160578727722,0.2467603087425232,0.2796160578727722,0.14966771006584167,0.03339537978172302,0.008443674072623253,0.001662657829001546,0.00037098911707289517,0.0003273967595305294,9.985036740545183e-05,0.0,0.0,0.0
heico__2411122,1,heico,2,2,0.6043491520584351,0.3820214934389689,2,0.9999643699629814,False,0.06369566172361374,0.22231973707675934,0.6043276190757751,0.08178684860467911,0.02067895419895649,0.005228458438068628,0.0013219614047557116,0.00026030963636003435,0.00026030963636003435,8.451016765320674e-05,0.0,0.0,0.0
heico__2411126,1,heico,2,2,0.6928412905452762,0.49433892084153713,3,0.9999772895407659,False,0.018463175743818283,0.056870587170124054,0.6928255558013916,0.19849786162376404,0.026863763108849525,0.005289788357913494,0.0009192273719236255,0.00010978605132550001,0.00010978605132550001,2.775826033030171e-05,0.0,0.0,0.0
heico__2411128,1,heico,3,3,0.4327082687726554,0.22831134683172205,6,0.999957698979415,False,0.004241943359375,0.02441069856286049,0.18037201464176178,0.43268996477127075,0.20438827574253082,0.1094011589884758,0.03551735356450081,0.005446762777864933,0.0029154419898986816,0.0005740845808759332,0.0,0.0,0.0
heico__2411131,1,heico,2,2,0.4077449009819015,0.12750619152680234,4,0.9999444106942974,False,0.042973607778549194,0.10308832675218582,0.40772223472595215,0.28022313117980957,0.11681438237428665,0.03792407363653183,0.00846200529485941,0.001470476039685309,0.001010642503388226,0.00025553040904924273,0.0,0.0,0.0
heico__2411134,1,heico,2,2,0.9628725983375479,0.9428888161073827,3,0.9999922272941149,False,0.000683802121784538,0.009439597837626934,0.9628651142120361,0.019983626902103424,0.006487734150141478,0.00041474695899523795,8.166851330315694e-05,1.038298705680063e-05,2.0649034922826104e-05,4.904576144326711e-06,0.0,0.0,0.0
heico__2411135,1,heico,2,2,0.6859571474618947,0.512520027013874,4,0.9999778224100737,False,0.00037938373861834407,0.009784435853362083,0.6859419345855713,0.17343327403068542,0.11919882148504257,0.009784435853362083,0.0011685843346640468,0.00010869526158785447,0.00015815066581126302,2.0106601368752308e-05,0.0,0.0,0.0
heico__2411136,1,heico,2,2,0.7920634842662903,0.6705966067355869,3,0.9999833570946066,False,0.0011907994048669934,0.05737593397498131,0.792050302028656,0.12146485596895218,0.023917846381664276,0.0032369287218898535,0.0005624938639812171,7.612526678713039e-05,8.626122871646658e-05,2.1810254111187533e-05,0.0,0.0,0.0
heico__2411142,1,heico,2,2,0.5026937704974254,0.1977946001064054,2,0.9999462911873707,False,0.004348919726908207,0.30488279461860657,0.5026667714118958,0.14401644468307495,0.03213440999388695,0.009206662885844707,0.0018128994852304459,0.0004045125388074666,0.0003569810651242733,0.00011589477799134329,0.0,0.0,0.0
heico__2411151,1,heico,4,4,0.22144168820770546,0.026020087206279977,8,0.9999481762060896,False,0.0004274608800187707,0.026446066796779633,0.08145962655544281,0.19541147351264954,0.2214302122592926,0.19541147351264954,0.1343042105436325,0.07188786566257477,0.06344082206487656,0.009728964418172836,0.0,0.0,0.0
heico__2457855,3,heico,1,1,0.5108603687933464,0.15975044066161212,3,0.9999688312663547,True,0.00016098699416033924,0.5108444459225816,0.3510989844799042,0.10059154033660889,0.028819961473345757,0.006430602166801691,0.0014348614495247602,0.00026542265550233424,0.0002493415377102792,7.143754191929474e-05,8.992571988395977e-07,1.4679968600574367e-07,2.0065141078642792e-07
heico__2457891,3,heico,2,2,0.3700223763104831,0.11570995206744404,2,0.9999719984334661,False,0.00013213057536631823,0.17478130757808685,0.3700120151042938,0.25430530309677124,0.15424394607543945,0.03899897634983063,0.005980686750262976,0.0009171681012958288,0.0004909246927127242,0.00010954010940622538,0.0,0.0,0.0
heico__2457911,2,heico,1,1,0.8418831471637649,0.7279464745650329,2,0.9999776795115496,True,0.00011059510143240914,0.8418643559207021,0.11393412947654724,0.028807058930397034,0.009352283552289009,0.003898611757904291,0.00126569380518049,0.00032001754152588546,0.00032001754152588546,0.00010389447561465204,7.451806669766256e-07,1.2949299732362683e-07,1.4673476635051062e-07
heico__2457917,4,heico,2,2,0.4254494919575248,0.16740131778977052,4,0.9999540445242019,False,0.0004981272504664958,0.2580363154411316,0.42542994022369385,0.22771625220775604,0.07392863184213638,0.01284687127918005,0.0011949451873078942,0.00017214816762134433,0.00010441314952913672,2.639977537910454e-05,0.0,0.0,0.0
heico__2457936,3,heico,2,2,0.49223940433550606,0.2870435019539939,2,0.9999655126885045,False,0.000240251436480321,0.12445331364870071,0.4922224283218384,0.2051888257265091,0.14102408289909363,0.027769289910793304,0.007021175231784582,0.0009502128232270479,0.0009502128232270479,0.00014571986685041338,0.0,0.0,0.0
heico__2457953,3,heico,2,2,0.358156499488659,9.089777386543474e-07,3,0.9999702184010835,True,0.000174809290911071,0.35814492406477405,0.3581458330154419,0.19170166552066803,0.07052309066057205,0.01783103123307228,0.0027344771660864353,0.0003700712404679507,0.00027074990794062614,7.287134940270334e-05,4.6125100193739586e-07,1.0955671441205281e-07,1.241440300703453e-07
heico__2457973,4,heico,3,3,0.3425520266389199,0.07577223999224302,2,0.9999707081733504,False,4.7901630750857294e-05,0.03186136856675148,0.2354254424571991,0.34254199266433716,0.26677197217941284,0.0981399267911911,0.021897975355386734,0.002036829013377428,0.0010902361245825887,0.00015706339036114514,0.0,0.0,0.0
heico__2457984,2,heico,1,1,0.7411291939448789,0.5287920252239239,2,0.9999749343716169,True,8.591905498178676e-05,0.7411106170759195,0.2123318463563919,0.032562144100666046,0.00932921003550291,0.00302875111810863,0.0009832914220169187,0.00023355221492238343,0.00023355221492238343,7.582329271826893e-05,1.3750461658578318e-07,3.939572996375331e-08,5.0585119544605664e-08
heico__2457992,4,heico,1,1,0.5364700555320614,0.11866656694349194,4,0.9999808300046545,True,0.00043170707067474723,0.5364597714035939,0.41779547929763794,0.03886103257536888,0.005259269382804632,0.0009139239555224776,0.00017996228416450322,3.32896743202582e-05,3.543667480698787e-05,1.0807575563376304e-05,9.350328166243437e-08,2.2208978166041893e-08,3.439793698825554e-08
heico__2458004,3,heico,1,1,0.8740970800716249,0.7697010233847237,3,0.999983760783764,True,5.7738889154279605e-05,0.8740828854201304,0.10439436137676239,0.014128240756690502,0.004586768336594105,0.001687377691268921,0.0006207515834830701,0.0001778482983354479,0.0001778482983354479,6.964639032958075e-05,1.8376945786795074e-07,4.6464199759176724e-08,6.350902233128498e-08
heico__2458014,3,heico,2,2,0.4286903867966323,0.09482598618910278,2,0.999970424141793,False,7.230987102957442e-05,0.01662163808941841,0.4286777079105377,0.3338545262813568,0.17869944870471954,0.03518800809979439,0.006114759016782045,0.0003909034712705761,0.00030443593277595937,4.668676410801709e-05,0.0,0.0,0.0
heico__2458028,4,heico,3,3,0.4122034223691504,0.09117907765894105,3,0.9999767406407045,False,7.401360926451162e-05,0.0159824900329113,0.3210168778896332,0.41219383478164673,0.19470658898353577,0.04922953620553017,0.005879629403352737,0.0005468907183967531,0.0002927294990513474,5.4149517382029444e-05,0.0,0.0,0.0
heico__2458049,1,heico,5,5,0.23904434942300085,0.02808844560958484,8,0.9999497733660974,False,0.00011667056242004037,0.022233471274375916,0.04706825688481331,0.12794479727745056,0.21094530820846558,0.2390323430299759,0.18615858256816864,0.09964350610971451,0.06043684110045433,0.006369996350258589,0.0,0.0,0.0
heico__2458061,3,heico,2,2,0.5019744898620885,0.19751156792183572,3,0.9999738245242042,False,0.00017924944404512644,0.3044549524784088,0.501961350440979,0.11200272291898727,0.0679330825805664,0.010417874902486801,0.002324542496353388,0.0002776269684545696,0.00035648010089062154,6.594219303224236e-05,0.0,0.0,0.0
heico__2458063,2,heico,3,3,0.38832496424290436,0.12143336400808835,2,0.999957896730848,False,2.565031172707677e-05,0.059549059718847275,0.2668803632259369,0.3883086144924164,0.2355210930109024,0.04637685418128967,0.0029647727496922016,0.00022861873731017113,8.410413283854723e-05,1.876616988738533e-05,0.0,0.0,0.0
heico__2458081,2,heico,2,2,0.3624584556221094,0.04259000686914627,1,0.9999702680979681,False,5.743393921875395e-05,0.31985893845558167,0.36244767904281616,0.19400426745414734,0.0916411280632019,0.026255622506141663,0.004562543239444494,0.00061747309518978,0.00042438259697519243,0.00010079970525112003,0.0,0.0,0.0
heico__2458104,2,heico,1,1,0.7937260188855467,0.6557970004271932,2,0.9999854432158459,True,4.346604328020476e-05,0.7937144647872123,0.13792701065540314,0.03951675444841385,0.016473034396767616,0.007781310938298702,0.002862584078684449,0.0008201440796256065,0.0006387288449332118,0.000207364879315719,3.760535160602808e-07,8.932054556201952e-08,1.1468984950521011e-07
heico__2458142,3,heico,1,1,0.5193470568495695,0.20434650664879547,3,0.9999787560264024,True,7.73088468122296e-05,0.5193360238544058,0.31499385833740234,0.11587976664304733,0.037620652467012405,0.00951199047267437,0.0018730219453573227,0.00032548236777074635,0.00028723719879053533,7.262494182214141e-05,5.208994795878196e-07,1.091864653534034e-07,1.5886536219918975e-07
heico__2458144,2,heico,1,1,0.6845083761841111,0.46228006826085405,2,0.9999713485312811,True,3.107587690465152e-05,0.684488764013783,0.22222194075584412,0.056186504662036896,0.02342201955616474,0.00861648004502058,0.0031698259990662336,0.0008014574414119124,0.0008014574414119124,0.00022962139337323606,1.4534231818577484e-06,3.0465403072808e-07,4.432690512969504e-07
heico__2458187,4,heico,1,1,0.48698680380073384,0.1077204567707896,4,0.9999798954926408,True,0.00014416722115129232,0.486977013170953,0.3792587220668793,0.09589161723852158,0.027473410591483116,0.007871263660490513,0.0017563162837177515,0.0002693398273549974,0.0002693398273549974,6.809977639932185e-05,4.049340205128474e-07,8.48787792236667e-08,1.1601553520364065e-07
heico__2458189,4,heico,2,2,0.6268087467481744,0.423313747461548,4,0.9999778687197249,False,0.0002382628881605342,0.10892060399055481,0.6267948746681213,0.2034904956817627,0.0514504536986351,0.007890182547271252,0.000942347920499742,0.00011980609269812703,0.00010572851169854403,2.5112720322795212e-05,0.0,0.0,0.0
heico__2458195,2,heico,2,2,0.2623151317624707,0.03082284340950691,1,0.9999560033465968,False,0.000186281293281354,0.2314821034669876,0.26230359077453613,0.2314821034669876,0.1590951681137085,0.08515750616788864,0.02153119072318077,0.004239742644131184,0.0037415598053485155,0.0007367568905465305,0.0,0.0,0.0
heico__2458239,2,heico,1,1,0.6132874720982228,0.3576307360758796,2,0.999973122755005,True,6.274407496675849e-05,0.6132709886205828,0.2556498646736145,0.08299736678600311,0.030533023178577423,0.01272805780172348,0.003218156984075904,0.0007180678658187389,0.0006336927181109786,0.00016022259660530835,6.151175633371917e-07,1.4610323339342684e-07,1.7623412924578242e-07
heico__2458246,3,heico,3,3,0.3171709700048124,0.03726856914150891,1,0.9999570828513242,False,6.062172178644687e-05,0.0707673728466034,0.16976210474967957,0.3171573579311371,0.27989038825035095,0.1322108507156372,0.026033861562609673,0.0027439489495009184,0.0011438480578362942,0.00018672806618269533,0.0,0.0,0.0
heico__2458256,3,heico,1,1,0.5811922370348053,0.2701019973730374,3,0.9999750640720048,True,0.00013399645104072988,0.5811777444670312,0.31108248233795166,0.0786539688706398,0.02253473922610283,0.005028179846704006,0.0009901074226945639,0.00017205487529281527,0.00015183787036221474,4.929454007651657e-05,4.5398416164718045e-07,8.939477689655562e-08,1.147851699261213e-07
heico__2458257,2,heico,1,1,0.588387810372393,0.3431095793496945,2,0.999962914026382,True,6.821138231316581e-05,0.5883659894375803,0.24526913464069366,0.10224337875843048,0.04262138530611992,0.015679530799388885,0.0039644064381718636,0.000884578621480614,0.0006889104843139648,0.00017418386414647102,2.3340332887158543e-06,3.8102048416842023e-07,4.892399698095822e-07
heico__2458361,1,heico,2,2,0.9489504074943044,0.9202945873559238,3,0.9999875659205628,False,2.587260041764239e-06,0.02231689728796482,0.9489386081695557,0.028655463829636574,7.10297972545959e-05,2.283248932144488e-06,4.2235856767547375e-07,7.339491503444151e-08,1.2484896672049217e-07,7.572472782158002e-08,0.0,0.0,0.0
heico__2458367,1,heico,2,2,0.9519868303827658,0.9194116311999128,3,0.9999893134351403,False,3.1308227335102856e-06,0.015387269668281078,0.9519766569137573,0.0325748510658741,4.600710599333979e-05,1.0819834415087826e-06,1.8802052181854378e-07,3.1667820366010346e-08,5.91632804969322e-08,3.7023436760819095e-08,0.0,0.0,0.0
heico__2458461,2,heico,1,1,0.9766676229929078,0.9536986014074869,2,0.9999940342284568,True,8.202145181712694e-06,0.9766617964169954,0.02296888455748558,0.00032763354829512537,2.0944911739206873e-05,3.6396797895577038e-06,1.5172444136624108e-06,4.3469773913784593e-07,5.941614062976441e-07,3.836194366613199e-07,1.4727771020781782e-09,6.956906735030036e-10,1.0775067322189542e-09
heico__2458488,2,heico,2,2,0.5467324425109866,0.12093678723828552,1,0.9999745676267935,False,1.5054687537485734e-05,0.4257848262786865,0.5467185378074646,0.027219511568546295,0.00022122700465843081,1.1014244591933675e-05,2.45760998041078e-06,5.314954023560858e-07,8.231963306570833e-07,5.837335947944666e-07,0.0,0.0,0.0
heico__2458536,2,heico,1,1,0.8658616850767711,0.7330774814780818,2,0.9999892199882802,True,4.694866674981313e-06,0.8658523510776582,0.13278277218341827,0.0013017563614994287,3.930963794118725e-05,4.997659289074363e-06,1.727144990582019e-06,4.948353193867661e-07,6.76359661611059e-07,4.36690612559687e-07,1.389888576393485e-09,6.988799504629853e-10,1.082446365960518e-09
heico__2458569,2,heico,1,1,0.6198259884153936,0.2438825343200884,2,0.9999880244592386,True,2.0384343315527076e-06,0.6198185656640044,0.37593895196914673,0.004176304675638676,4.6394554374273866e-05,3.808296696661273e-06,1.0910953278653324e-06,2.4345627025468275e-07,3.6547115200846747e-07,2.5915784362950944e-07,7.279201698036023e-10,3.896276236472401e-10,5.669047840649384e-10
heico__2458613,2,heico,1,1,0.7951686417732574,0.5941185318522545,2,0.9999912183718742,True,4.311563770897919e-06,0.7951616588979481,0.201048344373703,0.0036823293194174767,8.135323878377676e-05,8.57456871017348e-06,2.4566550109739183e-06,6.611997491745569e-07,9.03752948033798e-07,6.211396907929156e-07,1.6389475756437087e-09,8.241146148268036e-10,1.1990796473846727e-09
heico__2458642,2,heico,1,1,0.9665718384097466,0.9334975694298183,2,0.9999933010316949,True,4.923424057778902e-06,0.9665653633756365,0.03307404741644859,0.0003242465609218925,1.9472519852570258e-05,2.986207391586504e-06,1.169415668300644e-06,3.147439713302447e-07,4.5794973857482546e-07,3.147439713302447e-07,2.1207234930129302e-09,1.0017588334486235e-09,1.5515542076283256e-09
heico__2458751,2,heico,1,1,0.9316178983694802,0.8641317190184133,2,0.9999905425703073,True,7.823785381333437e-06,0.9316090876587059,0.06748554110527039,0.0008495175279676914,3.094367275480181e-05,4.457859176909551e-06,1.6399546893808292e-06,4.6985488211248594e-07,6.422154683605186e-07,4.146454557485413e-07,1.9201862143093476e-09,9.655302865802562e-10,1.404838228497123e-09
heico__2458802,2,heico,1,1,0.8321297131701083,0.6682736732660155,2,0.9999863864242419,True,1.4794124581385404e-05,0.8321183849092175,0.16385380923748016,0.0038534728810191154,0.0001238696713699028,1.3897792086936533e-05,4.238587280269712e-06,1.214375629388087e-06,1.5592891031701583e-06,1.1408003501856001e-06,2.2022601887403537e-09,1.0402739950333853e-09,1.5135895939276847e-09
heico__2459746,1,heico,2,2,0.5909143341380607,0.18478522312104032,2,0.9999843228829377,False,5.0119524530600756e-05,0.40612274408340454,0.5909050703048706,0.002736433641985059,0.00013623898848891258,2.0892926841042936e-05,6.3719826357555576e-06,2.202098357884097e-06,2.82755036096205e-06,1.421781462340732e-06,0.0,0.0,0.0
heico__2460351,2,heico,0,2,0.846487031872223,0.7923729284838665,2,0.9999869188213779,False,0.8464759588241577,0.047754909843206406,0.054113395512104034,0.03282143548130989,0.012074330821633339,0.0050333295948803425,0.0011230877134948969,0.00028396103880368173,0.0002505947486497462,5.591524313786067e-05,0.0,0.0,0.0
heico__2460352,2,heico,3,3,0.40136056050834207,0.15792307457310062,3,0.9999614896660205,False,0.01998179592192173,0.015561838634312153,0.1895820051431656,0.4013451039791107,0.24342811107635498,0.10147593170404434,0.022642342373728752,0.003472315613180399,0.0021060658618807793,0.00036597935832105577,0.0,0.0,0.0
heico__2460354,2,heico,3,3,0.42095273440498254,0.16563199655481972,2,0.9999631923492416,False,0.056967657059431076,0.016321508213877678,0.25531134009361267,0.4209372401237488,0.17547273635864258,0.06455281376838684,0.008736273273825645,0.0009207964758388698,0.0006328535382635891,0.0001099734436138533,0.0,0.0,0.0
heico__2460356,3,heico,2,2,0.4848247945046284,0.2558097737111094,2,0.9999558275012532,False,0.17834921181201935,0.018797867000102997,0.48480337858200073,0.2290049046278,0.07434700429439545,0.011401482857763767,0.0025440147146582603,0.0003038391878362745,0.00034429493825882673,5.982948641758412e-05,0.0,0.0,0.0
heico__2460358,3,heico,2,2,0.46735227166985616,0.14614606632463764,3,0.9999656913205399,False,0.32119518518447876,0.02326730079948902,0.4673362374305725,0.13389408588409424,0.04925687611103058,0.004043250810354948,0.0007026116363704205,0.00010774897964438424,0.00013835243589710444,2.4042048607952893e-05,0.0,0.0,0.0
heico__2460359,3,heico,2,2,0.6619881151710866,0.4470720429328324,2,0.9999732046508143,False,0.042318351566791534,0.017640912905335426,0.6619703769683838,0.21491031348705292,0.054337840527296066,0.007353827357292175,0.0011277459561824799,0.00013469003897625953,0.0001526238047517836,2.6522038751863874e-05,0.0,0.0,0.0
heico__2460360,3,heico,2,2,0.44218967473707144,0.2333140495504707,2,0.9999701853848819,False,0.18432657420635223,0.01942787878215313,0.44217649102211,0.20886939764022827,0.12668569386005402,0.01513044722378254,0.0026292772963643074,0.00031402241438627243,0.0003558340249583125,5.45689144928474e-05,0.0,0.0,0.0
heico__2460362,3,heico,2,2,0.5393794432962269,0.28459462267208585,3,0.9999650330246368,False,0.25477591156959534,0.08271363377571106,0.5393605828285217,0.09372681379318237,0.023697851225733757,0.0046663833782076836,0.0007156130741350353,0.00012435490498319268,0.00014091256889514625,4.2975905671482906e-05,0.0,0.0,0.0
heico__2460365,1,heico,2,2,0.4917995015360549,0.15379097722507512,5,0.9999723106011515,False,0.019068608060479164,0.019068608060479164,0.4917858839035034,0.337999165058136,0.1097322627902031,0.019068608060479164,0.0025806555058807135,0.0003492537362035364,0.0002719990734476596,4.726635233964771e-05,0.0,0.0,0.0
heico__2460466,1,heico,2,2,0.32352953749020363,0.0,4,0.999962981644785,False,0.0013221424305811524,0.08179805427789688,0.3235175609588623,0.3235175609588623,0.17316648364067078,0.07218652963638306,0.018251612782478333,0.0035939558874815702,0.002179844304919243,0.00042923676664941013,0.0,0.0,0.0
heico__2460467,1,heico,0,1,0.9296419570414499,0.9048678397195432,2,0.9999900033399172,False,0.9296326637268066,0.024773869663476944,0.024773869663476944,0.013260496780276299,0.004878264386206865,0.0017946131993085146,0.0005141652654856443,0.0001473108131904155,0.00016692501958459616,4.7824822104303166e-05,0.0,0.0,0.0
heico__2460504,3,heico,2,2,0.5113126656511912,0.2697856530911784,3,0.9999698038009228,False,0.00024956176639534533,0.2415197193622589,0.5112972259521484,0.16599389910697937,0.06106574460864067,0.015439838171005249,0.003445093519985676,0.0004662427236326039,0.00041145776049233973,8.102082938421518e-05,0.0,0.0,0.0
heico__2460517,3,heico,2,2,0.5529629923801215,0.3495392511293241,3,0.9999653382619726,False,0.0010674326913431287,0.20341669023036957,0.5529438257217407,0.1398060917854309,0.08479668945074081,0.013003992848098278,0.00372570613399148,0.0004449721600394696,0.0006474306574091315,0.0001125065828091465,0.0,0.0,0.0
heico__2460538,3,heico,2,2,0.4426764727394663,0.1384296833059242,3,0.9999538431584369,False,0.0007541176746599376,0.30423274636268616,0.4426560401916504,0.1845264881849289,0.05286772549152374,0.011796383187174797,0.0023228456266224384,0.0004036500467918813,0.00031436298741027713,7.948340498842299e-05,0.0,0.0,0.0
heico__2460541,3,heico,1,1,0.4572387372334934,0.05372493614135164,3,0.9999468672820122,True,0.001648981124162674,0.4572144428966149,0.40349236130714417,0.10201884806156158,0.02579440549015999,0.007390220649540424,0.001648981124162674,0.0003247036365792155,0.0003247036365792155,8.7392792920582e-05,1.326975927214815e-06,2.0349832135808825e-07,2.960883382231587e-07
heico__2460543,3,heico,2,2,0.48769251027335536,0.2266495210912439,2,0.9999702905406593,False,0.0001635977387195453,0.10881567746400833,0.48767802119255066,0.2610352337360382,0.10881567746400833,0.027512911707162857,0.0047810273244977,0.0005710122059099376,0.0005039165262132883,9.32151815504767e-05,0.0,0.0,0.0
heico__2460544,2,heico,2,2,0.4580095158284354,0.10131134093100166,1,0.9999660238318029,False,0.0039624241180717945,0.3566860556602478,0.4579939544200897,0.13121746480464935,0.03759443387389183,0.009505361318588257,0.0021209330298006535,0.0004176364163868129,0.0003685628471430391,9.919734293362126e-05,0.0,0.0,0.0
heico__2460548,4,heico,3,3,0.3409812146611464,0.040066349103393364,2,0.9999646040232619,False,0.00011438240471761674,0.01498113851994276,0.20680823922157288,0.34096914529800415,0.30090421438217163,0.1106964722275734,0.021797427907586098,0.002297431929036975,0.0012297267094254494,0.00016642542323097587,0.0,0.0,0.0
heico__2460549,4,heico,2,2,0.6902062769980621,0.49245886668675454,4,0.9999761830786156,False,0.0009157303720712662,0.06419765204191208,0.6901898384094238,0.19774270057678223,0.038937848061323166,0.006766383536159992,0.0009157303720712662,0.00014043180271983147,0.00014043180271983147,2.943610343209002e-05,0.0,0.0,0.0
heico__2460550,4,heico,2,2,0.5367782111500108,0.11873491147805994,4,0.9999797912778376,False,0.0010362048633396626,0.4180348515510559,0.5367673635482788,0.03888329863548279,0.004098269157111645,0.0009144475916400552,0.0001589071616763249,3.5456978366710246e-05,4.017802348244004e-05,1.0813767403305974e-05,0.0,0.0,0.0
heico__2460551,4,heico,2,2,0.4702982661937548,4.670119328734814e-07,4,0.9999799631894405,True,0.0007070506690070033,0.4702883759139132,0.47028884291648865,0.04956807941198349,0.0067083099856972694,0.001921963063068688,0.0003339870891068131,6.576596206286922e-05,7.45225916034542e-05,2.2728108888259158e-05,2.2281719315562178e-07,4.670502334128421e-08,6.795540427671173e-08
heico__2460552,4,heico,2,2,0.3921102533477591,0.0,3,0.9999741710489616,False,0.00021686444233637303,0.010449114255607128,0.39210012555122375,0.39210012555122375,0.1634516417980194,0.036470990628004074,0.004355838987976313,0.0004591020115185529,0.00031553590088151395,5.483192217070609e-05,0.0,0.0,0.0
heico__2460553,4,heico,1,1,0.4729427205099682,0.05557112566902183,4,0.9999773077198713,True,0.00048868078738451,0.47293198836126954,0.41736212372779846,0.08218346536159515,0.018337611109018326,0.006746029946953058,0.001328372280113399,0.0002615719859022647,0.0002615719859022647,7.494162855437025e-05,6.483682064312106e-07,1.2767125315427972e-07,1.74505920341982e-07
heico__2460555,3,heico,2,2,0.39377162485170825,0.15493705794506432,2,0.9999558601994067,False,0.0018234440358355641,0.21076145768165588,0.393754243850708,0.2388240247964859,0.11281248182058334,0.03232131525874138,0.0072118607349693775,0.0012532335240393877,0.0009760191896930337,0.00021777930669486523,0.0,0.0,0.0
heico__2460557,3,heico,2,2,0.5184062493806385,0.30230237344727207,3,0.9999631359823979,False,0.0006069689407013357,0.2160959094762802,0.5183871388435364,0.16829566657543182,0.07015607506036758,0.020100051537156105,0.004484927747398615,0.0008831347222439945,0.0007793635595589876,0.00017389951972290874,0.0,0.0,0.0
heico__2460561,2,heico,1,1,0.510944947903715,0.20103643048782296,2,0.9999418900638525,True,0.0009863135637715459,0.5109152569254174,0.3098905086517334,0.11400234699249268,0.04193911701440811,0.015428539365530014,0.004420350305736065,0.00111763970926404,0.0009863135637715459,0.0002493791398592293,4.567445573694503e-06,6.580029442104335e-07,8.993833505840031e-07
heico__2460564,2,heico,1,1,0.578921282396494,0.2277863241286162,2,0.9999711359572017,True,0.005675404332578182,0.578904572387822,0.3511248230934143,0.04751957580447197,0.012014830484986305,0.003442306537181139,0.0007680824492126703,0.0001942016533575952,0.0002493598440196365,7.605046266689897e-05,1.482737461549696e-06,1.8850891042420204e-07,2.576611189330202e-07
heico__2460565,2,heico,1,1,0.4874229720348956,0.10781477438755074,2,0.9999380214108727,True,0.01146246399730444,0.48739276224678063,0.3795846700668335,0.08469677716493607,0.027497023344039917,0.006952335592359304,0.0015512758400291204,0.0003461363958194852,0.0003461363958194852,0.00010556563211139292,2.190913231710635e-06,2.7854338104383447e-07,4.052782266526683e-07
heico__2460568,2,heico,3,3,0.5248362401676024,0.2065069717316729,2,0.9999579836803605,False,0.00015536847058683634,0.006606435403227806,0.31831589341163635,0.5248141884803772,0.1326937973499298,0.015848014503717422,0.0013008842943236232,0.00010678308171918616,9.423573646927252e-05,2.2382948372978717e-05,0.0,0.0,0.0
heico__2536850,1,heico,2,2,0.8242692158288781,0.7127165164503443,3,0.9999867179931243,False,7.922082295408472e-05,0.031959958374500275,0.8242582678794861,0.11155121773481369,0.02820456586778164,0.0033685551024973392,0.00045588435023091733,4.5138662244426087e-05,5.444762064144015e-05,9.461577974434476e-06,0.0,0.0,0.0
heico__2536852,2,heico,1,1,0.4978686612238666,0.0585008662897126,2,0.9999814961013176,True,0.00024300298537127674,0.4978594487126021,0.4393596649169922,0.05247402936220169,0.008047153241932392,0.0015845784218981862,0.000275358441285789,5.771826909040101e-05,5.771826909040101e-05,2.260279688925948e-05,1.4306868166691198e-07,3.3981794544295577e-08,4.363348771430386e-08
heico__2536859,2,heico,3,3,0.25986644864468206,0.03053512858218338,4,0.9999561818185612,False,0.00011914953211089596,0.03516755625605583,0.1390903890132904,0.2598550617694855,0.22932127118110657,0.17859560251235962,0.10832370072603226,0.027388520538806915,0.018823837861418724,0.003271092427894473,0.0,0.0,0.0
heico__2536872,1,heico,2,2,0.3283217776982456,1.3630811359175553e-07,2,0.9999576310527671,True,0.00017058044613804668,0.32830773074783254,0.3283078670501709,0.22564248740673065,0.09406177699565887,0.020988019183278084,0.0019521898357197642,0.00029937803628854454,0.0001815819414332509,4.5911107008578256e-05,6.484235748192195e-08,2.2408918776561863e-08,2.1051231645640182e-08
heico__2536878,2,heico,3,3,0.4749653406497069,0.10506198152114372,4,0.9999767069894006,False,1.6793195754871704e-05,0.0010389582021161914,0.06427806615829468,0.4749542772769928,0.36989474296569824,0.08253467082977295,0.006774858571588993,0.000337300356477499,0.0001240858546225354,2.2953578081796877e-05,0.0,0.0,0.0
heico__2536907,2,heico,1,1,0.34134357117643194,0.07549088725285448,2,0.9999675126318063,True,7.393342821160331e-05,0.3413324818221546,0.26584404706954956,0.18271176517009735,0.11082027852535248,0.05931781604886055,0.02472734823822975,0.008027794770896435,0.005517417099326849,0.001580766518600285,9.39901677267992e-06,2.2324618770506457e-06,2.2324618770506457e-06
heico__2536969,4,heico,3,3,0.42334032853699466,0.13238304401152057,2,0.9999741451465525,False,8.613413956481963e-05,0.008785921148955822,0.12128590792417526,0.4233293831348419,0.2909497618675232,0.12128590792417526,0.03066588006913662,0.002517208456993103,0.0009260292863473296,0.00014201119483914226,0.0,0.0,0.0
heico__2536988,3,heico,1,1,0.7919392440802544,0.635997013842953,3,0.9999823297677879,True,0.00038653536466881633,0.7919252503299137,0.1559394747018814,0.03070630505681038,0.014504631981253624,0.0047089639119803905,0.0011906125582754612,0.00028279528487473726,0.000265661597950384,7.15018468326889e-05,3.7520452411334584e-07,1.0749790320453553e-07,1.1443091896434092e-07
heico__2537026,4,heico,3,3,0.5186991453251257,0.20409222209964292,2,0.9999622399718646,False,2.668339766387362e-05,0.00047297452692873776,0.010764850303530693,0.5186795592308044,0.3145950436592102,0.131142720580101,0.022789189592003822,0.00100128713529557,0.00041739855078049004,7.253299554577097e-05,0.0,0.0,0.0
heico__2537054,2,heico,1,1,0.7967222508962802,0.639838258775098,2,0.9999846612522514,True,9.832188516156748e-05,0.796710030174648,0.15688158571720123,0.030891818925738335,0.010029105469584465,0.0036895019002258778,0.0010570598533377051,0.0002672665868885815,0.0002672665868885815,9.236486948793754e-05,2.1507751664307168e-07,5.4380118410529704e-08,6.98254539721114e-08
heico__2537058,5,heico,3,3,0.41737093841989065,0.09232212364799439,3,0.9999708116847614,False,5.48280258954037e-05,0.00248170574195683,0.05648336559534073,0.41735875606536865,0.3250393271446228,0.13549654185771942,0.05648336559534073,0.00463643716648221,0.001705649890936911,0.00023083460109774023,0.0,0.0,0.0
heico__2537086,5,heico,3,3,0.7888950391134313,0.6128687594283582,3,0.999974124626533,False,3.581485361792147e-05,0.000385045976145193,0.014448743313550949,0.788874626159668,0.1760217249393463,0.01855255290865898,0.0015228863339871168,7.5820047641173e-05,4.598718078341335e-05,1.0922913133981638e-05,0.0,0.0,0.0
heico__2537099,2,heico,4,4,0.4654027460089752,0.14553643069295133,4,0.9999751674240542,False,2.1128727894392796e-05,0.0013071880675852299,0.04905186593532562,0.3198583722114563,0.4653911888599396,0.15109039843082428,0.012402254156768322,0.0006174718728289008,0.0002004637790378183,3.4835382393794134e-05,0.0,0.0,0.0
heico__2537110,5,heico,4,4,0.47297126966515096,0.1479031606488211,2,0.9999585825935355,False,4.545617048279382e-05,0.00033587816869840026,0.007644552271813154,0.13550293445587158,0.4729516804218292,0.3250546455383301,0.05648602545261383,0.0015053016832098365,0.0003805998421739787,5.1508588512660936e-05,0.0,0.0,0.0
heico__2537139,2,heico,1,1,0.48914838331282523,0.22732333411658395,2,0.9999704271377816,True,9.349444735562429e-05,0.4891339177950812,0.2618173062801361,0.14014069736003876,0.06619777530431747,0.027595339342951775,0.0101517578586936,0.0025667662266641855,0.0017641109880059958,0.0005054262583144009,2.4914997593611463e-06,6.29949809153403e-07,7.138266539383946e-07
heico__2537188,3,heico,2,2,0.2571963312384888,0.030221355953239427,3,0.9999645649513695,False,0.00023452439927496016,0.22696693241596222,0.25718721747398376,0.20029762387275696,0.13766241073608398,0.09461390227079391,0.04469243437051773,0.018630580976605415,0.016441429033875465,0.0032375094015151262,0.0,0.0,0.0
heico__2537244,2,heico,4,4,0.2575937564108024,0.0,5,0.9999582129021292,False,4.344940680311993e-05,0.01646672748029232,0.0574745312333107,0.17703402042388916,0.25758299231529236,0.25758299231529236,0.15623196959495544,0.05072109401226044,0.023958947509527206,0.0028614886105060577,0.0,0.0,0.0
heico__2537251,5,heico,4,4,0.5718874119288201,0.3334892896392901,3,0.9999416720838781,False,7.512392767239362e-05,0.0006695722113363445,0.015239393338561058,0.2383842170238495,0.5718540549278259,0.1638389229774475,0.009243159554898739,0.00046018982538953424,0.00014940174878574908,2.763654811133165e-05,0.0,0.0,0.0
heico__2537268,3,heico,2,2,0.6375670507462267,0.40301921779095395,2,0.9999735313231213,False,0.00024235129239968956,0.04075722023844719,0.6375501751899719,0.2345416247844696,0.0761445090174675,0.009094164706766605,0.001394635415636003,0.00011447863653302193,0.00011447863653302193,1.9893404896720313e-05,0.0,0.0,0.0
heico__2537301,2,heico,3,3,0.3850219390403047,0.12040047510591821,2,0.9999652089682058,False,8.338936459040269e-05,0.040579602122306824,0.26461225748062134,0.3850085437297821,0.23351949453353882,0.0669044479727745,0.007990597747266293,0.0008422028040513396,0.0003510823589749634,7.359085429925472e-05,0.0,0.0,0.0
heico__2537323,3,heico,2,2,0.3470715262271902,0.10853298314690336,2,0.9999741601059213,False,8.517946116626263e-05,0.16394074261188507,0.3470625579357147,0.23853237926959991,0.14467719197273254,0.06834066659212112,0.025141127407550812,0.0056097437627613544,0.0056097437627613544,0.0009748273296281695,0.0,0.0,0.0
heico__2537336,3,heico,2,2,0.38387741921088214,0.04510679446728426,2,0.9999756413017167,False,0.00012877339031547308,0.06670626252889633,0.3838680684566498,0.3387623727321625,0.16002000868320465,0.040459394454956055,0.007966927252709866,0.0010782064637169242,0.0008397079654969275,0.0001459193736081943,0.0,0.0,0.0
heico__2537339,2,heico,1,1,0.8273035702697936,0.7004323580134312,2,0.9999774577514995,True,9.009864879772067e-05,0.8272849209871272,0.1268683522939682,0.02830815315246582,0.010413987562060356,0.0043411958031356335,0.0015970367239788175,0.00045755866449326277,0.00045755866449326277,0.00015812803758308291,3.2494544985766413e-07,6.010886235968812e-08,8.215908385679728e-08
heico__2537371,2,heico,1,1,0.6444595614045293,0.29950518816346466,2,0.999985912434631,True,3.959640707762446e-06,0.6444504825383304,0.34494951367378235,0.010416571982204914,0.00014858442591503263,1.1457601431175135e-05,2.8969350296392804e-06,7.0992450673657e-07,1.0011540325649548e-06,7.324599096136808e-07,9.71812624251096e-10,4.590517736878886e-10,6.679164032466074e-10
heico__2537482,2,heico,1,1,0.9901235165610252,0.9804166869224458,2,0.9999967415720507,True,3.5008179111173376e-05,0.9901202903148855,0.009706798009574413,0.000122190554975532,8.851453458191827e-06,1.8553655536379665e-06,8.233134849433554e-07,2.67290744204729e-07,3.889057325068279e-07,2.67290744204729e-07,4.277726573313283e-10,1.8982297776022042e-10,2.7619078705736624e-10
heico__2537532,2,heico,1,1,0.7532825604796378,0.5087275308959693,2,0.999984388020399,True,5.942797542957123e-06,0.7532708002476698,0.24455121159553528,0.00211578281596303,3.419844142626971e-05,3.836958967440296e-06,1.3260174682727666e-06,3.459123263382935e-07,5.357594545785105e-07,4.044124750635092e-07,1.3701689483890808e-09,6.889641469897092e-10,1.0024369168484183e-09
heico__2537566,2,heico,1,1,0.9735096030144181,0.9475664498035357,2,0.9999938739430934,True,3.0376124414033256e-05,0.9735036392391909,0.02594299428164959,0.00047516252379864454,3.233521056245081e-05,5.278578555589775e-06,2.0671211586886784e-06,6.304363182607631e-07,8.617042794867302e-07,5.226500547905744e-07,2.4203413320681867e-09,1.3790690021493932e-09,2.2737005777311116e-09
heico__2537692,2,heico,1,1,0.7023734705690154,0.40958065402512983,2,0.9999898567006731,True,2.9659886422450654e-06,0.7023663461846642,0.29278984665870667,0.0047325072810053825,8.667889051139355e-05,7.573917628178606e-06,2.0384923118399456e-06,5.486527356879378e-07,7.982850434018474e-07,5.486527356879378e-07,1.5410497015064858e-09,8.780636733807705e-10,1.2775750399324287e-09
heico__2537721,2,heico,1,1,0.9872992274780829,0.9748709647458016,2,0.9999962910262352,True,5.0791284593287855e-05,0.9872955656111502,0.012428216636180878,0.00020088341261725873,1.549046646687202e-05,2.8654483230639016e-06,1.194496462630923e-06,3.877962058140838e-07,5.300545922182209e-07,3.643008312792517e-07,7.032656467037308e-10,3.321991670509427e-10,4.833469437692213e-10
heico__2537775,2,heico,1,1,0.9623371813106205,0.9250233204647097,2,0.9999933856938951,True,5.217996658757329e-06,0.9623308161179271,0.037313614040613174,0.0003228260320611298,1.607256126590073e-05,2.7929925181524595e-06,1.0274844726154697e-06,2.9437921966746217e-07,4.2831922542063694e-07,2.9437921966746217e-07,6.439514255767985e-10,3.041811063416997e-10,4.4258091805142997e-10
heico__2537829,2,heico,1,1,0.5514097565482511,0.12197138695451744,2,0.9999792796787704,True,8.127170076477341e-06,0.5513983311609663,0.42942947149276733,0.018867814913392067,0.00025282884598709643,1.6162808606168255e-05,3.6064097912458237e-06,8.302427545459068e-07,1.2463419807318132e-06,8.565975235796941e-07,1.653619213169093e-09,8.31491950496424e-10,1.2098137929531813e-09
heico__2539187,1,heico,2,2,0.5914714878056132,0.18495948967142248,2,0.9999878156029354,False,1.1915696632058825e-05,0.40650704503059387,0.5914642810821533,0.0018825011793524027,9.976889850804582e-05,1.4373073099704925e-05,4.1179541767633054e-06,1.3369041198529885e-06,1.6126141417771578e-06,8.631701575723127e-07,0.0,0.0,0.0
heico__2539780,1,heico,0,1,0.938255295103284,0.8782746434390499,2,0.9999531964614334,False,0.9382113814353943,0.05997784435749054,0.0015983555931597948,0.00013120101357344538,1.7756125089363195e-05,9.5041687018238e-06,3.0855519526085118e-06,1.2083195315426565e-06,1.6515770084879478e-06,1.2083195315426565e-06,0.0,0.0,0.0
heico__2540077,3,heico,2,2,0.5705746296728735,0.3010542733685322,2,0.9999653381237295,False,0.04133085533976555,0.019523311406373978,0.5705548524856567,0.26951101422309875,0.08749742060899734,0.010450076311826706,0.0008577944827266037,0.00010244893928756937,0.00011608986096689478,2.147446502931416e-05,0.0,0.0,0.0
heico__2540088,2,heico,0,2,0.39698560189383386,0.1562016528087221,2,0.9999411901735584,False,0.3969622552394867,0.14603427052497864,0.24076978862285614,0.1288747787475586,0.06898169219493866,0.015391896478831768,0.00208306685090065,0.00041018016054295003,0.00036198273301124573,7.127862045308575e-05,0.0,0.0,0.0
heico__2540096,2,heico,3,3,0.6260420108580316,0.44667797973687284,3,0.9999515348463319,False,7.725597242824733e-05,0.001369394944049418,0.1232689917087555,0.6260116696357727,0.17935533821582794,0.05822815001010895,0.010118535719811916,0.0009411704377271235,0.0005037722294218838,7.725597242824733e-05,0.0,0.0,0.0
heico__2540107,1,heico,2,2,0.5892259917911992,0.2738360297526425,4,0.9999794916166138,False,0.005097699351608753,0.02588825300335884,0.5892139077186584,0.3153834939002991,0.05480543151497841,0.00840468518435955,0.000885847257450223,0.00013584908447228372,0.00013584908447228372,2.8475516955950297e-05,0.0,0.0,0.0
heico__2540116,2,heico,4,4,0.48853384241340025,0.15276976063168454,4,0.9999684858485125,False,5.320394484442659e-05,0.001068629790097475,0.040100034326314926,0.33575350046157837,0.48851844668388367,0.12351680546998978,0.010138876736164093,0.0005719962646253407,0.00021042567095719278,3.65665000572335e-05,0.0,0.0,0.0
heico__2540118,2,heico,4,4,0.3595702519699851,0.0,6,0.9999642301972926,False,2.6913532565231435e-05,0.00047705371980555356,0.010857692919671535,0.10301492363214493,0.3595573902130127,0.3595573902130127,0.14988581836223602,0.012303377501666546,0.003994322381913662,0.0002893477212637663,0.0,0.0,0.0
heico__2540120,2,heico,3,3,0.5511021774772921,0.3483630068175164,3,0.9999754195778223,False,0.00012705891276709735,0.008907517418265343,0.17891228199005127,0.5510886311531067,0.20273418724536896,0.051259223371744156,0.006122041959315538,0.0005025277496315539,0.00026898374198935926,5.296603558235802e-05,0.0,0.0,0.0
heico__2540160,3,heico,0,2,0.38101215679541117,0.0,3,0.9999647619224561,False,0.38099873065948486,0.031274277716875076,0.38099873065948486,0.1588238924741745,0.04015696793794632,0.0061582704074680805,0.0012126354267820716,0.00014482864935416728,0.00016411235264968127,3.231563823646866e-05,0.0,0.0,0.0
heico__2540164,3,heico,2,2,0.6281581566713029,0.3314372201593499,2,0.9999732343239884,False,0.0005727907991968095,0.01673940010368824,0.6281413435935974,0.2967129945755005,0.051560983061790466,0.005434487480670214,0.0006490569794550538,6.841010326752439e-05,7.751880184514448e-05,1.624882497708313e-05,0.0,0.0,0.0
heico__2540167,4,heico,3,3,0.8288888127120406,0.7167109120411996,3,0.9999545066493738,False,0.0005886288126930594,0.001813104492612183,0.11217279732227325,0.8288511037826538,0.04676058143377304,0.008125770837068558,0.0014120473060756922,0.00011590788926696405,9.026916086440906e-05,2.4295612092828378e-05,0.0,0.0,0.0
heico__2540168,4,heico,3,3,0.41032212993948,0.0,2,0.9999491574126296,False,5.063520075054839e-05,0.0010170352179557085,0.04324543476104736,0.4103012681007385,0.4103012681007385,0.11755328625440598,0.01590910740196705,0.0010170352179557085,0.0004804133786819875,7.367377838818356e-05,0.0,0.0,0.0
heico__2540169,4,heico,3,3,0.4708984107715482,0.10416234596068916,2,0.9999504008228541,False,3.993878999608569e-05,0.00029510995955206454,0.005230949725955725,0.4708750545978546,0.3667178750038147,0.13490796089172363,0.020688805729150772,0.0008021921385079622,0.0003344033902976662,5.811059600091539e-05,0.0,0.0,0.0
heico__2540170,4,heico,3,3,0.7650523491858225,0.6144046166723955,2,0.999959525091981,False,7.352747343247756e-05,0.0006976092117838562,0.03808817267417908,0.7650213837623596,0.15064163506031036,0.03808817267417908,0.0066187321208417416,0.00042312138248234987,0.0002566360926721245,5.0534639740362763e-05,0.0,0.0,0.0
heico__2540171,5,heico,4,4,0.7993007956257954,0.6767240410972233,2,0.9999400376837002,False,6.779121758881956e-05,7.681751594645903e-05,0.000643185165245086,0.06560666859149933,0.7992528676986694,0.12256940454244614,0.011400729417800903,0.00020881163072772324,9.86356390058063e-05,1.5126264770515263e-05,0.0,0.0,0.0
heico__2540172,5,heico,4,4,0.6773874457859199,0.5061170811340447,3,0.9999293870168913,False,6.510023376904428e-05,8.359034836757928e-05,0.0014816743787378073,0.17125827074050903,0.6773396134376526,0.1333760768175125,0.01592950150370598,0.0002574764075689018,0.00012162323400843889,1.645991505938582e-05,0.0,0.0,0.0
heico__2540173,5,heico,3,3,0.9269798498473122,0.8677200125292029,3,0.9999710542406319,False,6.938413571333513e-05,0.00016644387505948544,0.003788245376199484,0.9269530177116394,0.059258121997117996,0.008019715547561646,0.00157917570322752,7.862252095947042e-05,4.768697181134485e-05,1.0640401342243422e-05,0.0,0.0,0.0
heico__2540174,5,heico,3,3,0.8332965908818043,0.7055064166426311,3,0.9999505094674532,False,0.0002176950656576082,0.0004608604940585792,0.008168947882950306,0.8332553505897522,0.1277838498353958,0.02516213059425354,0.004372522700577974,0.00031674449564889073,0.00016954110469669104,4.2866704461630434e-05,0.0,0.0,0.0
heico__2540175,5,heico,3,3,0.8470398474828033,0.7171420729930538,3,0.9999675263679819,False,6.340043182717636e-05,0.0002507535682525486,0.009409458376467228,0.8470123410224915,0.12989355623722076,0.012081981636583805,0.001123799360357225,7.184209243860096e-05,4.937630001222715e-05,1.1017342330887914e-05,0.0,0.0,0.0
heico__2540176,5,heico,3,3,0.8770420242782546,0.7846024796037113,3,0.9999740740786365,False,7.438722241204232e-05,0.00017844568355940282,0.009742804802954197,0.8770192861557007,0.09243714809417725,0.018201954662799835,0.0021739136427640915,8.42917725094594e-05,5.112554572406225e-05,1.0716496035456657e-05,0.0,0.0,0.0
heico__2540177,5,heico,3,3,0.8470774673724832,0.7459084866359317,3,0.9999448592170666,False,0.0004684794694185257,0.0007723920862190425,0.01992025412619114,0.847030758857727,0.10116340219974518,0.02557811327278614,0.004444809630513191,0.0003219809150323272,0.0001952912862179801,4.937737321597524e-05,0.0,0.0,0.0
heico__2540179,3,heico,2,2,0.709732832380084,0.5699781615964923,3,0.9999739630256954,False,0.01891324669122696,0.13975103199481964,0.7097143530845642,0.10883822292089462,0.01891324669122696,0.002900440478697419,0.0006471757078543305,0.0001274364476557821,0.0001274364476557821,4.137256109970622e-05,0.0,0.0,0.0
heico__2540181,5,heico,3,3,0.3692414285064882,0.0,3,0.9999633239785908,False,0.00010930797725450248,0.0015089500229805708,0.03434354066848755,0.36922788619995117,0.36922788619995117,0.1539170742034912,0.06416217982769012,0.0052667525596916676,0.0019375301199033856,0.0002622161991894245,0.0,0.0,0.0
heico__2540182,4,heico,3,3,0.4381357645441748,0.13700974385053719,2,0.9999688656680519,False,0.00021384534193202853,0.005515143740922213,0.09775826334953308,0.43812212347984314,0.3011166453361511,0.12552410364151,0.02800820954144001,0.0026051693130284548,0.0009583883220329881,0.00014697360165882856,0.0,0.0,0.0
heico__2540183,4,heico,2,2,0.7034483527296422,0.5464878106363799,4,0.999980854057867,False,0.0036912874784320593,0.15695753693580627,0.7034348845481873,0.1222386434674263,0.011369965970516205,0.001743640867061913,0.0003890588413923979,6.760829273844138e-05,6.760829273844138e-05,2.0619363567675464e-05,0.0,0.0,0.0
heico__2540184,5,heico,3,3,0.47131310940213716,0.10425408696845564,3,0.9999566427068203,False,0.00026066461578011513,0.0008029036107473075,0.023464279249310493,0.4712926745414734,0.3670431077480316,0.10515961050987244,0.030128732323646545,0.0011682177428156137,0.0005518269608728588,8.462540426990017e-05,0.0,0.0,0.0
heico__2540188,5,heico,3,3,0.5005776817657187,0.11072740204395455,3,0.9999299987175618,False,0.0007525354158133268,0.0009662745869718492,0.024920549243688583,0.5005426406860352,0.38982298970222473,0.07676070183515549,0.0055605266243219376,0.0004028031835332513,0.00016791334201116115,3.306409780634567e-05,0.0,0.0,0.0
heico__2540189,5,heico,4,4,0.4579854129929804,0.10130599089723769,2,0.9999438164559251,False,9.318031516158953e-05,0.00025329034542664886,0.005087472964078188,0.11579034477472305,0.45795968174934387,0.3566593825817108,0.06197810545563698,0.0016516605392098427,0.00041760518797673285,5.3092542657395825e-05,0.0,0.0,0.0
heico__2540190,4,heico,3,3,0.5659696805142213,0.3300384232457203,3,0.9999517050728173,False,0.0005160726141184568,0.004896360915154219,0.23591986298561096,0.5659423470497131,0.16214519739151,0.02817660942673683,0.0020411068107932806,0.00018985250790137798,0.00010162072430830449,2.267464697069954e-05,0.0,0.0,0.0
heico__2540195,3,heico,2,2,0.6148498180056605,0.35854227695446855,2,0.9999701221277064,False,0.0011869039153680205,0.05046844109892845,0.6148314476013184,0.2562998831272125,0.06480275839567184,0.009937824681401253,0.001956873806193471,0.00023371525458060205,0.00020625298202503473,4.602126500685699e-05,0.0,0.0,0.0
heico__2540201,3,heico,2,2,0.5907666720925714,0.3734357393192178,2,0.9999642772381776,False,0.01574283465743065,0.11632468551397324,0.5907455682754517,0.2173231691122055,0.04849134758114815,0.00842653214931488,0.0021305610425770283,0.00032673211535438895,0.0003702359681483358,8.261082257376984e-05,0.0,0.0,0.0
heico__2540208,2,heico,3,3,0.39822236248092696,0.15668828208937305,2,0.9999625671262038,False,0.00011074479698436335,0.032686859369277954,0.24152503907680511,0.3982074558734894,0.21314510703086853,0.08885209262371063,0.019825581461191177,0.0034451696556061506,0.0018440665444359183,0.00032045069383457303,0.0,0.0,0.0
heico__2540209,5,heico,2,2,0.5158690651973904,0.2029786682388923,6,0.9999675633152947,False,0.012131684459745884,0.3128802478313446,0.5158523321151733,0.11510221660137177,0.03297733515501022,0.008337976410984993,0.0018604539800435305,0.00036634510615840554,0.00036634510615840554,9.262654930353165e-05,0.0,0.0,0.0
heico__2540210,5,heico,2,2,0.5914889876752379,0.31208937481121385,5,0.9999814070506545,False,0.0007847613887861371,0.2793944180011749,0.5914779901504517,0.1027834489941597,0.020239263772964478,0.003985347226262093,0.0008892511250451207,0.0001751039526425302,0.00019841875473503023,5.340368443285115e-05,0.0,0.0,0.0
heico__2540211,3,heico,2,2,0.47208655223093066,0.24908863517419425,2,0.9999631885730196,False,0.002477191621437669,0.17366456985473633,0.4720691740512848,0.22298970818519592,0.09295592457056046,0.026632321998476982,0.006733704824000597,0.001325945253483951,0.0009113079286180437,0.00020334028522484004,0.0,0.0,0.0
heico__2540212,3,heico,2,2,0.6451395701844005,0.46030399043488535,2,0.9999785729196446,False,0.0012453856179490685,0.11210603266954422,0.6451257467269897,0.1848316192626953,0.04673275351524353,0.00812093447893858,0.0014112067874521017,0.0001685446040937677,0.00019098608754575253,4.536316919256933e-05,0.0,0.0,0.0
heico__2540214,3,heico,2,2,0.609701440577784,0.3555400795528473,2,0.9999661002111679,False,0.0008089125039987266,0.02678750455379486,0.6096807718276978,0.25415274500846863,0.09349757432937622,0.012653520330786705,0.0019404803169891238,0.00020452510216273367,0.00020452510216273367,3.55411357304547e-05,0.0,0.0,0.0
heico__2540218,4,heico,3,3,0.4072906450557135,0.04785791416572956,3,0.999959444074193,False,0.0005403633113019168,0.07077362388372421,0.3594181537628174,0.40727412700653076,0.11668599396944046,0.03343109413981438,0.009578169323503971,0.0012962643522769213,0.0007862240308895707,0.00017543029389344156,0.0,0.0,0.0
heico__2540231,2,heico,2,2,0.3933184811955902,4.9413036569323845e-05,1,0.9999352736081031,True,0.007203413173556328,0.3932436132711943,0.39329302310943604,0.12768355011940002,0.04697215184569359,0.019580906257033348,0.007203413173556328,0.0020638122223317623,0.0020638122223317623,0.0005912921042181551,2.597609168375828e-05,4.513968195663876e-06,5.796049472041559e-06
heico__2540281,2,heico,3,3,0.2297524458456696,0.02699662481731642,2,0.9999393814941868,False,0.0017540751723572612,0.05126159265637398,0.2027435302734375,0.2297385185956955,0.2027435302734375,0.13934345543384552,0.09576926380395889,0.03523154556751251,0.03523154556751251,0.006122324150055647,0.0,0.0,0.0
heico__2625345,2,heico,1,1,0.7729704544210388,0.5775328609026505,2,0.9999841498677989,True,7.908162660896778e-05,0.7729582027371488,0.19543449580669403,0.02334132231771946,0.005901610013097525,0.0016908397665247321,0.0003772773779928684,8.961122512118891e-05,8.418195648118854e-05,2.7329879230819643e-05,1.2656204102938064e-07,3.199989512156893e-08,3.859924320893364e-08
heico__2625357,4,heico,1,1,0.7016307991911344,0.47384454456941427,4,0.9999741743971485,True,2.4807281079120003e-05,0.701612679152766,0.22778037190437317,0.05082467570900917,0.01456151157617569,0.003681726986542344,0.0009308863081969321,0.00023536491789855063,0.00023536491789855063,8.658591832499951e-05,1.3017636135577687e-07,2.728644586662778e-08,4.2262076706060906e-08
heico__2625373,3,heico,2,2,0.2856524381842023,0.03356503710822879,2,0.9999664772185497,False,9.001692524179816e-05,0.1732511669397354,0.2856428623199463,0.25207895040512085,0.19631929695606232,0.07222183048725128,0.016114870086312294,0.0024712951853871346,0.0014989163028076291,0.00027727161068469286,0.0,0.0,0.0
heico__2625397,1,heico,1,1,0.4922279180583536,0.1088797977018758,1,0.9999723675625072,True,3.68432083632797e-05,0.4922143166011756,0.38333752751350403,0.08553415536880493,0.027768880128860474,0.007955916225910187,0.0020115708466619253,0.0005086047458462417,0.00044884212547913194,0.00015511568926740438,3.8449110070431106e-07,8.579154997214589e-08,1.248259833113803e-07
heico__2625410,2,heico,1,1,0.5176579376580557,0.16187677029062356,2,0.9999706830050764,True,0.00030476521351374686,0.5176427614829252,0.3557707369327545,0.08995291590690613,0.029203440994024277,0.00575049826875329,0.0009992867708206177,0.00016312907973770052,0.00014396090409718454,3.87465552194044e-05,2.958320074081898e-07,7.026626437761958e-08,7.47980525923325e-08
heico__2625424,3,heico,1,1,0.5214673905290175,0.3040843229357209,3,0.9999585477575885,True,0.00010609924356685951,0.5214457745363356,0.2173740565776825,0.13184402883052826,0.07057102024555206,0.03777394816279411,0.013896258547902107,0.0035135243088006973,0.0027363356202840805,0.000691853987518698,3.6304389636015425e-06,9.771193895111635e-07,1.0401382704605959e-06
heico__2625436,2,heico,4,4,0.4297400687486652,0.13438432289581784,4,0.9999708097275288,False,3.8799473259132355e-05,0.0032810100819915533,0.07467544078826904,0.29534712433815,0.4297275245189667,0.17913708090782166,0.016662344336509705,0.0008295692969113588,0.00023767557286191732,3.424041278776713e-05,0.0,0.0,0.0
heico__2625437,4,heico,1,1,0.35446851715571104,0.04164787641347544,4,0.9999622810205109,True,0.00015268051356542856,0.3544551469649829,0.3128088414669037,0.18972817063331604,0.08962123841047287,0.04233407601714134,0.008336073718965054,0.0014485924039036036,0.0008786157122813165,0.00019604565750341862,1.6960901543070666e-06,5.17278246053824e-07,5.861530748413403e-07
heico__2625457,3,heico,4,4,0.4805775507398531,0.10630336569035433,2,0.9999528853859374,False,0.00011794245801866055,0.004157614894211292,0.07369548827409744,0.37425655126571655,0.4805549085140228,0.06503603607416153,0.0019639180973172188,0.00011794245801866055,4.3388605263317004e-05,9.094745109905489e-06,0.0,0.0,0.0
heico__2625463,2,heico,1,1,0.6923464105096433,0.4675742693055756,2,0.9999793787546193,True,0.00021818032837472856,0.6923321334644237,0.2247675061225891,0.05683012679219246,0.018450040370225906,0.005286024883389473,0.0013365164631977677,0.0003174504963681102,0.0003379243134986609,0.00010306108015356585,2.7193782301589497e-07,6.459089264347545e-08,7.791149020890722e-08
heico__2625465,2,heico,1,1,0.3789308632129587,0.11848857942045943,2,0.9999587021703542,True,0.0001353136176476255,0.3789152141907222,0.26043152809143066,0.17899180948734283,0.09580740332603455,0.058110129088163376,0.018865596503019333,0.00476996973156929,0.0032783490605652332,0.0006455452530644834,4.928609527308418e-06,1.4120702888278716e-06,1.503140978443223e-06
heico__2625466,3,heico,4,4,0.3120974154238131,0.0,3,0.9999552624176431,False,3.192935764673166e-05,0.00831674225628376,0.03727305307984352,0.16704624891281128,0.3120834529399872,0.3120834529399872,0.1300957351922989,0.02260725013911724,0.009424104355275631,0.0009932932443916798,0.0,0.0,0.0
heico__2625511,2,heico,1,1,0.4644555829080396,0.18274792608710597,2,0.9999748835057096,True,2.7074707759311423e-05,0.4644439174120434,0.28170058131217957,0.1507834494113922,0.06285589188337326,0.029691021889448166,0.0075070662423968315,0.0016750529175624251,0.0010159709490835667,0.00027344486443325877,9.264385372965145e-07,2.2004843170722046e-07,2.654290685941208e-07
heico__2625518,2,heico,3,3,0.4155995957234507,0.129962448357944,3,0.9999722217180533,False,2.422656507405918e-05,0.016114097088575363,0.22244825959205627,0.41558805108070374,0.2856292128562927,0.05624372512102127,0.003595540998503566,0.00022985524265095592,8.455901843262836e-05,1.4694154742755927e-05,0.0,0.0,0.0
heico__2625525,4,heico,1,1,0.8923084896937638,0.798259853862189,4,0.9999881784930955,True,0.00018155445286538452,0.8922979412627919,0.09404752403497696,0.008747783489525318,0.0032181295100599527,0.0009220095234923065,0.00033918838016688824,8.576024993089959e-05,0.00011011833703378215,3.8055877666920424e-05,6.483252306145915e-08,1.9772802936581506e-08,2.8769259220302282e-08
heico__2625532,3,heico,3,3,0.34299588692051236,0.0,1,0.9999645353364031,False,4.796340363100171e-05,0.036150217056274414,0.14297688007354736,0.3429837226867676,0.3429837226867676,0.12617667019367218,0.008066204376518726,0.00042749318527057767,0.00013037804455962032,2.1283629394019954e-05,0.0,0.0,0.0
heico__2625533,5,heico,4,4,0.3776011653789655,0.08352507976770633,3,0.9999505432278966,False,7.682609430048615e-05,0.018798723816871643,0.10817919671535492,0.294061541557312,0.37758249044418335,0.1783573478460312,0.021301746368408203,0.0012017623521387577,0.00034431065432727337,4.6597378968726844e-05,0.0,0.0,0.0
heico__2625550,2,heico,1,1,0.5194775127697636,0.2740911269470122,2,0.9999739127991343,True,3.888323772116564e-05,0.5194639610555427,0.2453799843788147,0.13134242594242096,0.06204177439212799,0.029306460171937943,0.008396441116929054,0.0021229528356343508,0.0014590827049687505,0.0004180341784376651,2.4856821799435977e-06,6.690122601056943e-07,7.580901589138313e-07
heico__2625553,3,heico,2,2,0.6153515222094886,0.3588348588126163,2,0.9999746796843283,False,2.973794107674621e-05,0.09436482936143875,0.6153359413146973,0.2565101683139801,0.03063577227294445,0.0028495709411799908,0.00020642222079914063,2.0438565115910023e-05,1.6944168237387203e-05,4.85458485854906e-06,0.0,0.0,0.0
heico__2625561,3,heico,1,1,0.27712981738900844,0.03256249814578361,3,0.9999711828149996,True,0.00014398613711819053,0.2771218312877916,0.24456027150154114,0.2158236801624298,0.19046373665332794,0.06183452159166336,0.00836839247494936,0.0009994619758799672,0.0005349733983166516,0.00011936870578210801,5.884299471713866e-07,1.7946101377145523e-07,1.910352385658685e-07
heico__2625670,3,heico,4,4,0.30446466235758946,0.0,3,0.9999539151249337,False,3.3157346479129046e-05,0.0049209860153496265,0.032088860869407654,0.1629606932401657,0.3044506311416626,0.3044506311416626,0.1629606932401657,0.022054331377148628,0.005576207768172026,0.0004577229847200215,0.0,0.0,0.0
heico__2625676,5,heico,2,2,0.38637539271834975,0.08546593036952392,5,0.9999585917685181,False,7.861191261326894e-05,0.12543252110481262,0.38635939359664917,0.3008970022201538,0.1421336978673935,0.04072197899222374,0.0037877343129366636,0.000330968527123332,0.0001771546812960878,3.952855331590399e-05,0.0,0.0,0.0
heico__2625694,5,heico,4,4,0.49948984661367374,0.19653395216698122,3,0.9999661641068087,False,4.5096683606971055e-05,0.0012380697298794985,0.04645821824669838,0.30294564366340637,0.4994729459285736,0.14310139417648315,0.006287436466664076,0.0003130330005660653,8.968546171672642e-05,1.464074921386782e-05,0.0,0.0,0.0
heico__2625695,4,heico,1,1,0.8738981953310699,0.7556289249611405,4,0.999985273797881,True,3.967433804064058e-05,0.8738853261296141,0.11826752871274948,0.005888193845748901,0.0013138335198163986,0.00037641962990164757,0.00010784602636704221,3.7270587199600413e-05,4.7856385208433494e-05,2.1236141037661582e-05,4.944972869932086e-08,1.4167583639800772e-08,2.486488473221621e-08
heico__2625719,2,heico,2,2,0.4497423847550923,0.14063926431928866,1,0.9999653255599696,False,6.694661715300754e-05,0.3090924024581909,0.44972679018974304,0.18747401237487793,0.04740085452795029,0.0056612249463796616,0.0004365467466413975,5.908018283662386e-05,3.5833938454743475e-05,1.1633577742031775e-05,0.0,0.0,0.0
heico__2625742,1,heico,2,2,0.41476365452493724,0.1297010511182389,4,0.9999703357680119,False,0.0001227849570568651,0.11882825195789337,0.4147513508796692,0.28505414724349976,0.13465005159378052,0.038577884435653687,0.006703830789774656,0.000706578663084656,0.000485623866552487,8.983138104667887e-05,0.0,0.0,0.0
heico__2625756,4,heico,1,1,0.9139964429980574,0.8389710337495313,4,0.9999880859279686,True,5.005238563171588e-05,0.9139855535785991,0.07502451539039612,0.007907525636255741,0.0019993355963379145,0.0006490892264991999,0.00021072840900160372,6.426854088203982e-05,6.841350841568783e-05,2.8518990802695043e-05,5.1718883915945073e-08,1.3919950134097742e-08,1.902631275344046e-08
heico__2625764,3,heico,1,1,0.524787906772596,0.276894756884652,3,0.999965635472273,True,0.00047852989519014955,0.524769872684023,0.2478846311569214,0.13268306851387024,0.06267505139112473,0.023056861013174057,0.00582968769595027,0.0013007791712880135,0.0010130477603524923,0.0002726581005845219,1.046772545621079e-06,1.8190179729122725e-07,2.1941545128573153e-07
heico__2625817,2,heico,1,1,0.6181164557378807,0.24320985623387564,2,0.9999883941188488,True,2.1639184524246957e-06,0.6181092819517577,0.37490224838256836,0.006866574753075838,9.794641664484516e-05,7.0952150963421445e-06,1.6852612816364854e-06,4.0028464809438447e-07,5.82410677907319e-07,4.1299102804259746e-07,1.0561968000153752e-09,6.018028534096602e-10,8.756178371318743e-10
heico__2625828,1,heico,2,2,0.6439368293013126,0.40704569844155236,3,0.9999781296562276,False,1.3672945442522177e-06,0.11189698427915573,0.643922746181488,0.2368859499692917,0.0071533359587192535,0.0001086176562239416,6.943694643268827e-06,8.293060886899184e-07,8.827917099551996e-07,4.725243627490272e-07,0.0,0.0,0.0
heico__2625991,2,heico,1,1,0.8662326633932714,0.7333915683528409,2,0.9999925987606619,True,2.848810254363343e-06,0.8662262521980072,0.1328401118516922,0.0008950695628300309,2.3852797312429175e-05,2.676209533092333e-06,9.248732908417878e-07,2.4892622718653e-07,3.6218557397660334e-07,2.4892622718653e-07,1.082913701246387e-09,5.445231968063875e-10,7.922765055828324e-10
heico__2626000,1,heico,2,2,0.7849742113673926,0.6645945116509454,3,0.9999776077704325,False,6.192777618707623e-06,0.09374970197677612,0.7849566340446472,0.12037700414657593,0.0008634048863314092,2.0305338694015518e-05,2.9252612421259983e-06,4.3480125100359146e-07,6.326320658445184e-07,3.719052301676129e-07,0.0,0.0,0.0
heico__2626033,2,heico,1,1,0.7965567132943129,0.5951556383606158,2,0.9999918356885314,True,1.800465838641685e-06,0.7965502099572032,0.20139943063259125,0.001974450657144189,5.601085285888985e-05,6.284243227128172e-06,2.04019511329534e-06,5.158421458872908e-07,6.623543526984577e-07,4.2764813201756624e-07,1.2011739805052533e-09,6.42942148825584e-10,9.958082100624796e-10
heico__2626035,1,heico,2,2,0.484219177730848,6.006115160094327e-09,2,0.9999849534227249,True,3.1669781037635403e-06,0.48421188588354735,0.48421189188957214,0.030954629182815552,0.0005669538513757288,2.822697024384979e-05,4.607926257449435e-06,1.0944784207822522e-06,1.4959745158193982e-06,9.965340268536238e-07,1.4521300375940755e-09,9.375656210838068e-10,1.364149925143152e-09
heico__2626124,1,heico,2,2,0.7052459060000422,0.4458004231334843,2,0.9999830208747085,False,3.592271923480439e-06,0.259441077709198,0.7052339315414429,0.035111527889966965,0.00018424837617203593,6.711247351631755e-06,1.1662399401757284e-06,2.1573269748387247e-07,3.3413331834708515e-07,2.1573269748387247e-07,0.0,0.0,0.0
heico__2626163,2,heico,3,3,0.6211421521257573,0.2886687066849311,2,0.9999761009445294,False,1.2389836001602816e-06,0.0011990577913820744,0.3324654996395111,0.6211273074150085,0.04499431326985359,0.00018388147873338312,4.324477686168393e-06,2.086788981614518e-07,1.900042860825124e-07,7.920557010265838e-08,0.0,0.0,0.0
heico__2628036,3,heico,2,2,0.5588678196026234,0.259727439359797,2,0.9999645780499122,False,0.00044972344767302275,0.0017786907264962792,0.5588480234146118,0.29912978410720825,0.12469584494829178,0.013142845593392849,0.001569689135067165,0.00011370789434295148,0.00021243431547190994,2.3834467356209643e-05,0.0,0.0,0.0
heico__2628038,3,heico,2,2,0.6350184931350138,0.4288581640502133,2,0.9999619458121742,False,0.001225827494636178,0.0020210479851812124,0.6349943280220032,0.20615248382091522,0.14168639481067657,0.011630327440798283,0.0017835685284808278,0.00012920126027893275,0.00030993774998933077,2.8828699214500375e-05,0.0,0.0,0.0
heico__2628048,3,heico,2,2,0.6592493724246654,0.47037125350158165,2,0.999967259769619,False,0.004441841971129179,0.010655425488948822,0.6592277884483337,0.18887193500995636,0.11455661058425903,0.017567826434969902,0.003459310159087181,0.0004131556488573551,0.0006811785278841853,9.218749619321898e-05,0.0,0.0,0.0
heico__2628060,3,heico,2,2,0.5436749704320681,0.2526667305858266,2,0.999961473615258,False,0.001049499143846333,0.011283178813755512,0.5436540246009827,0.2909970283508301,0.12130560725927353,0.02706693857908249,0.0036631119437515736,0.0004374963464215398,0.0004374963464215398,6.709223089274019e-05,0.0,0.0,0.0
heico__2628062,3,heico,4,4,0.6388593569690936,0.43145208946786046,2,0.9999432347904076,False,0.00027516830596141517,0.0009604317019693553,0.028067929670214653,0.2073954939842224,0.6388230919837952,0.11101080477237701,0.011700454168021679,0.0009604317019693553,0.0006600944325327873,8.933406934374943e-05,0.0,0.0,0.0
heico__2628066,3,heico,2,2,0.4701109653753041,0.14700873924282465,2,0.9999659940585843,False,0.00029462104430422187,0.004067118279635906,0.4700949788093567,0.3230912387371063,0.1729383021593094,0.026520945131778717,0.0024668320547789335,0.00022945113596506417,0.00022945113596506417,3.305557038402185e-05,0.0,0.0,0.0
heico__2628084,4,heico,3,3,0.5686297557917273,0.3315896139875157,2,0.9999672708436265,False,0.0007544221007265151,0.0038312715478241444,0.11196616291999817,0.5686111450195312,0.23703238368034363,0.06791091710329056,0.008110801689326763,0.0009686972480267286,0.0006657751509919763,0.00011569438356673345,0.0,0.0,0.0
heico__2628085,4,heico,3,3,0.3905042078538556,0.04588546106099251,2,0.9999729921255494,False,0.0007538300706073642,0.002631125506013632,0.20901620388031006,0.3904936611652374,0.34460943937301636,0.04663781821727753,0.004915589466691017,0.0004034961457364261,0.0004572210309561342,5.4607269703410566e-05,0.0,0.0,0.0
heico__2628087,4,heico,2,2,0.480942127079618,0.18923597813380139,3,0.9999696426493756,False,0.0004385491192806512,0.0022271363995969296,0.4809275269508362,0.29169729351997375,0.2004804164171219,0.021130479872226715,0.0025236760266125202,0.00020715594291687012,0.00030141009483486414,3.5998305975226685e-05,0.0,0.0,0.0
heico__2628094,4,heico,3,3,0.2974452778099332,0.0,2,0.9999445576831931,False,0.024414440616965294,0.031348761171102524,0.23163776099681854,0.29742878675460815,0.29742878675460815,0.09656098484992981,0.016779784113168716,0.002573263132944703,0.0015607629902660847,0.0002112263027811423,0.0,0.0,0.0
heico__2628095,4,heico,3,3,0.38559851486049185,0.04530901457434798,2,0.999966290924931,False,3.705926064867526e-05,0.005500081926584244,0.18213771283626556,0.3855855166912079,0.3402780294418335,0.0759262815117836,0.009068102575838566,0.0008434649207629263,0.0005115873063914478,7.84544536145404e-05,0.0,0.0,0.0
heico__2628100,3,heico,2,2,0.29780170500913816,0.06587350190722925,3,0.9999276401940733,False,0.0403001606464386,0.23191142082214355,0.2977801561355591,0.23191142082214355,0.12413322925567627,0.0517464280128479,0.014825600199401379,0.003748498857021332,0.0029193339869379997,0.0006513914559036493,0.0,0.0,0.0
heico__2628113,3,heico,4,4,0.46149298964529895,0.14431381807837473,2,0.9999534947855864,False,0.0016643261769786477,0.0010094648459926248,0.029500886797904968,0.31716442108154297,0.4614715278148651,0.169765904545784,0.017893191426992416,0.0010094648459926248,0.00042080756975337863,5.349967977963388e-05,0.0,0.0,0.0
heico__2628115,4,heico,2,2,0.35811508866559166,0.11198641881225865,4,0.9999544461607002,False,0.0007833379204384983,0.19167648255825043,0.3580987751483917,0.2461174577474594,0.11625765264034271,0.05491622909903526,0.020202552899718285,0.005788127891719341,0.0051080044358968735,0.0010058258194476366,0.0,0.0,0.0
heico__2628116,3,heico,2,2,0.26964357130106387,0.03168395383220847,2,0.9999552509689238,False,0.12736491858959198,0.1123991385102272,0.2696315050125122,0.2379489690065384,0.16353978216648102,0.06817352026700974,0.01521157007664442,0.002995335729792714,0.002332769799977541,0.00035774181014858186,0.0,0.0,0.0
heico__2628118,3,heico,2,2,0.35238205861616556,0.13865153477052528,3,0.9999516386305913,False,0.2137201875448227,0.14688758552074432,0.35236501693725586,0.18860740959644318,0.06938478350639343,0.022525940090417862,0.005026216618716717,0.0007707953336648643,0.0005297593306750059,0.00013394415145739913,0.0,0.0,0.0
heico__2628121,4,heico,3,3,0.40472292859766806,0.12656119650651487,2,0.9999550091815763,False,0.0014595931861549616,0.017781484872102737,0.19116899371147156,0.4047047197818756,0.27814921736717224,0.09030183404684067,0.013848233968019485,0.0016539357602596283,0.0007812639232724905,0.00010573256440693513,0.0,0.0,0.0
heico__2628123,4,heico,3,3,0.3826738725292094,0.11966622591690014,3,0.9999613381369272,False,0.004250958561897278,0.01905147358775139,0.26299747824668884,0.38265907764434814,0.23209446668624878,0.08538278192281723,0.011555302888154984,0.0012179199839010835,0.0006519056623801589,9.99729527393356e-05,0.0,0.0,0.0
heico__2628128,4,heico,3,3,0.7683084160910397,0.6170195162733634,3,0.9999711210880378,False,0.0002920478582382202,0.0006182653014548123,0.15128453075885773,0.7682862281799316,0.0714617520570755,0.007532014045864344,0.00042492710053920746,3.488014408503659e-05,3.07816153508611e-05,5.6940266404126305e-06,0.0,0.0,0.0
heico__2628137,4,heico,4,4,0.4256054641307803,0.0500099789603161,1,0.9999496808668482,False,0.0002077255630865693,0.0004983076942153275,0.030829206109046936,0.37557658553123474,0.4255840480327606,0.1565636396408081,0.010008777491748333,0.00043975497828796506,0.0002077255630865693,3.391026257304475e-05,0.0,0.0,0.0
heico__2628236,2,heico,3,3,0.35675049606823894,0.04191929503588858,3,0.9999579584182356,False,7.726567855570465e-05,0.0331815667450428,0.21637101471424103,0.356735497713089,0.31481796503067017,0.07024537771940231,0.007403808645904064,0.0006886615301482379,0.0003686139243654907,6.818671681685373e-05,0.0,0.0,0.0
heico__2628321,2,heico,0,2,0.9525242829361894,0.935078191317777,2,0.9999906987795839,False,0.9525154232978821,0.010581491515040398,0.01744592934846878,0.011990400031208992,0.0049983421340584755,0.0018387873424217105,0.00036207871744409204,0.000117549738206435,0.000117549738206435,2.3146916646510363e-05,0.0,0.0,0.0
heico__2628322,2,heico,0,2,0.7066607492146563,0.5838615271386021,2,0.9999789108878758,False,0.7066458463668823,0.08439681679010391,0.12279663234949112,0.05800502374768257,0.02133885584771633,0.005395307671278715,0.0009375638910569251,0.00023705327475909144,0.00018461726722307503,4.119368168176152e-05,0.0,0.0,0.0
heico__2628333,2,heico,0,2,0.6171916702642687,0.390139510759829,2,0.9999679407837903,False,0.6171718835830688,0.0946463793516159,0.22704488039016724,0.05066055431962013,0.00880348403006792,0.0013500581262633204,0.0002070381015073508,4.076822006027214e-05,3.379804184078239e-05,9.096619578485843e-06,0.0,0.0,0.0
heico__2628396,1,heico,3,3,0.3545286321541577,0.07842144662864378,5,0.9999646200885763,False,0.013746079988777637,0.04234091192483902,0.2760974168777466,0.35451608896255493,0.2150248885154724,0.07910323143005371,0.015576350502669811,0.002108029555529356,0.0012785847065970302,0.0001730376243358478,0.0,0.0,0.0
lapchole__1005681,1,lapchole,4,4,0.3453009209991468,0.10797929537090088,6,0.9999637269502273,False,1.8908947822637856e-05,0.011815118603408337,0.07704425603151321,0.23731301724910736,0.34528839588165283,0.23731301724910736,0.07704425603151321,0.010426806285977364,0.0033850884065032005,0.0003148622636217624,0.0,0.0,0.0
lapchole__1005695,2,lapchole,3,3,0.47062463829405693,0.10410182341621575,4,0.9999735033379693,False,2.920352744695265e-05,0.0008017442305572331,0.043773747980594635,0.47061216831207275,0.36651310324668884,0.10500776767730713,0.012541389092803001,0.000486282428028062,0.00017889331502374262,2.920352744695265e-05,0.0,0.0,0.0
lapchole__1005727,3,lapchole,2,2,0.33541224073162323,0.039411991013502325,2,0.9999667491792934,False,0.00021020480198785663,0.1233871802687645,0.33540108799934387,0.2959904074668884,0.17952726781368256,0.051435425877571106,0.011476794257760048,0.0015532153192907572,0.0008313762373290956,0.00015378913667518646,0.0,0.0,0.0
lapchole__1005742,1,lapchole,2,2,0.47968501353485804,0.25309784796598045,2,0.9999742681757198,False,0.00017129020125139505,0.22658133506774902,0.4796726703643799,0.19995732605457306,0.0735601931810379,0.016413496807217598,0.002852238016203046,0.00043740487308241427,0.0002652994589880109,6.301415123743936e-05,0.0,0.0,0.0
lapchole__1005744,4,lapchole,2,2,0.3385932179059017,0.0,3,0.9999715608428232,False,0.00027246939134784043,0.06667105853557587,0.3385835886001587,0.3385835886001587,0.18123073875904083,0.05883700028061867,0.01312830951064825,0.0015679531497880816,0.0009510116651654243,0.00014584235032089055,0.0,0.0,0.0
lapchole__1005749,2,lapchole,1,1,0.5090579488494436,0.15918742321981452,2,0.9999789806467345,True,0.0004096476477570832,0.509047248780584,0.3498631715774536,0.10023746639490128,0.03254234418272972,0.0064079673029482365,0.001113537815399468,0.0001507009583292529,0.0001604203280294314,4.5961194700794294e-05,3.5091645694286443e-07,6.909955191172897e-08,9.444789273036515e-08
lapchole__1005795,3,lapchole,4,4,0.5699024084814728,0.3006995585065657,2,0.9999733504864707,False,2.1449337509693578e-05,0.00027815927751362324,0.01950046792626381,0.26919567584991455,0.5698872208595276,0.1271590292453766,0.013402463868260384,0.00035716351703740656,0.00014888790610712022,2.283269895997364e-05,0.0,0.0,0.0
lapchole__1005896,5,lapchole,3,3,0.4356151942548191,0.09635773533764695,4,0.9999767792323837,False,8.863185212248936e-05,0.021687498316168785,0.3392495810985565,0.43560507893562317,0.16025017201900482,0.03575664013624191,0.006213572341948748,0.0006549057434312999,0.00039722039946354926,7.347838982241228e-05,0.0,0.0,0.0
lapchole__1006043,5,lapchole,4,4,0.3329722968845186,0.07365320220549974,3,0.9999581753872917,False,9.857057739282027e-05,0.00474939588457346,0.05106082186102867,0.25930824875831604,0.3329583704471588,0.2288387268781662,0.09539417177438736,0.01878422684967518,0.007830430753529072,0.00093521160306409,0.0,0.0,0.0
lapchole__1006359,2,lapchole,1,1,0.9005813182562378,0.8056607464276283,2,0.999986146705546,True,0.0001427053357474506,0.9005688422380562,0.09491925686597824,0.004170461557805538,0.00016170632443390787,1.6011095794965513e-05,4.587255716614891e-06,8.485569651384139e-07,1.0235551144432975e-06,7.034784630377544e-07,2.3599068437547303e-10,8.681612292286586e-11,1.1866356758390145e-10
lapchole__1007303,1,lapchole,2,2,0.3367532775373263,0.03956956336692963,4,0.9999599142174702,False,0.0005062677664682269,0.1093233972787857,0.33673977851867676,0.29717180132865906,0.1802438199520111,0.05851659178733826,0.013056817464530468,0.0025710398331284523,0.0015594146680086851,0.00027098561986349523,0.0,0.0,0.0
lapchole__1007350,3,lapchole,2,2,0.4098316024687155,0.1281587162301424,4,0.9999637399232597,False,0.13304801285266876,0.2816626727581024,0.4098167419433594,0.11741446703672409,0.04319436848163605,0.010921246372163296,0.002761323470622301,0.0005437368527054787,0.0004798460577148944,0.00012132409756304696,0.0,0.0,0.0
lapchole__1007370,1,lapchole,2,2,0.5012402368008242,0.2644710879829962,3,0.9999722072607256,False,0.0008538991678506136,0.1627243608236313,0.5012263059616089,0.23676256835460663,0.0768655464053154,0.01715102046728134,0.0033772364258766174,0.0005179159925319254,0.0004033533623442054,9.000029967864975e-05,0.0,0.0,0.0
lapchole__1007377,2,lapchole,2,2,0.42070924960822137,1.865888350403483e-06,1,0.9999687668504468,True,0.0032120542600750923,0.4206942437032371,0.42069610953330994,0.10636863112449646,0.03913083299994469,0.00770531827583909,0.0015172670828178525,0.00026366146630607545,0.00029876758344471455,8.041220280574635e-05,1.0775160769569428e-06,1.652424447310207e-07,2.2585964830213494e-07
lapchole__1007449,3,lapchole,2,2,0.47163090532947716,0.18557231006378394,2,0.9999768003253848,False,0.00013962060620542616,0.02072153426706791,0.47161996364593506,0.2860519587993622,0.17349930107593536,0.03871292248368263,0.007623026613146067,0.0008034611819311976,0.0007090519065968692,9.595974552212283e-05,0.0,0.0,0.0
lapchole__1007524,5,lapchole,3,3,0.46944109690492636,0.14679925001707467,4,0.9999733133154223,False,0.0002022028638748452,0.014175514690577984,0.3226332366466522,0.46942856907844543,0.1524011492729187,0.0340052954852581,0.005909233819693327,0.0007057572947815061,0.00042806347482837737,8.429068839177489e-05,0.0,0.0,0.0
lapchole__1007671,5,lapchole,4,4,0.3489480088285036,0.10911976754287595,3,0.999950615252601,False,0.00028079611365683377,0.003018842777237296,0.04167383909225464,0.23981639742851257,0.3489307761192322,0.23981639742851257,0.09997034817934036,0.017372239381074905,0.008206065744161606,0.0008649129886180162,0.0,0.0,0.0
lapchole__1073590,6,lapchole,5,5,0.5304192753698103,0.16586778619466516,2,0.9999314803608286,False,3.291256507509388e-05,0.00013017172750551254,0.0005480434047058225,0.00458871154114604,0.0813368558883667,0.5303829312324524,0.36452651023864746,0.016016175970435143,0.002167553873732686,0.00020161391876172274,0.0,0.0,0.0
lapchole__1073634,4,lapchole,1,1,0.6028097972929244,0.4071058862795334,4,0.9999753950375708,True,0.0014941811095923185,0.60279496518051,0.19569909572601318,0.10475017130374908,0.0635341927409172,0.023372923955321312,0.0059096007607877254,0.0011636693961918354,0.0010269347112625837,0.00022914008877705783,3.4449681796920606e-07,7.686763522990896e-08,9.869999533341386e-08
lapchole__1073637,8,lapchole,6,6,0.22838258789693974,0.02683567377126388,5,0.9999419285959448,False,8.680979226483032e-05,0.007814368233084679,0.024069948121905327,0.08401238918304443,0.1569557934999466,0.2015352100133896,0.2283693253993988,0.17785421013832092,0.10787403583526611,0.011369838379323483,0.0,0.0,0.0
lapchole__1073658,7,lapchole,6,6,0.21344209725562222,0.02508010856570865,3,0.9999360733199865,False,0.00018283003009855747,0.012040809728205204,0.0370883010327816,0.08897021412849426,0.1466870903968811,0.18834994733333588,0.21342845261096954,0.16621825098991394,0.12945090234279633,0.017519274726510048,0.0,0.0,0.0
lapchole__1073767,3,lapchole,4,4,0.29978191085140343,0.06631152252105235,2,0.999975967570208,False,3.2648094929754734e-05,0.00622162502259016,0.0858868882060051,0.233464777469635,0.299774706363678,0.233464777469635,0.09732259809970856,0.024607006460428238,0.016912132501602173,0.0022888078819960356,0.0,0.0,0.0
lapchole__1073777,9,lapchole,8,8,0.2669292485914029,0.05904453100269805,6,0.9999413485929836,False,0.00016728186164982617,0.019335156306624413,0.017063215374946594,0.04093252867460251,0.07647202908992767,0.1112661361694336,0.18344685435295105,0.20787252485752106,0.26691359281539917,0.07647202908992767,0.0,0.0,0.0
lapchole__1073792,2,lapchole,3,3,0.24785280664029039,0.054824839620518775,2,0.9999658336600987,False,5.042848351877183e-05,0.17034076154232025,0.19302137196063995,0.24784433841705322,0.19302137196063995,0.13266152143478394,0.043068885803222656,0.01233944296836853,0.00660482794046402,0.001012883149087429,0.0,0.0,0.0
lapchole__1073952,5,lapchole,3,3,0.24506989329109452,0.0,4,0.9999542671284871,False,8.220803283620626e-05,0.0901520624756813,0.16842621564865112,0.24505868554115295,0.24505868554115295,0.1486356109380722,0.06196054071187973,0.022794008255004883,0.01566607691347599,0.0021201730705797672,0.0,0.0,0.0
lapchole__1074028,10,lapchole,6,6,0.246552657079221,0.02897071322974346,11,0.9999420560634462,False,6.85643608449027e-05,0.0027387940790504217,0.008436079137027264,0.042841941118240356,0.11645648628473282,0.21756933629512787,0.24653837084770203,0.21756933629512787,0.13196247816085815,0.015760669484734535,0.0,0.0,0.0
lapchole__1074153,3,lapchole,1,1,0.6143876809018136,0.24174272644917125,3,0.9999827426242547,True,3.7748632166767493e-06,0.614377078182751,0.3726385235786438,0.012750988826155663,0.000193613552255556,1.317556689173216e-05,3.1294714517571265e-06,6.767956506337214e-07,1.0815164159794222e-06,6.98279507105326e-07,8.176004169614769e-10,4.958997557779859e-10,6.778146132768163e-10
lapchole__1074270,4,lapchole,3,3,0.540992198320915,0.1196670349257658,3,0.9999797313140846,False,2.016049620578997e-06,0.0028388090431690216,0.42131662368774414,0.5409812331199646,0.03458377346396446,0.0002480523835401982,7.973630090418737e-06,5.776078637609317e-07,4.78853735330631e-07,1.9347439206285344e-07,0.0,0.0,0.0
lapchole__1075682,2,lapchole,3,3,0.2226766970338066,0.0,4,0.9999222959158942,False,0.17340731620788574,0.03869239613413811,0.15303142368793488,0.2226593941450119,0.2226593941450119,0.11918099224567413,0.043844230473041534,0.012561583891510963,0.012561583891510963,0.001323981094174087,0.0,0.0,0.0
lapchole__1075690,3,lapchole,4,4,0.883762581314997,0.8015598565842353,2,0.9999502451155422,False,0.0010347281349822879,0.00023087902809493244,0.0036115560214966536,0.08219863474369049,0.8837186098098755,0.026685990393161774,0.0021905195899307728,0.00014003521937411278,0.0001235806557815522,1.5711519154137932e-05,0.0,0.0,0.0
lapchole__1075781,8,lapchole,6,6,0.20764073320281573,0.02439842284016622,3,0.9999423213303089,False,0.004882960580289364,0.01504057738929987,0.024797718971967697,0.06740719079971313,0.11113566905260086,0.16170144081115723,0.2076287567615509,0.18323174118995667,0.18323174118995667,0.04088452458381653,0.0,0.0,0.0
lapchole__1075857,5,lapchole,4,4,0.3079039844823255,0.03617966801597284,3,0.9999586402700515,False,0.0001502802624600008,0.009297510609030724,0.07784710079431534,0.2717130780220032,0.30789124965667725,0.2116103619337082,0.08821232616901398,0.019682828336954117,0.011938239447772503,0.0016156650381162763,0.0,0.0,0.0
lapchole__1075859,7,lapchole,3,3,0.24931314555672768,0.029295068238313262,7,0.9999462093110196,False,0.0006179522606544197,0.09171225875616074,0.22000624239444733,0.24929973483085632,0.19415482878684998,0.1334405392408371,0.0630328431725502,0.023188486695289612,0.020463768392801285,0.004029554780572653,0.0,0.0,0.0
lapchole__1075860,6,lapchole,2,2,0.20542281210300978,0.0,6,0.9999584670877084,False,0.00010672805365175009,0.0856294110417366,0.205414280295372,0.205414280295372,0.18127745389938354,0.14117904007434845,0.0856294110417366,0.045834120362997055,0.040448468178510666,0.009025273844599724,0.0,0.0,0.0
lapchole__1153067,2,lapchole,1,1,0.912664938618317,0.8465516855092955,2,0.9999893365381514,True,6.417500844690949e-05,0.9126552064505634,0.06611254811286926,0.013018332421779633,0.00542684830725193,0.0017618397250771523,0.0005719855544157326,0.00016387661162298173,0.00015394783986266702,6.028683856129646e-05,1.9187929551458583e-07,4.2814061057311e-08,5.4974343858302826e-08
lapchole__1153197,3,lapchole,4,4,0.3237984768563511,0.0,3,0.9999640149180777,False,3.753750934265554e-05,0.0019253067439422011,0.038670822978019714,0.17331060767173767,0.32378682494163513,0.32378682494163513,0.11911452561616898,0.014226200059056282,0.004618570674210787,0.0004867937823291868,0.0,0.0,0.0
lapchole__1153201,4,lapchole,1,1,0.6591708830487902,0.4451690899723626,4,0.9999755436864922,True,5.590842920355499e-05,0.6591547621590192,0.21399655938148499,0.06947451084852219,0.03281743451952934,0.015501859597861767,0.005702815018594265,0.0016338839195668697,0.0012724701082333922,0.00036456878297030926,4.837006511693753e-07,1.3018625610205238e-07,1.5703459908192267e-07
lapchole__1153242,6,lapchole,5,5,0.3095466989734707,0.036372723404010085,2,0.9999581519587082,False,8.60838990774937e-05,0.0016242839628830552,0.015410776250064373,0.07826238125562668,0.21273921430110931,0.3095337450504303,0.2731625437736511,0.07826238125562668,0.028791120275855064,0.0020856219343841076,0.0,0.0,0.0
lapchole__1153261,7,lapchole,5,5,0.3358091441228888,0.07428070332634071,5,0.999962362817314,False,3.4355449315626174e-05,0.0012110713869333267,0.016718324273824692,0.10901716351509094,0.26151859760284424,0.3357965052127838,0.20367088913917542,0.05149606615304947,0.01894434355199337,0.0015550465323030949,0.0,0.0,0.0
lapchole__1153926,3,lapchole,2,2,0.8572888533076413,0.7775485679989321,2,0.9999819740129396,False,2.648549525474664e-06,0.06210067868232727,0.8572733998298645,0.07973884791135788,0.000832149526104331,2.847458927135449e-05,3.853616817650618e-06,6.290856617852114e-07,8.598581757723878e-07,4.3236383362454944e-07,0.0,0.0,0.0
lapchole__1154567,2,lapchole,1,1,0.9945843101141519,0.9893652103293701,2,0.9999975512788007,True,5.116612737765536e-05,0.9945818746544673,0.00521908700466156,0.00010831869440153241,2.416916686343029e-05,6.92458206685842e-06,2.711705292313127e-06,1.2033119674015325e-06,1.363531168863119e-06,7.298456239368534e-07,1.69949766684571e-09,4.036660926339725e-10,5.517461424333603e-10
lapchole__1155021,5,lapchole,4,4,0.31084131535300136,0.0,2,0.9999514119117521,False,0.0006000357097946107,0.001848240033723414,0.02551416866481304,0.146823912858963,0.31082621216773987,0.31082621216773987,0.16637328267097473,0.02551416866481304,0.010635887272655964,0.0009892917005345225,0.0,0.0,0.0
lapchole__1155026,4,lapchole,3,3,0.40529072338164424,0.12673876027783051,2,0.9999623496842105,False,0.0011383354431018233,0.004502204246819019,0.11611336469650269,0.40527546405792236,0.2785414755344391,0.14909252524375916,0.037696488201618195,0.004502204246819019,0.002730724634602666,0.0003695633786264807,0.0,0.0,0.0
lapchole__1155038,6,lapchole,4,4,0.3791463698068731,0.08386686611888275,4,0.9999345951073337,False,0.00034571412834338844,0.0009397484827786684,0.018875351175665855,0.17908436059951782,0.3791215717792511,0.2952601909637451,0.10862015932798386,0.012972827069461346,0.004211660474538803,0.0005030111060477793,0.0,0.0,0.0
lapchole__1155049,7,lapchole,5,5,0.39074476050610735,0.04591371662929626,4,0.9999567167797068,False,5.464002242661081e-05,0.00035629767808131874,0.0015968154184520245,0.015150162391364574,0.14374075829982758,0.39072784781455994,0.344816118478775,0.07693886756896973,0.02497839368879795,0.0015968154184520245,0.0,0.0,0.0
lapchole__1303319,7,lapchole,6,6,0.3388405996076264,0.0,2,0.9999436340631291,False,1.2752517250191886e-05,0.0005093975341878831,0.0005093975341878831,0.003321689320728183,0.021660134196281433,0.12464547902345657,0.33882150053977966,0.33882150053977966,0.16004794836044312,0.01159383449703455,0.0,0.0,0.0
lapchole__1303353,4,lapchole,3,3,0.46122768548225884,0.1442308436441738,2,0.9999708579580329,False,1.5319366866606288e-05,0.0031076371669769287,0.14973433315753937,0.46121424436569214,0.3169876039028168,0.062418557703495026,0.005805830471217632,0.0004205729637760669,0.00022511649876832962,4.164236088399775e-05,0.0,0.0,0.0
lapchole__1303367,2,lapchole,1,1,0.3894901148708839,0.04576558778908258,2,0.9999748323431886,True,0.00010175527131650597,0.3894803123173414,0.3437158763408661,0.16235989332199097,0.07669337838888168,0.0219730231910944,0.004326744936406612,0.0007518754573538899,0.0004560355155263096,0.00011530383926583454,4.1584809098353746e-07,9.877258255707035e-08,1.1914247141330026e-07
lapchole__1303374,5,lapchole,4,4,0.311883523214303,0.03664727052238145,2,0.9999590569932479,False,2.997441333718598e-05,0.0034645714331418276,0.04782693088054657,0.18915918469429016,0.3118707537651062,0.2752249836921692,0.1300070732831955,0.029008498415350914,0.01209254190325737,0.0012745445128530264,0.0,0.0,0.0
lapchole__1303412,3,lapchole,2,2,0.5754991109244647,0.38866190560075214,3,0.9999733936274424,False,0.00011709274986060336,0.1868322342634201,0.5754837989807129,0.16487887501716614,0.06065554544329643,0.009301829151809216,0.0020755187142640352,0.0002808909339364618,0.0002808909339364618,6.671743904007599e-05,0.0,0.0,0.0
lapchole__1303560,1,lapchole,2,2,0.3876160787928794,0.12121168538050521,3,0.9999706788403273,False,3.725332862813957e-05,0.18309150636196136,0.3876047134399414,0.26639658212661743,0.1258368194103241,0.03181653097271919,0.0043058996088802814,0.000514266372192651,0.0002930201299022883,7.408708916045725e-05,0.0,0.0,0.0
lapchole__1303568,4,lapchole,3,3,0.39600907569566846,0.12383625813694765,2,0.9999590150837321,False,6.6796550527215e-05,0.01355012971907854,0.21195970475673676,0.39599284529685974,0.27216166257858276,0.08835794776678085,0.015354309231042862,0.001618332345969975,0.0007644460420124233,0.0001328407961409539,0.0,0.0,0.0
lapchole__1303690,6,lapchole,3,3,0.3850100137108337,0.08516388866135403,5,0.9999625874952471,False,6.100691462052055e-05,0.005491667427122593,0.2060733139514923,0.38499560952186584,0.2998349070549011,0.08590413630008698,0.014927900396287441,0.0015733891632407904,0.0009543087799102068,0.0001463479857193306,0.0,0.0,0.0
lapchole__1303746,7,lapchole,6,6,0.3887647946839585,0.12157092584441258,2,0.9999432825152326,False,1.5575091310893185e-05,0.0004551709280349314,0.0009635969763621688,0.0071200719103217125,0.04642869904637337,0.1836290806531906,0.38874274492263794,0.2671787142753601,0.09828955680131912,0.0071200719103217125,0.0,0.0,0.0
lapchole__1303780,6,lapchole,4,4,0.43073431304855114,0.0,3,0.9999636604434272,False,1.2625397175725084e-05,0.00034661355311982334,0.004222617484629154,0.05144201219081879,0.43071866035461426,0.43071866035461426,0.07484767585992813,0.005421948153525591,0.001994623336941004,0.00023822375806048512,0.0,0.0,0.0
lapchole__1304247,3,lapchole,2,2,0.6935580075757554,0.43841224615913904,2,0.999978729613872,False,2.032941483776085e-05,0.04433673620223999,0.6935432553291321,0.2551403343677521,0.006799259223043919,0.00012453275849111378,1.088155204342911e-05,1.2996160876355134e-06,1.383434096169367e-06,7.177161478466587e-07,0.0,0.0,0.0
lapchole__1304850,1,lapchole,2,2,0.38761913427407196,0.15251624423676036,4,0.9999516479729209,False,0.003799900645390153,0.1425902247428894,0.3876003921031952,0.23509152233600616,0.16157586872577667,0.0462922640144825,0.01702997274696827,0.002611630829051137,0.0029593652579933405,0.00040050657116807997,0.0,0.0,0.0
lapchole__1304890,2,lapchole,1,1,0.5141561467765571,0.1607814991684289,2,0.9999636861499319,True,0.000365127925761044,0.5141374757873315,0.3533618152141571,0.0893438458442688,0.03286776691675186,0.007333789952099323,0.0018542725592851639,0.00032222422305494547,0.0002843619149643928,9.231879084836692e-05,4.550910817987752e-07,1.0154454811442825e-07,1.3038577950361173e-07
lapchole__1304891,7,lapchole,5,5,0.35004353592353543,0.07742935656626716,5,0.9999322274597944,False,3.1602779927197844e-05,0.0007656652596779168,0.008231677114963531,0.07809998095035553,0.27259570360183716,0.35001981258392334,0.21229775249958038,0.0536772795021534,0.02237601764500141,0.0018367355223745108,0.0,0.0,0.0
lapchole__1305054,4,lapchole,2,2,0.6747445466197741,0.48142698434140746,3,0.9999643117043888,False,0.0001762764877639711,0.04887658730149269,0.6747204661369324,0.1933106631040573,0.06275878101587296,0.01586790569126606,0.0031245758291333914,0.0005429698503576219,0.00047916918992996216,0.0001069170975824818,0.0,0.0,0.0
lapchole__1305068,3,lapchole,2,2,0.3769502607170926,0.08338109769288042,2,0.9999619799782522,False,0.00018398065003566444,0.07422307878732681,0.3769359290599823,0.2935580015182495,0.1780519336462021,0.05780499801039696,0.014615391381084919,0.002539774402976036,0.0017455597408115864,0.00030333278118632734,0.0,0.0,0.0
lapchole__1305095,7,lapchole,6,6,0.3810926048277831,0.04477957459832504,2,0.9999186778550211,False,2.8523161745397374e-05,0.0005729029653593898,0.0005729029653593898,0.0029094412457197905,0.018971940502524376,0.10917598009109497,0.3810616135597229,0.33628568053245544,0.14018474519252777,0.010154947638511658,0.0,0.0,0.0
lapchole__1305123,5,lapchole,2,2,0.5560879826202259,0.2584355086450955,4,0.9999642858074367,False,0.00018654006998986006,0.004810932092368603,0.5560681223869324,0.2976418435573578,0.12407557666301727,0.014818713068962097,0.002005494898185134,0.00014527754683513194,0.00018654006998986006,2.5245453798561357e-05,0.0,0.0,0.0
lapchole__1305168,1,lapchole,2,2,0.39588706937094575,0.18398397526252577,4,0.9999507105967496,False,0.0003185677051078528,0.11341796070337296,0.39586755633354187,0.21189264953136444,0.18699461221694946,0.06070826202630997,0.02233332209289074,0.003424925496801734,0.004397691693156958,0.0005951627972535789,0.0,0.0,0.0
lapchole__1305187,6,lapchole,3,3,0.33893390171815035,0.0,5,0.9999452587508131,False,0.00012883153976872563,0.005478056147694588,0.2055625468492508,0.3389153480529785,0.3389153480529785,0.08569121360778809,0.021666131913661957,0.0020152642391622066,0.0013850695686414838,0.00018744877888821065,0.0,0.0,0.0
lapchole__1305280,4,lapchole,4,4,0.3724144106123932,0.043759855297349076,1,0.999950223347696,False,0.0001102458409150131,0.007728829514235258,0.1369968056678772,0.3286381959915161,0.3723958730697632,0.12089923769235611,0.026976266875863075,0.00365084083750844,0.002214346779510379,0.00033958107815124094,0.0,0.0,0.0
lapchole__1305292,6,lapchole,4,4,0.5315450413858475,0.1662198358388101,3,0.9999479725192941,False,2.910736293415539e-05,0.0003331160987727344,0.0031605176627635956,0.03850299119949341,0.5315173864364624,0.36530619859695435,0.056021515280008316,0.0035813357681035995,0.001317499903962016,0.00017830420983955264,0.0,0.0,0.0
lapchole__1353099,1,lapchole,2,2,0.40261475800175694,0.047308470215054396,2,0.9999805677944096,False,7.69546240917407e-05,0.3552993834018707,0.40260693430900574,0.16783154010772705,0.054486922919750214,0.015610764734447002,0.003073941683396697,0.0005341710057109594,0.0003671300073619932,9.28250010474585e-05,0.0,0.0,0.0
lapchole__1353102,2,lapchole,2,2,0.3291897682363129,0.0,1,0.99997612721927,False,8.600158616900444e-05,0.050481684505939484,0.3291819095611572,0.3291819095611572,0.19965893030166626,0.07345041632652283,0.014463244006037712,0.0022180103696882725,0.001047713914886117,0.0002063070860458538,0.0,0.0,0.0
lapchole__1353214,2,lapchole,4,4,0.4356068766786638,0.136218943715613,4,0.9999607757927151,False,5.722302012145519e-05,0.002017181133851409,0.07569415122270584,0.2993761897087097,0.4355897903442383,0.16024453938007355,0.024574294686317444,0.0015709820436313748,0.0007420794572681189,9.434479579795152e-05,0.0,0.0,0.0
lapchole__1353243,5,lapchole,5,5,0.35058609432231336,0.0,1,0.9999448930921062,False,2.9734454074059613e-05,0.00041047148988582194,0.0034368359483778477,0.041869230568408966,0.16559602320194244,0.3505667746067047,0.3505667746067047,0.06903068721294403,0.017453690990805626,0.0009846700122579932,0.0,0.0,0.0
lapchole__1353260,5,lapchole,6,6,0.5432818489019142,0.2866536648435062,2,0.9999504179968426,False,1.2401705134834629e-05,0.00016082776710391045,0.000720779993571341,0.0053258840925991535,0.050530578941106796,0.25661545991897583,0.5432549118995667,0.12121656537055969,0.021064279600977898,0.0010487287072464824,0.0,0.0,0.0
lapchole__1353303,4,lapchole,3,3,0.25274051689079535,0.02969780178850749,2,0.9999675154103898,False,9.025022154673934e-05,0.09297502785921097,0.17370019853115082,0.2527323067188263,0.22303546965122223,0.15328988432884216,0.06390073150396347,0.02350776456296444,0.014258181676268578,0.0024777003563940525,0.0,0.0,0.0
lapchole__1353373,3,lapchole,2,2,0.5035272339509985,0.2936258599809668,3,0.999977370887791,False,0.00014906321302987635,0.20989662408828735,0.5035158395767212,0.20989662408828735,0.06013639271259308,0.013418242335319519,0.002331741154193878,0.0003575840382836759,0.00021688568813260645,5.837399294250645e-05,0.0,0.0,0.0
lapchole__1353462,1,lapchole,2,2,0.3040409129422273,0.0,4,0.9999685217553633,False,0.00010199115058640018,0.12673911452293396,0.3040313422679901,0.3040313422679901,0.18440434336662292,0.06783856451511383,0.01040338072925806,0.0015954100526869297,0.0006650658906437457,0.00015796699153725058,0.0,0.0,0.0
lapchole__1353484,2,lapchole,1,1,0.3512904811775748,0.07769906154058856,2,0.9999704052358296,True,0.0001825203071348369,0.351280084818629,0.273583322763443,0.1880308836698532,0.11404649168252945,0.053871750831604004,0.013620910234749317,0.0030392359476536512,0.0018433898221701384,0.00046608192496933043,3.558456393442809e-06,1.0195149758781012e-06,1.1552617243593396e-06
lapchole__1353760,2,lapchole,1,1,0.7483944751283259,0.5054263761855893,2,0.9999871141213137,True,2.3351765776169486e-05,0.7483848314079099,0.242964968085289,0.008313804864883423,0.00026724679628387094,2.3351765776169486e-05,5.5465307013946585e-06,1.492828459959128e-06,1.492828459959128e-06,1.0260049521093606e-06,5.674671756829326e-10,2.853404359835758e-10,3.90014117906394e-10
lapchole__1354847,3,lapchole,2,2,0.4477130873056901,0.0990337700096005,2,0.9999597049027216,False,0.0003602749784477055,0.05346954986453056,0.4476950466632843,0.3486652672290802,0.1131950318813324,0.02862018533051014,0.006386026740074158,0.0007627021986991167,0.0006730822497047484,0.0001325377670582384,0.0,0.0,0.0
lapchole__1354904,1,lapchole,2,2,0.606567423704284,0.4327829434968637,3,0.9999829326552572,False,0.00026126994634978473,0.15336164832115173,0.6065570712089539,0.17378151416778564,0.04978923872113228,0.012588690035045147,0.0024788600858300924,0.0005531084607355297,0.0004881165223196149,0.00012341518595349044,0.0,0.0,0.0
lapchole__1355012,5,lapchole,4,4,0.3519013078035054,0.07784028444569001,2,0.9999519384582527,False,0.00015157158486545086,0.00268667028285563,0.04202659800648689,0.1883501559495926,0.3518843948841095,0.2740478515625,0.1142401322722435,0.01751929149031639,0.008275528438389301,0.0007697439868934453,0.0,0.0,0.0
lapchole__1355050,4,lapchole,3,3,0.25902871224807544,0.0,2,0.9999339231289923,False,0.0006420256104320288,0.02729962207376957,0.10797210037708282,0.2590115964412689,0.2590115964412689,0.17801590263843536,0.10797210037708282,0.03505340963602066,0.02126096747815609,0.0036946020554751158,0.0,0.0,0.0
lapchole__1355064,3,lapchole,5,5,0.3849919836354318,0.08515993409537592,4,0.9999519796838285,False,4.19269927078858e-05,0.0005787842092104256,0.010259196162223816,0.08589920401573181,0.29981765151023865,0.3849734961986542,0.18184861540794373,0.027887387201189995,0.007989869453012943,0.0006558485329151154,0.0,0.0,0.0
lapchole__1355243,4,lapchole,2,2,0.4330783051313708,0.09579659620737498,3,0.9999796623742441,False,0.0006510936073027551,0.051722776144742966,0.43306949734687805,0.33727484941482544,0.14059707522392273,0.03137144818902016,0.004245663993060589,0.0005745881353504956,0.0003949082747567445,7.776204438414425e-05,0.0,0.0,0.0
lapchole__141245,2,lapchole,3,3,0.4428022575322895,0.09794751188643365,2,0.9999756198449177,False,3.113567436230369e-05,0.002632934134453535,0.34484633803367615,0.4427914619445801,0.1845829337835312,0.022045288234949112,0.002632934134453535,0.0001907291152747348,0.0001907291152747348,3.113567436230369e-05,0.0,0.0,0.0
lapchole__141270,3,lapchole,4,4,0.6806755785966572,0.43026900651388067,2,0.9999731863135821,False,1.553839865664486e-05,0.00029318805900402367,0.009709054604172707,0.2503998577594757,0.6806573271751404,0.05587175488471985,0.0027816910296678543,0.00015693226305302233,7.412955164909363e-05,1.3712588042835705e-05,0.0,0.0,0.0
lapchole__141388,5,lapchole,4,4,0.4504415370426594,0.20933753197302088,2,0.9999662621266907,False,9.755826613400131e-05,0.004415825009346008,0.04189617559313774,0.2127663493156433,0.4504263401031494,0.2410958707332611,0.04189617559313774,0.005003785248845816,0.002085888059809804,0.0002822942042257637,0.0,0.0,0.0
lapchole__142979,2,lapchole,4,4,0.4687866076315035,0.055083895089168,3,0.9999768371690152,False,3.9760729123372585e-05,0.0005488799652084708,0.10459800809621811,0.4136931300163269,0.46877574920654297,0.01102454960346222,0.0011619789293035865,5.105379386804998e-05,7.428282697219402e-05,9.444001989322715e-06,0.0,0.0,0.0
lapchole__142992,3,lapchole,4,4,0.7174254629101658,0.5360318986884255,3,0.9999628663827025,False,3.059654409298673e-05,0.00021238214685581625,0.0029318449087440968,0.08568107336759567,0.7173988223075867,0.1813868284225464,0.011595671065151691,0.0005094782682135701,0.00018742655811365694,2.8742793801939115e-05,0.0,0.0,0.0
lapchole__143120,5,lapchole,3,3,0.3890394158785427,0.0,3,0.9999660927278455,False,0.0018015488749369979,0.006288023199886084,0.06760261207818985,0.3890262246131897,0.3890262246131897,0.11145787686109543,0.028180966153740883,0.0038138790987432003,0.0023132343776524067,0.00045550285722129047,0.0,0.0,0.0
lapchole__15997,3,lapchole,1,1,0.7520912044162806,0.536613416359536,3,0.9999758947163424,True,0.0009978360030800104,0.7520730750444617,0.21547259390354156,0.022710643708705902,0.006506707984954119,0.0014518428361043334,0.00044278704444877803,0.0001268606138182804,0.0001437518949387595,4.967932909494266e-05,7.468964292591862e-08,1.8884498204920807e-08,2.277905286213136e-08
lapchole__16063,2,lapchole,2,2,0.41754649760178497,0.09236095453999343,1,0.9999782620288897,False,0.00010908521653618664,0.32517847418785095,0.4175374209880829,0.19723071157932281,0.04986773431301117,0.008665712550282478,0.0010349717922508717,0.00017985112208407372,0.00013158189540263265,4.2718384065665305e-05,0.0,0.0,0.0
lapchole__16100,3,lapchole,2,2,0.2876135106973925,0.0,2,0.9999678793537896,False,0.00043239552178420126,0.13585464656352997,0.28760427236557007,0.28760427236557007,0.17444081604480743,0.08240000903606415,0.023607997223734856,0.004648690111935139,0.00281957327388227,0.0005552068469114602,0.0,0.0,0.0
lapchole__16113,6,lapchole,5,5,0.35033085287018145,0.10955222322405925,3,0.999947190806779,False,2.4632839995319955e-05,0.0005967990728095174,0.010578515939414501,0.10036616772413254,0.24076591432094574,0.35031235218048096,0.24076591432094574,0.04183884337544441,0.013583083637058735,0.0011149673955515027,0.0,0.0,0.0
lapchole__16115,6,lapchole,5,5,0.387014791571453,0.045475418106709145,3,0.999937201377179,False,3.0835151846986264e-05,0.0017921216785907745,0.021832510828971863,0.11087463796138763,0.34151792526245117,0.386990487575531,0.12563741207122803,0.008031731471419334,0.002954708645120263,0.0002748307306319475,0.0,0.0,0.0
lapchole__16121,4,lapchole,2,2,0.297547904406033,0.03496279454644733,4,0.9999695589358453,False,0.000835725455544889,0.20449526607990265,0.2975388467311859,0.2625771164894104,0.1592610776424408,0.058588869869709015,0.013072945177555084,0.0022717369720339775,0.0010730926878750324,0.0002548818301875144,0.0,0.0,0.0
lapchole__16132,5,lapchole,3,3,0.30509860417384116,0.06748757606986798,4,0.9999607940844726,False,0.0001912059378810227,0.07713798433542252,0.23760171234607697,0.3050866425037384,0.23760171234607697,0.11223511397838593,0.02504303678870201,0.00338920671492815,0.0014128315960988402,0.0002613475371617824,0.0,0.0,0.0
lapchole__16155,5,lapchole,4,4,0.2848155957697045,0.03346670954001507,3,0.9999666687654098,False,9.554180724080652e-05,0.012513507157564163,0.09246300905942917,0.25134050846099854,0.28480610251426697,0.22180722653865814,0.09246300905942917,0.02649109438061714,0.016067661345005035,0.0019190084422007203,0.0,0.0,0.0
lapchole__16228,5,lapchole,4,4,0.26604477469103677,0.0,2,0.9999662482405256,False,4.215638546156697e-05,0.013245142064988613,0.0672643855214119,0.18284356594085693,0.266035795211792,0.266035795211792,0.14239871501922607,0.04079791530966759,0.019271569326519966,0.00203120824880898,0.0,0.0,0.0
lapchole__16246,2,lapchole,3,3,0.31200492484346803,0.06901524078119042,2,0.999971627650666,False,4.644393629860133e-05,0.11477695405483246,0.24298278987407684,0.31199607253074646,0.18923519551753998,0.10129029303789139,0.0290201548486948,0.0064752716571092606,0.003465963527560234,0.0006824886659160256,0.0,0.0,0.0
lapchole__16380,4,lapchole,3,3,0.268859127413886,0.03159177794352787,2,0.9999630536476616,False,6.19858328718692e-05,0.0679757222533226,0.16306528449058533,0.2688491940498352,0.23725858330726624,0.16306528449058533,0.0679757222533226,0.01947537064552307,0.010424414649605751,0.0018114916747435927,0.0,0.0,0.0
lapchole__1719312,1,lapchole,2,2,0.7958457976549986,0.6575485502369981,3,0.999978216875661,False,3.188510163454339e-05,0.03962196409702301,0.7958284616470337,0.13829423487186432,0.02403193712234497,0.0019726615864783525,0.0001521153171779588,1.933929161168635e-05,1.933929161168635e-05,6.278548880800372e-06,0.0,0.0,0.0
lapchole__1719360,3,lapchole,4,4,0.7079958857107438,0.550020647797307,2,0.9999521053960052,False,2.664617568370886e-05,0.00030494932434521616,0.006125071085989475,0.157967671751976,0.7079619765281677,0.1230253353714943,0.0042096953839063644,0.0002374947798671201,7.710327190579847e-05,1.616172266949434e-05,0.0,0.0,0.0
lapchole__1719392,3,lapchole,2,2,0.7902795691141312,0.6346643021071248,2,0.9999729210512669,False,8.60660511534661e-05,0.011272427625954151,0.7902581691741943,0.155611053109169,0.03934463858604431,0.0028501159977167845,0.0004370794340502471,4.327672650106251e-05,5.9152276662644e-05,1.094206982088508e-05,0.0,0.0,0.0
lapchole__1719435,4,lapchole,3,3,0.3122629916368725,0.0,2,0.9999691424945922,False,1.8202705177827738e-05,0.019961688667535782,0.18939124047756195,0.31225335597991943,0.31225335597991943,0.13016656041145325,0.02904408611357212,0.004454054869711399,0.0021039466373622417,0.00032265065237879753,0.0,0.0,0.0
lapchole__1719527,6,lapchole,5,5,0.4754815702301001,0.2209746138758467,2,0.9999647112072125,False,1.019653609546367e-05,0.0002629721420817077,0.0019431159598752856,0.02682388946413994,0.1982032060623169,0.475464791059494,0.2544979751110077,0.03444255515933037,0.007685172371566296,0.0006308373413048685,0.0,0.0,0.0
lapchole__1719533,3,lapchole,3,3,0.41278534693962443,0.048503559508488336,1,0.9999678101485188,False,3.5010594729101285e-05,0.005196033511310816,0.1182611808180809,0.4127720594406128,0.36427006125450134,0.09210189431905746,0.00667183892801404,0.00048330635763704777,0.000147400118294172,2.9024806281086057e-05,0.0,0.0,0.0
lapchole__1719537,2,lapchole,2,2,0.4490032763714383,1.2292485785070103e-07,1,0.9999830144739829,True,7.573712355224416e-05,0.4489955268918358,0.4489956498146057,0.07802373915910721,0.019727492704987526,0.003428123891353607,0.0005257198354229331,9.724839037517086e-05,8.582139707868919e-05,2.786213008221239e-05,6.094810300808432e-08,1.359935874779813e-08,1.8588119956422927e-08
lapchole__1719547,1,lapchole,2,2,0.4389945850484692,0.13727831299761326,3,0.9999731197131041,False,4.780907693202607e-05,0.1425168365240097,0.4389827847480774,0.3017081618309021,0.09795030206441879,0.017021209001541138,0.0013971860753372312,0.00020128372125327587,0.00011468800221337005,3.2858668419066817e-05,0.0,0.0,0.0
lapchole__1719859,1,lapchole,2,2,0.8326923516191498,0.6687255189828035,3,0.9999832898835308,False,1.4804080819885712e-05,0.0030031073838472366,0.8326784372329712,0.16396409273147583,0.00031652519828639925,5.446116119856015e-06,5.740164397138869e-07,7.529457235477821e-08,1.451340807534507e-07,8.26949175802838e-08,0.0,0.0,0.0
lapchole__1719893,1,lapchole,2,2,0.5781013810019662,0.22746515418409782,2,0.999984664396834,False,1.3196995496400632e-05,0.35063084959983826,0.5780925154685974,0.06904330849647522,0.0020849271677434444,9.751334437169135e-05,1.4048128832655493e-05,2.9446478038153145e-06,3.336722784297308e-06,2.0238248907844536e-06,0.0,0.0,0.0
lapchole__1720522,1,lapchole,2,2,0.41370033208560003,0.19226248899778367,3,0.9999740185230621,False,9.538021549815312e-05,0.19541312754154205,0.41368958353996277,0.22143208980560303,0.10459710657596588,0.043602559715509415,0.014155679382383823,0.003579116193577647,0.002787418430671096,0.000621957122348249,0.0,0.0,0.0
lapchole__1720568,2,lapchole,3,3,0.372892674134171,0.08248356015732036,2,0.9999508577675442,False,0.0001250854111276567,0.007738760206848383,0.2903948426246643,0.37287434935569763,0.2903948426246643,0.03468271717429161,0.0032259952276945114,0.00026480579981580377,0.00020623097952920943,4.3228363210801035e-05,0.0,0.0,0.0
lapchole__1720588,3,lapchole,5,5,0.501986868137335,0.11103910200039571,4,0.9999194822412392,False,4.532001548795961e-05,0.00031458321609534323,0.0023244733456522226,0.03208836168050766,0.39091628789901733,0.5019464492797852,0.06793106347322464,0.003382088616490364,0.0008551260107196867,0.00011572870425879955,0.0,0.0,0.0
lapchole__1720598,4,lapchole,3,3,0.6858599431661669,0.43354614208855696,2,0.9999601616927976,False,6.591650890186429e-05,0.0007086691912263632,0.04384380951523781,0.6858326196670532,0.25230374932289124,0.016129236668348312,0.0009099493036046624,8.463846461381763e-05,6.591650890186429e-05,1.5656542018405162e-05,0.0,0.0,0.0
lapchole__1720601,4,lapchole,3,3,0.7601855000009621,0.5423886978379782,2,0.9999604561990054,False,6.447503983508795e-05,0.0002550037461332977,0.017877142876386642,0.760155439376831,0.2177881896495819,0.0035202184226363897,0.0002550037461332977,1.9663777493406087e-05,2.093198236252647e-05,4.387581611808855e-06,0.0,0.0,0.0
lapchole__1720659,6,lapchole,5,5,0.46608223408624166,0.14574891033770138,3,0.9999380636654678,False,3.488494985504076e-05,0.00029208805062808096,0.0031402427703142166,0.04334971308708191,0.3203134834766388,0.4660533666610718,0.15130536258220673,0.012419900856912136,0.0027712543960660696,0.0002577668346930295,0.0,0.0,0.0
lapchole__1720744,2,lapchole,3,3,0.41357678210780635,0.1627297845609339,2,0.9999722560532973,False,0.00013873570424038917,0.011021141894161701,0.25084003806114197,0.4135653078556061,0.25084003806114197,0.063422292470932,0.008583273738622665,0.0009046704508364201,0.000548710348084569,0.0001080474685295485,0.0,0.0,0.0
lapchole__1720746,6,lapchole,5,5,0.4774599065986664,0.2519238076094911,3,0.9999564338540949,False,2.456178845022805e-05,0.0003390650381334126,0.002210981911048293,0.03458557277917862,0.22552627325057983,0.47743910551071167,0.22552627325057983,0.0269352737814188,0.006810302846133709,0.000559023697860539,0.0,0.0,0.0
lapchole__17571,3,lapchole,2,2,0.35109090592669384,0.07766103740418182,2,0.999955101928208,False,0.1658361703157425,0.1005847156047821,0.351075142621994,0.273417592048645,0.07833545655012131,0.022443482652306557,0.006430165842175484,0.0008702283375896513,0.0007679737755097449,0.00019417417934164405,0.0,0.0,0.0
lapchole__17635,3,lapchole,0,2,0.6282393326577173,0.5045316837127398,3,0.9999746697358205,False,0.6282234191894531,0.035441942512989044,0.12370451539754868,0.12370451539754868,0.06621425598859787,0.018970703706145287,0.002909251721575856,0.00044614815851673484,0.00030663286452181637,5.32847989234142e-05,0.0,0.0,0.0
lapchole__17653,2,lapchole,4,4,0.46073153092354746,0.1019134411273541,3,0.9999509802728426,False,0.00012036415137117729,0.003104232484474778,0.08005920797586441,0.3588005006313324,0.46070894598960876,0.08005920797586441,0.015764594078063965,0.0007848729728721082,0.0004760494630318135,7.30045503587462e-05,0.0,0.0,0.0
lapchole__17679,4,lapchole,3,3,0.4396656280912865,0.09725368906527719,2,0.9999545561731793,False,0.0013992958702147007,0.003356735920533538,0.07639895379543304,0.4396456480026245,0.3423963785171509,0.11115983128547668,0.021888667717576027,0.0023070487659424543,0.001234874245710671,0.00016712205251678824,0.0,0.0,0.0
lapchole__17684,6,lapchole,4,4,0.34842905046273664,0.10895750805547837,5,0.9999412487668451,False,0.0003600097552407533,0.015308004803955555,0.1131116971373558,0.23945747315883636,0.348408579826355,0.18648967146873474,0.07774046063423157,0.011921885423362255,0.006381325889378786,0.0007621406693942845,0.0,0.0,0.0
lapchole__17690,6,lapchole,5,5,0.34205311110366826,0.07566188973685345,3,0.9999327498335333,False,5.091481943964027e-05,0.0005826893029734492,0.009114793501794338,0.09799326956272125,0.26637330651283264,0.3420301079750061,0.23507364094257355,0.03604970872402191,0.01170362625271082,0.000960692239459604,0.0,0.0,0.0
lapchole__17720,5,lapchole,3,3,0.3480778273818436,0.1088476580769887,4,0.9999615747656208,False,0.019636454060673714,0.0323750376701355,0.21111176908016205,0.34806445240974426,0.2392209768295288,0.11299998313188553,0.0285708699375391,0.004964872729033232,0.002657504752278328,0.0003596541646402329,0.0,0.0,0.0
lapchole__17721,5,lapchole,3,3,0.39201898138603136,0.15424744706287408,4,0.9999624255287927,False,0.01722346432507038,0.022115368396043777,0.23776260018348694,0.39200425148010254,0.23776260018348694,0.07719021290540695,0.013413647189736366,0.0016020318726077676,0.000756746216211468,0.00013150277663953602,0.0,0.0,0.0
lapchole__17751,1,lapchole,2,2,0.4310716517486721,0.050652262772650856,2,0.9999594572072965,False,0.001068476471118629,0.38040396571159363,0.43105417490005493,0.13994279503822327,0.03538307920098305,0.008946243673563004,0.0022619646042585373,0.00039307051338255405,0.00039307051338255405,0.00011261658073635772,0.0,0.0,0.0
lapchole__17788,5,lapchole,3,3,0.22655455468779642,0.0,3,0.9999349637655541,False,0.0004955538315698504,0.03065882995724678,0.12125802785158157,0.22653982043266296,0.22653982043266296,0.1764293909072876,0.12125802785158157,0.05054786801338196,0.039366714656353,0.006840909831225872,0.0,0.0,0.0
lapchole__17809,4,lapchole,3,3,0.4127857046331872,0.12908250231153245,3,0.9999688207899453,False,0.0002931406779680401,0.00588788790628314,0.2836943566799164,0.4127728343009949,0.22094137966632843,0.06330076605081558,0.01100002322345972,0.0011593940434977412,0.0007968390127643943,0.0001221992279170081,0.0,0.0,0.0
lapchole__17822,1,lapchole,2,2,0.4767217976020429,0.25153435202150126,3,0.9999700464686612,False,0.000338545476552099,0.1987212598323822,0.4767075181007385,0.2251807004213333,0.07310546934604645,0.020945066586136818,0.0036397066432982683,0.0006324861897155643,0.0005581671139225364,0.00014112675853539258,0.0,0.0,0.0
lapchole__1802946,2,lapchole,4,4,0.35437335767225686,0.07838709704037142,5,0.9999652056430932,False,3.199474303983152e-05,0.0021071075461804867,0.04795755073428154,0.21493083238601685,0.35436102747917175,0.27597665786743164,0.08959650248289108,0.010700776241719723,0.0039365957491099834,0.0003661604132503271,0.0,0.0,0.0
lapchole__1802958,3,lapchole,4,4,0.4621615642740528,0.1445228501729312,3,0.9999527468517044,False,2.8677777663688175e-05,0.000613157928455621,0.01086848508566618,0.1500348001718521,0.46213972568511963,0.31762370467185974,0.05519472062587738,0.002747983206063509,0.000613157928455621,8.83337706909515e-05,0.0,0.0,0.0
lapchole__1802962,3,lapchole,5,5,0.27908587235088783,0.0,5,0.9999582547789032,False,2.8552170988405123e-05,0.0027359474916011095,0.017840616405010223,0.07995609939098358,0.19180472195148468,0.27907422184944153,0.27907422184944153,0.10266567766666412,0.04279741644859314,0.003980779554694891,0.0,0.0,0.0
lapchole__1802987,3,lapchole,2,2,0.31287552673905283,0.0,2,0.9999678438907722,False,0.00011172365339007229,0.1304217278957367,0.3128654658794403,0.3128654658794403,0.16746482253074646,0.06160685792565346,0.012131109833717346,0.0014488545712083578,0.0008787747356109321,0.00017304098582826555,0.0,0.0,0.0
lapchole__1802989,3,lapchole,4,4,0.3832172536293816,0.045029208181098235,2,0.9999685597995267,False,2.233881787105929e-05,0.00619393540546298,0.1097901314496994,0.3381774127483368,0.38320520520210266,0.14097332954406738,0.019078662618994713,0.001774592325091362,0.0006528360536321998,0.00010011563426814973,0.0,0.0,0.0
lapchole__1802994,1,lapchole,2,2,0.4095616150135613,0.1611499438330038,3,0.9999731229472673,False,0.00016572266758885235,0.21921664476394653,0.40955060720443726,0.24840499460697174,0.09138309210538864,0.026181694120168686,0.004015093203634024,0.0006157344323582947,0.0003508348891045898,8.870495366863906e-05,0.0,0.0,0.0
lapchole__1803323,1,lapchole,2,2,0.8253818591620433,0.7383872536601431,2,0.9999827599385185,False,2.1350691895349883e-05,0.08699310570955276,0.8253676295280457,0.08699310570955276,0.0005861549288965762,1.770034577930346e-05,2.3954814878379693e-06,4.034648668493901e-07,5.689766453542688e-07,3.4510179602875724e-07,0.0,0.0,0.0
lapchole__1804204,2,lapchole,4,4,0.3573213432806195,0.04198637614550714,4,0.9999531502398895,False,0.000135821828735061,0.004497800953686237,0.10236948728561401,0.3153201937675476,0.3573046028614044,0.16877874732017517,0.042673949152231216,0.005775291007012129,0.002728054067119956,0.00036920199636369944,0.0,0.0,0.0
lapchole__1804220,1,lapchole,3,3,0.34613661838245047,0.04067211730132295,5,0.9999737718899269,False,0.0004052736621815711,0.06014794483780861,0.3054564893245697,0.34612753987312317,0.18526872992515564,0.0772314965724945,0.01952718012034893,0.0033933152444660664,0.0020581495482474566,0.0003576527815312147,0.0,0.0,0.0
lapchole__1804237,3,lapchole,2,2,0.575010345852231,0.30339467454288455,2,0.9999771148613945,False,0.00015022292791400105,0.041652657091617584,0.5749971866607666,0.27160945534706116,0.08817867934703827,0.019675321877002716,0.0030173081904649734,0.0003603660734370351,0.0002806534175761044,5.526392851606943e-05,0.0,0.0,0.0
lapchole__1804238,3,lapchole,2,2,0.8509892331887443,0.7358203705741909,2,0.9999873799833949,False,0.0001190022230730392,0.02267780713737011,0.8509784936904907,0.11516740918159485,0.009453517384827137,0.0012793943751603365,0.0002519277040846646,2.34329272643663e-05,3.0088473067735322e-05,6.306886461970862e-06,0.0,0.0,0.0
lapchole__1804247,3,lapchole,4,4,0.4728593426326661,0.10459611708690834,2,0.9999614497901348,False,3.324867066112347e-05,0.0010343356989324093,0.043981071561574936,0.3682490289211273,0.4728411138057709,0.10550511628389359,0.00764276459813118,0.0004885856178589165,0.00015862051805015653,2.756411413429305e-05,0.0,0.0,0.0
lapchole__1804248,3,lapchole,3,3,0.3722655697408271,0.0,1,0.9999654358907719,False,4.054158489452675e-05,0.003649437101557851,0.09412021934986115,0.3722527027130127,0.3722527027130127,0.13694413006305695,0.01853336952626705,0.0015213117003440857,0.0005596592673100531,9.136187145486474e-05,0.0,0.0,0.0
lapchole__1804272,1,lapchole,2,2,0.40040642164095896,0.15754764875044563,2,0.9999663540365873,False,0.07884204387664795,0.24285060167312622,0.40039294958114624,0.18913224339485168,0.061402250081300735,0.019934391602873802,0.005040203686803579,0.0012743630213662982,0.0008758560288697481,0.00022145108960103244,0.0,0.0,0.0
lapchole__1804360,1,lapchole,0,1,0.7531495594400739,0.5086377053459615,2,0.9999756374602384,False,0.7531312108039856,0.2445058971643448,0.0021153907291591167,0.00016312139632645994,3.212050796719268e-05,1.615120709175244e-05,5.2435289035202e-06,2.0533955193968723e-06,2.6366119527665433e-06,1.8121149878425058e-06,0.0,0.0,0.0
lapchole__1851202,4,lapchole,3,3,0.6351726646779827,0.4531926430998496,3,0.9999546759427176,False,7.838298188289627e-05,0.0015743642579764128,0.18197177350521088,0.6351438760757446,0.16058951616287231,0.016926011070609093,0.0033329292200505733,0.00016593675536569208,0.00014643868780694902,2.544722519814968e-05,0.0,0.0,0.0
lapchole__1851311,3,lapchole,5,5,0.3081494983342147,0.03620850792628735,4,0.9999531530047534,False,3.5722958273254335e-05,0.0008654880221001804,0.009304872713983059,0.1133565679192543,0.27192825078964233,0.308135062456131,0.23997582495212555,0.0417015440762043,0.013538510538637638,0.001111308578401804,0.0,0.0,0.0
lapchole__1851435,2,lapchole,1,1,0.9033907585610882,0.8193623191410321,2,0.9999922658694806,True,0.0001838100579334423,0.9033837716190515,0.08402778953313828,0.008856465108692646,0.002239265013486147,0.0008237794972956181,0.00026744205388240516,8.682571933604777e-05,8.682571933604777e-05,3.619434210122563e-05,5.792540800275726e-08,1.6595906000477252e-08,2.268391330072676e-08
lapchole__1851492,5,lapchole,4,4,0.28610497879739794,0.03361822620541439,3,0.999963223686791,False,3.1158197089098394e-05,0.023484064266085625,0.15313534438610077,0.2524774670600891,0.28609445691108704,0.17352506518363953,0.08196744322776794,0.018289407715201378,0.009789614006876945,0.0011692027328535914,0.0,0.0,0.0
lapchole__1851521,1,lapchole,2,2,0.28733073110478086,0.0,4,0.9999632330363966,False,9.054550173459575e-05,0.10569919645786285,0.28732016682624817,0.28732016682624817,0.19747208058834076,0.09327920526266098,0.023584676906466484,0.0031918392051011324,0.0017084681894630194,0.00029688727227039635,0.0,0.0,0.0
lapchole__1851927,2,lapchole,1,1,0.9734413947705907,0.9475000601964342,2,0.9999964133845133,True,2.5180990633089095e-05,0.9734379034106088,0.025941241532564163,0.0005383932730183005,4.1516428609611467e-05,7.214474408101523e-06,2.6540567432675743e-06,7.60400041599496e-07,9.172175055027765e-07,6.303937425400363e-07,5.400164842476924e-10,2.715373444755598e-10,3.950844915613152e-10
lapchole__1853423,2,lapchole,1,1,0.6896642672338997,0.4359504237152456,2,0.999966298336757,True,0.0006288725417107344,0.6896410244010147,0.25370529294013977,0.03890696540474892,0.012631242163479328,0.0031936783343553543,0.0008074882789514959,0.00018017497495748103,0.00020416502957232296,6.628267874475569e-05,8.34371643869446e-07,1.1291992301120177e-07,1.642975152417659e-07
lapchole__1853472,4,lapchole,2,2,0.36598535409579375,1.0688067327886267e-05,4,0.9999547510166501,True,0.0007064859964884818,0.36595810604689627,0.3659687936306,0.15255849063396454,0.07206352800130844,0.030040549114346504,0.008606761693954468,0.001920428010635078,0.0016947719268500805,0.0004285053873900324,6.112090856622476e-06,9.373194636165183e-07,1.2811638959760519e-06
lapchole__1853528,5,lapchole,2,2,0.4680130541996665,0.24693933230532425,5,0.9999678932072129,False,0.0002588423958513886,0.13408367335796356,0.46799802780151367,0.22106662392616272,0.11832842975854874,0.04353059455752373,0.011006258428096771,0.0019126009428873658,0.0014895352069288492,0.0002933068317361176,0.0,0.0,0.0
lapchole__1853529,5,lapchole,4,4,0.2790089762707784,0.0327844197628214,3,0.9999553810921498,False,6.847403710708022e-05,0.013890418224036694,0.11630304902791977,0.24621357023715973,0.2789965271949768,0.2172827124595642,0.0905769094824791,0.02290142886340618,0.012258252128958702,0.0014640394365414977,0.0,0.0,0.0
lapchole__1853531,4,lapchole,3,3,0.3009167181773021,0.03535866443971497,2,0.999968054384226,False,8.908196468837559e-05,0.013220935128629208,0.2343466877937317,0.30090710520744324,0.26554957032203674,0.14213845133781433,0.03593822941184044,0.004863710142672062,0.0026033564936369658,0.00031092658173292875,0.0,0.0,0.0
lapchole__1853537,6,lapchole,3,3,0.29793246187032285,0.0,5,0.9999674368409615,False,5.6945205869851634e-05,0.007006472442299128,0.18069930374622345,0.2979227602481842,0.2979227602481842,0.15946657955646515,0.04568793997168541,0.007006472442299128,0.0037502942141145468,0.0004479087656363845,0.0,0.0,0.0
lapchole__2433091,3,lapchole,2,2,0.30652935323548,0.06780405827863939,3,0.9999766330220154,False,0.00010282673611072823,0.23871971666812897,0.3065221905708313,0.23871971666812897,0.14479082822799683,0.053265564143657684,0.013467645272612572,0.0026519366074353456,0.0014194794930517673,0.0003167286340612918,0.0,0.0,0.0
lapchole__2433280,6,lapchole,4,4,0.26739992947830105,0.0,3,0.9999617996891175,False,1.880198578874115e-05,0.0018016576068475842,0.02818266674876213,0.16218005120754242,0.267389714717865,0.267389714717865,0.20824331045150757,0.041005540639162064,0.021948684006929398,0.0018016576068475842,0.0,0.0,0.0
lapchole__2433318,5,lapchole,4,4,0.27640538893739747,0.0324784883509325,3,0.9999442751068273,False,0.00011905292194569483,0.020021624863147736,0.10167820751667023,0.24391330778598785,0.2763899862766266,0.18995988368988037,0.10167820751667023,0.03740531578660011,0.02570827305316925,0.003070415696129203,0.0,0.0,0.0
lapchole__2433341,4,lapchole,2,2,0.4404596058216148,0.09742930667960704,3,0.9999678678977943,False,3.976717925979756e-05,0.010358285158872604,0.4404454529285431,0.3430192768573761,0.16203084588050842,0.03615396469831467,0.007119137793779373,0.0004016342863906175,0.0003544409992173314,4.506211553234607e-05,0.0,0.0,0.0
lapchole__2433587,2,lapchole,1,1,0.9838258687570912,0.9679238043070977,2,0.9999973242358424,True,2.7091000447398983e-05,0.9838232362710942,0.015902021899819374,0.00022683014685753733,1.4500765246339142e-05,2.089033387164818e-06,8.180772397281544e-07,2.2018251399913424e-07,3.203636538273713e-07,1.9431038822403934e-07,8.453162630501847e-10,5.457771670828625e-10,7.941011332562517e-10
lapchole__2434865,2,lapchole,1,1,0.9618069221410621,0.9361756357945584,3,0.9999773211566053,True,0.025630705058574677,0.961785109472499,0.01210708823055029,0.0003434516256675124,6.762964039808139e-05,2.487955498509109e-05,7.587834716105135e-06,3.815403033513576e-06,4.061475465277908e-06,2.9714387892454397e-06,1.4647962377099552e-08,3.070379499300841e-09,3.7035846655999104e-09
lapchole__2435577,3,lapchole,2,2,0.4687126426375746,0.10367885601064664,2,0.9999663329363102,False,0.00015723028627689928,0.02996278740465641,0.46869686245918274,0.3650214970111847,0.10458040982484818,0.026442069560289383,0.0040550222620368,0.0005487875896506011,0.00042739621130749583,7.427032687701285e-05,0.0,0.0,0.0
lapchole__2435645,4,lapchole,5,5,0.4600235040698237,0.18100514299688644,2,0.9999504797706322,False,3.901644595316611e-05,0.0002882947155740112,0.005790554452687502,0.11630639433860779,0.2790045440196991,0.4600007236003876,0.13179241120815277,0.005110146477818489,0.0014640814624726772,0.00015431304927915335,0.0,0.0,0.0
lapchole__2435651,5,lapchole,6,6,0.7510982880851442,0.6031982732900114,3,0.9999550669599557,False,1.17840500024613e-05,3.8638409023405984e-05,0.00011901467223651707,0.000996497692540288,0.006497981026768684,0.0791616141796112,0.7510645389556885,0.14789336919784546,0.013756226748228073,0.0004154020280111581,0.0,0.0,0.0
lapchole__2435665,6,lapchole,3,3,0.3376513623299786,0.07468822085092516,6,0.9999529840133619,False,0.0004479681665543467,0.05177808180451393,0.2629507780075073,0.33763548731803894,0.2320532649755478,0.08536761999130249,0.021584315225481987,0.004250203724950552,0.003310062224045396,0.0005752025754190981,0.0,0.0,0.0
lapchole__2517874,4,lapchole,2,2,0.31455402732220106,0.0695791037994555,4,0.9999724558147136,False,7.252153591252863e-05,0.24496817588806152,0.3145453631877899,0.24496817588806152,0.13112202286720276,0.04823709651827812,0.012196247465908527,0.0021193900611251593,0.0014566341415047646,0.00028682826086878777,0.0,0.0,0.0
lapchole__2517892,7,lapchole,5,5,0.43320429215989414,0.050902837438022965,4,0.9999614772759742,False,1.4388454474101309e-05,0.00011317396274534985,0.0010737647535279393,0.013081132434308529,0.12411033362150192,0.4331876039505005,0.3822867274284363,0.04029272496700287,0.005453027319163084,0.0003486003843136132,0.0,0.0,0.0
lapchole__2517917,7,lapchole,6,6,0.41181869411349126,0.0483899638999854,2,0.9999428753508255,False,2.2551044821739197e-05,0.00016663092537783086,0.00029244637698866427,0.0014851653249934316,0.010973969474434853,0.10411812365055084,0.41179516911506653,0.3634079694747925,0.10411812365055084,0.0035627263132482767,0.0,0.0,0.0
lapchole__2517922,1,lapchole,2,2,0.5835748797544922,0.3688896534735726,3,0.9999621265615133,False,0.0001047828554874286,0.1475452482700348,0.5835527777671814,0.214677095413208,0.04790093004703522,0.005720950663089752,0.00038931553717702627,3.8547455915249884e-05,2.4888107873266563e-05,7.5904445111518726e-06,0.0,0.0,0.0
lapchole__2517927,2,lapchole,1,1,0.9164494473196979,0.8412226914964425,2,0.9999889814790816,True,5.686904478352517e-05,0.9164393494022919,0.07522592693567276,0.006174920126795769,0.0013778108404949307,0.000447309750597924,0.00016455604054499418,4.4289663492236286e-05,4.160628668614663e-05,1.6293257431243546e-05,3.1453336326383564e-08,8.465550978764014e-09,1.0211402800302656e-08
lapchole__2517945,6,lapchole,2,2,0.2490834427244319,1.0765123029729543e-06,6,0.9999642322966121,True,0.00018829455075319856,0.2490734571079351,0.2490745335817337,0.21980750560760498,0.15107133984565735,0.09162940829992294,0.02974771149456501,0.006637611426413059,0.0024418409448117018,0.0002916362718679011,5.992948536742444e-07,1.5152547819997054e-07,1.4234501532240427e-07
lapchole__2518120,3,lapchole,1,1,0.7683989437010396,0.57411722542506,3,0.999979873526797,True,0.00013797111751046032,0.7683834785402899,0.1942778080701828,0.026292642578482628,0.0075329686515033245,0.0024455967359244823,0.0006183437071740627,0.00012961187167093158,0.00012175909068901092,3.952939005102962e-05,1.110296235704342e-07,2.6371847369093674e-08,2.6371847369093674e-08
lapchole__2518188,5,lapchole,4,4,0.48464189247544576,0.15155270089295128,2,0.9999522548896493,False,6.366390880430117e-05,0.000642982660792768,0.01139714103192091,0.12253081053495407,0.48461875319480896,0.33307328820228577,0.04507656395435333,0.001980526139959693,0.0005007553845643997,6.776987720513716e-05,0.0,0.0,0.0
lapchole__2518196,3,lapchole,2,2,0.3809199143591035,0.11911773299727467,2,0.9999737618854851,False,6.425234460039064e-05,0.20388640463352203,0.38090991973876953,0.261795312166214,0.10913252830505371,0.03543014079332352,0.006976609118282795,0.0010698976693674922,0.0005726749077439308,0.0001360222086077556,0.0,0.0,0.0
lapchole__2518283,6,lapchole,2,2,0.3426736011017997,0.04026523423923317,6,0.9999644252384314,False,0.00021475502580869943,0.30239760875701904,0.34266141057014465,0.18341343104839325,0.11124586313962936,0.04637417569756508,0.010347478091716766,0.0017981219571083784,0.00123583001550287,0.0002757509355433285,0.0,0.0,0.0
lapchole__2518291,5,lapchole,6,6,0.5534218949156591,0.29200388814287764,2,0.999963093741826,False,1.1867919965879992e-05,6.829516496509314e-05,0.00044534041080623865,0.0069662961177527905,0.051474351435899734,0.26140835881233215,0.5534014701843262,0.10897120088338852,0.016711276024580002,0.0005046367878094316,0.0,0.0,0.0
lapchole__2518304,4,lapchole,1,1,0.9180931856837629,0.8427314934375766,4,0.9999851593305216,True,5.697083179256879e-05,0.9180795605662437,0.07536057382822037,0.004817639943212271,0.0010749608045443892,0.0003489886876195669,0.00014548012404702604,3.9155442209448665e-05,4.4368935050442815e-05,1.7375123206875287e-05,5.195054114543634e-08,1.3982299962596986e-08,1.9111533817610695e-08
lapchole__2518819,2,lapchole,1,1,0.7532853966954439,0.5087294327264155,2,0.9999904382402217,True,2.9882560284022475e-06,0.7532781939614362,0.24455362558364868,0.002115803537890315,3.419877975829877e-05,3.6045248634763993e-06,1.0993179557772237e-06,2.7795110213446605e-07,3.9197388446154946e-07,2.530773883790971e-07,5.71177303719445e-10,2.872060064820907e-10,4.178822678312418e-10
lapchole__2519990,2,lapchole,0,2,0.9489162423185287,0.9292221154366187,2,0.999992163195202,False,0.948908805847168,0.011944998987019062,0.019693972542881966,0.011944998987019062,0.004979416262358427,0.001831824891269207,0.00040873538819141686,0.00011710464605130255,0.0001326969504589215,2.960869278467726e-05,0.0,0.0,0.0
lapchole__2520079,5,lapchole,4,4,0.4623644478455873,0.054329250542095225,2,0.9999362897724495,False,0.0002256635343655944,0.00015509611694142222,0.002141035860404372,0.04300385341048241,0.4623349905014038,0.40800920128822327,0.08034177124500275,0.002749144332483411,0.0008925165166147053,8.301696652779356e-05,0.0,0.0,0.0
lapchole__2520103,6,lapchole,4,4,0.39661714985221047,0.0,3,0.9999477629244211,False,8.589919161750004e-05,0.00021935129188932478,0.003028050996363163,0.06082003563642502,0.39659643173217773,0.39659643173217773,0.12875601649284363,0.010568937286734581,0.003028050996363163,0.0002485575678292662,0.0,0.0,0.0
lapchole__2665932,4,lapchole,2,2,0.3037707015554368,0.03569399334760411,3,0.9999493420618819,False,7.455058221239597e-05,0.059812963008880615,0.3037553131580353,0.26806312799453735,0.20876777172088623,0.09861490875482559,0.041108809411525726,0.009172615595161915,0.009172615595161915,0.0014066662406548858,0.0,0.0,0.0
lapchole__2665983,3,lapchole,4,4,0.321858498383986,0.07119484140501126,2,0.9999395267586806,False,3.971809201175347e-05,0.009718697518110275,0.10448583960533142,0.25064849853515625,0.32183903455734253,0.19520525634288788,0.0813736543059349,0.020574482157826424,0.014140620827674866,0.001913724816404283,0.0,0.0,0.0
lapchole__2666150,6,lapchole,3,3,0.35415273893899263,0.04161404686663389,5,0.999965834984323,False,6.769073661416769e-05,0.008328589610755444,0.1476277858018875,0.35414063930511475,0.31252801418304443,0.13028107583522797,0.0373261496424675,0.005724150221794844,0.0034718727692961693,0.00046986687812022865,0.0,0.0,0.0
lapchole__2666172,1,lapchole,3,3,0.2840708492183734,0.033379202715004185,5,0.9999659044406144,False,6.152507557999343e-05,0.09222115576267242,0.19523219764232635,0.28406116366386414,0.25068309903144836,0.13418099284172058,0.03392626717686653,0.005895501468330622,0.0031556347385048866,0.0005483670393005013,0.0,0.0,0.0
lapchole__2666335,5,lapchole,4,4,0.3373154923923483,0.07461392552763495,3,0.9999569063875242,False,4.716871626442298e-05,0.019029218703508377,0.12408609688282013,0.2626902461051941,0.33730095624923706,0.1805441975593567,0.05861411243677139,0.011541803367435932,0.005451962351799011,0.0006511440151371062,0.0,0.0,0.0
lapchole__2667467,1,lapchole,2,2,0.42890992549039914,0.19933097525922222,2,0.9999383032554761,False,0.0010630958713591099,0.22956478595733643,0.42888346314430237,0.202590212225914,0.0956968367099762,0.031068215146660805,0.007855274714529514,0.0015467953635379672,0.001365042058750987,0.00030458206310868263,0.0,0.0,0.0
lapchole__2667512,4,lapchole,2,2,0.3429860682156565,0.0758682479651464,3,0.9999367693380918,False,0.0004015699669253081,0.04641517996788025,0.34296438097953796,0.2671009302139282,0.20801840722560883,0.0867149755358696,0.03190065547823906,0.007117998320609331,0.00806574895977974,0.0012369226897135377,0.0,0.0,0.0
lapchole__2667540,3,lapchole,2,2,0.36221804212721764,0.11326945959006667,2,0.9999328071135096,False,0.00029146921588107944,0.08081633597612381,0.3621937036514282,0.2489318549633026,0.17108818888664246,0.09157690405845642,0.029730668291449547,0.007517090067267418,0.006633808836340904,0.001152783166617155,0.0,0.0,0.0
lapchole__2667645,5,lapchole,4,4,0.3152844812149302,0.0,2,0.999918359964795,False,5.317822069628164e-05,0.0016543259844183922,0.02587801218032837,0.1159772202372551,0.3152587413787842,0.3152587413787842,0.16874584555625916,0.037652287632226944,0.017785681411623955,0.0016543259844183922,0.0,0.0,0.0
lapchole__2667660,6,lapchole,5,5,0.2762026624576657,0.0,2,0.9999156807789404,False,5.278915705275722e-05,0.0021086554042994976,0.010708636604249477,0.0616239532828331,0.18981513381004333,0.27617937326431274,0.27617937326431274,0.11512869596481323,0.0616239532828331,0.0064951167441904545,0.0,0.0,0.0
lapchole__2667692,3,lapchole,3,3,0.4282944125661652,0.0947383894532289,1,0.9999707927563577,False,8.714182331459597e-05,0.004757782444357872,0.3335462808609009,0.42828190326690674,0.17853446304798126,0.0451405793428421,0.007844257168471813,0.0009368628961965442,0.0007296295952983201,0.00011189231008756906,0.0,0.0,0.0
lapchole__2667730,6,lapchole,3,3,0.4205777841386962,0.13151916137340544,5,0.9999617595603922,False,0.00020527419110294431,0.005998990498483181,0.1753161996603012,0.42056170105934143,0.28904756903648376,0.08281350880861282,0.020938534289598465,0.002833722624927759,0.0019475872395560145,0.0002986721519846469,0.0,0.0,0.0
lapchole__2667753,1,lapchole,2,2,0.3691143330019378,0.14523516537599757,3,0.999953833874315,False,0.018376272171735764,0.17434923350811005,0.3690972924232483,0.22386883199214935,0.15386264026165009,0.044082388281822205,0.011145773343741894,0.0024869581684470177,0.0021947326604276896,0.0004897110629826784,0.0,0.0,0.0
lapchole__2667794,5,lapchole,3,3,0.23100692574558132,0.02714404045988614,4,0.9999079275876284,False,0.014766418375074863,0.07499006390571594,0.15875396132469177,0.23098565638065338,0.2038441151380539,0.15875396132469177,0.08497488498687744,0.03542279824614525,0.03126050904393196,0.0061555588617920876,0.0,0.0,0.0
lapchole__2703794,3,lapchole,4,4,0.2974364945530478,0.034949697273428754,2,0.9999520425044466,False,8.80502921063453e-05,0.01901356689631939,0.10941553860902786,0.2624742090702057,0.29742223024368286,0.20441511273384094,0.07520011812448502,0.01901356689631939,0.011532311327755451,0.0013773383107036352,0.0,0.0,0.0
lapchole__2703913,3,lapchole,1,1,0.4174932479497339,0.09234746555127979,3,0.9999753397293804,True,0.00021691471920348704,0.4174829524532576,0.32513776421546936,0.15358422696590424,0.0725480392575264,0.023552902042865753,0.0052553629502654076,0.0011726299999281764,0.0008059359970502555,0.00021691471920348704,1.1382539895676066e-06,2.703590419414779e-07,2.8779567465225285e-07
lapchole__2703955,4,lapchole,5,5,0.35690760145329287,0.07894766778828012,3,0.999942564052617,False,2.8436534194042906e-05,0.0011358935153111815,0.006536615546792746,0.05473041161894798,0.1910279095172882,0.3568871021270752,0.2779439687728882,0.07963228225708008,0.029295077547430992,0.0027248666156083345,0.0,0.0,0.0
lapchole__2704022,5,lapchole,1,1,0.40805917641785067,0.0479469054821509,5,0.9999712242787102,True,3.684214607346803e-05,0.4080474342207203,0.3601019084453583,0.1501128375530243,0.05522341653704643,0.020315559580922127,0.004533014725893736,0.0008926034206524491,0.0005413913168013096,0.00016511502326466143,6.747821602837598e-07,1.9332832259134965e-07,2.3319847023113783e-07
lapchole__2704043,5,lapchole,1,1,0.4449482972767392,0.09842154454712516,5,0.9999719320221904,True,6.222067167982459e-05,0.4449358084778048,0.34651702642440796,0.14444978535175323,0.04689597710967064,0.013435923494398594,0.002645689994096756,0.0005545667954720557,0.00035805522929877043,0.00011624350008787587,3.699755413000639e-07,1.2011346907705244e-07,1.4488450951129758e-07
lapchole__2704295,3,lapchole,2,2,0.5917903074270623,0.23285133807183692,3,0.9999794719761894,False,6.792962267354596e-06,0.35893160104751587,0.5917781591415405,0.04857610911130905,0.0006509202066808939,2.859944106603507e-05,4.668730070989113e-06,8.63628258684912e-07,1.0417345492896857e-06,7.159729307204543e-07,0.0,0.0,0.0
lapchole__2704350,2,lapchole,1,1,0.9836163929553775,0.9677177137115709,2,0.9999965526231107,True,6.043527264409931e-06,0.9836130020589565,0.015898624435067177,0.000423683988628909,4.1950392187573016e-05,7.76004253566498e-06,2.854760396076017e-06,8.706526273272175e-07,1.1179402008565376e-06,6.369831453412189e-07,3.558150701851367e-09,1.680751388784811e-09,2.6031988023828136e-09
lapchole__2704396,3,lapchole,2,2,0.7091677010670796,0.5059877353208346,2,0.9999764074352129,False,4.093186362297274e-06,0.08469600975513458,0.7091509699821472,0.20317517220973969,0.002898138016462326,4.684403756982647e-05,3.845192622975446e-06,4.451133861493872e-07,5.539525886888441e-07,3.3598919912947167e-07,0.0,0.0,0.0
lapchole__2705441,1,lapchole,2,2,0.33329875647085944,0.10422608238562053,2,0.9999573967652395,False,0.0015434138476848602,0.22906291484832764,0.33328455686569214,0.22906291484832764,0.12260855734348297,0.05791616812348366,0.016593260690569878,0.0047540487721562386,0.00419543357565999,0.0009361278498545289,0.0,0.0,0.0
lapchole__2705457,3,lapchole,2,2,0.3319240399158695,0.03900212214320322,3,0.9999518181430176,False,0.02121817134320736,0.29290780425071716,0.33190804719924927,0.20131240785121918,0.0950932502746582,0.03964076191186905,0.011357268318533897,0.0032539120875298977,0.002534148981794715,0.0007260459242388606,0.0,0.0,0.0
lapchole__2705482,2,lapchole,2,2,0.4506956754732428,0.09969352399860656,1,0.9999666467774659,False,0.0030366622377187014,0.3509904444217682,0.4506806433200836,0.12912216782569885,0.04750138893723488,0.013609376735985279,0.0030366622377187014,0.0008700183243490756,0.0008700183243490756,0.0002492644125595689,0.0,0.0,0.0
lapchole__2705535,4,lapchole,2,2,0.3169433230772779,5.093458193417647e-05,4,0.9999422481871599,True,0.0045206923969089985,0.3168740873854329,0.3169250190258026,0.19222474098205566,0.1028904914855957,0.042891137301921844,0.013924714177846909,0.0045206923969089985,0.003989497199654579,0.001143010100349784,2.687648623052254e-05,5.2922938040187145e-06,5.9969546473781585e-06
lapchole__2705815,3,lapchole,2,2,0.7234991566429929,0.540569929923673,2,0.9999639466186636,False,0.00021418039978016168,0.011693852953612804,0.723473072052002,0.1829226315021515,0.06729347258806229,0.011693852953612804,0.0020320871844887733,0.00027501306612975895,0.0003116306324955076,5.415328632807359e-05,0.0,0.0,0.0
lapchole__2804910,4,lapchole,2,2,0.33536292115123556,0.0,3,0.9999693116697017,False,9.326434519607574e-05,0.06603484600782394,0.3353526294231415,0.3353526294231415,0.17950133979320526,0.06603484600782394,0.014734366908669472,0.0017597691621631384,0.0009419365669600666,0.00016368403157684952,0.0,0.0,0.0
lapchole__2805137,2,lapchole,3,3,0.24433614237322487,0.028710260442286462,3,0.9999621306196786,False,7.699668640270829e-05,0.11541185528039932,0.1902819722890854,0.2443268895149231,0.21561771631240845,0.14819175004959106,0.061775512993335724,0.015619294717907906,0.007378032896667719,0.0012821098789572716,0.0,0.0,0.0
lapchole__2805204,3,lapchole,1,1,0.4520829460587571,0.14137004648583348,3,0.9999768017455036,True,6.729603774147108e-05,0.45207245852352096,0.31070569157600403,0.14676696062088013,0.06118157133460045,0.02250744216144085,0.005022089928388596,0.0009889081120491028,0.0005293242866173387,0.0001338341535301879,7.958003153229902e-07,2.0120980859148129e-07,2.2800060658921312e-07
lapchole__2805309,2,lapchole,3,3,0.2792180772402586,0.03280898792425756,2,0.999967340612784,False,4.709730274043977e-05,0.1163916066288948,0.24640104174613953,0.2792089581489563,0.2174481600522995,0.10271524637937546,0.029428405687212944,0.005113890394568443,0.002737268339842558,0.00047566593275405467,0.0,0.0,0.0
lapchole__2805325,3,lapchole,4,4,0.3011905966948482,0.03539083443983751,2,0.9999643394148734,False,3.7168549170019105e-05,0.0090948436409235,0.16120997071266174,0.26579028367996216,0.3011798560619354,0.1826748251914978,0.06720231473445892,0.00802617147564888,0.00429609976708889,0.00045280560152605176,0.0,0.0,0.0
lapchole__2805326,4,lapchole,4,4,0.3756216978281796,0.0,1,0.9999586855847156,False,2.0569234038703144e-05,0.00038811296690255404,0.008833411149680614,0.1076129749417305,0.3756061792373657,0.3756061792373657,0.1219414696097374,0.007795457262545824,0.001971000339835882,0.00018333160551264882,0.0,0.0,0.0
lapchole__2805332,7,lapchole,5,5,0.3779239143470212,0.04440722698935579,4,0.9999407551604236,False,1.9441091353655793e-05,0.0002683759666979313,0.0028853134717792273,0.03515031561255455,0.17850804328918457,0.37790152430534363,0.33349692821502686,0.05795307829976082,0.012931078672409058,0.0008266562363132834,0.0,0.0,0.0
lapchole__2805354,6,lapchole,5,5,0.35218654541376715,0.07790339825773179,3,0.9999497784265259,False,4.924786844640039e-05,0.0012701192172244191,0.010634577833116055,0.07857949286699295,0.27426937222480774,0.35216885805130005,0.213601216673851,0.04766087234020233,0.01986800879240036,0.0018480125581845641,0.0,0.0,0.0
lapchole__2805371,5,lapchole,4,4,0.48026557135216164,0.15018419875017422,4,0.9999729162373114,False,6.309033051365986e-05,0.0017320612678304315,0.09456732869148254,0.33007243275642395,0.48025256395339966,0.08345537632703781,0.00879613310098648,0.0006371897179633379,0.0003410630743019283,5.5677017371635884e-05,0.0,0.0,0.0
lapchole__2805378,6,lapchole,3,3,0.3885283442234403,0.08594215171689643,5,0.9999663334019715,False,7.905056554591283e-05,0.005541872698813677,0.23564642667770386,0.38851526379585266,0.3025760054588318,0.05958074703812599,0.00711590563878417,0.0005841090460307896,0.0002759135968517512,5.103888543089852e-05,0.0,0.0,0.0
lapchole__2805387,5,lapchole,4,4,0.48159376741039167,0.22381518555241947,2,0.9999574667708657,False,3.386268872418441e-05,0.0007240161648951471,0.02115885354578495,0.20074960589408875,0.48157328367233276,0.25776761770248413,0.03488505259156227,0.00223012687638402,0.0007240161648951471,0.00011103146971436217,0.0,0.0,0.0
lapchole__2805542,1,lapchole,2,2,0.6306392460030414,0.2930823477867624,2,0.9999783704868719,False,1.0532520718697924e-05,0.3375495970249176,0.6306256055831909,0.03139699995517731,0.0003712841426022351,1.848514875746332e-05,3.639941496658139e-06,6.733215514032054e-07,9.203214403896709e-07,6.325270192064636e-07,0.0,0.0,0.0
lapchole__2805674,3,lapchole,2,2,0.9083805385890041,0.8238879848191848,2,0.9999913054288072,False,2.0736802980536595e-05,0.0061205667443573475,0.9083726406097412,0.08449181914329529,0.000938619312364608,3.8741443859180436e-05,5.581234745477559e-06,9.111114991355862e-07,1.1698903108481318e-06,5.19135653576086e-07,0.0,0.0,0.0
lapchole__2805765,2,lapchole,1,1,0.6347097236491781,0.2949740698998752,2,0.9999817633045242,True,6.912419485161081e-05,0.6346981486412323,0.3397294580936432,0.024609917774796486,0.000791084545198828,6.1001886933809146e-05,1.3611361282528378e-05,3.2329817258869298e-06,3.663447841972811e-06,2.517848542993306e-06,1.1544908928551688e-09,5.805144536418035e-10,7.934692237968049e-10
lapchole__2806704,4,lapchole,2,2,0.6004371049768362,0.40550373037576914,4,0.9999799472534505,False,0.0001777526777004823,0.13397294282913208,0.6004250645637512,0.19492946565151215,0.05584822595119476,0.012461423873901367,0.0016864704666659236,0.0002586285991128534,0.0001777526777004823,4.2219962779199705e-05,0.0,0.0,0.0
lapchole__2806779,1,lapchole,2,2,0.33888014252357956,0.07496002077556398,3,0.9999702136556152,False,0.0012221562210470438,0.23290175199508667,0.3388700485229492,0.26391226053237915,0.11001499742269516,0.040472257882356644,0.009030580520629883,0.002014994854107499,0.0012221562210470438,0.00030900948331691325,0.0,0.0,0.0
lapchole__2806912,2,lapchole,3,3,0.32513137095909794,0.0382039404663264,3,0.9999598080612486,False,0.00023089068417903036,0.03882984444499016,0.19719421863555908,0.3251183032989502,0.2869158983230591,0.11960434913635254,0.02668733522295952,0.0036117383278906345,0.0015055965632200241,0.0002616334240883589,0.0,0.0,0.0
lapchole__2807033,3,lapchole,2,2,0.40449142078178957,0.12648879733019477,2,0.9999647173390258,False,0.00041794529533945024,0.05474003031849861,0.40447714924812317,0.2779928147792816,0.19106149673461914,0.05474003031849861,0.01221415214240551,0.002122501377016306,0.0018731009913608432,0.0003254961338825524,0.0,0.0,0.0
lapchole__2807053,2,lapchole,3,3,0.23640322922409132,0.027778124818863093,2,0.9999611617531627,False,0.0043297079391777515,0.07674590498209,0.20861700177192688,0.23639404773712158,0.20861700177192688,0.16247110068798065,0.06772802770137787,0.019404403865337372,0.013336439616978168,0.002317525679245591,0.0,0.0,0.0
lapchole__2807105,7,lapchole,5,5,0.4356663564239266,0.13623752041218612,5,0.9999355522850237,False,3.4711378248175606e-05,0.00024094471882563084,0.002935307566076517,0.03575936704874039,0.18160104751586914,0.43563827872276306,0.29940953850746155,0.03575936704874039,0.007978993467986584,0.0005779963103123009,0.0,0.0,0.0
lapchole__2807112,4,lapchole,3,3,0.7954902931723041,0.7004825235100468,2,0.9999453418022313,False,0.0002668426895979792,0.0025317328982055187,0.08383947610855103,0.7954468131065369,0.09500257670879364,0.018707117065787315,0.0036836499348282814,0.0002668426895979792,0.00016184826381504536,3.844233651761897e-05,0.0,0.0,0.0
lapchole__2807114,5,lapchole,3,3,0.6718725091396335,0.47937781280633585,4,0.9999354861065513,False,0.00012063377653248608,0.0027456122916191816,0.07081027328968048,0.6718291640281677,0.19248227775096893,0.04294859990477562,0.017903640866279602,0.0006941994652152061,0.000327916641253978,7.31680920580402e-05,0.0,0.0,0.0
lapchole__2807123,6,lapchole,4,4,0.40827280254770487,0.047973335195517657,4,0.9999478084791917,False,8.842357783578336e-05,0.0005416600615717471,0.010879533365368843,0.10322213917970657,0.40825149416923523,0.3602806627750397,0.10322213917970657,0.009601155295968056,0.003532067406922579,0.00032853346783667803,0.0,0.0,0.0
lapchole__2807148,6,lapchole,3,3,0.3819206965370636,0.11943068488264152,6,0.9999651161342626,False,8.271767728729174e-05,0.01480815652757883,0.26248085498809814,0.3819073736667633,0.26248085498809814,0.066365547478199,0.010177486576139927,0.0010726993205025792,0.0005067072343081236,8.271767728729174e-05,0.0,0.0,0.0
lapchole__2807157,5,lapchole,4,4,0.3017521900388889,0.0,2,0.9999559174248134,False,7.405569340335205e-05,0.0020331006962805986,0.046273160725831985,0.23499448597431183,0.3017388880252838,0.3017388880252838,0.09796027839183807,0.010324937291443348,0.004304074216634035,0.0005140483845025301,0.0,0.0,0.0
lapchole__2918327,3,lapchole,4,4,0.5365739734970173,0.3128966693779649,3,0.9999488511202799,False,2.149689316865988e-05,0.001329965889453888,0.018359610810875893,0.19738444685935974,0.536546528339386,0.22366586327552795,0.020804164931178093,0.001329965889453888,0.00043177668703719974,7.503154483856633e-05,0.0,0.0,0.0
lapchole__2918471,4,lapchole,1,1,0.5816692998173635,0.27032396767899747,4,0.9999806857997968,True,0.00010444269719300792,0.5816580653400548,0.3113393187522888,0.07871890068054199,0.022553343325853348,0.004441016353666782,0.0008744879742152989,0.00013410707470029593,0.0001183490821858868,3.842232035822235e-05,1.5702283712238957e-07,3.291377794268884e-08,4.226212332515851e-08
lapchole__2918486,2,lapchole,4,4,0.32700361581202464,0.07233291925023146,5,0.9999703264638811,False,2.2993162929196842e-05,0.006786542013287544,0.056823018938302994,0.2247394323348999,0.3269939124584198,0.2546631395816803,0.10615938156843185,0.016280068084597588,0.006786542013287544,0.0007152963080443442,0.0,0.0,0.0
lapchole__2918498,5,lapchole,3,3,0.27005404884169004,0.0,4,0.9999675309991289,False,3.3326232369290665e-05,0.060255248099565506,0.23831410706043243,0.27004528045654297,0.27004528045654297,0.12756036221981049,0.02846256084740162,0.0033993683755397797,0.0016057478496804833,0.00024624940124340355,0.0,0.0,0.0
lapchole__2920344,1,lapchole,0,1,0.46066964398716054,0.10189975678663082,2,0.9999694489160902,False,0.4606555700302124,0.35875892639160156,0.14955297112464905,0.022934690117836,0.005798798054456711,0.0016613834304735065,0.00032714579720050097,0.00010620868124533445,0.0001203502033604309,5.340508505469188e-05,0.0,0.0,0.0
lapchole__2920382,3,lapchole,4,4,0.6334181886981551,0.36937020390632924,2,0.999957770736728,False,3.2584735890850425e-05,0.0005775782628916204,0.02167346328496933,0.2640368342399597,0.6333914399147034,0.07564782351255417,0.004267758224159479,0.00021247916447464377,0.00010036804451374337,1.744135261105839e-05,0.0,0.0,0.0
lapchole__2920643,4,lapchole,2,2,0.29170398563836725,0.0,3,0.9999671483965358,False,0.00023473611508961767,0.10730838030576706,0.29169440269470215,0.29169440269470215,0.2004784345626831,0.08357184380292892,0.01864739879965782,0.003671890590339899,0.0022271140478551388,0.00043854478280991316,0.0,0.0,0.0
lapchole__2920809,5,lapchole,4,4,0.30777546714306425,0.036164587482237436,3,0.9999718236649642,False,0.00013256825332064182,0.01967487297952175,0.11322108656167984,0.27160322666168213,0.30776679515838623,0.2115248292684555,0.06060286983847618,0.010531200096011162,0.004390057176351547,0.0005243176710791886,0.0,0.0,0.0
lapchole__3047111,1,lapchole,2,2,0.4707237702233601,0.2187634963029527,2,0.9999775408869027,False,6.183714867802337e-05,0.2519546151161194,0.47071319818496704,0.1962224543094635,0.06370410323143005,0.014214307069778442,0.002470076084136963,0.00033428845927119255,0.0002445706631988287,5.809061985928565e-05,0.0,0.0,0.0
lapchole__3047270,6,lapchole,3,3,0.30614030527660424,0.06771799973576155,5,0.9999687456693209,False,5.163850073586218e-05,0.04694667086005211,0.16385997831821442,0.3061307370662689,0.23841485381126404,0.14460593461990356,0.06830700486898422,0.019570283591747284,0.01047521736472845,0.0016064266674220562,0.0,0.0,0.0
lapchole__3047390,8,lapchole,6,6,0.3996584058218548,0.12497746648280801,5,0.9999468467667612,False,2.4799222956062295e-05,0.0007714812527410686,0.0030512672383338213,0.022545987740159035,0.10104410350322723,0.27466633915901184,0.3996371626853943,0.14701831340789795,0.04772985354065895,0.003457539016380906,0.0,0.0,0.0
lapchole__3047394,7,lapchole,5,5,0.40337602787872856,0.15871608782630015,5,0.9999635392732671,False,1.2586037883011159e-05,0.000367817934602499,0.0057536400854587555,0.05458901822566986,0.24465101957321167,0.40336132049560547,0.24465101957321167,0.037518445402383804,0.008371497504413128,0.0006871744408272207,0.0,0.0,0.0
lapchole__3048929,4,lapchole,3,3,0.5795975694006269,0.2693613266582936,3,0.9999718619947089,False,0.0002203156182076782,0.004425157327204943,0.31022751331329346,0.5795812606811523,0.07843779027462006,0.0224728025496006,0.003905187826603651,0.0003632390289567411,0.0002828908618539572,5.570451321545988e-05,0.0,0.0,0.0
lapchole__3048976,3,lapchole,2,2,0.3981507786819828,2.740150238318765e-06,3,0.9999725870794355,True,0.00041139699169434607,0.3981371241311913,0.3981398642063141,0.12925708293914795,0.05388237163424492,0.01543755829334259,0.003444584785029292,0.0005985790630802512,0.0005282441852614284,0.00013356104318518192,1.6812685665683439e-06,2.2753495610067252e-07,3.110034214799887e-07
lapchole__3049008,2,lapchole,1,1,0.5880521801114285,0.23138006115518245,2,0.9999783285993965,True,0.001651683822274208,0.5880394361970575,0.35666438937187195,0.042597487568855286,0.008387941867113113,0.0018716029589995742,0.0004732153320219368,0.00011239848390687257,0.00013557846250478178,4.401588375912979e-05,4.315150393514281e-07,6.216563800325609e-08,8.497035486285368e-08
lapchole__3049010,8,lapchole,5,5,0.37792121166452425,0.04440690197399253,6,0.9999400203250843,False,2.6572613933240063e-05,0.0002683738712221384,0.002885290887206793,0.035150039941072464,0.17850664258003235,0.37789854407310486,0.33349430561065674,0.057952623814344406,0.012930977158248425,0.000826649775262922,0.0,0.0,0.0
lapchole__3049239,5,lapchole,4,4,0.3524667257639996,0.0,2,0.9999197770957835,False,0.00015181023627519608,0.0008736075833439827,0.013665521517395973,0.1296548694372177,0.35243844985961914,0.35243844985961914,0.1296548694372177,0.015485065057873726,0.005027264356613159,0.0005298697506077588,0.0,0.0,0.0
lapchole__3049270,6,lapchole,5,5,0.3987613426442237,0.046855710719471096,3,0.9999448173111887,False,4.342621105024591e-05,0.0004668757610488683,0.005687710829079151,0.07851642370223999,0.35188621282577515,0.3987393379211426,0.14668801426887512,0.013644109480082989,0.0039091031067073345,0.0003636032051872462,0.0,0.0,0.0
lapchole__3049271,7,lapchole,6,6,0.42378283753164303,0.13252143279852685,3,0.999948634642351,False,2.0479514205362648e-05,0.0003864200843963772,0.002223693998530507,0.0210978202521801,0.1071435734629631,0.2912464439868927,0.4237610697746277,0.1214095801115036,0.03069715015590191,0.0019624033011496067,0.0,0.0,0.0
lapchole__3160337,3,lapchole,2,2,0.502635015142262,0.2931055875474111,2,0.9999751899958937,False,5.827043059980497e-05,0.16317763924598694,0.5026225447654724,0.2095242291688919,0.09897223860025406,0.01948878914117813,0.004927537869662046,0.0005193586694076657,0.0005885104183107615,9.607168613001704e-05,0.0,0.0,0.0
lapchole__3160370,3,lapchole,4,4,0.33811437547836176,0.07479065415754547,3,0.9999677556097595,False,1.6339856301783584e-05,0.0029251680243760347,0.040380701422691345,0.2050701230764389,0.3381034731864929,0.26331523060798645,0.12438132613897324,0.019074494019150734,0.006192581262439489,0.000508318014908582,0.0,0.0,0.0
lapchole__3160387,4,lapchole,5,5,0.4275187367397938,0.05023477887908263,3,0.99995047937864,False,1.1058550626330543e-05,0.00014340945926960558,0.0013606310822069645,0.018782932311296463,0.122480109333992,0.4274975657463074,0.3772652745246887,0.045057911425828934,0.006909854710102081,0.00044173223432153463,0.0,0.0,0.0
lapchole__3160472,4,lapchole,5,5,0.47577025875984813,0.1487784526452396,2,0.9999520304718317,False,2.159890027542133e-05,0.0001808453816920519,0.0024964935146272182,0.05014340952038765,0.32697612047195435,0.4757474362850189,0.13630393147468567,0.006786172278225422,0.001179260085336864,0.0001167625596281141,0.0,0.0,0.0
lapchole__3160497,6,lapchole,3,3,0.30304209176985863,0.0,5,0.9999727330468886,False,3.5131557524437085e-05,0.021951697766780853,0.20827190577983856,0.30303382873535156,0.30303382873535156,0.12632329761981964,0.03193952888250351,0.003366402117535472,0.0018019049894064665,0.00021520686277654022,0.0,0.0,0.0
lapchole__3160515,5,lapchole,4,4,0.35919032038983173,0.11232265641103777,3,0.9999733513777755,False,2.8619289878406562e-05,0.0024201408959925175,0.06241624802350998,0.24686108529567719,0.359180748462677,0.24686108529567719,0.07072687894105911,0.00844712182879448,0.0027423787396401167,0.0002890446048695594,0.0,0.0,0.0
lapchole__3160517,6,lapchole,5,5,0.3399050726410892,0.07518673535236392,2,0.9999666255453121,False,1.449622413929319e-05,0.0008425123523920774,0.010263901203870773,0.0758405476808548,0.20615597069263458,0.33989372849464417,0.2647095024585724,0.0758405476808548,0.02462182007730007,0.001783598680049181,0.0,0.0,0.0
lapchole__3160695,7,lapchole,5,5,0.2930811050693928,0.0,4,0.9999630868151144,False,2.3351651179837063e-05,0.0011977112153545022,0.006082479376345873,0.05092797428369522,0.17775611579418182,0.2930702865123749,0.2930702865123749,0.1221698671579361,0.05092797428369522,0.004737040027976036,0.0,0.0,0.0
lapchole__3161200,2,lapchole,1,1,0.5365716790008791,0.11868923085888221,2,0.9999834407823147,True,6.220522482180968e-05,0.5365627937936428,0.4178755283355713,0.044043757021427155,0.0013300062855705619,8.502445416525006e-05,1.5727942809462547e-05,3.0970154512033332e-06,3.2967559491225984e-06,1.9995834463770734e-06,2.199416565004651e-09,9.168532503177478e-10,1.2531898467925375e-09
lapchole__3161231,2,lapchole,2,2,0.5110423868967932,0.060049050475376134,1,0.9999817456819073,False,5.2283958211774006e-05,0.4509851038455963,0.5110330581665039,0.037019114941358566,0.000817858730442822,5.565598621615209e-05,1.0959312930935994e-05,2.6030650133179734e-06,2.949658892248408e-06,2.158016741304891e-06,0.0,0.0,0.0
lapchole__3162071,4,lapchole,3,3,0.2984108314286876,0.03506419370227312,2,0.9999531657886109,False,8.833882020553574e-05,0.04038362205028534,0.18098683655261993,0.29839685559272766,0.2633343040943146,0.15972033143043518,0.045760639011859894,0.0070176213048398495,0.0037562621291726828,0.0005083548021502793,0.0,0.0,0.0
lapchole__3162110,5,lapchole,4,4,0.42544571164111944,0.0,2,0.999955014049192,False,8.131639333441854e-05,0.0003879388386849314,0.004726062528789043,0.06524127721786499,0.42542657256126404,0.42542657256126404,0.07392805069684982,0.0036806610878556967,0.0009306168649345636,0.00012594529835041612,0.0,0.0,0.0
lapchole__3162179,4,lapchole,5,5,0.3745104240395663,0.11711342328170105,3,0.9999390794837382,False,9.783808491192758e-05,0.0006379846017807722,0.005341778974980116,0.057429537177085876,0.2271382212638855,0.37448760867118835,0.2573813199996948,0.057429537177085876,0.01864464022219181,0.001350613310933113,0.0,0.0,0.0
lapchole__3162232,5,lapchole,3,3,0.32199652750460256,0.0,3,0.9999680143228034,False,4.229902697261423e-05,0.00972314178943634,0.1342238187789917,0.32198622822761536,0.32198622822761536,0.1723468154668808,0.03393709659576416,0.004053208511322737,0.0014910921454429626,0.0001780855527613312,0.0,0.0,0.0
lapchole__3162250,7,lapchole,4,4,0.2949780013122363,0.034660845613083725,6,0.9999673376005376,False,7.706299948040396e-05,0.004767719190567732,0.058082710951566696,0.20272859930992126,0.2949683666229248,0.2603086531162262,0.12296110391616821,0.035228945314884186,0.018856694921851158,0.0019874812569469213,0.0,0.0,0.0
lapchole__3162482,6,lapchole,3,3,0.32317249375480583,0.037973783034849655,5,0.9999743204243714,False,9.567105735186487e-05,0.018231676891446114,0.22210729122161865,0.3231641948223114,0.2851913869380951,0.11888547241687775,0.026526931673288345,0.0035900301299989223,0.0019216043874621391,0.00026006088592112064,0.0,0.0,0.0
lapchole__3214970,4,lapchole,3,3,0.4156589185299491,0.09194343720878423,3,0.9999647300501238,False,5.812437302665785e-05,0.043808579444885254,0.3237040638923645,0.41564425826072693,0.15290699899196625,0.049641627818346024,0.012551369145512581,0.0009092181571759284,0.0006248958525247872,0.00011559411359485239,0.0,0.0,0.0
lapchole__3214971,5,lapchole,4,4,0.3448881905680215,0.040525423322482684,2,0.9999598758331558,False,4.5305820094654337e-05,0.001243811217136681,0.01945648156106472,0.16290712356567383,0.3448743522167206,0.3043505549430847,0.14376501739025116,0.013372229412198067,0.009190590120851994,0.0007544095860794187,0.0,0.0,0.0
lapchole__3214985,8,lapchole,5,5,0.45172698187263854,0.14125986432768126,7,0.9999469372341991,False,3.381080023245886e-05,0.00046674362965859473,0.00501796742901206,0.06927090138196945,0.31045064330101013,0.4517030119895935,0.14664648473262787,0.01203747745603323,0.003907996695488691,0.00041189981857314706,0.0,0.0,0.0
lapchole__3214988,7,lapchole,3,3,0.3307595852463013,0.07316376641570167,7,0.9999667510783183,False,3.602142533054575e-05,0.01865956000983715,0.20060916244983673,0.330748587846756,0.2575872540473938,0.13787652552127838,0.04476195573806763,0.006057871971279383,0.0032425452955067158,0.0003872667730320245,0.0,0.0,0.0
lapchole__3214993,6,lapchole,5,5,0.3969176343147563,0.08779786068153378,3,0.9999639016568835,False,1.692764271865599e-05,0.0009838249534368515,0.013581284321844578,0.11371470987796783,0.3091086149215698,0.39690330624580383,0.1460125893354416,0.015389611944556236,0.003891103435307741,0.00036192897823639214,0.0,0.0,0.0
lapchole__3215010,9,lapchole,8,8,0.36753105899256416,0.04318602727785936,4,0.9999540290909863,False,1.2994382814213168e-05,0.0015019464772194624,0.00029575079679489136,0.0017019284423440695,0.007627513259649277,0.04389331117272377,0.19671617448329926,0.3243301212787628,0.36751416325569153,0.05636012554168701,0.0,0.0,0.0
lapchole__3215015,8,lapchole,6,6,0.38746744069352307,0.04552863341508086,5,0.9999558587851425,False,1.2089568372175563e-05,0.0002751573047135025,0.0013973640743643045,0.017023378983139992,0.11100637912750244,0.34192371368408203,0.38745033740997314,0.11100637912750244,0.028066808357834816,0.0017942511476576328,0.0,0.0,0.0
lapchole__3215020,6,lapchole,5,5,0.4116652210501518,0.09106003690422201,2,0.9999607862928315,False,1.3673045941686723e-05,0.00022767667542211711,0.0019063135841861367,0.029819760471582413,0.17160086333751678,0.41164907813072205,0.32059261202812195,0.04916447401046753,0.014085856266319752,0.0009004787425510585,0.0,0.0,0.0
lapchole__3215022,7,lapchole,6,6,0.44815686859609843,0.17633600128425522,3,0.9999561651802651,False,1.4885010386933573e-05,0.00031825556652620435,0.0012587253004312515,0.010539177805185318,0.06872407346963882,0.2718089520931244,0.44813722372055054,0.16486048698425293,0.0324629507958889,0.0018314344342797995,0.0,0.0,0.0
lapchole__3215032,4,lapchole,3,3,0.3991275339023553,0.08828668543101646,2,0.9999744860397186,False,4.925499524688348e-05,0.005693103186786175,0.21363213658332825,0.3991173505783081,0.3108329176902771,0.0612066313624382,0.008283416740596294,0.0006799442926421762,0.00041240701102651656,6.732359906891361e-05,0.0,0.0,0.0
lapchole__3215202,1,lapchole,2,2,0.8955202769072977,0.8306490013136962,2,0.9999881446980226,False,1.5921150406938978e-05,0.06487050652503967,0.895509660243988,0.03934594988822937,0.00023395955213345587,9.65666458796477e-06,1.5764071576995775e-06,2.739384967753722e-07,3.985781233950547e-07,2.417498592421907e-07,0.0,0.0,0.0
lapchole__3215226,2,lapchole,1,1,0.8328292125655726,0.668835430173859,2,0.9999931452631146,True,1.6778143617557362e-05,0.83282350374045,0.16399265825748444,0.003003630554303527,0.00013197031512390822,1.6778143617557362e-05,4.515775799518451e-06,1.1417669156799093e-06,1.3772338434137055e-06,7.847241931813187e-07,2.4975977254848782e-09,1.6125702902980743e-09,2.4975977254848782e-09
lapchole__3215238,3,lapchole,2,2,0.9547127713903919,0.9127656211601695,2,0.999995168787251,False,2.320020030310843e-05,0.0026815789751708508,0.9547081589698792,0.04194694757461548,0.000598341051954776,2.978964948852081e-05,4.863026333623566e-06,8.450672908111301e-07,1.019345745589817e-06,4.2492646912251075e-07,0.0,0.0,0.0
lapchole__3215241,3,lapchole,2,2,0.9732196515436223,0.9503317180532169,2,0.9999941627951614,False,3.0367084036697634e-05,0.0035099575761705637,0.9732139706611633,0.02288779988884926,0.00032647690386511385,1.960646295628976e-05,3.860741344396956e-06,7.141653668440995e-07,9.761482715475722e-07,4.331631373588607e-07,0.0,0.0,0.0
lapchole__3215814,3,lapchole,2,2,0.7206678523244232,0.5141930514562535,2,0.9999755828648631,False,0.00012940009764861315,0.007065006531774998,0.7206502556800842,0.20646975934505463,0.05915457382798195,0.005502232350409031,0.0008437946671620011,6.926288187969476e-05,7.848513632779941e-05,1.2812346540158615e-05,0.0,0.0,0.0
lapchole__3215818,4,lapchole,3,3,0.4409405957122122,0.09753572150063596,3,0.9999569981155219,False,0.00011519453983055428,0.03619305044412613,0.3433901071548462,0.4409216344356537,0.12632615864276886,0.04101209715008736,0.010369483381509781,0.0008511790074408054,0.0006628988194279373,0.00011519453983055428,0.0,0.0,0.0
lapchole__3215828,7,lapchole,6,6,0.447327513597292,0.13988409984685535,5,0.9999589844046568,False,3.564130383892916e-05,0.0003599644696805626,0.0034152474254369736,0.05342346429824829,0.12815622985363007,0.30743080377578735,0.4473091661930084,0.047146037220954895,0.01192038506269455,0.00076204480137676,0.0,0.0,0.0
lapchole__3215837,8,lapchole,4,4,0.31002118660749745,0.0,7,0.9999489718575205,False,5.9254682128084823e-05,0.0008707413217052817,0.02544678933918476,0.1880277544260025,0.3100053668022156,0.3100053668022156,0.1464361697435379,0.01362068485468626,0.0050107697024941444,0.00046607418335042894,0.0,0.0,0.0
lapchole__3215840,6,lapchole,4,4,0.45002493302974583,0.09954517651859959,4,0.9999473512434633,False,4.900908243143931e-05,0.0007666310993954539,0.011992126703262329,0.12892751395702362,0.45000123977661133,0.35046130418777466,0.05374498292803764,0.0030320845544338226,0.0008687067311257124,0.00010375222336733714,0.0,0.0,0.0
lapchole__3215854,5,lapchole,4,4,0.4018780372198721,0.047221919173695566,3,0.9999680178771087,False,5.982190850772895e-05,0.003068278543651104,0.06983369588851929,0.354644775390625,0.4018651843070984,0.14783795177936554,0.02000768855214119,0.001861005206592381,0.0006846255855634809,0.0001049907150445506,0.0,0.0,0.0
lapchole__3215858,9,lapchole,8,8,0.37886039268593485,0.04451727324621817,4,0.999946565443679,False,2.0746334485011175e-05,0.0019879706669598818,0.00030486518517136574,0.0013663108693435788,0.006123380735516548,0.039929457008838654,0.1789514124393463,0.33432525396347046,0.3788401484489441,0.05809701979160309,0.0,0.0,0.0
lapchole__3215912,1,lapchole,0,2,0.45481776247299205,0.265221524300914,3,0.9999564460595138,False,0.4547979533672333,0.14765127003192902,0.18958798050880432,0.11499092727899551,0.06155020743608475,0.022643055766820908,0.005725061520934105,0.0014475221978500485,0.001277433941140771,0.00028503400972113013,0.0,0.0,0.0
lapchole__3410018,2,lapchole,1,1,0.5791475566230871,0.22787669970249733,2,0.9999772555288369,True,0.00011783556692535058,0.5791343842181863,0.3512628674507141,0.05386790633201599,0.012019554153084755,0.0026819254271686077,0.00059841840993613,0.00012543529737740755,0.00012543529737740755,4.334928598836996e-05,8.368353559019544e-08,2.552203678866042e-08,3.4884490090801655e-08
lapchole__3410128,3,lapchole,4,4,0.34154798632448663,0.10680569359503701,2,0.9999555268841505,False,3.4942331694765016e-05,0.007088287267833948,0.076206274330616,0.23473185300827026,0.34153279662132263,0.23473185300827026,0.08635301887989044,0.013242663815617561,0.005520363803952932,0.0005134738166816533,0.0,0.0,0.0
lapchole__3410143,3,lapchole,2,2,0.2686168323684133,0.0,2,0.999964359747537,False,7.951976294862106e-05,0.12688107788562775,0.2686072587966919,0.2686072587966919,0.16291853785514832,0.09881509095430374,0.046676937490701675,0.015153784304857254,0.010415032505989075,0.0018098613945767283,0.0,0.0,0.0
lapchole__3410260,4,lapchole,3,3,0.38068280153382456,0.0447314158747179,2,0.999965853181493,False,3.894644760293886e-05,0.00479192566126585,0.12358538806438446,0.38066980242729187,0.3359399139881134,0.12358538806438446,0.027575628831982613,0.002564932918176055,0.001069223158992827,0.00014470361929852515,0.0,0.0,0.0
lapchole__3410282,4,lapchole,3,3,0.43096698807635114,0.0953295538341158,2,0.9999721665335528,False,3.225777254556306e-05,0.001995717640966177,0.15853950381278992,0.4309549927711487,0.33562809228897095,0.06608909368515015,0.006147242616862059,0.000392980087781325,0.0001638184767216444,2.8467380616348237e-05,0.0,0.0,0.0
lapchole__3410294,5,lapchole,4,4,0.423578968209664,0.1324576948189232,3,0.9999584403412882,False,3.824273881036788e-05,0.0036645238287746906,0.0945093184709549,0.291109174489975,0.42356136441230774,0.1375102400779724,0.044643037021160126,0.0032339305616915226,0.0015276008052751422,0.00016100793436635286,0.0,0.0,0.0
lapchole__3410297,5,lapchole,3,3,0.3574411275415175,0.0,4,0.9999628966179444,False,3.0316397896967828e-05,0.006546519696712494,0.14899809658527374,0.3574278652667999,0.3574278652667999,0.11603983491659164,0.012230508029460907,0.0008859751396812499,0.0003259320219513029,4.99832967761904e-05,0.0,0.0,0.0
lapchole__3410309,6,lapchole,4,4,0.3347503971306369,0.0740465222514384,4,0.9999718280478191,False,1.2598934517882299e-05,0.0028960767667740583,0.045302264392375946,0.23006388545036316,0.3347409665584564,0.26069653034210205,0.10867448151111603,0.012979315593838692,0.004213767126202583,0.00039194137207232416,0.0,0.0,0.0
lapchole__3410313,6,lapchole,5,5,0.3646631921117185,0.042849064973158685,2,0.9999686759938413,False,8.8613405750948e-06,0.00033251935383304954,0.002168298466131091,0.02641528658568859,0.15200945734977722,0.36465176939964294,0.3218040466308594,0.10447447746992111,0.02641528658568859,0.0016886728117242455,0.0,0.0,0.0
lapchole__3410315,6,lapchole,3,3,0.3376666009124081,0.03967685575803093,6,0.999967432293488,False,4.4357500883052126e-05,0.04032721370458603,0.1407558023929596,0.33765560388565063,0.29798004031181335,0.1407558023929596,0.03558863699436188,0.004816398490220308,0.0017718540038913488,0.0002717226161621511,0.0,0.0,0.0
lapchole__3410319,5,lapchole,3,3,0.4214105738143258,0.093215697422659,4,0.9999703368157498,False,1.9131442968500778e-05,0.008745837956666946,0.13680791854858398,0.4213980734348297,0.32818514108657837,0.09402662515640259,0.009910332970321178,0.0006335463840514421,0.0002056824159808457,3.8047419366193935e-05,0.0,0.0,0.0
lapchole__3410375,3,lapchole,1,1,0.6548904604010188,0.38189126336785434,3,0.9999771850101867,True,0.0002063763386104256,0.6548755190818359,0.27299296855926514,0.0537555031478405,0.013591519556939602,0.003436474362388253,0.000766781042329967,0.0001607260637683794,0.00014184022438712418,4.901867941953242e-05,3.1027288522984665e-07,6.923123996556212e-08,7.844927666132138e-08
lapchole__3411753,2,lapchole,4,4,0.35876096856432005,0.04215552338884936,4,0.99996207649383,False,5.684758070856333e-05,0.013910144567489624,0.13197578489780426,0.3165934383869171,0.35874736309051514,0.14954814314842224,0.025987572968006134,0.0021331897005438805,0.0008892458281479776,0.00012034632527502254,0.0,0.0,0.0
lapchole__3411851,2,lapchole,1,1,0.6574800225107718,0.3469082320577069,2,0.9999657401574505,True,0.002371163573116064,0.6574574973487212,0.3105611503124237,0.02249697409570217,0.005688125733286142,0.0009884480386972427,0.00024991881218738854,5.576441981247626e-05,7.160293898778036e-05,2.4745311748120002e-05,2.582397958184896e-07,3.720297141345088e-08,5.413000110674894e-08
lapchole__3411923,6,lapchole,6,6,0.397324224465729,0.12424754579051812,1,0.99995854543522,False,1.694489037618041e-05,0.0005973280058242381,0.002084879670292139,0.015405292622745037,0.08865134418010712,0.27306535840034485,0.39730775356292725,0.1656225025653839,0.053769756108522415,0.003437385428696871,0.0,0.0,0.0
lapchole__3411928,6,lapchole,5,5,0.39141889403315683,0.0865815566068484,3,0.9999690369768359,False,1.6693218640284613e-05,0.0005193108227103949,0.009205005131661892,0.09896312654018402,0.30482789874076843,0.391406774520874,0.16316261887550354,0.02502179704606533,0.006326501257717609,0.0005193108227103949,0.0,0.0,0.0
lapchole__3411932,5,lapchole,4,4,0.42356331208291875,0.16665918036661892,2,0.9999676091210858,False,5.564131060964428e-05,0.0011896636569872499,0.034767068922519684,0.2267097681760788,0.4235495924949646,0.2568958103656769,0.0505857840180397,0.0047052111476659775,0.0013480655616149306,0.00016100346692837775,0.0,0.0,0.0
lapchole__3411938,5,lapchole,4,4,0.37482165486085256,0.0,2,0.9999596300331177,False,2.9864342650398612e-05,0.00038728670915588737,0.007778861094266176,0.10738386958837509,0.3748065233230591,0.3748065233230591,0.12168186157941818,0.009988255798816681,0.0028616830240935087,0.00023490125022362918,0.0,0.0,0.0
lapchole__3496113,3,lapchole,7,7,0.32376629492117126,0.03804353587877316,7,0.9999167761452554,False,4.819204696104862e-05,0.0019250245532020926,0.001323048840276897,0.005929493345320225,0.020695963874459267,0.08185412734746933,0.2856989800930023,0.32373934984207153,0.2521284520626068,0.026574144139885902,0.0,0.0,0.0
lapchole__3496115,3,lapchole,6,6,0.3871683517781977,0.1523388740777676,6,0.9999438749691762,False,2.557355401222594e-05,0.0008468798478133976,0.0043008108623325825,0.031778931617736816,0.09788599610328674,0.2348162978887558,0.38714662194252014,0.16138672828674316,0.07623368501663208,0.0055223498493433,0.0,0.0,0.0
lapchole__3496117,4,lapchole,6,6,0.2506039782212831,0.055433406419103395,5,0.9999212562652247,False,5.427427458926104e-05,0.011009902693331242,0.016019314527511597,0.049342960119247437,0.09218479692935944,0.1519870162010193,0.2505842447280884,0.19515520334243774,0.19515520334243774,0.03842834010720253,0.0,0.0,0.0
lapchole__3496119,6,lapchole,7,7,0.2959535453354087,0.0,3,0.9999281900909409,False,2.8442542316042818e-05,0.003725237911567092,0.0010672984644770622,0.0054201893508434296,0.02429160103201866,0.08478602021932602,0.23047229647636414,0.2959322929382324,0.2959322929382324,0.05827251821756363,0.0,0.0,0.0
lapchole__3496124,5,lapchole,6,6,0.5323262516361674,0.2808731383122356,2,0.9999470934180863,False,1.560293276270386e-05,0.0001227265747729689,0.0007062426884658635,0.008603797294199467,0.0635739415884018,0.25143980979919434,0.5322980880737305,0.1187717616558075,0.023387545719742775,0.0010275770910084248,0.0,0.0,0.0
lapchole__3496125,5,lapchole,6,6,0.4757307678640536,0.1871854619256511,3,0.9999517818332606,False,1.3944137208454777e-05,0.00014083080168347806,0.00029813876608386636,0.002202964387834072,0.016277825459837914,0.1202777773141861,0.4757078289985657,0.2885313928127289,0.09367241710424423,0.0028286620508879423,0.0,0.0,0.0
lapchole__3496127,5,lapchole,7,7,0.39740128013152687,0.08790484747725115,4,0.9999314390643121,False,1.6947718904702924e-05,0.0002490449114702642,0.0001939563953783363,0.0011161419097334146,0.007278159726411104,0.06093928590416908,0.30947521328926086,0.3973740339279175,0.21269899606704712,0.010589659214019775,0.0,0.0,0.0
lapchole__3496130,4,lapchole,2,2,0.3025511598759205,0.06692407214297408,4,0.9999722889624536,False,6.15578901488334e-05,0.23562055826187134,0.3025427758693695,0.23562055826187134,0.14291109144687653,0.059574201703071594,0.017068296670913696,0.003808451583608985,0.0023099426180124283,0.0004548546567093581,0.0,0.0,0.0
lapchole__3496131,4,lapchole,6,6,0.2028369538826022,0.023833984280317272,4,0.9999477267083421,False,4.126874773646705e-05,0.011442679911851883,0.039938874542713165,0.10856512188911438,0.13940037786960602,0.1789936125278473,0.2028263509273529,0.15796132385730743,0.13940037786960602,0.021377738565206528,0.0,0.0,0.0
lapchole__3496152,2,lapchole,2,2,0.30951625671834826,0.036369114535849116,1,0.9999721549284004,False,5.9159548982279375e-05,0.2731395363807678,0.3095076382160187,0.21272128820419312,0.12902197241783142,0.053784359246492386,0.015409477986395359,0.00343831954523921,0.002363119972869754,0.0005272834096103907,0.0,0.0,0.0
lapchole__3496199,3,lapchole,2,2,0.3122793389105215,0.0366938061965851,2,0.9999741521969554,False,9.84085418167524e-05,0.18940210342407227,0.31227126717567444,0.27557840943336487,0.1475065052509308,0.061489854007959366,0.010685334913432598,0.0018568327650427818,0.0008771058055572212,0.00020833087910432369,0.0,0.0,0.0
lapchole__3496906,3,lapchole,6,6,0.30580958624807625,0.1203266999654108,6,0.9999296415626304,False,7.988973811734468e-05,0.0038493035826832056,0.01343538984656334,0.04689411818981171,0.09927484393119812,0.1854698359966278,0.3057880699634552,0.1854698359966278,0.1444440633058548,0.015224291011691093,0.0,0.0,0.0
lapchole__3496909,4,lapchole,6,6,0.2629633518830849,0.05816728663843538,5,0.9999145574984141,False,0.00011325982632115483,0.008997342549264431,0.01155281625688076,0.04032329469919205,0.08536440879106522,0.14074212312698364,0.2629408836364746,0.20477856695652008,0.20477856695652008,0.04032329469919205,0.0,0.0,0.0
lapchole__3496910,5,lapchole,8,8,0.31742129706772,0.07021334546496626,4,0.9999253275818774,False,6.874543760204688e-05,0.009584576822817326,0.002746027195826173,0.009584576822817326,0.033453457057476044,0.09093593060970306,0.21814395487308502,0.2471894919872284,0.3173975944519043,0.07082097232341766,0.0,0.0,0.0
lapchole__3496915,6,lapchole,5,5,0.39792953420503113,0.0467579532090475,3,0.9999250693654176,False,7.605488644912839e-05,0.0002493743668310344,0.0039008718449622393,0.0691445991396904,0.35114526748657227,0.39789971709251404,0.16586928069591522,0.009357704780995846,0.002087986096739769,0.00019421297474764287,0.0,0.0,0.0
lapchole__3496916,5,lapchole,6,6,0.5711912603245568,0.3330833210112971,2,0.9999469736176252,False,2.1497278794413432e-05,0.00010255778033751994,0.0005208313814364374,0.006345025729387999,0.053126245737075806,0.23809531331062317,0.5711609721183777,0.11246825754642487,0.01724756695330143,0.000858705781865865,0.0,0.0,0.0
lapchole__3496922,4,lapchole,2,2,0.35040358519657916,0.10957495695690206,4,0.9999567707418464,False,0.0004648884932976216,0.21252132952213287,0.35038843750953674,0.24081821739673615,0.1289007067680359,0.047419916838407516,0.013586033135652542,0.0030314538162201643,0.002360898768529296,0.0004648884932976216,0.0,0.0,0.0
lapchole__3496923,4,lapchole,6,6,0.22412476110800159,0.04957621799281812,5,0.9999408864750876,False,8.00297930254601e-05,0.009846772998571396,0.030330196022987366,0.09342357516288757,0.13593050837516785,0.17453822493553162,0.22411151230335236,0.15402944386005402,0.15402944386005402,0.023621179163455963,0.0,0.0,0.0
lapchole__3496932,2,lapchole,4,4,0.32434628962461853,0.07174516590247786,4,0.999955847801175,False,0.0002610006486065686,0.0067312950268387794,0.08200395852327347,0.25258997082710266,0.32433196902275085,0.22290988266468048,0.08200395852327347,0.018297558650374413,0.009793976321816444,0.001032277592457831,0.0,0.0,0.0
lapchole__3496933,1,lapchole,2,2,0.2506806669563306,0.0,4,0.9999455036595464,False,0.016024604439735413,0.15203721821308136,0.250667005777359,0.250667005777359,0.17228074371814728,0.09221524000167847,0.03844102844595909,0.01414166484028101,0.011013539507985115,0.0024574529379606247,0.0,0.0,0.0
lapchole__3496960,3,lapchole,2,2,0.2583250228713701,0.0,2,0.9999660342000425,False,0.00020787562243640423,0.12201996147632599,0.2583162486553192,0.2583162486553192,0.20117689669132233,0.1076822355389595,0.034959301352500916,0.010016008280217648,0.006075016222894192,0.0011962417047470808,0.0,0.0,0.0
lapchole__3497039,1,lapchole,0,1,0.9188885692509785,0.8434616061770234,2,0.9999693179665883,False,0.9188603758811951,0.07542464882135391,0.004821736831218004,0.0006525510689243674,0.00012849493941757828,5.356465408112854e-05,1.4416732483368833e-05,4.680427537095966e-06,6.009787739458261e-06,2.8388226382958237e-06,0.0,0.0,0.0
lapchole__3753953,2,lapchole,4,4,0.4825276843873806,0.18985984401270234,4,0.9999704542278778,False,3.6117016861680895e-05,0.001355280983261764,0.050856541842222214,0.292659193277359,0.482513427734375,0.1566491723060608,0.014570643194019794,0.0009314700728282332,0.00034266867442056537,5.593912646872923e-05,0.0,0.0,0.0
lapchole__3753965,3,lapchole,4,4,0.4006738620405574,0.047080415712803,3,0.999957836816975,False,1.7087733795051463e-05,0.00028453633422032,0.008315370418131351,0.11479014903306961,0.40065696835517883,0.3535785377025604,0.11479014903306961,0.005715064704418182,0.0016373934922739863,0.00017258001025766134,0.0,0.0,0.0
lapchole__3753974,4,lapchole,5,5,0.6139831758841461,0.2853416523945905,3,0.9999211369940895,False,1.79958988155704e-05,6.281185778789222e-05,0.00026444782270118594,0.001954019768163562,0.05039483308792114,0.6139347553253174,0.32861560583114624,0.004136659670621157,0.0004940535873174667,4.595414429786615e-05,0.0,0.0,0.0
lapchole__3753981,3,lapchole,3,3,0.371472631859547,0.04364916929910849,1,0.9999699014006183,False,6.6699692979455e-05,0.05027184262871742,0.32781359553337097,0.3714614510536194,0.17546597123146057,0.05696546286344528,0.014403123408555984,0.0019492509309202433,0.0013396992580965161,0.00023280479945242405,0.0,0.0,0.0
lapchole__3753993,5,lapchole,6,6,0.41726075536112067,0.09229775163948971,2,0.999956528511575,False,1.3858837519364897e-05,0.00038047603447921574,0.0024810151662677526,0.020773285999894142,0.11954201757907867,0.32494887709617615,0.4172426164150238,0.08215993642807007,0.030224956572055817,0.00218948838301003,0.0,0.0,0.0
lapchole__3754015,1,lapchole,2,2,0.41811190911857504,0.09248602183877755,4,0.999977788036631,False,9.639768541092053e-05,0.09329131245613098,0.4181026220321655,0.3256186544895172,0.11978841572999954,0.03431995213031769,0.006757999770343304,0.0010363728506490588,0.0008071279735304415,0.0001589329185662791,0.0,0.0,0.0
lapchole__3754080,2,lapchole,1,1,0.7594377723900435,0.5674217411458008,2,0.9999801546615195,True,0.0021330632735043764,0.7594227010903956,0.192012220621109,0.033366721123456955,0.00955972634255886,0.00241707731038332,0.0006925042252987623,0.00016448415408376604,0.0001545185805298388,5.684421194018796e-05,2.050113266325595e-07,4.297271415440814e-08,4.574421807784819e-08
lapchole__3755372,2,lapchole,3,3,0.6470916969241457,0.4616968151929588,3,0.9999793512433826,False,4.274373350199312e-05,0.0009728429140523076,0.14438270032405853,0.6470783352851868,0.18539105355739594,0.019540073350071907,0.002333729062229395,0.00013165998097974807,9.048849460668862e-05,1.5724541299277917e-05,0.0,0.0,0.0
lapchole__3755389,3,lapchole,5,5,0.5287093052550129,0.2789646897666259,4,0.9999510482248297,False,2.1181856936891563e-05,0.0001218931793118827,0.0011564904125407338,0.01243344321846962,0.19449178874492645,0.5286834239959717,0.2497323900461197,0.010972474701702595,0.002160608535632491,0.00017735353321768343,0.0,0.0,0.0
lapchole__3755403,4,lapchole,5,5,0.45670814671708854,0.0,3,0.9998979122028686,False,4.1231302020605654e-05,8.72866585268639e-05,0.0004164213896729052,0.003950896207243204,0.06180241331458092,0.45666152238845825,0.45666152238845825,0.01770668849349022,0.0023963397834450006,0.0001735902769723907,0.0,0.0,0.0
lapchole__3755415,5,lapchole,7,7,0.5152741078743032,0.2027445800142897,5,0.999918679237453,False,2.6506048016017303e-05,0.0003229097346775234,0.00012645329115912318,0.00028496686718426645,0.0009946321370080113,0.010693302378058434,0.14761649072170258,0.5152322053909302,0.3125041127204895,0.012117099948227406,0.0,0.0,0.0
lapchole__3755417,5,lapchole,6,6,0.7182014822071145,0.5579490601470394,2,0.9999116639319254,False,2.8772412406397052e-05,9.434112143935636e-05,0.00035051978193223476,0.001570920692756772,0.011607620865106583,0.16023826599121094,0.7181380391120911,0.09718941897153854,0.010243688710033894,0.00045007627340964973,0.0,0.0,0.0
lapchole__3755427,3,lapchole,2,2,0.5986274450341695,0.3784047036617793,2,0.9999792947710375,False,0.00012179922487121075,0.07149437069892883,0.5986150503158569,0.22021818161010742,0.08101373165845871,0.02321082353591919,0.00403343653306365,0.0006185474921949208,0.000545866263564676,0.0001074874380719848,0.0,0.0,0.0
lapchole__3755432,1,lapchole,2,2,0.4563767240628545,3.339292528352627e-07,2,0.9999842782805296,True,8.723085193196312e-05,0.4563692151120231,0.456369549036026,0.06998653709888458,0.013781166635453701,0.0027136723510921,0.00047156555228866637,9.285676787840202e-05,8.723085193196312e-05,2.49920594797004e-05,1.9081634529639233e-07,3.1149914524392185e-08,3.9997279600489625e-08
lapchole__3755507,2,lapchole,4,4,0.4363065162861552,0.051267386317868466,4,0.9999668489545002,False,0.0001139850210165605,0.0015735147753730416,0.05210765451192856,0.38502636551856995,0.43629205226898193,0.11031190305948257,0.013174878433346748,0.0009543849737383425,0.0003510985989123583,6.101179315010086e-05,0.0,0.0,0.0
lapchole__4658516,1,lapchole,3,3,0.2851165799230773,0.0,6,0.9999545420178038,False,3.105028372374363e-05,0.020652836188673973,0.19594866037368774,0.28510361909866333,0.28510361909866333,0.13467341661453247,0.0561402253806591,0.012526578269898891,0.00860938336700201,0.0011651533422991633,0.0,0.0,0.0
lapchole__4658548,4,lapchole,3,3,0.6791121306357265,0.5275817248383226,3,0.999966919715007,False,3.493567419354804e-05,0.002161393640562892,0.15152539312839508,0.6790896654129028,0.15152539312839508,0.014094056561589241,0.001310951542109251,0.00010760944860521704,9.496501297689974e-05,2.255616527691018e-05,0.0,0.0,0.0
lapchole__4658575,3,lapchole,2,2,0.5200798725559445,0.204635492105311,2,0.999973828511429,False,3.656938861240633e-05,0.00952534656971693,0.5200662612915039,0.31543612480163574,0.13149334490299225,0.020165156573057175,0.0027290573343634605,0.00022401465685106814,0.0002538418921176344,4.4111100578447804e-05,0.0,0.0,0.0
lapchole__4658629,5,lapchole,4,4,0.43608272809937487,0.0964611524222028,3,0.9999563816145383,False,1.8597804228193127e-05,0.0013878952013328671,0.07577650249004364,0.33960676193237305,0.4360637068748474,0.12493434548377991,0.01915930211544037,0.0017820927314460278,0.001080893911421299,0.00014628306962549686,0.0,0.0,0.0
lapchole__4658665,6,lapchole,4,4,0.7240078075058803,0.51657609891387,4,0.9999543607700616,False,2.5597939384169877e-05,0.00018914458632934839,0.0017945540603250265,0.04628215730190277,0.7239747643470764,0.20742224156856537,0.019293272867798805,0.0006601795321330428,0.00027520378353074193,3.724478301592171e-05,0.0,0.0,0.0
lapchole__4658705,6,lapchole,3,3,0.24616060165587425,0.0,5,0.9999539128912147,False,5.0083588575944304e-05,0.042774323374032974,0.1492970734834671,0.24614925682544708,0.24614925682544708,0.16917574405670166,0.09055326133966446,0.02939833700656891,0.02289544604718685,0.0035111303441226482,0.0,0.0,0.0
lapchole__4658716,3,lapchole,2,2,0.3396001049360945,0.07511926936703385,2,0.9999665094073862,False,7.82955321483314e-05,0.12492772936820984,0.3395887315273285,0.26447197794914246,0.1817687600851059,0.06686898320913315,0.01690712757408619,0.0029380181804299355,0.002019268460571766,0.0003976175212301314,0.0,0.0,0.0
lapchole__4658725,5,lapchole,2,2,0.2920043115733667,0.03431139794719092,5,0.9999726663263573,False,3.3851949410745874e-05,0.15629439055919647,0.2919963300228119,0.2576858699321747,0.17710472643375397,0.08365835249423981,0.023968519642949104,0.005348099395632744,0.0032437865156680346,0.0006387393805198371,0.0,0.0,0.0
lapchole__4658739,4,lapchole,2,2,0.28343196363998535,0.033304148557766276,4,0.9999697646126151,False,0.0003760406107176095,0.25012025237083435,0.28342339396476746,0.25012025237083435,0.15170562267303467,0.04925159737467766,0.010989516973495483,0.0021639640908688307,0.0014872695319354534,0.0003318546514492482,0.0,0.0,0.0
lapchole__4659145,3,lapchole,2,2,0.9376594774304199,0.8777169158949005,2,0.9999937330545094,False,1.1457400432846043e-05,0.0015974052948877215,0.9376536011695862,0.05994218587875366,0.0007545608095824718,2.9257496862555854e-05,3.7196732591837645e-06,5.704303589482151e-07,6.880703722345061e-07,2.8683041364274686e-07,0.0,0.0,0.0
lapchole__4659358,3,lapchole,2,2,0.47084002972467903,9.39080920252e-09,3,0.9999848241174244,True,2.578411113063339e-05,0.47083287492100934,0.470832884311676,0.05623297020792961,0.0019241863628849387,0.00010855516302399337,1.77211422851542e-05,3.4895001590484753e-06,3.954121439164737e-06,2.3982959191926057e-06,2.6379760031877216e-09,1.412006881337803e-09,1.9299844653775694e-09
lapchole__4660136,1,lapchole,3,3,0.3025342767605517,0.0,6,0.9999266288650688,False,7.903386722318828e-05,0.019338950514793396,0.18348285555839539,0.3025120794773102,0.3025120794773102,0.12610580027103424,0.04639173299074173,0.010351394303143024,0.008061673492193222,0.00109102891292423,0.0,0.0,0.0
lapchole__4660159,3,lapchole,1,1,0.44266047179127505,0.052012113670610684,3,0.9999673658070505,True,0.00010205689613940194,0.44264602592402746,0.39063560962677,0.11191897839307785,0.04117269068956375,0.010410086251795292,0.0020498677622526884,0.00045738727203570306,0.00045738727203570306,0.00011564560554688796,1.133739034136511e-06,2.0972063234352116e-07,2.8665413925255295e-07
lapchole__4660202,4,lapchole,2,2,0.6881416628043421,0.5345965073097178,4,0.9999626408243785,False,9.622726065572351e-05,0.07252687960863113,0.6881159543991089,0.15353941917419434,0.06400474905967712,0.01618293672800064,0.0040916865691542625,0.0005537496181204915,0.0007110285805538297,0.00014000982628203928,0.0,0.0,0.0
lapchole__4660233,5,lapchole,3,3,0.7609194803950142,0.6110855597014597,4,0.9999519445491387,False,6.453674723161384e-05,0.0006938354345038533,0.08019647002220154,0.7608829140663147,0.14982672035694122,0.00745943421497941,0.0006938354345038533,5.6953485909616575e-05,6.453674723161384e-05,1.2708039321296383e-05,0.0,0.0,0.0
lapchole__4660288,6,lapchole,4,4,0.8842245082093819,0.811642940980456,4,0.9999527755335293,False,4.548666038317606e-05,0.0001587640290381387,0.0017068743472918868,0.07257813960313797,0.8841827511787415,0.038848280906677246,0.0021916700061410666,0.00014010876475367695,8.498026727465913e-05,1.5719770090072416e-05,0.0,0.0,0.0
lapchole__4660308,6,lapchole,4,4,0.472005439312709,0.05546212171342107,3,0.9998973715155444,False,5.140025677974336e-05,0.00023035997583065182,0.0013256301172077656,0.023497354239225388,0.4719569981098175,0.4165005683898926,0.0820138230919838,0.0031800211872905493,0.0010324018076062202,0.0001088143399101682,0.0,0.0,0.0
lapchole__4660381,4,lapchole,2,2,0.28896300140519887,0.0,3,0.9999628319346812,False,0.00043442213791422546,0.10629960149526596,0.2889522612094879,0.2889522612094879,0.19859379529953003,0.0827862098813057,0.02371864579617977,0.005292345304042101,0.004121682140976191,0.0008116074604913592,0.0,0.0,0.0
lapchole__4660382,3,lapchole,2,2,0.27839573285730773,0.0327123728929978,2,0.9999643857590854,False,0.001004016026854515,0.16884952783584595,0.27838581800460815,0.24567461013793945,0.16884952783584595,0.09037864208221436,0.029341647401452065,0.008406523615121841,0.007418730296194553,0.001655342523008585,0.0,0.0,0.0
lapchole__4660398,5,lapchole,2,2,0.3160020704461387,0.06989941418543366,5,0.9999415289203171,False,0.0003699787484947592,0.1025848537683487,0.3159835934638977,0.24608826637268066,0.19165374338626862,0.09053082019090652,0.033304423093795776,0.009541877545416355,0.008420677855610847,0.0014632944948971272,0.0,0.0,0.0
lapchole__4704552,2,lapchole,4,4,0.34065646720082443,0.07535292472906696,4,0.9999598212962155,False,0.00010084550740430132,0.021776564419269562,0.11059051752090454,0.2652928829193115,0.3406427800655365,0.2066102921962738,0.04610098898410797,0.006239090580493212,0.0022952330764383078,0.00031062602647580206,0.0,0.0,0.0
lapchole__4704580,3,lapchole,2,2,0.4418648623290545,0.13817585420501363,2,0.9999503271174035,False,0.00016795730334706604,0.12659011781215668,0.4418429136276245,0.3036739230155945,0.11171538382768631,0.015119032934308052,0.0007527324487455189,5.122408038005233e-05,2.918659993156325e-05,7.855467629269697e-06,0.0,0.0,0.0
lapchole__4704635,2,lapchole,5,5,0.40271224004637046,0.047319956427287174,5,0.9999538604060945,False,3.870355067192577e-05,0.00113108369987458,0.015614126808941364,0.11537366360425949,0.35537588596343994,0.40269365906715393,0.10181690007448196,0.006508936639875174,0.0012816856615245342,0.00011921533587155864,0.0,0.0,0.0
lapchole__4704677,4,lapchole,1,1,0.4958106259770444,0.2304218348737902,4,0.9999740431879509,True,0.00031073024729266763,0.49579775631381395,0.26538190245628357,0.1420487016439438,0.06709904968738556,0.021783873438835144,0.0055078258737921715,0.001084555173292756,0.0007454031147062778,0.00021356157958507538,4.388555656560107e-07,1.109600684356649e-07,1.3384338591427766e-07
lapchole__4704695,5,lapchole,3,3,0.2590088941488261,0.0,4,0.9999670544784749,False,3.621903306338936e-05,0.051000192761421204,0.17800818383693695,0.25900036096572876,0.25900036096572876,0.1570916622877121,0.06548554450273514,0.018761923536658287,0.010042534209787846,0.0015400723787024617,0.0,0.0,0.0
lapchole__4704698,5,lapchole,4,4,0.4249632623079892,0.09400154255262051,2,0.9999583511525998,False,3.3859389077406377e-05,0.0017366553656756878,0.02397378906607628,0.15632875263690948,0.42494556307792664,0.3309479355812073,0.0575101263821125,0.0036764994729310274,0.0007239457336254418,8.12244470580481e-05,0.0,0.0,0.0
lapchole__4704857,4,lapchole,1,1,0.7375426009359577,0.5510625280464894,4,0.9999825921256227,True,3.145513255731203e-05,0.7375297618870127,0.18647682666778564,0.047148723155260086,0.019654512405395508,0.00638088583946228,0.0018281545490026474,0.00046222980017773807,0.0003599849878810346,0.00010978920181514695,1.7570643199917192e-07,3.920540610090905e-08,5.358743444698072e-08
lapchole__4705109,2,lapchole,1,1,0.7241926171908445,0.45777702358761657,2,0.9999906124488666,True,1.8548489606473595e-06,0.7241858187956202,0.2664130926132202,0.009116154164075851,0.00024293728347402066,2.1227622710284777e-05,5.367183803173248e-06,1.3570365808845963e-06,1.7424692941858666e-06,1.0568611514827353e-06,1.4022210790585704e-09,8.504899583244984e-10,1.3172646325612562e-09
lapchole__4706622,1,lapchole,2,2,0.2849532436588998,0.06303142574323738,3,0.9999514469236601,False,0.1345958560705185,0.17282450199127197,0.28493940830230713,0.22191104292869568,0.11878041923046112,0.04951504245400429,0.01251936424523592,0.0027934480458498,0.0016943116206675768,0.0003780520346481353,0.0,0.0,0.0
lapchole__4706657,3,lapchole,1,1,0.41541667989819353,0.09188399750149902,3,0.9999620124399354,True,0.01610713265836239,0.4154008992321141,0.32352039217948914,0.15282022953033447,0.0637049451470375,0.020681966096162796,0.005229220259934664,0.0011667967773973942,0.0010296945692971349,0.00029501240351237357,4.2080327938494885e-06,6.869425501889228e-07,8.286109494134484e-07
lapchole__4706677,4,lapchole,3,3,0.3423699255376924,0.07573195283698414,2,0.9999639289453626,False,0.011714830994606018,0.019314493983983994,0.12594632804393768,0.3423575758934021,0.26662835478782654,0.16171826422214508,0.052502233535051346,0.011714830994606018,0.007105404511094093,0.0009616119787096977,0.0,0.0,0.0
lapchole__4706681,4,lapchole,3,3,0.26013883710739766,0.0,2,0.9999549858184764,False,0.0001438722392776981,0.0452033132314682,0.17878258228302002,0.26012712717056274,0.26012712717056274,0.15777507424354553,0.06577043235301971,0.018843546509742737,0.011429187841713428,0.0017527227755635977,0.0,0.0,0.0
lapchole__4706749,2,lapchole,1,1,0.5932261965396948,0.3749866066547905,2,0.9999681849640701,True,0.005132339429110289,0.5932073230269373,0.2182326465845108,0.10308578610420227,0.04297255352139473,0.023001549765467644,0.008461796678602695,0.0024243455845862627,0.002747143618762493,0.0006945866043679416,6.00921755647307e-06,9.215434353685369e-07,1.1832851358316993e-06
lapchole__4706829,3,lapchole,0,2,0.37642410164537554,0.1481113523195688,3,0.9999433980701724,False,0.3764027953147888,0.138470858335495,0.2282998263835907,0.15690802037715912,0.07411810010671616,0.021235192194581032,0.0032565221190452576,0.0006412473157979548,0.0004994038608856499,0.00011143206211272627,0.0,0.0,0.0
lapchole__4927658,2,lapchole,3,3,0.4864310648618121,0.10759816911095546,3,0.9999658074136732,False,7.240796549012884e-05,0.004208309575915337,0.10853373259305954,0.48641443252563477,0.37881994247436523,0.02137155830860138,0.0005026108701713383,2.835536542988848e-05,1.1820275176432915e-05,2.637459829202271e-06,0.0,0.0,0.0
lapchole__4929586,2,lapchole,4,4,0.43685827612893174,0.17189033973485607,5,0.9999580912990496,False,0.00045138568384572864,0.000656762276776135,0.014947840943932533,0.20634859800338745,0.4368399679660797,0.26495683193206787,0.06699158251285553,0.0062311869114637375,0.002292325720191002,0.00024160934844985604,0.0,0.0,0.0
lapchole__4929606,3,lapchole,4,4,0.7046472391416195,0.5474191851884318,3,0.999947391821479,False,0.0001265199389308691,0.00034391687950119376,0.007827511988580227,0.12244287878274918,0.7046101689338684,0.1572197824716568,0.006907755509018898,0.00030350557062774897,0.00014336587628349662,2.198587026214227e-05,0.0,0.0,0.0
lapchole__5025237,3,lapchole,2,2,0.3861275009029103,0.04537118861447606,3,0.999966196155583,False,3.711009776452556e-05,0.3407447934150696,0.3861144483089447,0.1823875606060028,0.06709662079811096,0.01922350563108921,0.0033405444119125605,0.0005804995889775455,0.00035209080670028925,8.902249101083726e-05,0.0,0.0,0.0
lapchole__5026828,5,lapchole,3,3,0.2961185941542253,0.06550118632949785,4,0.9999285200319719,False,0.0004451644781511277,0.027541350573301315,0.23060092329978943,0.29609742760658264,0.23060092329978943,0.13986653089523315,0.05145401507616043,0.013009613379836082,0.008941368199884892,0.0013712032232433558,0.0,0.0,0.0
lapchole__584484,1,lapchole,2,2,0.5317828766968796,0.16629419351377336,2,0.9999757687273814,False,0.00022905596415512264,0.36547982692718506,0.5317699909210205,0.08154957741498947,0.01605806313455105,0.004060113802552223,0.0006226386176422238,0.00010164295963477343,7.915961759863421e-05,2.5699368052300997e-05,0.0,0.0,0.0
lapchole__584494,3,lapchole,3,3,0.42133727110114055,0.0,1,0.9999502174614463,False,4.0493407141184434e-05,0.0009216257021762431,0.05031905695796013,0.4213162958621979,0.4213162958621979,0.09400837868452072,0.011227698996663094,0.0005589941865764558,0.00020564250007737428,3.57353019353468e-05,0.0,0.0,0.0
lapchole__584514,4,lapchole,5,5,0.38674508658859263,0.04544375335662991,2,0.9999755175322207,False,1.0004116120398976e-05,0.0005131132202222943,0.011678404174745083,0.09778207540512085,0.34129297733306885,0.38673561811447144,0.14227209985256195,0.014995367266237736,0.00429624505341053,0.0003996129962615669,0.0,0.0,0.0
lapchole__584531,4,lapchole,3,3,0.5105146589708921,0.2693645857602455,3,0.9999725972775195,False,6.706399290123954e-05,0.003897720482200384,0.24114346504211426,0.5105006694793701,0.1878027319908142,0.047483958303928375,0.008251475170254707,0.0005977348191663623,0.00019405610510148108,3.3721891668392345e-05,0.0,0.0,0.0
lapchole__584555,6,lapchole,4,4,0.31549223037712215,0.0,4,0.99996253687641,False,2.083953222609125e-05,0.002729440340772271,0.037678759545087814,0.16886448860168457,0.31548041105270386,0.31548041105270386,0.13151179254055023,0.020167985931038857,0.007419387809932232,0.0006090204697102308,0.0,0.0,0.0
lapchole__584567,3,lapchole,2,2,0.7199867164698625,0.578212922862295,2,0.9999846300506761,False,7.366094359895214e-05,0.11041185259819031,0.7199756503105164,0.1417716145515442,0.02463621273636818,0.002596637699753046,0.00039820728125050664,5.7367196859559044e-05,5.0626378651941195e-05,1.2800353943021037e-05,0.0,0.0,0.0
lapchole__584591,5,lapchole,4,4,0.3040086722342773,0.06724647744021027,3,0.9999685986695113,False,2.578466956038028e-05,0.013356789946556091,0.07686302065849304,0.23675476014614105,0.303999125957489,0.23675476014614105,0.09869406372308731,0.022021623328328133,0.010402278043329716,0.0010963920503854752,0.0,0.0,0.0
lapchole__584639,5,lapchole,2,2,0.445049536492386,0.09844462178210359,5,0.9999744593151263,False,0.0001691718935035169,0.04690667614340782,0.44503816962242126,0.3465960621833801,0.1275055706501007,0.028450336307287216,0.004363000858575106,0.0005210860981605947,0.000358136894647032,6.624866364290938e-05,0.0,0.0,0.0
lapchole__584681,3,lapchole,2,2,0.34632328506129617,0.04069403887739151,2,0.9999609215155942,False,0.00011617397831287235,0.1274002492427826,0.34630975127220154,0.3056173026561737,0.16358515620231628,0.04686792939901352,0.008144425228238106,0.0011022280668839812,0.0006685351254418492,0.0001491703442297876,0.0,0.0,0.0
lapchole__584693,5,lapchole,4,4,0.3681937852623324,0.11513811855108023,3,0.9999505177256651,False,7.037338218651712e-05,0.005951003637164831,0.056461554020643234,0.25304314494132996,0.36817556619644165,0.22330977022647858,0.08215107768774033,0.007641240023076534,0.0028110549319535494,0.00033573267864994705,0.0,0.0,0.0
lapchole__584698,7,lapchole,7,7,0.30904064368922324,0.036313248941522575,1,0.9999602433463224,False,1.3179837878851686e-05,0.0018375497311353683,0.0012629282427951694,0.00823532696813345,0.03690817579627037,0.1288221776485443,0.27271655201911926,0.30902835726737976,0.21239188313484192,0.028744112700223923,0.0,0.0,0.0
lapchole__584707,6,lapchole,4,4,0.35418870939050484,0.07834625908693514,5,0.9999641582908225,False,2.3395630705635995e-05,0.005724722053855658,0.07902735471725464,0.27583256363868713,0.35417601466178894,0.21481861174106598,0.061546556651592255,0.006486960221081972,0.002106007421389222,0.0002219715534010902,0.0,0.0,0.0
lapchole__584729,5,lapchole,1,1,0.6054985570506226,0.28139837476132495,5,0.9999793537595508,True,0.00014860434748698026,0.6054860557818221,0.3240934908390045,0.05631899833679199,0.01108986884355545,0.0021837246604263783,0.00048725484521128237,7.954216562211514e-05,7.019571785349399e-05,2.1408483007689938e-05,1.3550919276771944e-07,3.023618627664363e-08,4.399338974677683e-08
lapchole__584771,1,lapchole,3,3,0.29588538005011594,0.03476746462524694,5,0.9999686889241275,False,4.137579890084453e-05,0.0453740730881691,0.17945793271064758,0.2958761155605316,0.26110973954200745,0.15837107598781586,0.0453740730881691,0.00893468502908945,0.004782391712069511,0.0006472264067269862,0.0,0.0,0.0
lapchole__584783,3,lapchole,2,2,0.40356361900272686,5.117689554511332e-07,3,0.9999744477801905,True,0.00015340230311267078,0.4035527953005484,0.403553307056427,0.13101458549499512,0.04819757118821144,0.010754331946372986,0.002117653377354145,0.0003247526765335351,0.00023759412579238415,6.807185854995623e-05,2.4550442128937045e-07,6.207324362835724e-08,7.487462799700975e-08
lapchole__584785,4,lapchole,2,2,0.3882238092844133,0.0,3,0.9999633512707078,False,0.00024330128508154303,0.017056738957762718,0.38820958137512207,0.38820958137512207,0.16182982921600342,0.036109115928411484,0.007110306527465582,0.0006613615551032126,0.00045454667997546494,7.898837066022679e-05,0.0,0.0,0.0
lapchole__584789,3,lapchole,1,1,0.6887562626000314,0.4353769096299734,3,0.9999826782600396,True,0.00020389918063301593,0.6887443321431546,0.25337496399879456,0.04402995854616165,0.011132516898214817,0.0019345416221767664,0.0004055019235238433,7.046566315693781e-05,6.619637133553624e-05,2.018875238718465e-05,6.840037483300644e-08,1.9597035224473083e-08,2.5163090690317592e-08
lapchole__584800,3,lapchole,2,2,0.6254055430784421,0.3299848818174372,3,0.9999855246223888,False,0.00011953880311921239,0.29541638493537903,0.6253964900970459,0.06591629981994629,0.011454536579549313,0.0013680492993444204,0.0002377313212491572,3.0224146030377597e-05,3.645727701950818e-05,9.812343705561943e-06,0.0,0.0,0.0
lapchole__584835,6,lapchole,4,4,0.33331584985328105,0.0,4,0.9999572595806967,False,2.2016738512320444e-05,0.0005678192828781903,0.014644250273704529,0.15744052827358246,0.3333016037940979,0.3333016037940979,0.13894078135490417,0.016594108194112778,0.004754291847348213,0.0003902560274582356,0.0,0.0,0.0
lapchole__584879,7,lapchole,6,6,0.35093823317558515,0.04123632023674752,4,0.9999650902182111,False,1.2407866051944438e-05,0.0004656017408706248,0.0034403575118631124,0.032641202211380005,0.12909847497940063,0.30969110131263733,0.3509259819984436,0.12909847497940063,0.04191213473677635,0.002679352881386876,0.0,0.0,0.0
lapchole__584919,7,lapchole,6,6,0.2535364320757685,0.056082049424738566,3,0.9999666203639208,False,1.7827273040893488e-05,0.0046435268595814705,0.0162075012922287,0.06410191208124161,0.13570375740528107,0.1974477916955948,0.253527969121933,0.17424707114696503,0.13570375740528107,0.01836550608277321,0.0,0.0,0.0
lapchole__586105,2,lapchole,3,3,0.5114195693692923,0.1599263545976601,2,0.9999649679430149,False,0.0004115418123546988,0.002368259709328413,0.3514809012413025,0.5114016532897949,0.11410913616418839,0.017499202862381935,0.002368259709328413,0.00015139777678996325,0.00015139777678996325,2.321760075574275e-05,0.0,0.0,0.0
lapchole__586124,3,lapchole,4,4,0.2776804523207314,0.0,3,0.9999425961577799,False,0.00013552673044614494,0.0021199944894760847,0.037577804177999496,0.21624533832073212,0.27766451239585876,0.27766451239585876,0.16841204464435577,0.01382410153746605,0.005762742832303047,0.0005360186332836747,0.0,0.0,0.0
lapchole__586170,5,lapchole,4,4,0.31419901635724967,0.036919353779247266,2,0.9999621039969497,False,3.642458614194766e-05,0.0018682248191908002,0.03311507776379585,0.1905641108751297,0.31418710947036743,0.2772691547870636,0.14841148257255554,0.022759638726711273,0.010750891640782356,0.000999988755211234,0.0,0.0,0.0
lapchole__586187,2,lapchole,1,1,0.4491960609664004,0.05278085004524504,2,0.9999698350558575,True,0.0012616647873073816,0.4491825109923123,0.3964032530784607,0.11357143521308899,0.028715355321764946,0.008227087557315826,0.0018357113003730774,0.00036147297942079604,0.00031899879104457796,9.139468602370471e-05,6.555253950068379e-07,1.2908058435910135e-07,1.65742765777428e-07
lapchole__586239,4,lapchole,2,2,0.43237765575266557,0.13520912710776276,3,0.9999562558514299,False,0.0012144068023189902,0.051637887954711914,0.4323587417602539,0.2971555292606354,0.1590559184551239,0.04557027667760849,0.010168103501200676,0.0015593291027471423,0.0010717102559283376,0.00016435208090115339,0.0,0.0,0.0
lapchole__586243,7,lapchole,6,6,0.29369348522839056,0.0649647603366351,2,0.9999563580677204,False,2.8226135327713564e-05,0.0022422794718295336,0.00609514769166708,0.03095371462404728,0.08414092659950256,0.17812633514404297,0.29368066787719727,0.22871874272823334,0.15719594061374664,0.018774377182126045,0.0,0.0,0.0
lapchole__586296,3,lapchole,2,2,0.3713267163513924,0.0436320231967155,2,0.9999585017794743,False,0.011212630197405815,0.03047908842563629,0.3713113069534302,0.3276810944080353,0.1987486332654953,0.05025152117013931,0.008732405491173267,0.0008122402359731495,0.0006325733847916126,9.700824739411473e-05,0.0,0.0,0.0
lapchole__586363,5,lapchole,1,1,0.5180796600142423,0.11459841991936613,5,0.999972609096805,True,0.0006873597740195692,0.5180654693444275,0.4034701883792877,0.061874158680438995,0.01218374352902174,0.002718560630455613,0.0006873597740195692,0.00012714878539554775,0.00011944521975237876,3.877818744513206e-05,2.781359745437479e-07,4.833278247931365e-08,7.032378412819746e-08
lapchole__586417,3,lapchole,2,2,0.4984249543890946,0.23163729408490907,3,0.999970687131281,False,0.0029636560939252377,0.2667798399925232,0.49841034412384033,0.16181014478206635,0.05253206193447113,0.013282185420393944,0.0029636560939252377,0.0005835784832015634,0.0005150062497705221,0.00013021395716350526,0.0,0.0,0.0
lapchole__586429,2,lapchole,1,1,0.42780369922657896,0.09462583584429723,2,0.999960467189809,True,0.03511530160903931,0.42778678694413846,0.33316469192504883,0.13888370990753174,0.045088935643434525,0.014638234861195087,0.00370112550444901,0.0008258327143266797,0.0005675859865732491,0.00018426818132866174,2.9783640360322463e-06,4.290740199100155e-07,5.864746875161425e-07
lapchole__586431,1,lapchole,0,2,0.43755913078097297,0.23087082645482299,3,0.999963281705277,False,0.4375430643558502,0.16096311807632446,0.20668071508407593,0.1253581941127777,0.05225706845521927,0.013212655670940876,0.0029481418896466494,0.000512310245539993,0.00039898764225654304,8.902617264539003e-05,0.0,0.0,0.0
lapchole__586488,5,lapchole,3,3,0.3453116829435353,0.04057519887096418,4,0.9999649267847417,False,0.00010222411947324872,0.02501341700553894,0.14394226670265198,0.3452995717525482,0.3047257959842682,0.14394226670265198,0.03211786225438118,0.003385197836905718,0.0012453446397557855,0.00019097978656645864,0.0,0.0,0.0
lapchole__586572,7,lapchole,6,6,0.35869183241132907,0.07934235959085564,2,0.9999628854511684,False,1.964222792594228e-05,0.0006924124318175018,0.0008890751632861793,0.006569426041096449,0.04283804073929787,0.16942773759365082,0.35867851972579956,0.27933910489082336,0.1319504678249359,0.009558458812534809,0.0,0.0,0.0
lapchole__627053,10,lapchole,3,3,0.23996387460601143,0.053079830295277027,11,0.9999592624226352,False,3.8023441447876394e-05,0.10002774745225906,0.18687643110752106,0.23995409905910492,0.18687643110752106,0.1455395221710205,0.077901691198349,0.032474253326654434,0.025290975347161293,0.004980088211596012,0.0,0.0,0.0
lapchole__627072,1,lapchole,2,2,0.40300813860880197,0.04735472151006162,2,0.9999680402506783,False,8.72851160238497e-05,0.35564205050468445,0.4029952585697174,0.16799341142177582,0.054539475589990616,0.01562582142651081,0.002396297175437212,0.00039118475979194045,0.00023726555809844285,5.999012864776887e-05,0.0,0.0,0.0
lapchole__627108,9,lapchole,8,8,0.2669292485914029,0.05904453100269805,6,0.9999413485929836,False,0.00016728186164982617,0.019335156306624413,0.017063215374946594,0.04093252867460251,0.07647202908992767,0.1112661361694336,0.18344685435295105,0.20787252485752106,0.26691359281539917,0.07647202908992767,0.0,0.0,0.0
lapchole__627134,5,lapchole,2,2,0.32580717332792797,0.0,5,0.9999662794289179,False,0.0001318318536505103,0.13581205904483795,0.3257961869239807,0.3257961869239807,0.13581205904483795,0.05661488324403763,0.016220437362790108,0.001937254797667265,0.0015087358187884092,0.00033664441434666514,0.0,0.0,0.0
lapchole__627264,6,lapchole,5,5,0.4979827376096789,0.11015339363943139,3,0.9999362695161835,False,0.00010131728049600497,0.0005145315662957728,0.00488174008205533,0.04631665721535683,0.38780462741851807,0.4979510009288788,0.05947176739573479,0.002305970760062337,0.0005145315662957728,7.412530248984694e-05,0.0,0.0,0.0
lapchole__627275,2,lapchole,3,3,0.24785280664029039,0.054824839620518775,2,0.9999658336600987,False,5.042848351877183e-05,0.17034076154232025,0.19302137196063995,0.24784433841705322,0.19302137196063995,0.13266152143478394,0.043068885803222656,0.01233944296836853,0.00660482794046402,0.001012883149087429,0.0,0.0,0.0
lapchole__627308,4,lapchole,5,5,0.5608876783351056,0.17539555784020486,2,0.9999403057190648,False,6.502139149233699e-05,0.00021319693769328296,0.0015753242187201977,0.014946258626878262,0.38546910881996155,0.5608541965484619,0.03585420921444893,0.0007441304042004049,0.00018814562645275146,3.071393075515516e-05,0.0,0.0,0.0
lapchole__627314,3,lapchole,4,4,0.36525011492626597,0.11421762294598699,2,0.9999594358669128,False,8.963959407992661e-05,0.01249766442924738,0.0814950093626976,0.2510223090648651,0.365235298871994,0.2215263992547989,0.0560106486082077,0.008589510805904865,0.0031599043868482113,0.00033305148826912045,0.0,0.0,0.0
lapchole__627347,8,lapchole,1,1,0.3298326066876336,0.03874753728097199,8,0.9999653771988861,True,3.5921511880587786e-05,0.32982118695889134,0.2910749912261963,0.20005273818969727,0.10708051174879074,0.050581254065036774,0.014491771347820759,0.003664093790575862,0.002518292050808668,0.0006367239984683692,5.508537676081706e-06,1.1546522147453287e-06,1.2291208286828589e-06
lapchole__627369,7,lapchole,3,3,0.22677006652427997,0.0,7,0.9999521264180657,False,4.3342944991309196e-05,0.050596822053194046,0.12137546390295029,0.22675921022891998,0.22675921022891998,0.17660026252269745,0.10711347311735153,0.050596822053194046,0.03477465361356735,0.0053328657522797585,0.0,0.0,0.0
lapchole__627914,3,lapchole,2,2,0.5593252819061945,0.1237223086074548,2,0.999987524532628,False,5.000180408387678e-06,0.0012235038448125124,0.5593183040618896,0.4355975389480591,0.00376865710131824,6.902536551933736e-05,4.145295406488003e-06,4.650892435620335e-07,6.357016673064209e-07,2.4894430339372775e-07,0.0,0.0,0.0
lapchole__627967,4,lapchole,2,2,0.6080896364918533,0.282602698856414,4,0.9999747914629324,False,4.797295332537033e-06,0.04991377890110016,0.6080743074417114,0.325478732585907,0.016204630956053734,0.00027881606365554035,1.5729727238067426e-05,1.657901066209888e-06,1.5574538565488183e-06,7.831370112398872e-07,0.0,0.0,0.0
lapchole__629282,2,lapchole,3,3,0.34771982780544164,0.0,4,0.9999572903034277,False,0.00562012754380703,0.002654760144650936,0.060422059148550034,0.3477049767971039,0.3477049767971039,0.18611307442188263,0.041527438908815384,0.00562012754380703,0.0023428178392350674,0.00024693115847185254,0.0,0.0,0.0
lapchole__629338,5,lapchole,4,4,0.285312760940676,0.03352510991175617,3,0.9999608674552292,False,0.026537181809544563,0.0206671804189682,0.10495660454034805,0.2517777979373932,0.2853015959262848,0.19608473777770996,0.08174028247594833,0.0206671804189682,0.01106234360486269,0.0011659625452011824,0.0,0.0,0.0
lapchole__629370,9,lapchole,6,6,0.3168889646004161,0.037235436802451026,6,0.999939225763228,False,4.7169425670290366e-05,0.000890021794475615,0.0012949740048497915,0.009568635374307632,0.05506369099020958,0.19219118356704712,0.31686970591545105,0.27963653206825256,0.13209094107151031,0.012286371551454067,0.0,0.0,0.0
lapchole__629455,7,lapchole,3,3,0.27752958695490876,0.06138933082217205,7,0.9999513921211474,False,0.0002867567236535251,0.05464615300297737,0.21612975001335144,0.27751609683036804,0.21612975001335144,0.14854365587234497,0.05464615300297737,0.01774100959300995,0.012193205766379833,0.0021188613027334213,0.0,0.0,0.0
lapchole__629470,8,lapchole,3,3,0.29330261529263935,0.03446395526993404,8,0.99996762110095,False,0.00011867964349221438,0.03969290852546692,0.20157723128795624,0.2932931184768677,0.2588302791118622,0.13854186236858368,0.05096669867634773,0.010035938583314419,0.006087104324251413,0.0008238001028075814,0.0,0.0,0.0
lapchole__744523,2,lapchole,1,1,0.5371463641534575,0.28341447074307263,2,0.999977147337922,True,4.8497418902115896e-05,0.5371340889291111,0.2537260949611664,0.11985171586275101,0.049961626529693604,0.02674253098666668,0.008682029321789742,0.0019372225506231189,0.0015087105566635728,0.0003814617230091244,2.26822839868824e-06,3.9415899046080124e-07,5.061101564227729e-07
lapchole__744542,5,lapchole,4,4,0.26443968928531725,0.031072474001498124,3,0.9999551936562057,False,6.489844963653013e-05,0.05206892639398575,0.12490687519311905,0.2333567589521408,0.2644278407096863,0.20593661069869995,0.0858471542596817,0.02170555852353573,0.010252980515360832,0.001387589960359037,0.0,0.0,0.0
lapchole__744786,1,lapchole,2,2,0.5260369855179056,0.06181096483357355,2,0.999985141808196,False,3.440483169470099e-06,0.4642191231250763,0.5260291695594788,0.009634560905396938,8.87312344275415e-05,6.842218226665864e-06,1.8415581735098385e-06,4.1090714830716024e-07,5.978664034955727e-07,4.239506949943461e-07,0.0,0.0,0.0
lapchole__745013,4,lapchole,3,3,0.5829970819911536,0.18230940196450177,3,0.9999821111625238,False,1.5080758203112055e-05,0.0023825333919376135,0.4006805121898651,0.5829866528511047,0.01371053233742714,0.00019557023188099265,9.146941920334939e-06,7.992508699317113e-07,9.056699354914599e-07,3.775393793148396e-07,0.0,0.0,0.0
lapchole__745061,3,lapchole,2,2,0.750952009627556,0.5071535788993424,2,0.9999907871875848,False,1.1782176443375647e-05,0.0030689409468322992,0.7509450912475586,0.2437961846590042,0.0021092502865940332,5.2804047300014645e-05,4.911541054752888e-06,6.647048280683521e-07,8.017871095944429e-07,3.55790859885019e-07,0.0,0.0,0.0
lapchole__746348,3,lapchole,5,5,0.594801528398893,0.3138371686913366,4,0.9999071341298986,False,0.00025618253857828677,0.0001995151542359963,0.0013010022230446339,0.013987092301249504,0.2809382677078247,0.5947462916374207,0.1033513993024826,0.004007368814200163,0.0010132216848433018,0.00010679276601877064,0.0,0.0,0.0
lapchole__746396,5,lapchole,6,6,0.34578037969258063,0.0,4,0.9999460254894075,False,2.2839811208541505e-05,0.0005198317230679095,0.0005890465690754354,0.0029914251063019037,0.01950654201209545,0.11225239187479019,0.3457617163658142,0.3457617163658142,0.16332627832889557,0.009214237332344055,0.0,0.0,0.0
lapchole__746397,6,lapchole,7,7,0.4307890538587491,0.1695022844472255,2,0.9999499121440749,False,2.3590018827235326e-05,0.0004451110144145787,0.00023825075186323375,0.0008315768791362643,0.00542256236076355,0.05144783854484558,0.26127368211746216,0.4307674765586853,0.23057322204113007,0.018926601856946945,0.0,0.0,0.0
lapchole__746411,4,lapchole,3,3,0.28911917707134427,0.033972410839900415,2,0.9999412685865536,False,0.02094249427318573,0.0443352609872818,0.17534935474395752,0.2891021966934204,0.2551317811012268,0.15474526584148407,0.0443352609872818,0.009892533533275127,0.005295091774314642,0.0008120286511257291,0.0,0.0,0.0
heico__1980082,1,heico,1,1,0.9760482915716026,0.9530938345050004,1,0.9999970544427308,True,5.021252218284644e-05,0.9760454165654622,0.022954389452934265,0.0007854559808038175,0.0001204535728902556,2.6876827178057283e-05,7.700339665461797e-06,2.0725183276226744e-06,3.2099792406370398e-06,1.2570459375638166e-06,5.46857649896255e-09,1.8898896838371012e-09,2.2796418901871973e-09
heico__1980083,1,heico,2,2,0.418988883843604,7.956850576448921e-07,2,0.9999736813839655,True,0.00020450112060643733,0.41897706097193105,0.41897785663604736,0.12003917247056961,0.034391798079013824,0.005976398009806871,0.0010385423665866256,0.00016953736485447735,0.00014961620036046952,4.857327076024376e-05,4.4734168012515625e-07,7.773633108585768e-08,9.981541730335448e-08
heico__1980111,1,heico,1,1,0.6918343332552314,0.40343484476357905,1,0.9999873902649352,True,5.1784423703793436e-05,0.6918256094075803,0.28839585185050964,0.01627018116414547,0.0028273335192352533,0.0004913168959319592,8.537807298125699e-05,1.579335548740346e-05,1.7896216377266683e-05,6.184766789374407e-06,3.9147741694284784e-08,8.735041998291136e-09,1.2709409775642932e-08
heico__1980143,1,heico,1,1,0.5801944069918551,0.22828839488063307,1,0.9999814233012244,True,0.0006793257780373096,0.5801836288951251,0.35189947485923767,0.047624412924051285,0.015461383387446404,0.0030445270240306854,0.0006793257780373096,0.00014239443407859653,0.00020718264568131417,5.935882290941663e-05,2.9261320954410635e-07,5.0848549953779255e-08,6.52908298381659e-08
heico__1980192,2,heico,2,2,0.43222860779681027,0.09560862371882568,1,0.99996039292364,False,3.23518252116628e-05,0.12383066862821579,0.4322114884853363,0.3366066515445709,0.0964394211769104,0.010164640843868256,0.0005734497681260109,5.677921944879927e-05,3.4438333386788145e-05,1.050309856509557e-05,0.0,0.0,0.0
heico__1980218,1,heico,1,1,0.932179005793243,0.8725867915820799,1,0.9999849846295875,True,4.7955105401342735e-05,0.9321650087801803,0.05959131941199303,0.005542856175452471,0.0017995020607486367,0.000515565974637866,0.00018966611241921782,5.104794036014937e-05,5.784489621873945e-05,2.411334207863547e-05,6.772921258739266e-08,1.511242917461177e-08,2.198845540805146e-08
heico__1980249,1,heico,1,1,0.6012234041899889,0.3505959412066547,1,0.9999717986285087,True,0.0003767925372812897,0.6012064488654181,0.25062039494514465,0.09219810366630554,0.03843388333916664,0.012477654963731766,0.0031548454426229,0.000703941157553345,0.0006212258595041931,0.00017798421322368085,3.4358908175403897e-07,8.160956266511393e-08,9.843991225538776e-08
heico__1980268,1,heico,1,1,0.7711141048099973,0.599055181230501,1,0.999974546578693,True,4.2227293306495994e-05,0.7710944773178118,0.17205454409122467,0.03387954831123352,0.014123097062110901,0.0051955971866846085,0.002165847225114703,0.0006205255631357431,0.0006205255631357431,0.00017778354231268167,2.3587890877499182e-07,5.602614532452357e-08,8.151756803769908e-08
heico__1980269,1,heico,1,1,0.40088658883966943,0.1253587472662836,1,0.9999639569837615,True,8.156562398653477e-05,0.4008721396778381,0.27551791071891785,0.16711004078388214,0.08944756537675858,0.04787783324718475,0.01371722761541605,0.002701082266867161,0.0021036050748080015,0.0005318746552802622,2.041922910412037e-06,4.849992006917143e-07,5.850207109496606e-07
heico__1980310,4,heico,4,4,0.3664718006530793,0.0,1,0.9999551007549599,False,2.7429856345406733e-05,0.00022966734832152724,0.005923199001699686,0.1348114013671875,0.3664553463459015,0.3664553463459015,0.11897063255310059,0.005227204877883196,0.0016970251454040408,0.00015784791321493685,0.0,0.0,0.0
heico__1980337,1,heico,1,1,0.9133868796182923,0.8472213218480222,1,0.9999883075596749,True,4.6988534450065345e-05,0.9133761998967087,0.0661647841334343,0.011497714556753635,0.005431135650724173,0.001998003339394927,0.0008328916737809777,0.0002704003418330103,0.0002704003418330103,9.947473154170439e-05,1.9203070673829194e-07,5.168436553884361e-08,7.064414815840476e-08
heico__1980385,4,heico,4,4,0.3062494468094869,0.03598528301151022,1,0.9999588130667689,False,3.3351876481901854e-05,0.0023381467908620834,0.04144464433193207,0.2702530324459076,0.3062368333339691,0.23849748075008392,0.11265823990106583,0.019577063620090485,0.008160934783518314,0.0007590852328576148,0.0,0.0,0.0
heico__1980407,1,heico,1,1,0.9116168517912275,0.8367867684024046,1,0.9999901649559919,True,3.887942875735462e-05,0.9116078859993717,0.0748293474316597,0.008937091566622257,0.0029014486353844404,0.0010673832148313522,0.0003926683566533029,9.928211511578411e-05,8.761615754337981e-05,2.8444801500882022e-05,7.505476649818153e-08,1.7827069545620088e-08,2.4366715735829798e-08
heico__1980428,2,heico,2,2,0.40231167990771494,0.1258071755151537,1,0.9999665238246962,False,3.632291918620467e-05,0.1900322288274765,0.4022982120513916,0.2764952480792999,0.10171691328287125,0.02571806311607361,0.0030715845059603453,0.0003668484860099852,0.00018446300236973912,4.663955405703746e-05,0.0,0.0,0.0
heico__1980446,1,heico,1,1,0.8501651260200479,0.7351077679683671,1,0.999983669515576,True,0.00019601079111453146,0.8501512424116996,0.11505547910928726,0.02265576645731926,0.00833459198474884,0.0023879006039351225,0.0007752377423457801,0.00020865241822320968,0.00016249864711426198,5.615803092950955e-05,7.450915221595533e-08,2.57496728450168e-08,3.106003362032858e-08
heico__1980473,2,heico,2,2,0.4357746689610173,0.1714639666982851,1,0.999968712104419,False,1.3597001270682085e-05,0.1816522181034088,0.435761034488678,0.26430243253707886,0.0972314327955246,0.01914600282907486,0.0015715996269136667,0.00017632859817240387,8.866358257364482e-05,2.5402541723451577e-05,0.0,0.0,0.0
heico__1980497,1,heico,1,1,0.9758884443377523,0.9529377466337506,1,0.9999969153761779,True,5.6888915423769504e-05,0.9758854340890092,0.02295062690973282,0.0008898923406377435,0.0001546401035739109,3.909913721145131e-05,1.1202091627637856e-05,3.015001993844635e-06,4.386802174849436e-06,1.7178963389596902e-06,7.020640907242575e-09,2.1411744617891825e-09,2.926638367978357e-09
heico__1980504,2,heico,2,2,0.3611307076843447,0.04243397808746,1,0.9999662659047317,False,2.2408972654375248e-05,0.1328480988740921,0.36111852526664734,0.31868597865104675,0.15053659677505493,0.033589255064725876,0.002757173962891102,0.00025645713321864605,0.00012114176934119314,3.062943505938165e-05,0.0,0.0,0.0
heico__1980539,2,heico,2,2,0.4176863404647497,0.049079448248976434,1,0.9999514165265282,False,1.8962009562528692e-05,0.08224331587553024,0.4176660478115082,0.36858898401260376,0.11966332793235779,0.011130423285067081,0.0005541511345654726,4.8421188694192097e-05,2.9368935429374687e-05,8.41434120957274e-06,0.0,0.0,0.0
heico__1980544,2,heico,2,2,0.6159556470966214,0.3591871342516521,1,0.9999613956888425,False,2.1777812435175292e-05,0.09445621818304062,0.6159318685531616,0.25675860047340393,0.03066544234752655,0.001960376277565956,0.00013340526493266225,1.5932988389977254e-05,1.3208910786488559e-05,4.564877599477768e-06,0.0,0.0,0.0
heico__1980552,2,heico,2,2,0.6218689020505648,0.4199776180262413,1,0.9999766234031995,False,7.674293010495603e-05,0.20188656449317932,0.6218543648719788,0.12245038151741028,0.045046981424093246,0.006908178795129061,0.0013603009283542633,0.00016246477025561035,0.00018409673066344112,4.6546942030545324e-05,0.0,0.0,0.0
heico__1980571,2,heico,2,2,0.8070081264787065,0.6667711576910319,1,0.9999820780395794,False,1.177709123112436e-06,0.05158937722444534,0.8069936633110046,0.14023445546627045,0.0011397579219192266,2.0875393602182157e-05,1.94171389011899e-06,2.5469745423833956e-07,3.823461440788378e-07,1.9225572600589658e-07,0.0,0.0,0.0
heico__1980572,1,heico,1,1,0.9572884677604317,0.9152281464526634,1,0.9999945502982176,True,5.190627234696876e-06,0.9572832508237628,0.042060092091560364,0.0005999549175612628,3.603009463404305e-05,5.8817518038267735e-06,2.163775434382842e-06,6.199320523592178e-07,8.473466550640296e-07,5.139416998645174e-07,2.235818813495759e-09,1.1242402813656055e-09,1.6357599225153634e-09
heico__1980600,2,heico,2,2,0.9287281334666073,0.8693565317149856,1,0.9999873888397843,False,1.7403020819983794e-06,0.011690814979374409,0.9287164211273193,0.05937085300683975,0.00020115156075917184,5.3605076573148835e-06,6.815121196268592e-07,1.0129772931577463e-07,1.72313264101831e-07,9.223263930380199e-08,0.0,0.0,0.0
heico__1980622,1,heico,1,1,0.9665178309442195,0.9334454106464647,1,0.9999954691922364,True,1.7183516320073977e-05,0.9665134518377274,0.03307227045297623,0.00036739977076649666,1.947147393366322e-05,3.383634748388431e-06,1.1693529131662217e-06,3.3502522001072066e-07,4.874588057646179e-07,3.147270604131336e-07,7.801298788869108e-10,4.731726614809889e-10,6.88462177878121e-10
heico__1980623,1,heico,1,1,0.7965467649021728,0.5951481964544606,1,0.9999871896638758,True,4.319019353715703e-06,0.7965365608703757,0.20139598846435547,0.001974416896700859,6.346752343233675e-05,7.5801149250764865e-06,2.460903033352224e-06,7.050604722280696e-07,1.0258570455334848e-06,6.623430408581044e-07,1.1283795817099552e-09,6.039780654626001e-10,8.787829819820718e-10
heico__1980646,1,heico,1,1,0.9766543276159974,0.9536856196735343,1,0.9999956873299188,True,2.3733409761916846e-05,0.976650115628099,0.022968608886003494,0.0003276296192780137,1.9675688236020505e-05,3.419121867409558e-06,1.2578246924022096e-06,3.603727805057133e-07,5.243393275122799e-07,3.603727805057133e-07,8.932741320255049e-10,4.781352331019114e-10,6.956826771675832e-10
heico__1980671,2,heico,2,2,0.876406347964746,0.7577976419657709,1,0.9999881251611988,False,1.9809435798379127e-06,0.004598903935402632,0.8763959407806396,0.118607297539711,0.00037750101182609797,5.732049885409651e-06,5.331637566996505e-07,6.778416405950338e-08,1.117571883924029e-07,5.6195045061713245e-08,0.0,0.0,0.0
heico__1980705,1,heico,1,1,0.9621669999032477,0.9248597368729237,1,0.9999951906521812,True,2.6494537451071665e-05,0.9621623725074855,0.03730708360671997,0.0004696269170381129,2.338134618184995e-05,3.816900061792694e-06,1.2391659538479871e-06,3.5502696960065805e-07,4.852643655794964e-07,3.3351699357808684e-07,7.766179200457923e-10,4.4250355719239743e-10,6.438388710007937e-10
heico__1980719,1,heico,1,1,0.9817290943913698,0.9637480984183895,1,0.9999931934675249,True,4.744465695694089e-05,0.9817224122204071,0.017980873584747314,0.00022634578635916114,1.1995886779914144e-05,2.2190160962054506e-06,9.250235279978369e-07,2.650236581303034e-07,4.1047670151783677e-07,3.0031117148610065e-07,6.992958047187446e-10,3.30323946489669e-10,4.5149932243575265e-10
heico__1980807,1,heico,1,1,0.9036245655065256,0.8083832390085988,1,0.9999915157923608,True,4.061940217070514e-06,0.903616898968084,0.095240518450737,0.001058026566170156,5.6073353334795684e-05,9.744087947183289e-06,3.1634422157367226e-06,9.063413699550438e-07,1.3187188869778765e-06,7.998434625733353e-07,1.7496481408433872e-09,8.797782534444147e-10,1.4505090060939222e-09
heico__1980836,1,heico,1,1,0.9134713377016915,0.8285052697147816,1,0.9999914413624823,True,5.6684380979277194e-05,0.9134635196316293,0.08496534079313278,0.0013733368832617998,0.00010590037709334865,1.5256394362950232e-05,5.612514087260934e-06,1.711720074126788e-06,2.6511640953685855e-06,1.4190659385349136e-06,3.5175026079495456e-09,2.00421270309072e-09,2.9161122921700726e-09
heico__1980875,1,heico,1,1,0.9737210040383059,0.9477722182685906,1,0.9999961035889825,True,2.2228521629585885e-05,0.9737172100210577,0.02594868466258049,0.00028826386551372707,1.5277424608939327e-05,2.493970896466635e-06,9.766530411070562e-07,2.7981576522506657e-07,4.071295904850558e-07,2.7981576522506657e-07,7.383264995759107e-10,3.9519769052200875e-10,5.750092930698228e-10
heico__1980901,2,heico,2,2,0.6306775913188588,0.2931001876491908,1,0.9999841058793209,False,1.1101932386736735e-06,0.33757203817367554,0.6306675672531128,0.031399086117744446,0.00032767889206297696,1.3524922906071879e-05,1.948449835253996e-06,3.604269807055971e-07,4.926453129883157e-07,2.9880445140406664e-07,0.0,0.0,0.0
heico__1980910,2,heico,2,2,0.812194518532286,0.6309694271495756,1,0.9999884876519403,False,1.620093144083512e-06,0.006201109848916531,0.8121851682662964,0.18122300505638123,0.0003724056005012244,4.6878944885975216e-06,3.6149160109744116e-07,3.692869654514652e-08,6.088512805035862e-08,3.1586786519710586e-08,0.0,0.0,0.0
heico__1980934,1,heico,1,1,0.9224373663113489,0.8467190955483798,1,0.9999926919377626,True,0.00012899420107714832,0.9224306250816658,0.07571771740913391,0.0015714712208136916,0.0001138369771069847,1.7457467038184404e-05,6.422243131964933e-06,1.9586734651966253e-06,2.677189286259818e-06,1.525416450931516e-06,2.766328041212029e-09,1.3909970827983223e-09,1.9012674164712513e-09
heico__1980954,2,heico,2,2,0.5833414056875019,0.1824170844582537,1,0.9999871495905097,False,1.1635959253908368e-06,0.4009191691875458,0.5833339095115662,0.015545322559773922,0.0001726929476717487,1.1039889614039566e-05,2.314086714250152e-06,4.850589334637334e-07,6.629969675486791e-07,3.8975579741418187e-07,0.0,0.0,0.0
heico__1980979,1,heico,1,1,0.8632201283862518,0.7308410301729046,1,0.9999862785865706,True,0.0006130284164100885,0.8632082837859897,0.1323772817850113,0.0035277348943054676,0.00021185696823522449,2.8671718609984964e-05,9.90868193184724e-06,3.021977136086207e-06,4.130553406866966e-06,2.3535180844191927e-06,2.7556805789526895e-09,1.3856431096532444e-09,2.146126018603893e-09
heico__1980984,1,heico,1,1,0.9887372222481723,0.9777533428036168,1,0.999995781751511,True,5.763785884482786e-05,0.9887330515088786,0.010983833111822605,0.0002011759061133489,1.4573132830264512e-05,2.8696204026346095e-06,1.355512608824938e-06,3.648312372206419e-07,5.308263553160941e-07,3.883608314936282e-07,4.840507983050102e-10,2.4339603254657737e-10,3.541391218022185e-10
heico__1981002,2,heico,2,2,0.9030715830738677,0.8190728433740115,1,0.9999886467965453,False,1.8013669205174665e-06,0.08399778604507446,0.9030613303184509,0.012881477363407612,4.3643125536618754e-05,1.9175449779140763e-06,4.0193924633058487e-07,7.435129134591989e-08,1.3049059077729908e-07,8.425104880416256e-08,0.0,0.0,0.0
heico__1981017,2,heico,2,2,0.8977528155012877,0.8403613973750098,1,0.9999837402973952,False,2.1600551463052398e-06,0.0573904849588871,0.8977382183074951,0.04469575360417366,0.0001514315663371235,4.572837042360334e-06,7.012673108874878e-07,1.1447873760062066e-07,1.8874352747388912e-07,1.1447873760062066e-07,0.0,0.0,0.0
heico__1981020,2,heico,2,2,0.9623242661962472,0.9423518649164124,1,0.9999895277338169,False,2.315431856914074e-06,0.01762539893388748,0.9623141884803772,0.019972192123532295,7.203098357422277e-05,2.623728050821228e-06,4.85340876821283e-07,7.922972145024687e-08,1.3905250284551585e-07,7.442943683599879e-08,0.0,0.0,0.0
heico__1981027,2,heico,2,2,0.7174053399098184,0.4534866401244865,1,0.9999813604169958,False,1.5232978967105737e-06,0.016871443018317223,0.7173919677734375,0.2639137804508209,0.0017782370559871197,2.2384700059774332e-05,1.5232978967105737e-06,1.6055442131346354e-07,2.2641802388534416e-07,1.1385013465314842e-07,0.0,0.0,0.0
heico__1981037,2,heico,2,2,0.8830304281899625,0.7775674859992242,1,0.9999867545685106,False,1.9959131805080688e-06,0.011115564964711666,0.8830187320709229,0.10546154528856277,0.0003803537110798061,7.415716481773416e-06,7.816108222868934e-07,1.0577952025414561e-07,1.6903520361211122e-07,9.0478025072116e-08,0.0,0.0,0.0
heico__1981051,2,heico,2,2,0.9118789012235412,0.8370273240073841,1,0.9999854046182506,False,1.7087256765080383e-06,0.013007063418626785,0.9118655920028687,0.07485048472881317,0.00025359736173413694,5.964038336969679e-06,6.691465728181356e-07,9.343380469317708e-08,1.4930678560176602e-07,8.245503124726383e-08,0.0,0.0,0.0
heico__1981053,2,heico,1,1,0.5600095645970533,0.12387368715374361,2,0.9999890912088013,True,3.2323137020284776e-06,0.5600034555696438,0.4361311197280884,0.0037732734344899654,6.910991214681417e-05,6.038756964699132e-06,1.6253095509455306e-06,3.860448316572729e-07,5.276607453197357e-07,3.2004240324567945e-07,8.989320242422403e-10,5.803942187499337e-10,9.56908228739504e-10
heico__1982121,1,heico,1,1,0.9793145757385916,0.9589895495575287,1,0.9999956614169331,True,3.9236358134076e-05,0.9793103269009561,0.020324937999248505,0.00025585319963283837,4.446062303031795e-05,1.273818088520784e-05,4.135481958655873e-06,1.4291844081526506e-06,1.723925379337743e-06,8.143246645886393e-07,3.5425919298162625e-09,7.425675691266482e-10,9.534757641564226e-10
heico__1982214,1,heico,1,1,0.9623891678739962,0.9250732894447129,1,0.9999944252035815,True,3.402748916414566e-05,0.96238380275031,0.037315670400857925,0.00022188707953318954,2.650063470355235e-05,7.1325489443552215e-06,2.6239181352138985e-06,1.027541088660655e-06,1.1643566040220321e-06,5.854752771483618e-07,1.863438558125251e-09,5.015376779144365e-10,6.439870969704575e-10
heico__1982221,1,heico,1,1,0.9837589576816105,0.9678579746445061,1,0.9999950490875692,True,2.54478509305045e-05,0.983754087177158,0.015900904312729836,0.0002570141514297575,3.941439717891626e-05,1.0608241609588731e-05,3.6661103877122514e-06,1.3486866237144568e-06,1.7317479432676919e-06,8.180197710316861e-07,5.177829661404787e-09,1.3091602109122892e-09,1.9048170757942294e-09
heico__1982273,1,heico,1,1,0.9911958789387759,0.982620354604334,1,0.9999967266561355,True,3.0928069463698193e-05,0.9911926344138271,0.008575496263802052,0.00015706568956375122,2.729392690525856e-05,7.3460605563013814e-06,2.7024645987694385e-06,1.1265549346717307e-06,1.4465250615103287e-06,6.832900680819876e-07,2.174761475844129e-09,5.165511420735209e-10,7.060416996014461e-10
heico__1982412,1,heico,1,1,0.8655485315077268,0.7328123592585355,1,0.9999889162708292,True,2.700731420191005e-05,0.8655389380022194,0.13273470103740692,0.0014745494117960334,0.00015541634638793766,3.6914618249284104e-05,1.0576215572655201e-05,3.8907724047021475e-06,4.69316728413105e-06,2.216895154560916e-06,7.995368901030872e-09,1.899066539414467e-09,2.5957162926970865e-09
heico__1982425,1,heico,1,1,0.9838072157715895,0.9679054543804332,1,0.9999963523753086,True,4.4664615415968e-05,0.9838036272120977,0.015901703387498856,0.00020017291535623372,3.0697512556798756e-05,8.794983841653448e-06,3.2354937502532266e-06,1.1902716323675122e-06,1.6269085563180852e-06,6.371065524035657e-07,1.1553882883017363e-09,3.3102430301514373e-10,4.816375166903202e-10
heico__1982472,1,heico,1,1,0.9939296015618839,0.9880194806073831,1,0.999996603539798,True,3.982194539275952e-05,0.9939262257195487,0.005910100881010294,9.552788833389059e-05,1.6600257367826998e-05,4.4678986341750715e-06,1.7496543023298727e-06,7.293644443961966e-07,9.365224968860275e-07,4.423818609211594e-07,5.869435996229537e-10,1.7900766269907225e-10,2.6045463642533635e-10
heico__1982496,1,heico,1,1,0.9143115316486967,0.8292673162270373,1,0.9999913816686711,True,6.843730807304382e-05,0.9143036518089791,0.08504348248243332,0.0005056870286352932,5.006979699828662e-05,1.189262002299074e-05,3.6270441796659725e-06,1.6094910506581073e-06,1.941416712725186e-06,9.762056834006216e-07,3.989527281464604e-09,1.0087104285744245e-09,1.4676648773915965e-09
heico__1982566,1,heico,1,1,0.9385506635724872,0.8785511300634672,1,0.9999898089370868,True,0.00013124711404088885,0.9385410987436275,0.05999892204999924,0.0010989186121150851,0.0001487224653828889,4.260969944880344e-05,1.2207883628434502e-05,5.766595677414443e-06,7.404455118376063e-06,2.899626451835502e-06,7.651002968439795e-09,1.70716945841809e-09,2.333423968606075e-09
heico__1982567,1,heico,1,1,0.9869118035244043,0.974488417571882,1,0.9999936209858481,True,0.00025783749879337847,0.986905508000043,0.012423306703567505,0.0003310699248686433,5.077121750218794e-05,1.4546196325682104e-05,4.7224589252437e-06,1.9686137875396525e-06,2.6907760002359282e-06,1.1940245485675405e-06,3.800317589058693e-09,7.483268773321984e-10,1.0228416617593802e-09
heico__1982571,1,heico,1,1,0.9453271266106609,0.8919954158878293,1,0.9999899353230914,True,0.00016974142636172473,0.9453176121985586,0.053331173956394196,0.000976794515736401,0.00013219476386439055,3.787442983593792e-05,1.0851206752704456e-05,4.523456027527573e-06,6.581589786947006e-06,2.5773874767764937e-06,6.800738483134158e-09,1.5174497506574331e-09,2.0741079815214905e-09
heico__1982884,2,heico,2,2,0.6269799704361806,0.39632691622453214,1,0.9999711576856498,False,0.0009425990283489227,0.08485005795955658,0.626961886882782,0.23064640164375305,0.04541696608066559,0.008943130262196064,0.0017610070062801242,0.0001856087619671598,0.00021032226504758,5.317779505276121e-05,0.0,0.0,0.0
heico__1982890,4,heico,4,4,0.3640087691980309,0.11382943371822495,1,0.9999410932432511,False,8.392087329411879e-05,0.002452527405694127,0.033856093883514404,0.2207694798707962,0.3639873266220093,0.25016459822654724,0.1042841225862503,0.015992488712072372,0.007554315961897373,0.0007962191011756659,0.0,0.0,0.0
heico__1982895,4,heico,5,5,0.3962800114071662,0.04656412204604817,2,0.999936850505037,False,5.2055645937798545e-05,0.00021916243713349104,0.003884747391566634,0.11352895945310593,0.34969380497932434,0.3962549865245819,0.1286451518535614,0.005652273539453745,0.001835024799220264,0.0001706838811514899,0.0,0.0,0.0
heico__1982908,2,heico,2,2,0.48387022443296274,0.10703170329262963,1,0.9999665839568479,False,0.005375133361667395,0.3768259286880493,0.4838540554046631,0.09527651220560074,0.027297180145978928,0.00782077293843031,0.002240689005702734,0.0005665348726324737,0.0005665348726324737,0.00014324246149044484,0.0,0.0,0.0
heico__1982916,2,heico,2,2,0.679863525374497,0.5459904724999872,1,0.9999753453994344,False,0.000258429441601038,0.13386975228786469,0.6798467636108398,0.13386975228786469,0.0434611476957798,0.0066649834625422955,0.0014871587045490742,0.0002012650656979531,0.000258429441601038,5.766340109403245e-05,0.0,0.0,0.0
heico__2051824,1,heico,1,1,0.4334138368490148,0.05092734471474711,1,0.9999738204632193,True,0.0005401909002102911,0.43340249027553174,0.38247647881507874,0.14070524275302887,0.035575855523347855,0.006182156503200531,0.0008366639376617968,0.0001283065794268623,9.38710873015225e-05,3.2440984796267e-05,7.554060435994482e-08,2.303858471450895e-08,2.4524445740516425e-08
heico__2051888,1,heico,1,1,0.7920268004296643,0.6153016965330821,1,0.9999887044853351,True,5.9284000599291176e-05,0.792017854079325,0.17672310769557953,0.02391687221825123,0.005336575210094452,0.001349297701381147,0.00034115585731342435,9.7742784419097e-05,0.00011075709335273132,3.5957564250566065e-05,6.125790575355336e-08,1.6487339891983285e-08,2.253552296769607e-08
heico__2051893,1,heico,1,1,0.8929773005047712,0.7988581753109351,1,0.9999908058360065,True,5.8986424846807495e-05,0.8929690903250279,0.09411825984716415,0.00991999264806509,0.002213449450209737,0.000493887288030237,0.00012487427738960832,3.5777073208009824e-05,4.0540740883443505e-05,1.587598308105953e-05,4.189048813629203e-08,1.447696302235966e-08,1.541064927472823e-08
heico__2051936,1,heico,1,1,0.4700262528335515,0.10396861092293151,1,0.9999822310409124,True,0.00015767379954922944,0.4700179009562948,0.3660511374473572,0.11883940547704697,0.034048061817884445,0.008608697913587093,0.001495967386290431,0.0003782397834584117,0.0002945734013337642,8.983981388155371e-05,4.160362483087597e-07,1.4377827112070459e-07,1.7342970915586506e-07
heico__2051940,1,heico,1,1,0.7156646036432494,0.4833222674384243,1,0.9999819626950399,True,0.00021186498634051532,0.7156516949825443,0.23233814537525177,0.04037432000041008,0.009008727967739105,0.00177392375189811,0.00039581587770953774,8.831845480017364e-05,0.00010653239587554708,3.249054498155601e-05,8.05355666124717e-08,2.167585173661617e-08,2.6146070859570825e-08
heico__2051993,2,heico,2,2,0.383162412907196,0.04502277922121538,1,0.9999703558478359,False,2.6941952455672435e-05,0.33812960982322693,0.3831510543823242,0.20508599281311035,0.058758120983839035,0.013110707513988018,0.0013818584848195314,0.00018701421504374593,0.00010655748337740079,3.249819565098733e-05,0.0,0.0,0.0
heico__2051999,1,heico,1,1,0.7200596122013506,0.5379999446501512,1,0.9999826098581701,True,0.00010718671546783298,0.7200470902625684,0.1820565015077591,0.05910509079694748,0.024638667702674866,0.010270924307405949,0.002596896607428789,0.0005794459138996899,0.0004512729065027088,0.00012929186050314456,1.5138485810379866e-07,4.0744684763411714e-08,4.9147469307986914e-08
heico__2052003,1,heico,1,1,0.8576028621933561,0.7260851884105105,1,0.999989612115129,True,1.6230400433414616e-05,0.8575939535135587,0.13151630759239197,0.00840755645185709,0.0018759792437776923,0.0004185875877737999,9.942326141754165e-05,2.361509541515261e-05,2.675940777407959e-05,1.115498071158072e-05,2.5975124049707512e-08,8.432888908005844e-09,1.017200501005588e-08
heico__2052007,1,heico,1,1,0.4629669212490206,0.0543988858550578,1,0.9999758294176179,True,0.00017598339763935655,0.46295573106891036,0.4085581600666046,0.09116164594888687,0.02959585376083851,0.005827769637107849,0.0013003512285649776,0.00017598339763935655,0.00017598339763935655,4.736528353532776e-05,6.756229904276946e-07,1.3303803439135288e-07,1.9356922647526521e-07
heico__2052028,1,heico,1,1,0.6380915543172504,0.29654572103174054,1,0.9999830339026791,True,1.5505893316003494e-05,0.6380807283938402,0.34154003858566284,0.01700427569448948,0.002607690403237939,0.000546601542737335,0.00012196329043945298,2.8968823244213127e-05,2.7213687644689344e-05,1.0011357517214492e-05,2.1899718388977634e-08,6.274374770947578e-09,8.056456486377213e-09
heico__2052130,1,heico,1,1,0.6111189138797833,0.2840104247894875,1,0.9999785390761383,True,3.1438259611604735e-05,0.6111057987033022,0.327101469039917,0.05016263201832771,0.00871695764362812,0.002203992335125804,0.00046198186464607716,9.09696173039265e-05,7.541646482422948e-05,2.774416861939244e-05,7.79272942318463e-08,3.051676904367272e-08,3.051676904367272e-08
heico__2052134,2,heico,2,2,0.44241046370857606,0.05198458806615682,1,0.9999694290509069,False,2.745265192061197e-05,0.39041393995285034,0.44239693880081177,0.12674884498119354,0.03204713016748428,0.007150680758059025,0.0009091069805435836,0.00014840764924883842,9.58191740210168e-05,3.1107934773899615e-05,0.0,0.0,0.0
heico__2052172,1,heico,1,1,0.8366954164923632,0.7083839196114963,1,0.9999766812712058,True,0.0001812165428418666,0.8366759058188626,0.12830850481987,0.02229667268693447,0.008202488534152508,0.0030175265856087208,0.000864535802975297,0.0001812165428418666,0.00019290401542093605,5.526792665477842e-05,2.900181213396498e-07,6.88853376390177e-08,8.30915837486532e-08
heico__2052181,1,heico,1,1,0.9180486741302316,0.842690637676485,1,0.9999887843532417,True,4.722836456494406e-05,0.9180383776205956,0.07535719126462936,0.00481742387637496,0.0012180354679003358,0.0003489730297587812,9.99824478640221e-05,2.5279521651100367e-05,2.690990913833957e-05,9.299815246777143e-06,5.19481616219136e-08,1.313455115821263e-08,1.795280468226109e-08
heico__2052183,1,heico,1,1,0.7622632562565491,0.5921789802788444,1,0.9999762974177753,True,0.0001456964819226414,0.7622451886490408,0.1700802445411682,0.04300302267074585,0.01581992581486702,0.005819825455546379,0.0018894209060817957,0.00042158676660619676,0.00042158676660619676,0.00012857670662924647,8.663382135672886e-07,1.5054700129627202e-07,2.0577334613414237e-07
heico__2052198,1,heico,1,1,0.910098832763498,0.8254464531819851,1,0.9999933059119883,True,5.3053550800541416e-05,0.9100927404818122,0.08465181291103363,0.004214565735310316,0.0007323817117139697,0.00016341643640771508,4.681959762820043e-05,1.3414037312031724e-05,1.833481655921787e-05,6.7450023379933555e-06,1.2232003517901578e-08,3.971150405906941e-09,5.427918541002413e-09
heico__2052264,1,heico,1,1,0.5061846128447757,0.15828781764359043,1,0.9999733277811561,True,0.00010963256499962881,0.5061711117780064,0.3478875160217285,0.09967143833637238,0.03235857933759689,0.010505292564630508,0.0023440478835254908,0.0004615703655872494,0.0003594713343773037,0.00010299027053406462,1.144104648264949e-06,2.2528755347409307e-07,3.0793159589708624e-07
heico__2052292,2,heico,2,2,0.35014399080973524,0.04114299750206124,1,0.999966743234836,False,3.813248622464016e-05,0.3089907169342041,0.3501323461532593,0.2123659998178482,0.08852732181549072,0.032567381858825684,0.005659362301230431,0.0009834497468546033,0.0005603527533821762,0.00014167936751618981,0.0,0.0,0.0
heico__2052294,2,heico,2,2,0.2856427906062468,0.0,1,0.999969472461089,False,3.1108058465179056e-05,0.19631324708461761,0.2856340706348419,0.2856340706348419,0.15288890898227692,0.06373357772827148,0.012549885548651218,0.0019245872972533107,0.001030157320201397,0.00022985917166806757,0.0,0.0,0.0
heico__2052301,2,heico,1,1,0.3801913251701124,0.04467168598760761,2,0.9999751364927801,True,3.8896756450412795e-05,0.3801818722803541,0.33551129698753357,0.179586261510849,0.07486268132925034,0.024304356426000595,0.00422346405684948,0.000733927998226136,0.0004181795520707965,0.00011255150457145646,9.737427042370655e-07,3.1612798142307855e-07,3.5821993857504847e-07
heico__2052302,2,heico,2,2,0.3713396940553199,0.04363355059722551,1,0.99996994299363,False,3.7990739656379446e-05,0.327696293592453,0.37132853269577026,0.1987578570842743,0.0731189176440239,0.023738238960504532,0.004125087521970272,0.0006734019843861461,0.000383692909963429,0.00010992986062774435,0.0,0.0,0.0
heico__2052326,1,heico,1,1,0.6106737326963931,0.24028138600983348,1,0.9999809458958234,True,9.581164704286493e-06,0.6106620968554725,0.3703852891921997,0.018440397456288338,0.0004336765850894153,3.5598342947196215e-05,7.943063792481553e-06,2.008320961977006e-06,2.5787351205508457e-06,1.7723372138789273e-06,1.6161574701647947e-09,1.0434696322955223e-09,1.1824060518952807e-09
heico__2052327,1,heico,1,1,0.8482490078539071,0.7008454437734116,1,0.9999900187891714,True,0.00014308224490378052,0.8482405413017245,0.1474020928144455,0.00392813328653574,0.00022161008382681757,3.3985008485615253e-05,1.1033317605324555e-05,3.1610984478902537e-06,4.058930699102348e-06,2.3127090571506415e-06,3.7012564156767503e-09,1.7483496300756013e-09,2.543833816318622e-09
heico__2052335,1,heico,1,1,0.9387913788549349,0.8787764554592165,1,0.9999930895336198,True,1.669053381192498e-05,0.9387848913686733,0.060014508664608,0.0010992040624842048,6.201284850249067e-05,9.509977644484024e-06,3.2865607408893993e-06,9.416153829988616e-07,1.2090581549273338e-06,8.309726808874984e-07,1.7076072619164921e-09,9.140163812317841e-10,1.249312035788585e-09
heico__2052364,1,heico,1,1,0.5172498334200355,0.06077848558768017,1,0.9999765744403435,True,1.6139309082063846e-05,0.5172377165532054,0.4564606547355652,0.0257517471909523,0.00047165973228402436,2.8325368475634605e-05,5.937319656368345e-06,1.4102370187174529e-06,1.810780304367654e-06,1.1691275858538575e-06,1.6512104748473189e-09,1.0661015036861703e-09,1.3689016291631977e-09
heico__2052450,1,heico,2,2,0.5214528788304781,0.11534497855643487,2,0.9999741005605074,False,1.0504968486202415e-05,0.4060973823070526,0.5214393734931946,0.07056914269924164,0.0017666639760136604,7.29189341655001e-05,1.1903688573511317e-05,2.2019607968104538e-06,2.495148692105431e-06,1.513384290774411e-06,0.0,0.0,0.0
heico__2052465,1,heico,1,1,0.8902547294736312,0.783928962730509,1,0.9999892199393727,True,1.9091670765192248e-05,0.8902451324736738,0.10632462054491043,0.003210725262761116,0.0001598525996087119,1.9091670765192248e-05,5.822630100738024e-06,1.5671397477490245e-06,2.0122472506045597e-06,1.2992045412829611e-06,1.95326809313479e-09,1.1129385628916206e-09,1.4290412414094943e-09
heico__2052469,1,heico,1,1,0.985564103728078,0.9715057875464214,1,0.999995888754409,True,8.276872904389165e-06,0.9855600518320019,0.014058258384466171,0.0003306185535620898,2.8889127861475572e-05,5.688606051990064e-06,2.0927213881805073e-06,6.382439892149705e-07,8.723760629436583e-07,4.970648888047435e-07,2.3018630697697555e-09,1.0873231209825187e-09,1.5820457096461868e-09
heico__2052475,1,heico,1,1,0.9458101661180184,0.8924512052121857,1,0.9999931578961573,True,1.230235011462355e-05,0.9458036947866463,0.053358595818281174,0.0007611194159835577,4.570877717924304e-05,7.009668024693383e-06,2.4224762000812916e-06,7.388135827568476e-07,9.48655326737935e-07,6.124979563537636e-07,2.0751719535770745e-09,1.0434618636267027e-09,1.5182280178725083e-09
heico__2052488,1,heico,1,1,0.9793481031443105,0.9590223821753234,1,0.999996118717154,True,4.988516593584791e-06,0.9793443020173175,0.020325642079114914,0.00028992973966524005,2.3798880647518672e-05,4.402349986776244e-06,1.6195342595892726e-06,4.3589167830759834e-07,6.342187361951801e-07,3.6136691505817e-07,1.7813865839517121e-09,9.535075377914304e-10,1.3873451855940295e-09
heico__2052510,1,heico,1,1,0.9767458833749699,0.9537750215382226,1,0.9999942798002199,True,8.202803655876778e-06,0.9767402961933827,0.02297073043882847,0.00025518174516037107,1.532485657662619e-05,2.501713879610179e-06,1.0428695986774983e-06,2.806845031955163e-07,4.347326694187359e-07,2.806845031955163e-07,1.4728954767260831e-09,6.535934300712577e-10,9.50972878868281e-10
heico__2052581,2,heico,2,2,0.6748426013463211,0.3935263705604302,1,0.9999783528334092,False,1.6237090676440857e-06,0.28131014108657837,0.6748279929161072,0.043140310794115067,0.000655050971545279,3.4716431400738657e-05,5.667301593348384e-06,9.848293984759948e-07,1.1879309340656619e-06,6.768626690245583e-07,0.0,0.0,0.0
heico__2052596,1,heico,1,1,0.7037196081332971,0.4103656385138205,1,0.9999902649238182,True,4.323760549596045e-06,0.7037127573693013,0.29335111379623413,0.002875913167372346,4.1022700315807015e-05,3.367348426763783e-06,9.647613978813752e-07,2.221006951685922e-07,3.334126290610584e-07,2.43929889620631e-07,9.968839929432047e-10,6.436366737094115e-10,9.364858041879115e-10
heico__2052607,2,heico,2,2,0.688635719245647,0.5145213439077098,1,0.9999715921393033,False,2.566233661127626e-06,0.17410942912101746,0.688616156578064,0.13559655845165253,0.0016034924192354083,3.7710527976742014e-05,3.974660103267524e-06,5.726041081288713e-07,7.126173500182631e-07,4.189261346709827e-07,0.0,0.0,0.0
heico__2052618,1,heico,1,1,0.8332084287881479,0.669139964036397,1,0.9999907099410145,True,4.244100182404509e-06,0.8332006882326972,0.16406694054603577,0.002651895396411419,5.858799704583362e-05,5.449532181955874e-06,1.5613171626682742e-06,3.82617230343385e-07,5.743764859289513e-07,3.82617230343385e-07,1.337474820948865e-09,7.62070196922911e-10,1.1088055581108767e-09
heico__2052651,1,heico,1,1,0.8758616178787858,0.7573266386436261,1,0.9999851911414286,True,9.538760787108913e-05,0.8758486473679585,0.11853322386741638,0.005207986570894718,0.00024358076916541904,3.509113594191149e-05,1.1392424312361982e-05,3.4744932690955466e-06,3.6985786664445186e-06,2.7059379590355093e-06,1.094943635122128e-09,5.860811375014644e-10,7.06948786419876e-10
heico__2052665,1,heico,1,1,0.7259745233582002,0.45890339159632676,1,0.9999812384795728,True,0.0003543380880728364,0.7259609029723506,0.2670661211013794,0.006280792411416769,0.00027595876599662006,2.5668163289083168e-05,8.33323247206863e-06,2.3875111310189823e-06,4.190212166577112e-06,2.5414924493816216e-06,1.8049002325627853e-09,1.0284011852076712e-09,1.695547001641168e-09
heico__2052701,1,heico,1,1,0.9235031757386545,0.847697422712951,1,0.9999916516153222,True,5.6741523621894885e-06,0.9234954659788923,0.07580512017011642,0.0006558428285643458,2.388907341810409e-05,3.233034703953308e-06,1.2660744914683164e-06,3.407593283100141e-07,4.958018848810752e-07,3.201137701580592e-07,1.6798000764197575e-09,7.934813965557097e-10,1.1545085661612901e-09
heico__2052716,1,heico,1,1,0.6491014090676649,0.30166246310612743,1,0.9999883783612694,True,1.7697399243843392e-06,0.6490938654455892,0.3474349081516266,0.0034061321057379246,4.564219489111565e-05,3.988170647062361e-06,1.1426300261518918e-06,2.7139842018186755e-07,3.94882363252691e-07,2.630483777465997e-07,2.4748323536534344e-10,1.4101168521279973e-10,2.0517081099362974e-10
heico__2052717,1,heico,1,1,0.6780150425456551,0.3577434016306632,1,0.9999875311776777,True,2.6896532290265895e-06,0.6780065884965578,0.3202676475048065,0.0016806103521957994,2.5518718757666647e-05,2.6896532290265895e-06,9.295193308389571e-07,2.4247958663181635e-07,3.6400498970579065e-07,2.5017672555804893e-07,2.428447773358313e-10,1.4729279802987527e-10,2.2813156191392061e-10
heico__2052767,1,heico,1,1,0.9664460191817348,0.9333760559838725,1,0.99999440688535,True,4.1218001570086926e-05,0.9664406137383464,0.033069778233766556,0.00041628710459917784,2.072571442113258e-05,3.1783911254024133e-06,1.324950630987587e-06,3.7960467125230934e-07,5.188580871617887e-07,3.7960467125230934e-07,1.134996037302916e-09,6.075196528524342e-10,9.409449125569447e-10
heico__2052788,1,heico,1,1,0.6885207644734233,0.4015026155623097,1,0.9999808986042087,True,6.21643484919332e-05,0.6885076127657905,0.28701266646385193,0.023559434339404106,0.0007573167677037418,5.839799632667564e-05,1.303035514865769e-05,3.733259063665173e-06,3.974033461418003e-06,2.5658291633590125e-06,1.1764903917800623e-09,5.557347413814852e-10,7.135775257350562e-10
heico__2052789,2,heico,2,2,0.6079558486487553,0.35452216098666894,1,0.9999716081632641,False,1.1505544534884393e-05,0.2534264922142029,0.6079385876655579,0.1356494277715683,0.0028153143357485533,0.00010916157043538988,1.3878337085770909e-05,2.567234105299576e-06,2.9090574571455363e-06,1.7644325680521433e-06,0.0,0.0,0.0
heico__2052795,2,heico,2,2,0.689776887191834,0.5358668599151643,1,0.9999704621156411,False,6.987297183513874e-06,0.1539054811000824,0.6897565126419067,0.1539054811000824,0.0023369311820715666,5.1629540394060314e-05,5.112016424391186e-06,7.598333695568726e-07,9.756453209774918e-07,5.917588055126544e-07,0.0,0.0,0.0
heico__2052796,2,heico,2,2,0.5880805254092832,0.2313916315383008,1,0.999978006041033,False,2.058746304101078e-06,0.35668104887008667,0.5880675911903381,0.05469880625605583,0.0005037586088292301,1.9532839360181242e-05,3.188648634022684e-06,6.085642212383391e-07,8.58213127230556e-07,5.541040764001082e-07,0.0,0.0,0.0
heico__2052799,2,heico,2,2,0.6467304111769077,0.46143904593771057,1,0.9999758715224516,False,2.2640622319158865e-06,0.163515105843544,0.6467148065567017,0.18528689444065094,0.004357529804110527,9.04376502148807e-05,6.5512808760104235e-06,8.329019465236343e-07,9.438015808882483e-07,5.051805942457577e-07,0.0,0.0,0.0
heico__2052801,2,heico,2,2,0.5670049782555452,0.2230990589752171,1,0.9999759277908424,False,3.7083952975081047e-06,0.34389764070510864,0.5669913291931152,0.08695094287395477,0.0020448900759220123,7.448512042174116e-05,8.895978680811822e-06,1.4522285027851467e-06,1.6455906006740406e-06,9.376292382512474e-07,0.0,0.0,0.0
heico__2052802,2,heico,2,2,0.5523412206856896,0.2173293405740057,1,0.9999653637771644,False,6.7489477260096464e-06,0.33500027656555176,0.5523220896720886,0.10875865817070007,0.003721516812220216,0.0001355562562821433,1.4287523299572058e-05,2.3323739242187003e-06,2.4827991182974074e-06,1.4146562534733675e-06,0.0,0.0,0.0
heico__2053808,1,heico,1,1,0.9872459412909934,0.9748183487762294,1,0.9999957393119508,True,3.955413194489665e-05,0.9872417349440098,0.012427539564669132,0.00022761832224205136,3.955413194489665e-05,1.133244950324297e-05,3.6791075217479374e-06,1.632594148759381e-06,2.0962922917533433e-06,9.902183819576749e-07,4.881365434214291e-09,1.08917987212895e-09,1.5847472757877397e-09
heico__2053810,1,heico,1,1,0.9855623137894873,0.9715040227210724,1,0.9999966151568688,True,2.1135714632691815e-05,0.9855589778156592,0.014058243483304977,0.00029176956741139293,4.474430897971615e-05,1.2819458788726479e-05,4.161869128438411e-06,1.7349251493214979e-06,2.092719114443753e-06,9.286385420637089e-07,4.3004474719785495e-09,9.595595753110429e-10,1.3961507972974585e-09
heico__2053820,1,heico,1,1,0.9971108887206456,0.9943102092431116,1,0.9999978582627199,True,2.138340460078325e-05,0.9971087531710828,0.0028006734792143106,5.129611963639036e-05,1.0100804502144456e-05,3.0805713322479278e-06,1.1332789426887757e-06,5.028894634051539e-07,6.066005084903736e-07,3.246898359066108e-07,2.0551935113949503e-09,4.881512643853692e-10,7.102558968685936e-10
heico__2053823,1,heico,1,1,0.9952458389132492,0.9906369357288682,1,0.9999977546275121,True,2.4185246729757637e-05,0.9952436042156239,0.00460889283567667,9.565451182425022e-05,1.6622261682641692e-05,4.762358003063127e-06,1.7519735138193937e-06,7.774335131216503e-07,9.982443316403078e-07,5.019488185098453e-07,2.324483174453311e-09,5.186623239956951e-10,7.546491751825168e-10
heico__2053869,1,heico,1,1,0.8663874144185724,0.7335225943606549,1,0.9999907878083664,True,4.457077011466026e-05,0.8663794330916817,0.1328635960817337,0.0006152804708108306,6.485009362222627e-05,1.2769738532369956e-05,4.697724307334283e-06,1.958302846105653e-06,2.362164195801597e-06,1.2643754416785669e-06,3.134071709441643e-09,8.435240290958047e-10,1.0174841126611298e-09
heico__2053967,1,heico,1,1,0.9794083848700863,0.9590814136386955,1,0.9999968309976518,True,2.6969344617100433e-05,0.9794052811226148,0.020326906815171242,0.00019927798712160438,2.6969344617100433e-05,6.818917881901143e-06,2.2137785435916157e-06,8.144036200974369e-07,1.11315785034094e-06,4.64033178104728e-07,1.3033733308133745e-09,3.095783282784269e-10,4.794842872572241e-10
heico__2053969,1,heico,1,1,0.9793067385874008,0.9589818769295428,1,0.9999958747029284,True,2.1001545974286273e-05,0.9793026986561799,0.02032477781176567,0.00028991742874495685,3.9236048905877396e-05,1.056024029821856e-05,3.6495214317255886e-06,1.4291731531557161e-06,1.8350946220380138e-06,7.64981280099164e-07,2.5917956228168792e-09,6.553085174806381e-10,9.534683360281468e-10
heico__2054061,1,heico,1,1,0.9970155516462169,0.9942151399935968,1,0.9999970515218948,True,0.00010858342284336686,0.9970126119676923,0.002800403395667672,5.812051676912233e-05,1.1444608389865607e-05,3.278935082562384e-06,1.1331696896377252e-06,5.028409759688657e-07,6.456606342908344e-07,3.2465854360452795e-07,1.4123760997243127e-09,3.8013588569949253e-10,5.530944322688537e-10
heico__2054154,1,heico,1,1,0.9664362403163256,0.9333666128919551,1,0.9999945345183916,True,6.383904838003218e-05,0.9664309582768285,0.03306944668292999,0.0003673683968372643,4.387589797261171e-05,1.1093564353359398e-05,3.833833034150302e-06,1.5013507663752534e-06,1.8109744814864825e-06,8.036150802581687e-07,1.757899997081789e-09,4.731323830466682e-10,6.466952845211574e-10
heico__2054181,1,heico,1,1,0.9406733135065564,0.9041994488485304,1,0.9999331529279994,True,0.036471426486968994,0.9406104322498394,0.022121038287878036,0.0005895056528970599,8.492635242873803e-05,3.540256875567138e-05,9.528471309749875e-06,3.731403467099881e-06,4.22823404733208e-06,2.9060197448416147e-06,1.8394265385940564e-08,3.8556473415252674e-09,4.950749765578069e-09
heico__2054262,1,heico,1,1,0.8145958988659691,0.6328349636558674,1,0.9999891060801431,True,0.00014626742631662637,0.8145870247235311,0.18175895512104034,0.002937859855592251,0.00039759610081091523,0.00010052802826976404,2.8801763619412668e-05,1.0595576895866543e-05,1.5416473615914583e-05,6.037177627149504e-06,1.5929794919756342e-08,3.339066345935643e-09,4.5639625743407036e-09
heico__2054325,1,heico,1,1,0.87870247508788,0.7597830252015848,1,0.9999897012884388,True,0.00012287792924325913,0.878693425584541,0.11891822516918182,0.0019221341935917735,0.0002295661688549444,5.8043420722242445e-05,2.1352982003008947e-05,7.855323019612115e-06,1.1429427104303613e-05,4.764493951370241e-06,1.7183436996956584e-08,3.834143218991788e-09,5.578645279464845e-09
heico__2054416,1,heico,1,1,0.9748909236878889,0.9626188579426953,1,0.9999846507530019,True,0.012271877378225327,0.974875959846305,0.012271877378225327,0.00041992057231254876,9.369694453198463e-05,2.684462560864631e-05,1.1190503755642567e-05,4.965756033925572e-06,5.28601958649233e-06,3.01188310913858e-06,1.3102723116526544e-08,2.7464799691445198e-09,3.9961047981979094e-09
heico__2054454,1,heico,1,1,0.9835715402502911,0.9676735874635352,1,0.9999939764891997,True,7.362168980762362e-05,0.9835656156964956,0.015897857025265694,0.00037388180498965085,5.733662692364305e-05,1.4496969015453942e-05,5.677094577549724e-06,1.8430828276905231e-06,2.519195504646632e-06,1.1178863132954575e-06,5.866125142831789e-09,1.3933267717149787e-09,2.1580269440320636e-09
heico__2054487,1,heico,1,1,0.9760791379056973,0.9531239555133731,1,0.9999928021493482,True,0.00013649552420247346,0.9760721122338383,0.022955017164349556,0.0006931814132258296,9.381190466228873e-05,2.3719363525742665e-05,9.288636647397652e-06,3.210067006875761e-06,4.1218072510673665e-06,1.8290410253030132e-06,9.59791946080816e-09,2.279705557556506e-09,3.1159883045187032e-09
heico__2054542,1,heico,1,1,0.9371276187156413,0.8772190542946116,1,0.9999824141275222,True,0.00019067249377258122,0.9371111385088432,0.05990751087665558,0.0023228665813803673,0.000314365781378001,7.948411075631157e-05,2.9240572985145263e-05,9.493023753748275e-06,1.2189284461783245e-05,5.408961897046538e-06,2.838359655758677e-08,6.333236716108617e-09,9.214805200325013e-09
heico__2054579,1,heico,1,1,0.9421359116571322,0.8889842345942537,1,0.9999683434231427,True,0.0006690596346743405,0.9421060868592348,0.0531499944627285,0.0033977653365582228,0.00045983755262568593,0.00011626513150986284,3.774575816350989e-05,1.15118064059061e-05,1.388588862027973e-05,6.161826149764238e-06,1.8423510655587887e-08,4.375967016018053e-09,6.366994138716069e-09
heico__2114377,1,heico,1,1,0.5251047679972505,0.16420560725044142,1,0.9999743720789527,True,0.0002728243707679212,0.5250913106537146,0.36088991165161133,0.09124725311994553,0.017967650666832924,0.0035380402114242315,0.0006966813816688955,0.00012887311459053308,0.00010683955770218745,3.4685723221627995e-05,2.0624791373264823e-07,4.3231914311572816e-08,5.214764485080979e-08
heico__2114378,1,heico,1,1,0.5663574325728213,0.2632078762384337,1,0.9999722597775843,True,0.00013899720215704292,0.566341721691675,0.30314114689826965,0.09841550886631012,0.024883339181542397,0.005552223883569241,0.0010932976147159934,0.00018998664745595306,0.00016766262706369162,4.803614501724951e-05,2.2245020270971575e-07,5.283655528873266e-08,6.373305005924461e-08
heico__2114379,1,heico,1,1,0.8656054390651212,0.7484584595845786,1,0.9999878251295108,True,5.371393126551993e-05,0.8655949004310058,0.11714555323123932,0.013991041108965874,0.002431278582662344,0.000542491499800235,0.0001554264163132757,2.8750995625159703e-05,3.257914795540273e-05,1.198519930767361e-05,6.69486364956646e-08,1.5901694930383776e-08,2.1735038735704106e-08
heico__2114380,1,heico,1,1,0.6705708798020718,0.42388139534588315,1,0.9999815728384452,True,0.00010625768481986597,0.6705585230841358,0.2466849386692047,0.06237171217799187,0.015770038589835167,0.003518771380186081,0.0006928871152922511,0.00012817123206332326,0.00011311072012176737,3.672167440527119e-05,2.984548811070886e-07,6.659429246321815e-08,7.546121557924557e-08
heico__2114381,1,heico,2,2,0.41918879148155674,0.04925599977771328,2,0.9999715051089879,False,0.0001496872428106144,0.3699222505092621,0.41917684674263,0.1542065590620041,0.04418091103434563,0.009858095087110996,0.0019411740358918905,0.0002796526241581887,0.00020459824008867145,5.173053068574518e-05,0.0,0.0,0.0
heico__2114382,1,heico,1,1,0.6699903931013305,0.4235144714930032,1,0.9999781688761135,True,0.0002111349895130843,0.6699757664580559,0.24647054076194763,0.06231750175356865,0.015756333246827126,0.003983824513852596,0.0008889114833436906,0.00017503702838439494,0.0001544696424389258,4.425629595061764e-05,2.6315647506772797e-07,5.871814826763334e-08,7.0827607501184e-08
heico__2114383,1,heico,1,1,0.6611394278094886,0.3855352898767131,1,0.9999737984441669,True,0.0001622591371415183,0.6611221049278574,0.2755969166755676,0.047891564667224884,0.012108882889151573,0.0023843804374337196,0.000499793270137161,8.685105422046036e-05,9.24524647416547e-05,2.819640576490201e-05,2.764263415207611e-07,5.4431571557101325e-08,6.565701296943088e-08
heico__2114384,2,heico,2,2,0.6170738512132024,0.2427996321428946,1,0.9999816194556388,False,5.930689803790301e-05,0.0032380467746406794,0.617062509059906,0.3742673397064209,0.004711329936981201,0.000496570544783026,0.00012555270222947001,9.095006134884898e-06,9.095006134884898e-06,2.773820369839086e-06,0.0,0.0,0.0
heico__2114385,2,heico,2,2,0.5057970479651915,0.059432712426184975,1,0.9999789855428389,False,3.34104843204841e-05,0.009263801388442516,0.5057864189147949,0.4463549554347992,0.032333843410015106,0.004958556033670902,0.0011064033024013042,7.072999869706109e-05,5.508457979885861e-05,1.5781995898578316e-05,0.0,0.0,0.0
heico__2114387,2,heico,2,2,0.6635747425855464,0.35012421360345625,1,0.9999848388160899,False,6.377630052156746e-05,0.008353046141564846,0.6635646820068359,0.3134457767009735,0.01215361151844263,0.0018638167530298233,0.0004712466325145215,3.0125789635349065e-05,3.0125789635349065e-05,8.631182936369441e-06,0.0,0.0,0.0
heico__2114388,1,heico,1,1,0.706058690164875,0.5037693782085172,1,0.9999844627310623,True,4.6639070205856115e-05,0.7060477199411201,0.20228616893291473,0.07441692054271698,0.012931722216308117,0.0032696514390408993,0.0007295578252524137,0.00011188130883965641,0.00011188130883965641,3.205453322152607e-05,1.7905463850243336e-07,3.525795035371528e-08,5.130001353498197e-08
heico__2114389,1,heico,1,1,0.838180219713664,0.7096410599689604,1,0.9999889880949105,True,3.3581578463781625e-05,0.8381709897526366,0.12853774428367615,0.025310581550002098,0.005647554062306881,0.0016180513193830848,0.00046357946121133864,9.128420788329095e-05,8.575357060180977e-05,2.9635642931680195e-05,1.5551319831905725e-07,3.259733707158751e-08,4.455527843216674e-08
heico__2114390,2,heico,2,2,0.9638607275824446,0.9347546555563365,1,0.9999941487134265,False,3.407950862310827e-05,0.005731291603296995,0.9638550877571106,0.02910590171813965,0.0011285581858828664,0.00010497227776795626,2.6541147235548124e-05,2.7974165277555585e-06,3.8236148611758836e-06,1.0954839808619e-06,0.0,0.0,0.0
heico__2114391,2,heico,2,2,0.3714099782271233,0.0,1,0.9999717665050412,False,4.879040352534503e-05,0.056955959647893906,0.37139949202537537,0.37139949202537537,0.13663025200366974,0.050263457000255585,0.01121529284864664,0.001182083273306489,0.0007169697200879455,0.00015997755690477788,0.0,0.0,0.0
heico__2114393,2,heico,2,2,0.7187202129167581,0.45431781170546426,1,0.9999793288188812,False,0.00011388699931558222,0.013163547962903976,0.7187053561210632,0.26439693570137024,0.002937184413895011,0.0005104060983285308,0.0001290508807869628,9.34841409616638e-06,9.951335414370988e-06,3.6608917071134783e-06,0.0,0.0,0.0
heico__2114394,2,heico,2,2,0.6996175889706948,0.40797358918310056,1,0.9999812221496995,False,8.633804827695712e-05,0.002523167757317424,0.6996044516563416,0.2916385233402252,0.005341545678675175,0.0006379567203111947,0.00012562111078295857,9.686860721558332e-06,1.0976651537930593e-05,2.954325509563205e-06,0.0,0.0,0.0
heico__2114395,2,heico,2,2,0.7053149136078833,0.4458440232085829,1,0.9999813530375832,False,6.778771785320714e-05,0.006914535537362099,0.7053017616271973,0.2594660520553589,0.02413409762084484,0.0032661953009665012,0.0007287866319529712,4.3767038732767105e-05,4.658976831706241e-05,1.1779738997574896e-05,0.0,0.0,0.0
heico__2114396,2,heico,2,2,0.8137501270530589,0.632177922730982,1,0.999984130949997,False,0.0001004231526167132,0.001570882392115891,0.8137372136116028,0.18156932294368744,0.002589947311207652,0.00030932508525438607,8.862312824930996e-05,6.833880888734711e-06,9.340807991975453e-06,2.2186363821674604e-06,0.0,0.0,0.0
heico__2114397,2,heico,2,2,0.8098801843384676,0.6291714873507757,1,0.9999819108638803,False,0.00011325291416142136,0.0037504215724766254,0.8098655343055725,0.18070542812347412,0.0048156362026929855,0.0005751457647420466,0.00012833235086873174,1.1213556717848405e-05,1.3526131624530535e-05,3.419941549509531e-06,0.0,0.0,0.0
heico__2114398,2,heico,2,2,0.8028191275403294,0.6236859692565727,1,0.9999874592917877,False,6.809284241171554e-05,0.008918403647840023,0.8028090596199036,0.1791309118270874,0.007870463654398918,0.0009399927221238613,0.00020974071230739355,1.7216567357536405e-05,1.832694215408992e-05,5.250756203167839e-06,0.0,0.0,0.0
heico__2114399,2,heico,2,2,0.6361110124810971,0.29562529346580574,1,0.9999839904776309,False,0.00011421839735703543,0.005503350868821144,0.6361008286476135,0.3404802680015564,0.014959658496081829,0.00229413784109056,0.00045174252591095865,3.272412141086534e-05,3.7081284972373396e-05,9.980292816180736e-06,0.0,0.0,0.0
heico__2114400,1,heico,1,1,0.7539561423090618,0.5633260851188283,1,0.9999816631826486,True,0.0001353780971840024,0.7539423171529893,0.19062656164169312,0.042534537613391876,0.009490737691521645,0.002399634337052703,0.000606722547672689,0.00011223238107049838,9.904473699862137e-05,3.4228945878567174e-05,1.7961630550873403e-07,4.0077817018187857e-08,4.834307307584407e-08
heico__2114402,2,heico,2,2,0.6828128752318003,0.3981741372571178,1,0.9999779938925712,False,7.436268060700968e-05,0.011036399751901627,0.6827978491783142,0.28463247418403625,0.018195945769548416,0.0027904389426112175,0.0003776448138523847,3.299823947600089e-05,3.099897730862722e-05,8.881354915502016e-06,0.0,0.0,0.0
heico__2114403,2,heico,2,2,0.8085329060773494,0.6991098802339072,1,0.9999842086654098,False,3.670675869216211e-05,0.06636737287044525,0.8085201382637024,0.10942129790782928,0.013068510219454765,0.0020041209645569324,0.00044717983109876513,5.017218427383341e-05,5.340801362763159e-05,1.5301651728805155e-05,0.0,0.0,0.0
heico__2114404,2,heico,2,2,0.8357358470726769,0.707571598559647,1,0.9999860337493374,False,7.088464190019295e-05,0.0285969078540802,0.8357241749763489,0.1281624585390091,0.00638083228841424,0.0008635518024675548,0.0001500627986388281,1.485823122493457e-05,1.6836580471135676e-05,5.466036782308947e-06,0.0,0.0,0.0
heico__2114405,2,heico,2,2,0.5062952517207127,0.26713830736589034,1,0.9999747124784335,False,0.00012425675231497735,0.23915089666843414,0.5062824487686157,0.18625092506408691,0.05336177721619606,0.011906621977686882,0.0023445531260222197,0.00028001691680401564,0.0002180773881264031,5.513860014616512e-05,0.0,0.0,0.0
heico__2114406,2,heico,2,2,0.5909318918211464,0.3990843957602463,1,0.999973473342834,False,0.00012023276212858036,0.1494070291519165,0.5909162163734436,0.19184240698814392,0.054963771253824234,0.010823008604347706,0.0014647350180894136,0.00021101506717968732,0.00017493765335530043,5.01204704050906e-05,0.0,0.0,0.0
heico__2114408,1,heico,1,1,0.5935828349298762,0.31319374321573895,1,0.9999726080637459,True,5.3592339099850506e-05,0.5935665755467002,0.2803814113140106,0.09102652221918106,0.026079533621668816,0.006593939382582903,0.001667208969593048,0.00028971745632588863,0.0002401841920800507,7.325204205699265e-05,4.636621577295454e-07,9.718886554242068e-08,1.1012942318139858e-07
heico__2114409,2,heico,2,2,0.31367357407138075,0.036857606939124876,1,0.9999570921208942,False,8.194638940040022e-05,0.13075299561023712,0.3136601150035858,0.2768040895462036,0.14816255867481232,0.07930570095777512,0.033059533685445786,0.009471715427935123,0.007376579567790031,0.0012818572577089071,0.0,0.0,0.0
heico__2114414,2,heico,2,2,0.48731720012673935,0.15238928879876504,1,0.999978482046572,False,9.91515044006519e-05,0.045326583087444305,0.48730671405792236,0.3349207043647766,0.09595637768507004,0.027491966262459755,0.006951056886464357,0.0010659791296347976,0.0007326360209845006,0.00012731304741464555,0.0,0.0,0.0
heico__2114416,2,heico,3,3,0.3717165816329341,0.04367783600438292,2,0.999970675111399,False,6.269976438488811e-05,0.030511461198329926,0.3280291259288788,0.37170568108558655,0.17558135092258453,0.06459275633096695,0.023762349039316177,0.0032158843241631985,0.002210242673754692,0.0002991238434333354,0.0,0.0,0.0
heico__2114422,2,heico,2,2,0.4054848190234333,0.0,1,0.999979215725034,False,0.00036974658723920584,0.025921236723661423,0.4054763913154602,0.4054763913154602,0.13163889944553375,0.025921236723661423,0.004504436161369085,0.00036974658723920584,0.0002541228604968637,4.70080049126409e-05,0.0,0.0,0.0
heico__2114428,2,heico,2,2,0.7221793253420342,0.5152714818238755,1,0.9999848522948014,False,0.0013941129436716437,0.04074195399880409,0.7221683859825134,0.20690470933914185,0.02471124194562435,0.0033443032298237085,0.0005811527371406555,6.125304207671434e-05,6.125304207671434e-05,1.6486033928231336e-05,0.0,0.0,0.0
heico__2114429,2,heico,2,2,0.5439835211688681,0.21404086241495487,1,0.9999776437362016,False,0.0010501117212697864,0.04465188458561897,0.5439713597297668,0.3299352824687958,0.06496810913085938,0.012792980298399925,0.002223086543381214,0.00020677926659118384,0.00014211714733392,3.593284418457188e-05,0.0,0.0,0.0
heico__2114430,1,heico,1,1,0.7688999282667357,0.5973347187839468,1,0.9999795623081158,True,0.0031422621104866266,0.768884213726912,0.17156170308589935,0.03378250077366829,0.014082641340792179,0.005180714186280966,0.002159643219783902,0.00048188146320171654,0.0005460432730615139,0.00015644401719328016,1.1220827118983457e-06,1.7207696109361935e-07,2.209511630004583e-07
heico__2114431,1,heico,1,1,0.6753424824686789,0.39381779801106875,1,0.9999829690740034,True,0.001150507596321404,0.6753309807608376,0.28151988983154297,0.033622756600379944,0.006620713509619236,0.0013036957243457437,0.0002732694847509265,6.490718806162477e-05,6.909334479132667e-05,2.7057340048486367e-05,5.918748982570131e-08,1.8051164952075376e-08,2.0454649337752883e-08
heico__2114432,1,heico,1,1,0.508476453661698,0.059747533698672445,1,0.9999819330443872,True,0.00021901848958805203,0.5084672670401795,0.4487208127975464,0.036833249032497406,0.004984838422387838,0.0005953539512120187,0.00010345700866309926,2.3084379790816456e-05,2.4573195332777686e-05,1.0243631550110877e-05,1.8576702983378252e-08,7.743922195808634e-09,8.775013974010298e-09
heico__2114433,1,heico,1,1,0.9481138702499122,0.9009100567214537,1,0.9999935910097874,True,0.0003180547500960529,0.9481077937973973,0.047203510999679565,0.003419410903006792,0.0006733218906447291,0.00017024243425112218,5.526962922886014e-05,1.5835013982723467e-05,2.1643898435286246e-05,8.475872164126486e-06,1.8540859569784874e-08,6.0193358220636535e-09,7.260705416609651e-09
heico__2114434,1,heico,1,1,0.960343559748658,0.9231069983949134,1,0.9999956654121152,True,5.5982662161113694e-05,0.9603393970550986,0.037236399948596954,0.0018538911826908588,0.00036505283787846565,9.229980787495151e-05,2.9965362045913935e-05,7.576429197797552e-06,1.102363967220299e-05,4.055370482092258e-06,1.212531791532794e-08,3.936513861597068e-09,5.054584376773557e-09
heico__2114435,1,heico,1,1,0.8989266346323229,0.8041804637321999,1,0.999993646508196,True,5.2402294386411086e-05,0.8989209233093174,0.09474556893110275,0.005345179233700037,0.0007233913638629019,0.00014244420162867755,3.833833397948183e-05,9.106152901949827e-06,1.1692532098095398e-05,4.578861535264878e-06,1.2081845916580502e-08,4.175374401125769e-09,5.0364627417211304e-09
heico__2114436,1,heico,1,1,0.9688925659553848,0.9396345434991494,1,0.9999961675430318,True,4.9844355089589953e-05,0.9688888527163189,0.029257910326123238,0.001456665457226336,0.0002531305071897805,5.648105070577003e-05,1.8336711946176365e-05,4.9352593123330735e-06,7.180759894254152e-06,2.812026195897488e-06,1.0141730510432416e-08,3.730933733534652e-09,4.500365295849995e-09
heico__2114437,1,heico,1,1,0.9683270327264771,0.9390860890149078,1,0.9999961067787088,True,0.00010545890108915046,0.9683232628150564,0.02924082987010479,0.0018693037563934922,0.00032483626273460686,8.21314679342322e-05,2.6664187316782773e-05,8.132116818160284e-06,1.1115286724816542e-05,4.35280844612862e-06,1.078951498899783e-08,3.728757092607421e-09,4.787818099380183e-09
heico__2114438,1,heico,1,1,0.7908833033873143,0.6144133536665718,1,0.9999834618852455,True,0.0008172044181264937,0.7908702236684854,0.17646703124046326,0.02706209383904934,0.003662456525489688,0.0008172044181264937,0.00018234294839203358,4.068621274200268e-05,4.6103519707685336e-05,1.8054397514788434e-05,3.485308350744138e-08,1.1315138877333926e-08,1.4528925883713315e-08
heico__2114439,1,heico,1,1,0.8805834210398271,0.7754127139200265,1,0.9999891354324604,True,0.00029539965908043087,0.880573853881775,0.10516956448554993,0.011084790341556072,0.002182724652811885,0.00048703167703934014,0.00012314089690335095,2.9248523787828162e-05,3.113489583483897e-05,1.2192599569971208e-05,3.217153923974238e-08,9.811764719796475e-09,1.1835247753811885e-08
heico__2114440,1,heico,1,1,0.8352943197751866,0.690141925552214,1,0.9999884731503675,True,0.0004076985642313957,0.8352846914631638,0.14515072107315063,0.015298774465918541,0.0030125074554234743,0.000593197881244123,0.0001499838981544599,3.562429628800601e-05,4.036762402392924e-05,1.4850419574941043e-05,3.051685226142433e-08,1.1950571307864664e-08,1.3541770749380176e-08
heico__2114441,1,heico,1,1,0.9087315089771574,0.824206312479799,1,0.9999939326606594,True,9.896823758026585e-05,0.9087259953947229,0.08452468365430832,0.0054034823551774025,0.0009389844490215182,0.000209515739697963,5.29738754266873e-05,1.4257726434152573e-05,1.8307282516616397e-05,6.7348728407523595e-06,1.669405170703545e-08,5.419764726982593e-09,6.959116412896825e-09
heico__2114442,1,heico,1,1,0.9528224367730137,0.9109583383477716,1,0.9999936508252752,True,0.00021968121291138232,0.952816387136881,0.041863832622766495,0.0038939430378377438,0.0008688560919836164,0.00021968121291138232,6.293972546700388e-05,1.8032533262157813e-05,2.175138797610998e-05,8.51796539791394e-06,1.644351751952327e-08,5.014989605017564e-09,6.4393732702152615e-09
heico__2114443,1,heico,1,1,0.9792845130538365,0.9589601116138389,1,0.9999931323469157,True,3.252700116718188e-05,0.9792777876675299,0.020324261859059334,0.0003285110869910568,2.2355461624101736e-05,4.4020512177667115e-06,1.7238680811715312e-06,4.639727819721884e-07,6.341756488836836e-07,4.639727819721884e-07,6.155897884505853e-10,2.410684339667348e-10,3.733740961893489e-10
heico__2114444,1,heico,1,1,0.981642438989744,0.9636630296681964,1,0.9999952469203539,True,2.105162275256589e-05,0.9816377731650475,0.017979323863983154,0.00032930276938714087,2.105162275256589e-05,3.894158453476848e-06,1.524974550193292e-06,4.104412880678865e-07,5.270170504445559e-07,3.855739123537205e-07,7.923376082645168e-10,3.74273763634553e-10,5.445651052116626e-10
heico__2114445,1,heico,1,1,0.987220848284792,0.9747935711981207,1,0.9999958657307302,True,2.718444557103794e-05,0.9872167668479763,0.012427225708961487,0.00029226034530438483,2.3990187401068397e-05,4.723948222817853e-06,1.969234745047288e-06,5.641951474899543e-07,6.80549248954776e-07,4.979004870619974e-07,1.0231637029300222e-09,5.476600613534652e-10,7.96840743194777e-10
heico__2114446,1,heico,1,1,0.9873310527433178,0.9749023892815614,1,0.9999970194990911,True,1.7553576981299557e-05,0.9873281100022178,0.012428626418113708,0.00020089003373868763,1.649005753279198e-05,3.0503540529025486e-06,1.1945357982767746e-06,3.4224026990159473e-07,4.3944513095084403e-07,3.215049559912586e-07,5.83046993271886e-10,2.93174442186073e-10,4.54077467185383e-10
heico__2114447,1,heico,1,1,0.9792871951255379,0.958962737671447,1,0.99999459206452,True,2.8705100703518838e-05,0.9792818992035702,0.0203243475407362,0.0003285124839749187,2.3797363610356115e-05,4.135361905355239e-06,1.7238752434423077e-06,4.6397471464842965e-07,5.9575535260592e-07,4.09456276884157e-07,8.956812418627848e-10,3.9745617583779294e-10,6.552944345527399e-10
heico__2114448,1,heico,1,1,0.962088010190913,0.9247838111205934,1,0.9999925414545822,True,3.401677531655878e-05,0.962080834413793,0.03730392083525658,0.0005321118514984846,3.19557984767016e-05,5.553085429710336e-06,2.174619567085756e-06,6.230389999473118e-07,7.999978492989612e-07,5.498299628925452e-07,6.047795066751874e-10,2.3683506663799217e-10,3.668173285769417e-10
heico__2114449,1,heico,1,1,0.9703071456314767,0.9410064080750971,1,0.9999928360423848,True,2.0808483895962127e-05,0.9703001943922116,0.029300527647137642,0.00034649233566597104,1.9547762349247932e-05,2.997746150867897e-06,1.1739342653527274e-06,3.1596013627677166e-07,4.597192742039624e-07,3.1596013627677166e-07,1.0056310491271308e-09,4.462460768467417e-10,6.492842000705512e-10
heico__2114451,1,heico,1,1,0.9662525138949682,0.9331891724180609,1,0.9999941246146544,True,3.209417263860814e-05,0.9662468367891079,0.033063147217035294,0.0006055726553313434,3.636746623669751e-05,5.936825800745282e-06,2.184036020480562e-06,6.257368454498646e-07,8.034620009311766e-07,5.522107926481112e-07,1.5510441872954613e-09,9.407559280094224e-10,1.5510441872954613e-09
heico__2114453,1,heico,1,1,0.9886705054252765,0.9776873672825012,1,0.9999968809890134,True,2.1202376956352964e-05,0.9886674217511079,0.010983103886246681,0.0002926898014266044,2.402544123469852e-05,4.730889941129135e-06,1.9721283024409786e-06,5.650242087540391e-07,7.255054583765741e-07,4.4004127630614676e-07,1.6893889011426766e-09,9.625848078876768e-10,1.4908804642954105e-09
heico__2114454,1,heico,1,1,0.9790719237318859,0.9587519353862666,1,0.9999959048419446,True,2.0996511011617258e-05,0.9790679142776105,0.020319905132055283,0.0005415071500465274,3.46173947036732e-05,6.40357393422164e-06,2.5076756173803005e-06,6.749317549292755e-07,8.141230978253589e-07,5.59538079869526e-07,1.7808848262508456e-09,1.0801612957726245e-09,1.672986580061192e-09
heico__2114455,1,heico,1,1,0.9856060197725968,0.9715471053647651,1,0.9999973899938241,True,1.131364388129441e-05,0.9856034473347982,0.01405887771397829,0.00029178272234275937,2.3950982722453773e-05,4.7162284317892045e-06,1.7350033658658504e-06,4.970868303644238e-07,5.996011509523669e-07,4.6696982280991506e-07,1.0873721972457181e-09,6.595245506612883e-10,9.596026485232211e-10
heico__2114456,1,heico,1,1,0.9912339677707315,0.9826581137545369,1,0.9999973791221771,True,1.2893241546407808e-05,0.9912313698676081,0.008575831539928913,0.0001570718304719776,1.4609956451749895e-05,3.0624132705270313e-06,1.358937765871815e-06,3.893421762768412e-07,4.999252496418194e-07,2.8484879521784023e-07,2.623357589394305e-09,1.8030053750495706e-09,2.7925494608560508e-09
heico__2114459,1,heico,1,1,0.9922092586869493,0.9846336478855882,1,0.9999977060248744,True,1.6571544620092027e-05,0.9922069825835904,0.007575593423098326,0.00017816088802646846,1.4624335562984925e-05,3.2631305657560006e-06,1.360275177830772e-06,3.897253577633819e-07,4.7009851300572336e-07,2.8512914695966174e-07,1.9211795612875954e-09,1.165254190361383e-09,1.8047810652674107e-09
heico__2114460,1,heico,1,1,0.9856360817865998,0.9715767382800817,1,0.9999961486137853,True,1.865358899522107e-05,0.9856322857213816,0.01405928935855627,0.000257504842011258,2.113728623953648e-05,4.162178356637014e-06,1.735054183882312e-06,4.669834936521511e-07,5.632896318275016e-07,3.416524521071551e-07,3.146498534725468e-09,2.1625546139895014e-09,3.3494301223401024e-09
heico__2114461,1,heico,1,1,0.9663379021261376,0.9332716403432282,1,0.9999952614729121,True,2.2059957700548694e-05,0.9663333231078123,0.03306610509753227,0.0005344638484530151,3.0152388717397116e-05,5.239699021331035e-06,2.0518957626336487e-06,5.878779916201893e-07,7.548502480858588e-07,5.188004479350639e-07,1.5511830173834394e-09,9.408401327208814e-10,1.4572017505260422e-09
heico__2114464,1,heico,1,1,0.9815816557439239,0.9636033609758046,1,0.9999945598593976,True,3.470608498901129e-05,0.9815763158017038,0.01797819696366787,0.00037312560016289353,2.3853119273553602e-05,4.69695805804804e-06,1.957983386091655e-06,5.609716140497767e-07,6.766609317310213e-07,4.6506178819072375e-07,1.7854469625973074e-09,1.0829283750200132e-09,1.7854469625973074e-09
heico__2114466,1,heico,1,1,0.9766113944050225,0.9536436950177216,1,0.9999951570752751,True,1.96748133021174e-05,0.9766066647495539,0.022967588156461716,0.0003712364996317774,2.2294483642326668e-05,4.390044068713905e-06,1.7191659935633652e-06,4.925493044538598e-07,6.324458468043304e-07,4.627072485163808e-07,6.535044417914885e-10,3.286026582194546e-10,4.781140689858764e-10
heico__2114468,1,heico,1,1,0.9661531001047426,0.9330931583780282,1,0.9999930663116037,True,4.970327063347213e-05,0.9661464011002033,0.03305971249938011,0.0006861324654892087,3.870894215651788e-05,7.160434961406281e-06,2.804066753014922e-06,8.033784979488701e-07,9.690594424682786e-07,6.660241638201114e-07,1.8707214130572556e-09,1.2078285615249064e-09,1.991372377642619e-09
heico__2114469,1,heico,1,1,0.9887766296839258,0.9777923121778408,1,0.9999972771320652,True,1.551366221974604e-05,0.9887739373757461,0.010984287597239017,0.00020118422980885953,1.6514206436113454e-05,3.2518400985281914e-06,1.3555686564359348e-06,3.883769181811658e-07,4.986858357369783e-07,3.4274145832569047e-07,1.1612248112100295e-09,6.616460001835043e-10,1.0247773550692724e-09
heico__2114470,1,heico,1,1,0.9856010605859828,0.9715422173055173,1,0.9999965534720461,True,1.6461157429148443e-05,0.9855976636843761,0.01405879482626915,0.0002917810052167624,2.39508426602697e-05,4.430460194271291e-06,1.846890654633171e-06,5.29143051153369e-07,6.794330715820251e-07,4.120970231724641e-07,1.486251799502403e-09,9.595962534327875e-10,1.486251799502403e-09
heico__2114472,1,heico,1,1,0.9736294822050712,0.9476831360791202,1,0.9999951537337017,True,2.3659891667193733e-05,0.9736247637373245,0.025946220383048058,0.000370102992746979,2.3659891667193733e-05,3.862371158902533e-06,1.5125264098969637e-06,4.0709093696023047e-07,5.564273237723683e-07,4.0709093696023047e-07,5.749548085462868e-10,3.0775114844554343e-10,4.4777527916936006e-10
heico__2114473,1,heico,1,1,0.9517479671317562,0.9043632286087174,1,0.9999906528878492,True,1.0924917660304345e-05,0.9517390710367681,0.047384295612573624,0.000815291830804199,3.3651114790700376e-05,4.2782589844136965e-06,1.6753903082644683e-06,4.236049733208347e-07,6.163417083371314e-07,4.236049733208347e-07,5.620306462694942e-10,2.493995981891489e-10,3.6287427315435546e-10
heico__2114474,1,heico,1,1,0.966422278577422,0.933353128445358,1,0.9999938722938672,True,8.116101525956765e-06,0.9664163566256987,0.03306894749403,0.00047170327161438763,2.3484721168642864e-05,2.985747187267407e-06,1.1692353609760175e-06,3.3499156870675506e-07,4.5787916747030977e-07,3.14695455472247e-07,7.327905865740117e-10,3.251738586456533e-10,4.731251801902292e-10
heico__2114475,1,heico,1,1,0.9873616796283761,0.9749326304006853,1,0.9999977529411267,True,1.3671173292095773e-05,0.9873594609685526,0.012429021298885345,0.0001772904652170837,1.3671173292095773e-05,2.5289127734140493e-06,1.122198227676563e-06,3.2151518780665356e-07,4.128336570374813e-07,2.503962832633988e-07,8.48355245049996e-10,4.5409183134786363e-10,7.03311160923832e-10
heico__2114476,1,heico,1,1,0.9838291246785087,0.9679270068777347,1,0.9999964290664144,True,2.1098543584230356e-05,0.9838256114900449,0.015902061015367508,0.000226830699830316,1.643156065256335e-05,2.519861482142005e-06,1.05043454823317e-06,2.82720606037401e-07,3.410262081615656e-07,1.9431085718224494e-07,2.9504405558724966e-09,1.681110317235255e-09,2.7716822913085316e-09
heico__2114477,1,heico,1,1,0.9737252639048802,0.947776365348874,1,0.9999957050993016,True,1.9616678400780074e-05,0.9737210818515643,0.025948787108063698,0.0002882650005631149,1.4351868230733089e-05,2.067582727249828e-06,8.096770329757419e-07,2.3197635812266526e-07,2.978635222916637e-07,1.9231515580031555e-07,1.2958075077053763e-09,7.383288967631268e-10,1.1435461735103394e-09
heico__2114478,1,heico,1,1,0.9901028092471238,0.9803961821935593,1,0.9999978471985903,True,1.873815563158132e-05,0.9901006777524003,0.009706606157124043,0.0001568926527397707,1.1365266800567042e-05,1.9749872990360018e-06,8.232971140387235e-07,2.3587857356233144e-07,3.224078000130248e-07,2.0816212042973348e-07,1.0261518547267631e-09,5.492594759121983e-10,9.055756596866352e-10
heico__2114480,1,heico,1,1,0.970272495535034,0.94097280360776,1,0.9999963556414807,True,3.430628567002714e-05,0.9702689595141989,0.02929958514869213,0.0003688273427542299,1.9547132978914306e-05,2.997649744429509e-06,1.1027738082702854e-06,3.15949989726505e-07,4.318523849633493e-07,2.7882484232577553e-07,1.2912134961974193e-09,7.357113077862012e-10,1.1394919723656882e-09
heico__2114481,1,heico,1,1,0.9931941793386823,0.9865020895897231,1,0.9999986565561065,True,7.835620635887608e-06,0.993192845038027,0.00669208075851202,9.545740613248199e-05,7.835620635887608e-06,1.4494441984425066e-06,6.042182008059171e-07,1.7311140254605561e-07,2.366152500599128e-07,1.348193023886779e-07,1.4977031211222233e-09,9.084028029871543e-10,1.4977031211222233e-09
heico__2114482,1,heico,1,1,0.9912815842101944,0.9827053183317126,1,0.9999986569791286,True,8.861823516781442e-06,0.9912802528983374,0.008576254360377789,0.00012233370216563344,8.324912414536811e-06,1.4466529592027655e-06,6.030546728652553e-07,1.727780443161464e-07,2.5139058834611205e-07,1.524761046312051e-07,1.2392499883313161e-09,6.633226811902795e-10,1.0273743809207947e-09
heico__2114483,1,heico,1,1,0.9704121641397324,0.9411082551808103,1,0.9999957839952793,True,1.4303036550700199e-05,0.9704080728774674,0.029303785413503647,0.00025352739612571895,1.2622386748262215e-05,1.935705768119078e-06,8.069221735240717e-07,2.1718015830174409e-07,3.1599526550962764e-07,1.9166081699495408e-07,2.0001530905029464e-09,1.2913959370671348e-09,2.129152130598267e-09
heico__2114484,1,heico,1,1,0.9459149455189754,0.8925500750509702,1,0.9999941125080289,True,1.3941945326223504e-05,0.9459093764523283,0.05336455628275871,0.0006717605865560472,2.7726871849154122e-05,3.994434337073471e-06,1.4694704759676824e-06,3.715402954185265e-07,5.40587961950223e-07,3.715402954185265e-07,1.182530067211092e-09,6.329627309119209e-10,9.803518969304163e-10
heico__2114486,1,heico,1,1,0.8918979934926039,0.7853759689023686,1,0.9999906189333787,True,1.5856789104873314e-05,0.8918896265381075,0.10652102530002594,0.0015194409061223269,3.803845538641326e-05,4.009223630419001e-06,1.385550717714068e-06,3.7291590615495807e-07,5.097156190458918e-07,3.503220682432584e-07,1.2634568465611061e-09,7.663253749682668e-10,1.1869078321310067e-09
heico__2114487,1,heico,1,1,0.6756146197566539,0.3564768505781705,1,0.9999874329084525,True,7.285350420715986e-06,0.6756061292458766,0.3191337585449219,0.0051583158783614635,7.357943832175806e-05,5.673836312780622e-06,1.4345705494633876e-06,3.40740371029824e-07,5.277490231492266e-07,3.861094342028082e-07,5.804915818128068e-10,3.5208591797945356e-10,5.122819994901081e-10
heico__2114488,1,heico,1,1,0.9618765653645445,0.9245805659411631,1,0.9999950445136995,True,9.244708780897781e-05,0.961871798798402,0.03729581460356712,0.0006830967031419277,4.102314414922148e-05,6.291103090916295e-06,2.4636312900838675e-06,7.058422397676622e-07,8.514082310284721e-07,5.497104780260997e-07,9.968955436044326e-10,6.046476777007754e-10,8.797571108845146e-10
heico__2114489,1,heico,1,1,0.9516814651665326,0.9043000354825154,1,0.9999926343089788,True,0.0001174459612229839,0.9516744553749096,0.04738108068704605,0.0007658438989892602,4.320595689932816e-05,6.224407570698531e-06,2.2898316274222452e-06,6.983592584219878e-07,8.423820077041455e-07,5.438827201942331e-07,1.348148543655869e-09,8.704301019455026e-10,1.348148543655869e-09
heico__2114490,1,heico,1,1,0.938380800725185,0.8783921224551001,1,0.9999923489043873,True,0.00014869592268951237,0.9383736210839575,0.059988219290971756,0.0014107876922935247,5.823015817441046e-05,7.88059514889028e-06,2.7234611934545683e-06,7.330095854740648e-07,8.841783483148902e-07,5.708684511773754e-07,1.102034340298441e-09,6.279202767993012e-10,9.136186687064803e-10
heico__2114491,1,heico,1,1,0.9789020835884191,0.9585856185343169,1,0.999991187365942,True,0.00039610450039617717,0.9788934568825778,0.020316286012530327,0.00034956098534166813,2.695525108720176e-05,4.986220119462814e-06,1.952631919266423e-06,5.594383765128441e-07,7.646616495549097e-07,5.594383765128441e-07,6.972808596081071e-10,2.730590990881682e-10,3.732275604997195e-10
heico__2114492,1,heico,1,1,0.8633526274135376,0.730953207205589,1,0.9999878804392823,True,5.0328239012742415e-05,0.8633421639589489,0.1323978155851364,0.003998067695647478,0.00017566281894687563,1.5349247405538335e-05,4.397632892505499e-06,1.2599429055626388e-06,1.7221377675014082e-06,1.1118956990685547e-06,6.149718972673511e-10,2.7289213707851543e-10,3.970557168694947e-10
heico__2114493,1,heico,1,1,0.96223550886328,0.9249255892797458,1,0.9999918847476823,True,3.40219667123165e-05,0.9622277000793366,0.037309616804122925,0.0003893607936333865,2.4891003704397008e-05,3.3686310416669585e-06,1.4042543625691906e-06,4.2827335278161627e-07,6.633227371821704e-07,4.2827335278161627e-07,6.438826383077876e-10,2.8572119680036995e-10,4.157218856189928e-10
heico__2114494,1,heico,1,1,0.9453032949644291,0.8919729308240584,1,0.9999922032318467,True,0.00019233781495131552,0.9452959246538037,0.053329948335886,0.0011068276362493634,5.5105705541791394e-05,7.0059045356174465e-06,2.5773283596208785e-06,7.86040686762135e-07,1.0743902976173558e-06,6.121691171756538e-07,1.4254784008644052e-09,7.167755363048829e-10,1.1101637465908377e-09
heico__2114495,1,heico,1,1,0.903039691799063,0.8078600130394143,1,0.9999908229570916,True,0.00016214849893003702,0.9030314045650634,0.09517880529165268,0.0015384223079308867,6.759355892427266e-05,7.583786100440193e-06,2.620886561999214e-06,7.508965609304141e-07,9.057541205947928e-07,5.847988404639182e-07,1.128926405187924e-09,6.042707476945346e-10,8.792088047562864e-10
heico__2114496,1,heico,1,1,0.965890076315738,0.9328391372897181,1,0.9999868250564017,True,8.192400855477899e-05,0.9658773507684604,0.033050503581762314,0.0008807661361061037,7.696048123762012e-05,1.108720971387811e-05,4.078756319358945e-06,1.2439504644135013e-06,1.8099372027791105e-06,1.0977823876601178e-06,1.4565145820005087e-09,4.1729841708970583e-10,5.703793527829156e-10
heico__2114497,1,heico,1,1,0.770191780154988,0.5495281190824137,1,0.9999842913964314,True,0.001157918362878263,0.7701796815176418,0.22066019475460052,0.007550576701760292,0.0003759210812859237,3.962178743677214e-05,1.0664060027920641e-05,3.252354417782044e-06,3.923088115698192e-06,2.5329361506010173e-06,2.169796073665463e-09,1.0910419800967372e-09,1.4912777330107408e-09
heico__2114499,1,heico,1,1,0.9698852068014899,0.9405972105219852,1,0.9999954671963412,True,6.406693864846602e-05,0.9698808105022759,0.02928786352276802,0.0006887845229357481,5.6538876378908753e-05,1.0458640645083506e-05,3.614409479268943e-06,1.1023327033399255e-06,1.4154231848806376e-06,8.064837970778171e-07,2.566855613748403e-09,1.2124967056602868e-09,1.7641722447022105e-09
heico__2114500,1,heico,1,1,0.9385396691301319,0.8785408371100806,1,0.9999946706965095,True,0.00010221466072835028,0.9385346673673972,0.059998512268066406,0.0012452293885871768,9.020412107929587e-05,1.3833248885930516e-05,5.417178272182355e-06,1.458013912269962e-06,1.992868646993884e-06,1.1355023161740974e-06,2.8146233414347836e-09,1.329533906008509e-09,1.934460255250411e-09
heico__2114501,1,heico,1,1,0.7953104396770663,0.5942244547497196,1,0.999987771837675,True,0.00023544460418634117,0.7953007144919111,0.20108352601528168,0.0032502124086022377,9.814790973905474e-05,1.1722095223376527e-05,4.051048108522082e-06,1.2354998943919782e-06,1.6887280480659683e-06,1.0242653161185444e-06,2.1048183847933628e-09,1.1266279065479746e-09,1.5399178385872505e-09
heico__2114502,1,heico,1,1,0.9698019404939212,0.9405164595515025,1,0.9999965106163037,True,4.9891150410985574e-05,0.9697985564828414,0.029285378754138947,0.0007804288761690259,6.406150350812823e-05,1.0457752978254575e-05,4.095315034646774e-06,1.1733274050129694e-06,1.603748501111113e-06,8.58424641592137e-07,2.411133779830743e-09,1.2123943059700565e-09,1.6571464496436811e-09
heico__2114503,1,heico,1,1,0.9305906983157729,0.8631789323294364,1,0.9999928081119298,True,0.00027549450169317424,0.9305840056116315,0.06741128116846085,0.0015853614313527942,0.00010788520012283698,1.6544730897294357e-05,6.4790092437760904e-06,1.8562673176347744e-06,2.5372166874149116e-06,1.3580742006524815e-06,2.3136387626929904e-09,1.0928856342488625e-09,1.4937975057603402e-09
heico__2114504,1,heico,1,1,0.7729620675646727,0.5515047153994926,1,0.9999875298510197,True,0.0007986899581737816,0.772952428612534,0.22145459055900574,0.004596143029630184,0.00015727138088550419,1.7645359548623674e-05,5.728609721700195e-06,1.6412740251325886e-06,2.1074376945762197e-06,1.2782255680576782e-06,2.467549942184312e-09,1.2407619392629346e-09,1.6959205358715213e-09
heico__2114505,1,heico,1,1,0.6479592837773895,0.30113164705158457,1,0.9999851900587519,True,0.00014034002379048616,0.6479496875384656,0.34682250022888184,0.004947156645357609,0.00010929693235084414,1.0166198990191333e-05,3.100515414189431e-06,8.883125133252179e-07,1.214179178532504e-06,8.344923685399408e-07,2.201901896568566e-09,1.1785931282966852e-09,1.6109457129281625e-09
heico__2114506,1,heico,1,1,0.5553517828319605,0.12284336815270325,1,0.9999826226705446,True,0.00041982572292909026,0.5553421323010667,0.4325008988380432,0.011525758542120457,0.0001750094088492915,1.267763855139492e-05,3.412140131331398e-06,8.627241641079308e-07,1.1792039913416374e-06,8.627241641079308e-07,1.5645408376427665e-09,7.867005416042578e-10,1.0752922163099025e-09
heico__2114507,1,heico,1,1,0.8782156587544424,0.7593620955167005,1,0.9999907710557545,True,0.0003136062587145716,0.8782075537510923,0.11885246634483337,0.002466704463586211,0.0001228099863510579,1.6620522728771903e-05,5.743898782384349e-06,1.6456546063636779e-06,2.249343197036069e-06,1.364295712846797e-06,2.9843785210540283e-09,1.5006397372687224e-09,2.051131390750746e-09
heico__2114508,1,heico,1,1,0.9658918752535042,0.932840874429481,1,0.9999953249357214,True,9.283302642870694e-05,0.9658873596469012,0.03305084630846977,0.0008807752747088671,6.380314152920619e-05,1.1087324310210533e-05,4.621884727384895e-06,1.3241921124063083e-06,1.7002962522383314e-06,9.68799554357247e-07,2.255916822776733e-09,1.134346188220369e-09,1.6504640366218274e-09
heico__2115481,1,heico,1,1,0.792688894835657,0.5922657434027156,1,0.999986318985968,True,0.0011917433002963662,0.7926780500477637,0.20042040944099426,0.004713436122983694,0.0007228289032354951,0.00016128493007272482,4.620890467776917e-05,1.8095666746376082e-05,2.3235295884660445e-05,1.0975576515193097e-05,3.4932831191813637e-08,6.4619232519778035e-09,9.402043303892728e-09
heico__2115482,1,heico,1,1,0.8639906787582262,0.731493403679783,1,0.9999849732914378,True,0.000255776074482128,0.863977695822096,0.13249528408050537,0.002749851904809475,0.00037215196061879396,8.30383287393488e-05,2.3790880732121877e-05,9.316642717749346e-06,1.273433917958755e-05,5.3084627325006295e-06,1.5872006587952905e-08,3.769932107704903e-09,5.152885927897065e-09
heico__2115483,1,heico,1,1,0.9613399620007024,0.9240647650803552,1,0.99998985778927,True,0.00017261665198020637,0.9613302118882245,0.03727481886744499,0.0009933402761816978,0.0001523336541140452,3.851597648463212e-05,1.250430887012044e-05,5.212571068113903e-06,7.12474047759315e-06,3.161584345434676e-06,1.1402446529133318e-08,2.3900824132005287e-09,3.4775496561589082e-09
heico__2115484,1,heico,1,1,0.9564475911403894,0.9144242124173019,1,0.9999885794554938,True,0.00015155822620727122,0.9564366679881069,0.04202289879322052,0.0011198722058907151,0.0001717379636829719,4.9203754315385595e-05,1.5974119378370233e-05,6.659003702225164e-06,9.688792488304898e-06,4.299376087146811e-06,1.2854893344870127e-08,2.694531883154513e-09,3.6829887727504376e-09
heico__2115485,1,heico,1,1,0.9564744953793575,0.9144499367614206,1,0.9999905543016211,True,0.00013375369599089026,0.956465460809767,0.0420241616666317,0.001119905966334045,0.0001717431441647932,4.3423468014225364e-05,1.4097534403845202e-05,5.876727300346829e-06,8.550588063371833e-06,3.5644152376335114e-06,1.0657401594564732e-08,2.377987548734786e-09,3.2503240257305217e-09
heico__2115486,1,heico,1,1,0.9729287516448785,0.9470010781097856,1,0.9999893865804259,True,0.00013605451385956258,0.9729184255438216,0.02592739835381508,0.0007829396054148674,0.0001541699457447976,3.898026261595078e-05,1.4340038433147129e-05,5.97781763644889e-06,7.675669621676207e-06,3.4060578855132917e-06,1.2284156307590158e-08,2.740965296325308e-09,3.746455729834023e-09
heico__2115487,1,heico,1,1,0.975955445314407,0.9530031715643472,1,0.9999926848171835,True,0.00010628934251144528,0.9759483060219039,0.022952105849981308,0.0007853778661228716,0.00013647822197526693,3.4507094824220985e-05,1.2694450560957193e-05,5.99643408349948e-06,7.699572961428203e-06,3.209659780623042e-06,1.3117137624881343e-08,2.9268291181240637e-09,4.258511336467809e-09
heico__2115488,1,heico,1,1,0.8904879788622752,0.784134354424624,1,0.9999878919695785,True,0.0002326447720406577,0.8904771968067371,0.10635233670473099,0.002501167356967926,0.00029872183222323656,7.552870374638587e-05,2.4520582883269526e-05,9.020616744237486e-06,1.1582702427404001e-05,5.139792847330682e-06,2.1005142632487344e-08,4.6868809053679565e-09,6.406206419758259e-09
heico__2115489,1,heico,1,1,0.961350445939878,0.924074841595979,1,0.9999891216560869,True,0.00015233521116897464,0.961339988039106,0.037275198847055435,0.0009933504043146968,0.00015233521116897464,4.364476990303956e-05,1.4169381756801158e-05,5.906677415623562e-06,8.59416468301788e-06,3.5825808026856976e-06,1.0711715940041925e-08,2.3901067164433872e-09,3.266888966113024e-09
heico__2115490,1,heico,1,1,0.9564574603562317,0.9144336509502484,1,0.9999881708596472,True,0.00015155972505453974,0.9564461462866917,0.04202331230044365,0.0011198833817616105,0.00017173966625705361,4.3422591261332855e-05,1.4097250641498249e-05,5.876608611288248e-06,8.550415259378497e-06,3.564343160178396e-06,1.2076175810969601e-08,2.5313039369826833e-09,3.683025266744233e-09
heico__2115491,1,heico,1,1,0.9304743779423387,0.8630710313691833,1,0.9999876157772641,True,0.0001893197768367827,0.9304628547403923,0.06740251183509827,0.0015851551434025168,0.00024309138825628906,6.146312807686627e-05,1.995415732380934e-05,7.814160198904574e-06,1.068069104803726e-05,4.739527867059223e-06,2.0618568607908957e-08,4.321886881004356e-09,6.288307859469891e-09
heico__2115492,1,heico,1,1,0.9729619315999795,0.9470333734304274,1,0.999990325535939,True,0.00012007187615381554,0.9729525187147395,0.025928307324647903,0.0007829670212231576,0.00013605927233584225,3.8981630495982245e-05,1.4340540474222507e-05,5.978026820230298e-06,7.67593792261323e-06,3.4061772566928994e-06,1.2284586779708189e-08,2.741061347621548e-09,3.988220868101224e-09
heico__2115493,1,heico,1,1,0.46853727591511746,0.05505371206035904,1,0.9999638086332601,True,0.0027859294787049294,0.4685203189107335,0.413468599319458,0.0922573134303093,0.018166542053222656,0.0035772041883319616,0.0007981822709552944,0.00016730806964915246,0.00016730806964915246,5.431698082247749e-05,5.668459525928859e-07,9.253505284476592e-08,1.2648041824988773e-07
heico__2115494,1,heico,1,1,0.48973747619141145,0.1083288284121898,1,0.9999683124169999,True,0.0008343016379512846,0.4897219575944864,0.3813965618610382,0.0964321419596672,0.024381864815950394,0.005440330132842064,0.0012139016762375832,0.00023903141845948994,0.00023903141845948994,6.848364864708856e-05,4.911969290045933e-07,9.086230032328991e-08,1.2419403132428536e-07
heico__2115495,1,heico,1,1,0.8523652203952482,0.7216507282812754,1,0.9999853998369849,True,0.00025233463384211063,0.852352775724082,0.1307125836610794,0.01377700362354517,0.0021127720829099417,0.0005341923679225147,0.00015304867702070624,3.4149776183767244e-05,4.1192495700670406e-05,1.5153873391682282e-05,1.3110643395917528e-07,2.425225073111959e-08,3.7562622285498816e-08
heico__2115496,1,heico,1,1,0.6488741122552739,0.3783827273979014,1,0.9999782089294861,True,0.0003588748804759234,0.6488599725937391,0.2704854905605316,0.06035347282886505,0.015259748324751854,0.0034049099776893854,0.0008608960779383779,0.0001695204700808972,0.0001695204700808972,5.5035241530276835e-05,5.395448916319907e-07,9.980576692920979e-08,1.281531441645033e-07
heico__2115498,1,heico,1,1,0.6110464831957573,0.3224077546587476,1,0.999966898743716,True,0.00249713147059083,0.6110262567895156,0.2886291742324829,0.07297687977552414,0.018451444804668427,0.004665255546569824,0.001179561368189752,0.0002322694199392572,0.0002322694199392572,7.54068314563483e-05,8.917153453594066e-07,1.4556852813403122e-07,2.1180096621232293e-07
heico__2115499,1,heico,1,1,0.5756804451263463,0.2265116557016059,1,0.9999607037409012,True,0.003878762247040868,0.5756578230384165,0.349155068397522,0.05354465916752815,0.013538211584091187,0.0030207831878215075,0.00076377356890589,0.00016009564569685608,0.0001814121351344511,5.889589374419302e-05,8.94281076461702e-07,1.3714243037681436e-07,1.8745149271609448e-07
heico__2115500,2,heico,2,2,0.6477323864044457,0.3010262190464451,1,0.9999773485237711,False,9.05779015738517e-05,0.0016055316664278507,0.6477177143096924,0.3466983139514923,0.0033989103976637125,0.0003582425124477595,9.05779015738517e-05,7.4350864451844245e-06,7.914608431747183e-06,2.130188022420043e-06,0.0,0.0,0.0
heico__2115501,2,heico,2,2,0.5490571713674544,0.1214510411290291,1,0.9999779887029945,False,6.775754445698112e-05,0.004192010499536991,0.5490450859069824,0.42759671807289124,0.016579724848270416,0.0019801657181233168,0.00044183467980474234,3.4070631954818964e-05,3.2006395485950634e-05,8.614405487605836e-06,0.0,0.0,0.0
heico__2115502,2,heico,2,2,0.3423825505149108,0.040231008603310525,1,0.9999610035156365,False,0.003356469562277198,0.1617237627506256,0.3423691987991333,0.3021397590637207,0.12595060467720032,0.046334631741046906,0.013275094330310822,0.002614020835608244,0.0017965886509045959,0.0004008731048088521,0.0,0.0,0.0
heico__2115503,2,heico,2,2,0.6970161480113569,0.4064566134545575,1,0.9999813176968928,False,0.00012515402340795845,0.0032277649734169245,0.6970031261444092,0.29055410623550415,0.007743005640804768,0.0010479018092155457,0.00023381848586723208,1.919299211294856e-05,2.174850851588417e-05,5.4988836382108275e-06,0.0,0.0,0.0
heico__2115504,1,heico,1,1,0.7278565360701973,0.519322048316611,1,0.9999828091215223,True,0.00010178294905927032,0.7278440235769364,0.20853090286254883,0.052724871784448624,0.008085621520876884,0.0020443652756512165,0.00045615946874022484,7.926864054752514e-05,8.982313011074439e-05,2.5734758310136385e-05,1.73399037223386e-07,3.2075598606732956e-08,4.967965652011002e-08
heico__2115505,1,heico,1,1,0.9214763484524804,0.8547248041872288,1,0.999990332688088,True,8.856378553900868e-05,0.9214674402532004,0.0667508989572525,0.009033751673996449,0.0017788511468097568,0.0005775083554908633,0.0001874895388027653,4.183456985629164e-05,4.740477743325755e-05,1.638265348447021e-05,1.4173747746825522e-07,2.463027852021151e-08,4.0608466295049195e-08
heico__2115506,2,heico,2,2,0.9774468326120834,0.957160570863534,1,0.999994045964911,False,5.697959568351507e-05,0.0016651879996061325,0.9774410128593445,0.020286140963435173,0.00047708433703519404,5.02843176946044e-05,1.2713866453850642e-05,1.6163867258001119e-06,2.3518286980106495e-06,6.738102342751517e-07,0.0,0.0,0.0
heico__2115507,2,heico,2,2,0.3930298655201839,0.0,1,0.9999655065039406,False,0.0001493968884460628,0.032260745763778687,0.3930163085460663,0.3930163085460663,0.12759371101856232,0.04142361506819725,0.010473529808223248,0.0011039020027965307,0.0007587000145576894,0.0001692888472462073,0.0,0.0,0.0
heico__2115509,2,heico,2,2,0.7920505994300081,0.5917888414760263,1,0.9999795318108227,False,0.00018261134391650558,0.005336685571819544,0.792034387588501,0.20025765895843506,0.0017325682565569878,0.0003411629004403949,7.612373156007379e-05,7.5372704486653674e-06,8.023382179089822e-06,2.7728069653676357e-06,0.0,0.0,0.0
heico__2115510,2,heico,2,2,0.7955965476922657,0.5944382375951875,1,0.9999766158271086,False,0.00018342833209317178,0.0010555572807788849,0.7955779433250427,0.20115360617637634,0.0017403196543455124,0.00020785152446478605,4.637794700101949e-05,4.592038294504164e-06,5.539056019188138e-06,1.4004926924826577e-06,0.0,0.0,0.0
heico__2115511,2,heico,2,2,0.8263543471006232,0.6636355314424769,1,0.999981147197559,False,0.00019052055722568184,0.0026300554163753986,0.8263387680053711,0.16271574795246124,0.007149231154471636,0.000753523432649672,0.0001681338035268709,1.2965087989869062e-05,1.772117320797406e-05,4.480614279600559e-06,0.0,0.0,0.0
heico__2115512,2,heico,2,2,0.8335758671933213,0.6694350626900929,1,0.9999793082170072,False,0.0001496739569120109,0.0006707921274937689,0.8335586190223694,0.16413740813732147,0.0012532046530395746,0.0001496739569120109,4.85920172650367e-05,4.245923264534213e-06,5.803488875244511e-06,1.2949335541634355e-06,0.0,0.0,0.0
heico__2115513,2,heico,2,2,0.8636844533364656,0.7312341469599806,1,0.9999803571336088,False,0.00017572901560924947,0.0014713611453771591,0.8636674880981445,0.13244770467281342,0.0018892650259658694,0.00025568422279320657,5.7050856412388384e-05,6.4009291236288846e-06,7.72099429013906e-06,1.9521730791893788e-06,0.0,0.0,0.0
heico__2115514,2,heico,2,2,0.899619183257079,0.8048000221829639,1,0.9999860628252009,False,0.0001258024713024497,0.002863250905647874,0.8996066451072693,0.09481783956289291,0.00222990196198225,0.00026632382650859654,5.942487041465938e-05,6.667286015726859e-06,8.042282388487365e-06,2.1645507786161033e-06,0.0,0.0,0.0
heico__2115515,2,heico,2,2,0.7495107811936375,0.506180268633922,1,0.9999784272927172,False,0.0003658247587736696,0.002105176215991378,0.7494946122169495,0.24332526326179504,0.0039329868741333485,0.0006031430675648153,0.00011876589996973053,1.2517833965830505e-05,1.607321792107541e-05,4.063945652887924e-06,0.0,0.0,0.0
heico__2115516,1,heico,1,1,0.6703662289142657,0.42375179136210567,1,0.9999702266051217,True,0.0018828683532774448,0.6703462698358191,0.24660709500312805,0.062352027744054794,0.013912618160247803,0.003517660778015852,0.0008894039201550186,0.0001984528498724103,0.0001984528498724103,6.442820449592546e-05,6.723656950543468e-07,1.1683963643089634e-07,1.597008513426165e-07
heico__2115518,2,heico,2,2,0.744194044444039,0.5025896235831102,1,0.999978276443926,False,0.00015141665062401444,0.004425043240189552,0.7441778779029846,0.2415991723537445,0.008267070166766644,0.0011188260978087783,0.00019442281336523592,1.8084139810525812e-05,2.0492017938522622e-05,5.871060693607433e-06,0.0,0.0,0.0
heico__2115519,2,heico,2,2,0.868497137991541,0.776958217576162,1,0.9999859254703551,False,8.347151742782444e-05,0.02971791848540306,0.8684849143028259,0.09153763204813004,0.008514326997101307,0.0013057142496109009,0.0002571103977970779,3.4796103136613965e-05,3.942915645893663e-05,1.0612212463456672e-05,0.0,0.0,0.0
heico__2115520,2,heico,2,2,0.8820509846795835,0.7767050178453601,1,0.9999854785946809,False,0.00017946686421055347,0.008647197857499123,0.8820381760597229,0.10534443706274033,0.003181126434355974,0.0004878415202256292,8.477414667140692e-05,8.393776624870952e-06,1.0777822353702504e-05,3.2870502764126286e-06,0.0,0.0,0.0
heico__2115521,2,heico,2,2,0.5724994531123424,0.3866360806460649,1,0.9999704334913986,False,0.0004065624380018562,0.16401900351047516,0.5724825263023376,0.1858578771352768,0.06033921614289284,0.013463499955832958,0.002651120303198695,0.0003587900719139725,0.00031663113622926176,7.520649523939937e-05,0.0,0.0,0.0
heico__2115522,2,heico,2,2,0.6613774763192154,0.4718896500392171,1,0.999971000754158,False,0.0003657869528979063,0.08950511366128922,0.6613582968711853,0.18948233127593994,0.047908637672662735,0.00943376962095499,0.0014467154396697879,0.0002218610025011003,0.00019579165382310748,5.2696603233926e-05,0.0,0.0,0.0
heico__2115524,1,heico,1,1,0.46910339462194656,0.10376257516274857,1,0.9999616044615696,True,0.0011627551866695285,0.4690853831445305,0.36532679200172424,0.11860425025224686,0.03398068621754646,0.008591663092374802,0.0021723126992583275,0.0004847084346693009,0.00042775372276082635,0.00012255347974132746,1.9808700647722414e-06,3.23368136038184e-07,4.419918465507506e-07
heico__2115525,2,heico,2,2,0.38464471508319154,0.1202825029657604,1,0.9999452264746651,False,0.00030951935332268476,0.11019652336835861,0.384623646736145,0.26434773206710815,0.12486901879310608,0.06683756411075592,0.03157183155417442,0.007982608862221241,0.007982608862221241,0.00122417276725173,0.0,0.0,0.0
heico__2115530,2,heico,2,2,0.5451548865686945,0.21450174799095656,1,0.999978976426064,False,0.00020722480257973075,0.021137503907084465,0.5451434254646301,0.33064618706703186,0.07377713918685913,0.021137503907084465,0.0060559967532753944,0.0009287171997129917,0.0008195899426937103,0.00012568819511216134,0.0,0.0,0.0
heico__2115538,2,heico,2,2,0.41608661855914475,0.0,1,0.9999716973725299,False,0.001031346502713859,0.01613297127187252,0.41607484221458435,0.41607484221458435,0.11920744180679321,0.026598773896694183,0.0040790545754134655,0.0003794111544266343,0.00033482915023341775,5.8184585213894024e-05,0.0,0.0,0.0
heico__2115541,2,heico,2,2,0.493306225092504,0.1542621606367275,1,0.9999651906837244,False,0.05199228227138519,0.33903226256370544,0.493289053440094,0.08572077751159668,0.024559414014220238,0.004267786629498005,0.000741630035918206,0.00014603562885895371,0.00016548002895433456,5.046855949331075e-05,0.0,0.0,0.0
heico__2115544,2,heico,2,2,0.7431994043918237,0.5302692113256317,1,0.9999816391118657,False,0.003037230344489217,0.02244226448237896,0.7431857585906982,0.21292628347873688,0.015424327924847603,0.002365397522225976,0.0004657743265852332,5.5628817790420726e-05,6.303570262389258e-05,1.593792148923967e-05,0.0,0.0,0.0
heico__2115545,2,heico,2,2,0.6182577637118012,0.3262134613683938,1,0.9999714590157964,False,0.0028630199376493692,0.02397177182137966,0.6182401180267334,0.2920359671115875,0.05074824020266533,0.00999292079359293,0.0017365093808621168,0.00018302674288861454,0.00016152051102835685,3.8364487409126014e-05,0.0,0.0,0.0
heico__2156412,1,heico,1,1,0.7688540490888996,0.6174575268469675,1,0.999971789386303,True,0.00012183034414192662,0.7688323592443315,0.15139225125312805,0.04914986714720726,0.020488712936639786,0.006651711650192738,0.002159494673833251,0.0005460057291202247,0.0004818483430426568,0.00014695544086862355,5.30001142653907e-07,1.0436341137433324e-07,1.1825924306409907e-07
heico__2156416,2,heico,2,2,0.8121014543589827,0.6521892048906089,1,0.9999702370934074,False,3.686825220938772e-05,0.024522610008716583,0.8120772838592529,0.1599074900150299,0.0033187742810696363,9.414638043381274e-05,9.32175407797331e-06,1.3429259979602648e-06,1.7243510228581727e-06,6.75265596328245e-07,0.0,0.0,0.0
heico__2156422,1,heico,1,1,0.9905595750773203,0.9819895553001028,1,0.9999972106784202,True,1.8746790374279954e-05,0.9905568120881214,0.008569995872676373,0.0006208083941601217,0.00015696494665462524,4.497121335589327e-05,1.65439832926495e-05,4.73993122795946e-06,5.371045062929625e-06,2.2389847345039016e-06,9.740339113763505e-09,3.3661711102644893e-09,4.322249230962466e-09
heico__2156427,1,heico,2,2,0.4793810400439567,0.056328763102352054,2,0.9999758469639346,False,0.00017118192045018077,0.42304205894470215,0.47936946153640747,0.06487560272216797,0.027044175192713737,0.004147358704358339,0.000925400760024786,0.0001419148175045848,0.00020648482313845307,5.2207542466931045e-05,0.0,0.0,0.0
heico__2156430,2,heico,1,1,0.5259972201615463,0.11635005213822876,2,0.9999842098302951,True,3.698586442624219e-05,0.5259889145761756,0.40964069962501526,0.04892460256814957,0.012370077893137932,0.002435812959447503,0.0004232807841617614,6.90986926201731e-05,7.355517300311476e-05,2.107390719174873e-05,7.139935898219682e-08,1.5931348815144622e-08,2.0456258452942813e-08
heico__2156431,1,heico,1,1,0.6381149521563763,0.3721088861838454,1,0.9999838161100203,True,0.0004531658487394452,0.6381046249741962,0.26600176095962524,0.06725577265024185,0.021834753453731537,0.00487199192866683,0.0009593521244823933,0.00021406039013527334,0.00021406039013527334,7.397729496005923e-05,1.833704663970662e-07,4.935349470827791e-08,6.337114515714996e-08
heico__2156476,1,heico,1,1,0.4681128748422844,0.21754859916961897,1,0.9999733632387388,True,0.00017793959705159068,0.46810040583139395,0.2505576014518738,0.13411381840705872,0.0813441351056099,0.04354038089513779,0.014135492034256458,0.004049886483699083,0.003154054516926408,0.0007974699838086963,1.4461932680157942e-06,3.4350101675170156e-07,3.892376376231474e-07
heico__2156481,1,heico,1,1,0.881756254484295,0.7764454739484962,1,0.999990682603922,True,2.4280214347527362e-05,0.8817480388120277,0.10530979931354523,0.009795337915420532,0.002185635268688202,0.000626194931101054,0.00017940785619430244,4.8286969104083255e-05,5.471630356623791e-05,1.8909449863713235e-05,4.403187593136188e-08,1.4295056463262093e-08,1.7243130982180958e-08
heico__2156490,1,heico,1,1,0.8297356687510867,0.7024915575192097,1,0.999986092918183,True,5.8343550335848704e-05,0.8297241295492549,0.1272423416376114,0.028391603380441666,0.01044468767940998,0.0029924530535936356,0.0007566106505692005,0.0001688226475380361,0.00015859419363550842,4.836849984712899e-05,8.771577018770954e-08,2.3608378682119633e-08,2.6751796756460086e-08
heico__2156525,2,heico,2,2,0.3128662205707752,0.03676275385672769,1,0.9999559610296274,False,3.860905781039037e-05,0.21502014994621277,0.3128524422645569,0.2760913074016571,0.14778104424476624,0.042339976876974106,0.005056789144873619,0.000500689959153533,0.00022217980585992336,5.277232776279561e-05,0.0,0.0,0.0
heico__2156575,1,heico,1,1,0.6050470557801796,0.31924295447919226,1,0.999976404321168,True,9.006559412227944e-05,0.6050327792841731,0.2857973575592041,0.0818823054432869,0.020703090354800224,0.005234560929238796,0.0009096302674151957,0.00016826468345243484,0.00011564650776563212,4.254397572367452e-05,9.306408175643986e-08,3.6444421189960556e-08,3.021348269478548e-08
heico__2156623,5,heico,5,5,0.4929332177552812,0.1541454940715185,1,0.9999407418299597,False,1.2750490895996336e-05,0.00015533277473878115,0.0020143860019743443,0.035705845803022385,0.3387676477432251,0.49290400743484497,0.12462564557790756,0.0048322612419724464,0.0008397211204282939,8.314364094985649e-05,0.0,0.0,0.0
heico__2156646,1,heico,1,1,0.7923592983731145,0.6155600062002408,1,0.999987049614816,True,2.9822329452144913e-05,0.7923490370149964,0.17679700255393982,0.02392687276005745,0.005338806658983231,0.0011912487680092454,0.00023457081988453865,5.23398193763569e-05,4.916870966553688e-05,1.8088157958118245e-05,5.757053661181607e-08,1.4556111864682328e-08,1.9895844710613287e-08
heico__2156750,1,heico,1,1,0.6723238486274576,0.42498939672703534,1,0.9999780041118652,True,0.00011340603668941185,0.6723090602672929,0.2473290115594864,0.05518655478954315,0.017916450276970863,0.0051331487484276295,0.001297863433137536,0.0003082695766352117,0.00028959245537407696,9.401691204402596e-05,4.35382651859436e-07,9.12611641339621e-08,1.0341244808869873e-07
heico__2156762,2,heico,2,2,0.6394265101203926,0.4318351186985974,1,0.9999782176691951,False,4.786120553035289e-05,0.207586869597435,0.6394125819206238,0.11111324280500412,0.036073192954063416,0.004881975241005421,0.0006607035174965858,8.399903163081035e-05,9.518336446490139e-05,2.2608031940762885e-05,0.0,0.0,0.0
heico__2156811,1,heico,1,1,0.8583087505020036,0.7421492694087987,1,0.9999888626927484,True,3.034732253581751e-05,0.8582991912537326,0.11615818738937378,0.017813434824347496,0.005103634670376778,0.0016569076105952263,0.0005379191134124994,0.0001746367779560387,0.00015411640924867243,6.0352856962708756e-05,8.523922962865128e-08,2.1551851052577528e-08,2.7673126215619324e-08
heico__2156816,1,heico,1,1,0.7596529781020293,0.542008687215298,1,0.9999836971273266,True,9.97933020698838e-05,0.7596405935762512,0.2176407426595688,0.01786503940820694,0.0035178351681679487,0.0008894479251466691,0.00021126240608282387,5.017921648686752e-05,5.017921648686752e-05,1.8459903003531508e-05,1.0311581015080859e-07,2.7753241564135455e-08,3.347680327467288e-08
heico__2156821,1,heico,1,1,0.6665402532282743,0.4213336441041983,1,0.9999745384420338,True,0.00036864381399936974,0.6665232820749799,0.24520036578178406,0.06199635565280914,0.017762253060936928,0.005766559392213821,0.0014580145943909883,0.00041772815166041255,0.00036864381399936974,0.00011243001063121483,1.587900371563388e-07,4.8428224909282385e-08,5.4876366541709465e-08
heico__2156823,1,heico,1,1,0.9627606855841377,0.9298168226365271,1,0.999991194154256,True,6.35960532235913e-05,0.962752207662052,0.03294357284903526,0.003064229618757963,0.0007747585768811405,0.00022197203361429274,9.253171447198838e-05,3.0040650017326698e-05,3.404051676625386e-05,1.4190197362040635e-05,3.104085319220963e-08,9.466925515117694e-09,1.3774295317712013e-08
heico__2156888,2,heico,2,2,0.7570745582296025,0.5401690527442671,1,0.9999845380526722,False,2.6503762455831748e-06,0.21690215170383453,0.7570628523826599,0.025905266404151917,0.00010586890857666731,4.369731414044509e-06,8.08319100542576e-07,1.5427039556925592e-07,2.465233990278648e-07,1.6943289438131615e-07,0.0,0.0,0.0
heico__2156908,1,heico,1,1,0.9455892063549146,0.892242709875946,1,0.9999919617596383,True,7.46000023355009e-06,0.9455816054815905,0.053346067667007446,0.0009770671604201198,6.246181874303147e-05,1.0196611583523918e-05,3.7511238133447478e-06,1.0747149872258888e-06,1.3799613043374848e-06,8.909700000003795e-07,2.835755741999483e-09,1.3395161160615946e-09,2.0746834166728563e-09
heico__2156924,1,heico,1,1,0.9765564282586042,0.9535900217920673,1,0.9999963840171625,True,4.974298008164624e-06,0.9765528970473198,0.022966323420405388,0.000420642871176824,3.912587999366224e-05,7.237560566863976e-06,2.6625498321664054e-06,8.120317716020509e-07,1.1099159564764705e-06,5.940951268712524e-07,2.012822804061903e-09,9.507903171731867e-10,1.3833915149657724e-09
heico__2156929,1,heico,1,1,0.9766135069391761,0.9536457578996393,1,0.9999951849153409,True,1.1933403584407642e-05,0.976608804462461,0.022967638447880745,0.0003712373145390302,2.6892341338680126e-05,4.974582680006279e-06,1.8300466990694986e-06,5.941291760791501e-07,8.120783263620979e-07,4.627082716979203e-07,2.5846630076330918e-09,1.1469371091314867e-09,1.6687836997236345e-09
heico__2156999,1,heico,1,1,0.9664740648247517,0.9334031429615883,1,0.9999956078757841,True,4.344476565165678e-06,0.9664698199506075,0.033070776611566544,0.0004162996483501047,2.661314829310868e-05,4.624671873898478e-06,1.5982437844286324e-06,4.5790449121341226e-07,6.662471037088835e-07,4.0409929624729557e-07,1.2861578947237306e-09,6.467208603044142e-10,9.409733483410452e-10
heico__2157098,1,heico,1,1,0.9387824462426366,0.8787680925983608,1,0.9999933962026096,True,3.7241270547383465e-06,0.938776246713568,0.06001395732164383,0.0010991939343512058,7.962534436956048e-05,1.2998480087844655e-05,4.219988568365807e-06,1.1357946050338796e-06,1.458389192521281e-06,8.309650638693711e-07,2.3340046196998003e-09,1.1025057326703549e-09,1.707594355362099e-09
heico__2157114,1,heico,1,1,0.9816362059334207,0.9636569118496469,1,0.9999921252111618,True,6.484294863184914e-05,0.981628475755583,0.017979152500629425,0.0002906059380620718,2.10514226637315e-05,4.412617727211909e-06,1.7280060546909226e-06,5.610014000012598e-07,7.667980526093743e-07,5.270120482236962e-07,6.170674687697975e-10,2.416471019159751e-10,3.5159444286421663e-10
heico__2157120,2,heico,2,2,0.9936446700754598,0.9904821168639403,1,0.9999959055378618,False,5.735246759286383e-06,0.0031625402625650167,0.9936406016349792,0.0031625402625650167,2.2683343559037894e-05,1.2797066801795154e-06,3.039569662632857e-07,5.985268103358976e-08,1.0504471958938666e-07,5.622638710178762e-08,0.0,0.0,0.0
heico__2157149,2,heico,2,2,0.9257404201284082,0.8665598161316018,1,0.9999875098775917,False,4.715413979283767e-06,0.014963014051318169,0.9257288575172424,0.05917986482381821,0.00010732233204180375,3.044500090254587e-06,4.386018019886251e-07,6.519233863855334e-08,1.1804807797943795e-07,6.939688290685808e-08,0.0,0.0,0.0
heico__2157193,2,heico,2,2,0.8901770195899034,0.8073776629340379,1,0.9999878045095016,False,3.5312905311002396e-06,0.08279834687709808,0.890166163444519,0.026880688965320587,0.00013251070049591362,5.137997050042031e-06,8.928500960792007e-07,1.5515406914801133e-07,2.4030731538005057e-07,1.3692300626644283e-07,0.0,0.0,0.0
heico__2157276,1,heico,1,1,0.9666108173260414,0.933535215603583,1,0.9999961445954466,True,4.0818381421559025e-06,0.9666070906502949,0.033075474202632904,0.00028615896007977426,1.8293529137736186e-05,2.8054037102265283e-06,1.1694661452565924e-06,3.147575569073524e-07,4.5796954850629845e-07,2.9568735726570594e-07,1.0664142580436217e-09,4.1761380170791966e-10,6.46812929894394e-10
heico__2157315,1,heico,1,1,0.9911705729060342,0.9825952674812101,1,0.9999953203975225,True,7.897546311141923e-05,0.9911659346217655,0.008575265295803547,0.000157061469508335,1.2892390259366948e-05,2.8766812647518236e-06,1.126524580286059e-06,3.435705764331942e-07,4.998922236154613e-07,3.435705764331942e-07,4.5584261290247605e-10,2.0227892150832496e-10,2.597312849949659e-10
heico__2157319,1,heico,1,1,0.9815933177688085,0.9636148085268574,1,0.9999960989861373,True,9.341141776531003e-06,0.9815894885596683,0.01797843910753727,0.0003731306060217321,3.47065542882774e-05,6.42006625639624e-06,2.3618104023626074e-06,7.203115046650055e-07,9.248983019460866e-07,5.609791742244852e-07,2.292590120072824e-09,1.0829429077778474e-09,1.5756724976528752e-09
heico__2157344,1,heico,1,1,0.7012821252042172,0.4089442229178366,1,0.9999879436751187,True,9.806726302485913e-05,0.7012736703190823,0.2923343777656555,0.006067206151783466,0.00018321374955121428,2.0556013623718172e-05,5.889396106795175e-06,1.6873402728379006e-06,2.035321131188539e-06,1.2344845572442864e-06,2.5368071392735838e-09,1.3578550554241266e-09,1.9756673149752104e-09
heico__2157357,1,heico,1,1,0.812957196108918,0.6315619136295618,1,0.9999889641340967,True,1.538545620860532e-05,0.8129482244223166,0.18139328062534332,0.005477602127939463,0.0001371290854876861,1.1256241123192012e-05,3.029576191693195e-06,8.679880920681171e-07,1.2629153616217081e-06,9.239685709871992e-07,8.425498939942884e-10,3.738792274859827e-10,5.11032301725028e-10
heico__2157358,1,heico,1,1,0.966410200386429,0.933341462529964,1,0.9999943982377724,True,4.922605967294658e-06,0.9664047867862721,0.03306855261325836,0.00047169759636744857,3.4169657737948e-05,5.937796231592074e-06,2.3252741812029853e-06,6.258391636038141e-07,8.554206374355999e-07,5.188388172427949e-07,2.402695904055103e-09,1.286070390296336e-09,2.1203718222728152e-09
heico__2157359,1,heico,1,1,0.9765066085850451,0.9535413729064374,1,0.9999954561277186,True,6.7987057263962924e-06,0.9765021714637337,0.02296513132750988,0.0004766261263284832,3.452667806413956e-05,5.9998369579261634e-06,2.2072167666919995e-06,6.32378203135886e-07,8.643584692435979e-07,4.924966106045758e-07,2.427800450222962e-09,1.2207748348532046e-09,1.8907729928145374e-09
heico__2157361,2,heico,2,2,0.6459986703170918,0.3002204600302801,1,0.9999840167303944,False,2.9038480988674564e-06,0.3457726836204529,0.6459883451461792,0.008131793700158596,7.972129969857633e-05,5.77499167775386e-06,1.4601465636587818e-06,3.6918285672982165e-07,5.718015927413944e-07,3.929931153834332e-07,0.0,0.0,0.0
heico__2157380,1,heico,1,1,0.9816959514331803,0.9637155621440523,1,0.9999961674917621,True,5.000475994165754e-06,0.9816921890753594,0.017980320379137993,0.0002906248264480382,2.1052790543762967e-05,3.894374458468519e-06,1.6234168924711412e-06,4.3693668771993543e-07,6.35739183962869e-07,3.855952854792122e-07,1.6774703825463833e-09,8.978851154326828e-10,1.306415181249164e-09
heico__2158389,1,heico,1,1,0.7959174698650106,0.594678006189465,1,0.9999911292363791,True,3.188838672940619e-05,0.7959104094692736,0.20123767852783203,0.002533208578824997,0.0002079383993986994,4.639733015210368e-05,1.2487673302530311e-05,4.054153578181285e-06,4.890242962574121e-06,2.1700320758100133e-06,3.935337644519354e-09,1.0591816993157328e-09,1.4477298187126228e-09
heico__2158519,2,heico,2,2,0.865462453864364,0.7483348504124937,1,0.9999822639479135,False,1.3578688594861887e-05,0.11712552607059479,0.8654471039772034,0.01585121639072895,0.0013011470437049866,0.00017609111091587692,3.691069650813006e-05,1.0575092346698511e-05,1.4454438314714935e-05,5.660439001076156e-06,0.0,0.0,0.0
heico__2158521,1,heico,1,1,0.9966947447420572,0.9935224837394963,1,0.9999968248700077,True,3.52405259036459e-05,0.99669158010668,0.0031722509302198887,7.460419874405488e-05,1.4690434909425676e-05,4.480329607758904e-06,1.7545223727211123e-06,7.785646403135615e-07,9.391281423631881e-07,5.026790859119501e-07,2.1868266333377007e-09,5.529163399919755e-10,7.09958682864824e-10
heico__2158740,1,heico,1,1,0.9700294429412925,0.9407370908500313,1,0.9999946724702915,True,3.8864309317432344e-05,0.9700242750806171,0.029292196035385132,0.0005365052493289113,7.260809798026457e-05,1.8358199668000452e-05,5.598934421868762e-06,2.1925743567408063e-06,2.8153215225756867e-06,1.2492912446759874e-06,5.785363523882428e-09,1.4627690048255471e-09,2.128316301784577e-09
heico__2158765,1,heico,1,1,0.9850302093411846,0.9709795085485128,1,0.9999905150619383,True,0.0006995365838520229,0.98502086639066,0.014050567522644997,0.0001768705405993387,2.712397872528527e-05,8.27234543976374e-06,3.2394971185567556e-06,1.3504233038474922e-06,1.6289214954667841e-06,1.0517106829865952e-06,4.575302926930716e-09,1.0867296861478911e-09,1.485383432855147e-09
heico__2158779,1,heico,1,1,0.8305848906238876,0.6670330286652612,1,0.999983084470172,True,3.7707861338276416e-05,0.8305708408403957,0.16354909539222717,0.004938754718750715,0.0006683878018520772,0.00014010169252287596,4.013981015305035e-05,1.387194606650155e-05,1.6732761650928296e-05,7.425117928505642e-06,1.7289911050175333e-08,3.6241626441216373e-09,5.61321260136908e-09
heico__2158823,1,heico,1,1,0.5582230517811738,0.12347851055618021,1,0.999982166648685,True,7.806142821209505e-05,0.5582130967933793,0.43473678827285767,0.006201187614351511,0.000576800259295851,0.00011357870971551165,3.056929199374281e-05,1.1245814675930887e-05,1.3565041626861785e-05,7.260843631229363e-06,7.048049246601801e-09,2.5928322088783e-09,2.938063920174467e-09
heico__2159002,3,heico,3,3,0.4453795432868207,0.13927496101517803,1,0.9999535212700721,False,0.00016929379489738494,0.03655727952718735,0.3060903549194336,0.44535884261131287,0.16383837163448334,0.04142482206225395,0.005606240592896938,0.0005214615375734866,0.00031628244323655963,7.057214679662138e-05,0.0,0.0,0.0
heico__2159017,3,heico,3,3,0.7907499952820111,0.6533382533376515,1,0.9999657430380466,False,0.00030057670664973557,0.0003859481366816908,0.0505492240190506,0.7907229065895081,0.13740703463554382,0.018596021458506584,0.0017296994337812066,0.00014198236749507487,0.00011057598749175668,2.1773703338112682e-05,0.0,0.0,0.0
heico__2159018,3,heico,3,3,0.4280902962555737,0.0,1,0.9999441160325659,False,0.00014360027853399515,0.0006435717805288732,0.018807925283908844,0.4280663728713989,0.4280663728713989,0.10823213309049606,0.014647625386714935,0.0008263625204563141,0.00044231998617760837,6.783196295145899e-05,0.0,0.0,0.0
heico__2159023,4,heico,2,2,0.2888110199816813,0.0,3,0.9999526637038798,False,0.00023240475275088102,0.0442885085940361,0.2887973487377167,0.2887973487377167,0.2887973487377167,0.07301940023899078,0.014378372579813004,0.0009191786521114409,0.0006317416555248201,9.10110175027512e-05,0.0,0.0,0.0
heico__2159147,2,heico,2,2,0.2718028874619928,0.031937675783965225,1,0.9999635419117112,False,0.23985646665096283,0.08823826164007187,0.2717929780483246,0.23985646665096283,0.12838591635227203,0.028646769002079964,0.0026645648758858442,0.00031823685276322067,0.000170339917531237,3.354192085680552e-05,0.0,0.0,0.0
heico__2159214,1,heico,1,1,0.6913111279952341,0.5165200708670786,1,0.9999634032260853,True,0.07286109030246735,0.6912858282381782,0.17478466033935547,0.04419248178601265,0.012661359272897243,0.003201293060556054,0.0006303719128482044,0.00015938298020046204,0.00014065498544368893,4.566399002214894e-05,3.711319418217874e-07,9.988880714012492e-08,1.4533735495588503e-07
heico__2159328,2,heico,2,2,0.9564958930022529,0.9276122204070161,1,0.9999860288348827,False,0.00011803931556642056,0.007302833721041679,0.9564825296401978,0.02888326905667782,0.006444728467613459,0.0005994531093165278,0.00010416933946544304,1.5974885172909126e-05,2.9845014068996534e-05,5.186285761737963e-06,0.0,0.0,0.0
heico__2159338,2,heico,2,2,0.9537198156810167,0.9210853178361512,1,0.9999879786259953,False,0.00015112588880583644,0.004416546318680048,0.9537083506584167,0.032634105533361435,0.008251193910837173,0.0006772992201149464,0.00010386721260147169,1.4056896361580584e-05,2.6261743187205866e-05,5.171243628865341e-06,0.0,0.0,0.0
heico__2159353,2,heico,2,2,0.7623808837906954,0.6122592016485038,1,0.9999730457639089,False,0.0001368895755149424,0.005136743187904358,0.7623603343963623,0.1501176357269287,0.07091055065393448,0.009596699848771095,0.001298772287555039,0.0001551162131363526,0.00022569276916328818,3.461110463831574e-05,0.0,0.0,0.0
heico__2159356,2,heico,2,2,0.8265463754510308,0.7278294892859869,1,0.9999774953739688,False,0.0001484114909544587,0.04115039482712746,0.8265277743339539,0.0987146645784378,0.028282225131988525,0.004337219521403313,0.0005869788583368063,9.00161248864606e-05,0.00011558299593161792,2.4227510948549025e-05,0.0,0.0,0.0
heico__2159400,4,heico,4,4,0.6540970705900605,0.46669511809909653,1,0.9999411479402625,False,6.286265124799684e-05,0.0004099159559700638,0.010571871884167194,0.12879176437854767,0.654058575630188,0.18739092350006104,0.017430070787668228,0.0008677921141497791,0.00031924291397444904,3.812812428805046e-05,0.0,0.0,0.0
heico__2159405,4,heico,4,4,0.5723635063670977,0.3337669011693445,1,0.9999332292900363,False,8.003490802366287e-05,0.0005218931473791599,0.017282726243138313,0.14470650255680084,0.5723252892494202,0.23858067393302917,0.02514621987938881,0.0009750248282216489,0.00027934927493333817,3.5515269701136276e-05,0.0,0.0,0.0
heico__2159412,4,heico,4,4,0.4274983610354926,0.16820751081646573,1,0.9999552659865003,False,0.0002364320826018229,0.0022432052064687014,0.05105511471629143,0.20192690193653107,0.42747923731803894,0.2592792510986328,0.05105511471629143,0.004748865496367216,0.0017470099264755845,0.00018413348880130798,0.0,0.0,0.0
heico__2159414,4,heico,4,4,0.3730893885341992,0.08252706422825559,1,0.9999553058296442,False,0.0008160932920873165,0.006833065301179886,0.08324377983808517,0.2905493378639221,0.37307271361351013,0.19969144463539124,0.039321575313806534,0.004696292337030172,0.0015246629482135177,0.0002063406864181161,0.0,0.0,0.0
heico__2159418,3,heico,3,3,0.37456244680228623,0.0,1,0.9999551924993284,False,0.001350822625681758,0.005342606920748949,0.13778766989707947,0.3745456635951996,0.3745456635951996,0.09469997882843018,0.009981303475797176,0.0010520217474550009,0.0005631066160276532,8.635519770905375e-05,0.0,0.0,0.0
heico__2226859,5,heico,5,5,0.2545880508260322,0.0299148782336467,1,0.9999678738531657,False,1.0857649613171816e-05,0.0028281272388994694,0.030405230820178986,0.12025502324104309,0.22466595470905304,0.2545798718929291,0.22466595470905304,0.09365471452474594,0.0442393459379673,0.004662793129682541,0.0,0.0,0.0
heico__2226865,1,heico,1,1,0.6433884080955522,0.2990073809250237,1,0.9999833189285731,True,2.9209302738308907e-05,0.6433776756875615,0.34437528252601624,0.010399231687188148,0.0014073830097913742,0.0002771301369648427,7.006947271293029e-05,1.8858941984944977e-05,2.0075240172445774e-05,8.368605449504685e-06,2.0743665177049334e-08,5.943159763350787e-09,7.631167841628898e-09
heico__2226873,1,heico,1,1,0.8585546233520649,0.726890977323973,1,0.9999833953822744,True,0.001290763495489955,0.8585403673807476,0.13166145980358124,0.006555037572979927,0.0014626267366111279,0.0003263561229687184,8.783755038166419e-05,2.086324820993468e-05,2.6788942705024965e-05,1.116729254135862e-05,8.526305768803553e-08,1.9024759604774615e-08,2.294824060931982e-08
heico__2226951,8,heico,8,8,0.2663548194710303,0.031297532792826564,1,0.9999567347913398,False,1.5526391507592052e-05,0.006263793911784887,0.006263793911784887,0.028072373941540718,0.05942922085523605,0.11102839559316635,0.2350471168756485,0.2350471168756485,0.26634329557418823,0.05244610086083412,0.0,0.0,0.0
heico__2227077,1,heico,1,1,0.8482533028437949,0.7181694042096938,1,0.9999860635676301,True,3.192600343027152e-05,0.8482414812190072,0.13008208572864532,0.01553608849644661,0.004451163578778505,0.0011254304554313421,0.0003224412212148309,7.65865042922087e-05,8.67838753038086e-05,3.192600343027152e-05,8.967327073649683e-08,2.5691821172819605e-08,3.5116557811073133e-08
heico__2227155,2,heico,2,2,0.7954128189543754,0.6877653976220607,1,0.9999812906503394,False,0.00016183832485694438,0.08383432775735855,0.795397937297821,0.10764540731906891,0.011345742270350456,0.0013550558360293508,0.0001833868445828557,2.190243685618043e-05,2.812328420986887e-05,7.569279205199564e-06,0.0,0.0,0.0
heico__2227188,3,heico,3,3,0.29993650183466986,0.03524347642603039,1,0.9999696990162192,False,2.5439312594244257e-05,0.014932505786418915,0.1416756808757782,0.29992741346359253,0.2646850049495697,0.18191517889499664,0.0758335217833519,0.01317789126187563,0.007053616922348738,0.0007434457656927407,0.0,0.0,0.0
heico__2227191,3,heico,3,3,0.40011306722236717,0.18594796417955953,1,0.9999661313049728,False,0.0001520894147688523,0.04778507351875305,0.2141578495502472,0.400099515914917,0.1889936327934265,0.10116099566221237,0.03721505030989647,0.005707112606614828,0.003922437783330679,0.0007723737508058548,0.0,0.0,0.0
heico__2227210,1,heico,1,1,0.6622036209668469,0.3861557294968024,1,0.9999804371899755,True,0.00025171818560920656,0.6621906664032124,0.27604249119758606,0.0423324890434742,0.013743346557021141,0.003937534522265196,0.000995564740151167,0.00019603832333814353,0.00022214051568880677,6.774902431061491e-05,4.859278758523272e-07,8.988762144296061e-08,1.2286182127391057e-07
heico__2227217,1,heico,1,1,0.8351113999927479,0.6899907265222813,1,0.9999808459032099,True,0.00026317042647860944,0.8350954041881619,0.1451178938150406,0.015295314602553844,0.0030118259601294994,0.000862902554217726,0.00020495733770076185,4.868163159699179e-05,5.8721259847516194e-05,2.160234362236224e-05,2.7193208033543797e-07,3.9175534119479036e-08,6.067624573664022e-08
heico__2227262,1,heico,1,1,0.9102665172935233,0.8255985318272427,1,0.999985511754381,True,6.400609709089622e-05,0.910253329128642,0.08466675877571106,0.003719997825101018,0.000940562691539526,0.0002098679105984047,7.720608846284449e-05,1.7227006537723355e-05,2.668170964170713e-05,9.815652447286993e-06,3.7683789125067416e-08,8.95068441357546e-09,1.2234135020880754e-08
heico__2227291,3,heico,3,3,0.31242851701155716,0.03671133865511609,1,0.9999658097331121,False,5.971580321784131e-05,0.05429007485508919,0.27570775151252747,0.3124178349971771,0.2147214263677597,0.1149321049451828,0.02263147197663784,0.0030628368258476257,0.0018577042501419783,0.0002848881995305419,0.0,0.0,0.0
heico__2227315,1,heico,1,1,0.6078776214990551,0.38425174281579355,1,0.9999778321278227,True,8.500478725181893e-05,0.6078641461456422,0.2236209213733673,0.105631023645401,0.04403356835246086,0.0142956068739295,0.003189780982211232,0.0006281050737015903,0.0004891687422059476,0.00014014918997418135,2.2429435089134776e-07,6.426141197135224e-08,6.840591415769902e-08
heico__2227320,1,heico,1,1,0.6312210438396035,0.36808877064180096,1,0.9999784842499971,True,0.0004211085324641317,0.6312074626454277,0.2631266117095947,0.07538703829050064,0.02159874700009823,0.0061881449073553085,0.0013807617360725999,0.00030808959854766726,0.0002718881005421281,8.826914563542232e-05,2.479288218755314e-07,5.196870703269693e-08,6.268622971706693e-08
heico__2227324,2,heico,2,2,0.3237887518379635,0.03804619083154533,1,0.9999691974371672,False,0.0004295833350624889,0.15294227004051208,0.32377877831459045,0.28573375940322876,0.15294227004051208,0.0637558177113533,0.016119996085762978,0.00247208122164011,0.001499393256381154,0.0002952480281237513,0.0,0.0,0.0
heico__2227364,1,heico,1,1,0.8299203339490822,0.6664993417945767,1,0.9999865836345231,True,0.0008575432584621012,0.8299091994345652,0.16341879963874817,0.005591884255409241,0.0001797508157324046,1.779774174792692e-05,5.778080776508432e-06,1.7622151062823832e-06,2.408662567177089e-06,1.6554480453123688e-06,2.0633373317792998e-09,9.15600502506185e-10,1.1044249485426965e-09
heico__2227369,1,heico,1,1,0.9737002896381591,0.9477520556717927,1,0.9999928910082226,True,1.7311167539446615e-05,0.9736933676108065,0.025948049500584602,0.0003068477672059089,2.088125256705098e-05,3.6286176055000396e-06,1.4209870187187335e-06,4.0711961446504574e-07,5.923555477238551e-07,3.8245346445364703e-07,1.1435140558275817e-09,4.2067530917492687e-10,6.12078954524258e-10
heico__2227384,1,heico,1,1,0.7393657316508541,0.4993288282149321,1,0.9999869692206959,True,7.972793355293106e-06,0.7393560971391798,0.24003377556800842,0.019703172147274017,0.0008132470538839698,5.5342163250315934e-05,1.0237269634671975e-05,2.5883873604470864e-06,2.7553237487154547e-06,1.7789706134863081e-06,1.2633782068483682e-09,4.647708638200325e-10,6.76237585923608e-10
heico__2227398,2,heico,2,2,0.971217667274552,0.9483768169566175,1,0.9999892240493153,False,4.6473405745928176e-06,0.00577500881627202,0.9712072014808655,0.022840604186058044,0.00015389877080451697,6.352161108225118e-06,9.74135446085711e-07,1.5902324435046467e-07,2.4630003281345125e-07,1.3183490921164776e-07,0.0,0.0,0.0
heico__2227450,1,heico,1,1,0.9513469287512375,0.9039821535348083,1,0.99999567155159,True,7.12097535142675e-05,0.9513428108951364,0.04736457020044327,0.0011139078997075558,8.069121395237744e-05,1.3172479157219641e-05,4.8458846322319005e-06,1.4779113826079993e-06,1.897675701911794e-06,1.0812630080181407e-06,2.853034179040633e-09,1.4345955615245833e-09,2.0873243967433717e-09
heico__2227552,1,heico,1,1,0.6805043644433008,0.39682795111371955,1,0.9999747945025412,True,5.771771975560114e-05,0.6804872119922721,0.28366926312446594,0.033879462629556656,0.0016867591766640544,0.0001473873562645167,2.9022292437730357e-05,6.893398676766083e-06,6.893398676766083e-06,4.181058102403767e-06,1.2377793914704577e-09,4.553536198765049e-10,6.62535635010593e-10
heico__2227564,2,heico,2,2,0.9339354866281668,0.8812464473964543,1,0.999987466254133,False,2.885361254811869e-06,0.05268837884068489,0.9339237809181213,0.013321707025170326,4.80455782962963e-05,1.9830779365292983e-06,4.1567568587197457e-07,7.001121105076891e-08,1.2287350159567723e-07,7.689227032869894e-08,0.0,0.0,0.0
heico__2227601,1,heico,1,1,0.9766636014412018,0.9536946732500509,1,0.9999955863998488,True,6.387820576492231e-06,0.9766592908385827,0.022968826815485954,0.0003276327042840421,2.5264322175644338e-05,4.673429884860525e-06,1.830141286518483e-06,5.243442728897207e-07,7.166936484281905e-07,4.3469663069117814e-07,2.013041448154567e-09,1.0122208314226992e-09,1.5677582008923395e-09
heico__2227675,1,heico,1,1,0.9766092857305715,0.9536416367046981,1,0.9999952412114382,True,2.229443816759158e-05,0.9766046382534732,0.022967539727687836,0.0003712357138283551,2.229443816759158e-05,3.874192316288827e-06,1.719162355584558e-06,4.925482812723203e-07,7.166535169744748e-07,4.346723017079057e-07,6.535030857034661e-10,3.086930240783138e-10,4.4914568535660165e-10
heico__2227715,1,heico,1,1,0.9912693029959793,0.9826931430569003,1,0.9999972182575505,True,1.997015169763472e-05,0.9912665455400802,0.008576136082410812,0.00012233201414346695,8.861700734996703e-06,1.7449724509788211e-06,8.242665785473946e-07,2.3615633892859478e-07,3.436054498706653e-07,2.2184835302141437e-07,8.001094472414584e-10,4.5588861007209373e-10,6.633140029006758e-10
heico__2227786,1,heico,1,1,0.9390556481108939,0.8790238300316027,1,0.9999890496894774,True,1.2214442904223688e-05,0.9390453651599492,0.060031160712242126,0.0008562985458411276,3.534366260282695e-05,5.091737421025755e-06,1.8731456066234387e-06,4.736053540455032e-07,6.890917347845971e-07,5.366651976146386e-07,1.4160527401842418e-09,5.902986243515982e-10,9.142724834545679e-10
heico__2227835,2,heico,2,2,0.6201463072336916,0.2440085727906198,1,0.9999839924257259,False,8.586529474996496e-06,0.37613171339035034,0.6201363801956177,0.0036874653305858374,1.817768315959256e-05,1.058068050951988e-06,3.226925286980986e-07,6.764002336012709e-08,1.2248027303485287e-07,9.84156613981213e-08,0.0,0.0,0.0
heico__2227836,2,heico,2,2,0.6740624267686245,0.35565788845712715,1,0.9999847967955091,False,4.99562611366855e-06,0.31839969754219055,0.6740521788597107,0.007488043513149023,3.691296296892688e-05,2.0824868443014566e-06,5.103353259983123e-07,9.73992086983344e-08,1.6058413621067302e-07,1.1748586103976777e-07,0.0,0.0,0.0
heico__2227857,1,heico,1,1,0.8928428812175202,0.786207996920193,1,0.9999909241698629,True,9.044499165611342e-06,0.8928347779271911,0.10663391649723053,0.0004938129568472505,1.587359292898327e-05,2.0181007585051702e-06,7.42417796573136e-07,2.0616197105027823e-07,3.0948578455536335e-07,2.194582719994287e-07,1.3463679422039401e-09,6.76996302190431e-10,1.0485524241320692e-09
heico__2228868,1,heico,1,1,0.9305594794855657,0.8631499688119061,1,0.9999860328827979,True,0.001089557888917625,0.9305464822522522,0.06740856915712357,0.0007488414994440973,0.00013012914860155433,3.7282617995515466e-05,1.2884530406154227e-05,4.182994416623842e-06,5.371070983528625e-06,2.700744289541035e-06,2.1950317344457853e-08,3.814393076336177e-09,5.2136569644492425e-09
heico__2228952,1,heico,1,1,0.8319719302056521,0.6681469420822862,1,0.9999836414415154,True,0.00031625147676095366,0.8319583203441743,0.16382230818271637,0.0034000237938016653,0.00035835985909216106,8.511792839271948e-05,2.290918018843513e-05,7.917200491647236e-06,8.427815373579506e-06,3.98101883547497e-06,1.6269499297444363e-08,3.410272131017451e-09,4.9619167075763325e-09
heico__2229231,1,heico,1,1,0.9856110067555756,0.9715520211312103,1,0.999995835383004,True,1.6461312043247744e-05,0.9856069020632253,0.014058927074074745,0.00025749823544174433,3.948863013647497e-05,9.984290045395028e-06,3.0450364647549577e-06,1.2693601547653088e-06,1.531140696897637e-06,7.232595748973836e-07,3.1464275425661943e-09,7.473419825909945e-10,1.0873762301244282e-09
heico__2229273,1,heico,1,1,0.9573260916874398,0.9152641163559118,1,0.9999892366326227,True,5.940560367889702e-05,0.9573157876350151,0.04206152260303497,0.0004672613285947591,6.323693378362805e-05,1.3255182238935959e-05,4.303327386878664e-06,1.5831058135518106e-06,1.9095900825050194e-06,9.602022146282252e-07,6.887052381867365e-09,1.8536250893335482e-09,2.3801014219156554e-09
heico__2229366,1,heico,1,1,0.8496940505620164,0.7020393682119139,1,0.9999831468522373,True,0.00019590204465202987,0.8496797305426292,0.14765219390392303,0.0021061457227915525,0.00025154324248433113,5.612687527900562e-05,1.8221729987999424e-05,7.595946954097599e-06,1.1052037734771147e-05,4.60717456007842e-06,1.7687692899926542e-08,4.201195133809095e-09,5.742353163724358e-09
heico__2229399,2,heico,2,2,0.32595899011693036,0.0721018736011083,1,0.9999522948637605,False,0.00248860870487988,0.19769468903541565,0.3259434401988983,0.2538450062274933,0.1358734369277954,0.05664047226309776,0.018388470634818077,0.004649333190172911,0.0036209046375006437,0.0008079330436885357,0.0,0.0,0.0
heico__2229468,1,heico,1,1,0.474687395450098,0.1049978227380461,1,0.9999640758884324,True,0.0017119408585131168,0.47467034272714415,0.36967629194259644,0.10591402649879456,0.03438525274395943,0.009851538576185703,0.0024908592458814383,0.0005557857803069055,0.0005557857803069055,0.0001495877222623676,2.0044561014349437e-06,2.8876927534571663e-07,3.707871046426919e-07
heico__2229479,2,heico,2,2,0.39967129077925845,0.0,1,0.9999727719186922,False,9.214564488502219e-05,0.015496514737606049,0.3996604084968567,0.3996604084968567,0.14702686667442322,0.03280612453818321,0.004439826123416424,0.0004129681328777224,0.00032161991111934185,5.588916246779263e-05,0.0,0.0,0.0
heico__2229507,2,heico,2,2,0.5174550110830454,0.3270939299753429,1,0.9999703400826547,False,0.0011318946490064263,0.16798806190490723,0.5174396634101868,0.19035543501377106,0.08991751819849014,0.022734712809324265,0.007380879949778318,0.0012826047604903579,0.0014533816138282418,0.0002861877728719264,0.0,0.0,0.0
heico__2229581,2,heico,0,2,0.3502820668803171,0.1095369613782981,2,0.9999398653162643,False,0.35026100277900696,0.18748120963573456,0.2407306283712387,0.14601050317287445,0.053714264184236526,0.015389394015073776,0.004409135319292545,0.000983811100013554,0.0007661928539164364,0.00019372388487681746,0.0,0.0,0.0
heico__2229592,2,heico,2,2,0.5492534074034577,0.3202905292475794,1,0.9999685234361095,False,0.0003900534356944263,0.13886864483356476,0.5492361187934875,0.22895567119121552,0.05788905918598175,0.018793826922774315,0.004193469416350126,0.0007287157350219786,0.0007287157350219786,0.00018424818699713796,0.0,0.0,0.0
heico__2229670,2,heico,2,2,0.2856437960334976,0.03356402987356911,1,0.9999414342455566,False,0.0046167317777872086,0.17324158549308777,0.2856270670890808,0.2520650029182434,0.17324158549308777,0.07221783697605133,0.026567455381155014,0.006717305164784193,0.0046167317777872086,0.0010301321744918823,0.0,0.0,0.0
heico__2229772,2,heico,2,2,0.3878623790638972,0.04557504841783975,1,0.9999693554418627,False,0.00021451404609251767,0.067398302257061,0.38785049319267273,0.34227684140205383,0.1426822394132614,0.046322137117385864,0.010335865430533886,0.0015850563067942858,0.0010893922299146652,0.00021451404609251767,0.0,0.0,0.0
heico__2229773,3,heico,3,3,0.48647622777792876,0.22608424439653974,1,0.9999672553822165,False,7.708514021942392e-05,0.0037141700740903616,0.15793053805828094,0.48646029829978943,0.2603834569454193,0.07460110634565353,0.014689828269183636,0.0013663669815286994,0.0006454259855672717,9.897928248392418e-05,0.0,0.0,0.0
heico__2229781,8,heico,8,8,0.3348721925240801,0.03934854588152538,1,0.9999415996189782,False,3.023335557372775e-05,0.0032827798277139664,0.0012076671700924635,0.004776415880769491,0.018891092389822006,0.0659363865852356,0.23014062643051147,0.29550638794898987,0.3348526358604431,0.04531737416982651,0.0,0.0,0.0
heico__2229830,3,heico,3,3,0.4096186552715049,0.09060732590700388,1,0.9999571236985503,False,0.00022654395434074104,0.012368881143629551,0.15068383514881134,0.409601092338562,0.31899765133857727,0.09139435738325119,0.014015777967870235,0.0014772522263228893,0.0010152995819225907,0.00017643261526245624,0.0,0.0,0.0
heico__2308226,1,heico,1,1,0.877582725717146,0.785086140754201,1,0.9999876370984089,True,5.796936238766648e-05,0.8775718762482699,0.09249544143676758,0.018213432282209396,0.007592488545924425,0.0024649202823638916,0.000906793458852917,0.0002943927247542888,0.0002943927247542888,9.557532757753506e-05,2.0906930153620548e-07,6.376253121290878e-08,8.18727141826431e-08
heico__2308347,2,heico,2,2,0.4526603756437035,0.10012811685875977,1,0.9999728882685304,False,0.00017206466873176396,0.35252270102500916,0.4526481032371521,0.12968586385250092,0.04770876094698906,0.013668788596987724,0.0026915438938885927,0.0004127616703044623,0.00036426089354790747,9.803948341868818e-05,0.0,0.0,0.0
heico__2308483,1,heico,1,1,0.5183652932526054,0.24090320218916192,1,0.9999776728983955,True,0.00020975018560420722,0.5183537196580347,0.2774558961391449,0.1310608834028244,0.04821460321545601,0.017737161368131638,0.004484656732529402,0.0011338988551869988,0.001000662217848003,0.000324867432937026,1.0339719056143672e-06,2.6142902813614064e-07,2.782897644978369e-07
heico__2308538,2,heico,2,2,0.48806189030070163,0.25751776028975604,1,0.9999725517627667,False,0.0001444841909687966,0.2305378019809723,0.4880484938621521,0.17954303324222565,0.07484466582536697,0.021443355828523636,0.004222447052598,0.0005714460276067257,0.0005042993579991162,0.00011252439435338601,0.0,0.0,0.0
heico__2308585,1,heico,1,1,0.8945716725525173,0.8113635149314321,1,0.9999891773942376,True,7.58751921239309e-05,0.8945619909559791,0.08320725709199905,0.014459253288805485,0.004694232251495123,0.0019568472635000944,0.0006352952332235873,0.00018201513739768416,0.00016062779468484223,5.551147842197679e-05,1.659757687444191e-07,4.4671767388243e-08,6.105907068368445e-08
heico__2308603,2,heico,3,3,0.24167892390204232,0.028398019127363408,2,0.9999644217896275,False,0.0005286516970954835,0.16609743237495422,0.2132733166217804,0.24167032539844513,0.1882130354642868,0.11415698379278183,0.04758770391345024,0.015449466183781624,0.010618253611028194,0.0023692527320235968,0.0,0.0,0.0
heico__2308631,2,heico,2,2,0.627232633880516,0.3964866207559845,1,0.999974116199212,False,4.648511094273999e-06,0.2307400405406952,0.6272163987159729,0.13995090126991272,0.0019962924998253584,5.663045521941967e-05,5.968805908196373e-06,1.070147959580936e-06,1.3318206129042665e-06,8.334320114045113e-07,0.0,0.0,0.0
heico__2308839,1,heico,1,1,0.5594257126143168,0.12374450225158622,1,0.9999880603071671,True,3.6588689908967353e-06,0.5594190332431455,0.4356760084629059,0.004839923232793808,4.457414979697205e-05,3.2289406135532772e-06,8.690576578374021e-07,1.93912967461074e-07,3.197084197381628e-07,2.4898915285120893e-07,6.993585680451762e-10,4.2418238225502e-10,6.171817482354011e-10
heico__2308887,1,heico,1,1,0.7504043400032201,0.5067837340302417,1,0.9999858026553028,True,8.172445086529478e-05,0.7503936862541428,0.24361714720726013,0.005729326047003269,0.0001434308651369065,1.3341151316126343e-05,3.5907219171349425e-06,1.0287590157531668e-06,1.4968355799283017e-06,1.0287590157531668e-06,7.777170741566505e-10,3.242006835918828e-10,5.021318617083908e-10
heico__2308919,1,heico,1,1,0.7725889845842989,0.5512385223360078,1,0.9999885511822054,True,4.189121227682335e-06,0.7725801393537843,0.22134792804718018,0.005898721981793642,0.0001387246447848156,1.2903402421216015e-05,3.2624909636069788e-06,7.749095516373927e-07,1.127486711993697e-06,7.749095516373927e-07,2.044687324870956e-09,1.0944420567642687e-09,1.6951052439057312e-09
heico__2308939,2,heico,2,2,0.5359215203895259,0.2108687024402631,1,0.9999783004403753,False,5.778945705969818e-06,0.32504576444625854,0.53590989112854,0.1354992389678955,0.0033921569120138884,0.00010904070950346068,1.0796492460940499e-05,1.9971503206761554e-06,2.263067699459498e-06,1.3726199767916114e-06,0.0,0.0,0.0
heico__2308943,1,heico,1,1,0.721055820312609,0.4557941692625535,1,0.9999842672707346,True,2.1135543647687882e-05,0.7210444761366027,0.26525747776031494,0.013206391595304012,0.0003987984382547438,3.9486392779508606e-05,9.378840331919491e-06,2.5242807168979198e-06,2.860384711311781e-06,1.7349109384667827e-06,1.2320870199157219e-09,7.954951590624614e-10,9.59550243357157e-10
heico__2309041,1,heico,1,1,0.8645311491973586,0.7319509991353845,1,0.9999913165139643,True,9.32252896745922e-06,0.8645236420531972,0.1325789988040924,0.0027515895199030638,0.00010669069160940126,1.3564200344262645e-05,3.8862081055413e-06,1.1134173973914585e-06,1.5218610087686102e-06,9.825873803492868e-07,2.149397241522325e-09,1.015303407057406e-09,1.4772577872681155e-09
heico__2309103,2,heico,2,2,0.6100968893150341,0.2400544215076679,1,0.9999860007049506,False,6.180251602927456e-06,0.009861159138381481,0.6100883483886719,0.3700372874736786,0.009861159138381481,0.00012413368676789105,6.180251602927456e-06,6.513938046737167e-07,6.119278168625897e-07,2.890542418754194e-07,0.0,0.0,0.0
heico__2309106,2,heico,2,2,0.7506566917560867,0.5069541544905505,1,0.9999904351189457,False,1.0393640877737198e-05,0.0034761971328407526,0.7506495118141174,0.24370020627975464,0.0021084200125187635,4.11076434829738e-05,3.37432084052125e-06,4.2899677055174834e-07,5.508427420863882e-07,2.4443500024062814e-07,0.0,0.0,0.0
heico__2309882,1,heico,1,1,0.9521611571146207,0.9047558455696603,1,0.9999938373476103,True,6.289604789344594e-05,0.9521552892763904,0.04740501940250397,0.0003194125019945204,3.8148380554048344e-05,7.996335625648499e-06,2.4387445591855794e-06,8.971639999799663e-07,1.2262778454896761e-06,5.111886594022508e-07,1.1903391425780301e-09,3.410378683271535e-10,4.962071793534394e-10
heico__2309899,2,heico,2,2,0.8968593992911985,0.8134384816082364,1,0.9999790079314153,False,2.46958061325131e-05,0.08341916650533676,0.8968405723571777,0.018613331019878387,0.0009267032146453857,0.00011781710054492578,2.179397051804699e-05,5.5103787417465355e-06,6.646786005148897e-06,2.7707924346032087e-06,0.0,0.0,0.0
heico__2309929,2,heico,2,2,0.9433051131047246,0.8963407170821357,1,0.9999842894013682,False,2.153392051695846e-05,0.046963658183813095,0.9432902932167053,0.009247693233191967,0.00040631525916978717,4.023065775982104e-05,8.43280395201873e-06,2.0029665392939933e-06,2.914299102485529e-06,1.2148606174378074e-06,0.0,0.0,0.0
heico__2309930,2,heico,2,2,0.8797590962714732,0.774686853532478,1,0.9999791742534399,False,2.578731073299423e-05,0.10507005453109741,0.8797407746315002,0.014219685457646847,0.0008022197289392352,9.000655700219795e-05,1.772334326233249e-05,4.770172836288111e-06,5.753926870966097e-06,2.398593551333761e-06,0.0,0.0,0.0
heico__2309931,1,heico,1,1,0.9737322991822375,0.9477832116741027,1,0.999995888681041,True,5.676316504832357e-05,0.9737282958581748,0.025948980823159218,0.00022450265532825142,2.6813022486749105e-05,6.3686502471682616e-06,1.9423287085373886e-06,8.096830583781411e-07,9.76664182417153e-07,4.333920742283226e-07,1.4683546567129e-09,3.9520229823472497e-10,5.750159480656922e-10
heico__2310084,2,heico,2,2,0.8628650008351363,0.730540364056399,1,0.9999775844667056,False,1.850407716119662e-05,0.13232167065143585,0.8628456592559814,0.004527798388153315,0.00022542579972650856,2.6923275072476827e-05,6.007394404150546e-06,1.832151724556752e-06,2.504254780433257e-06,1.2592182656590012e-06,0.0,0.0,0.0
heico__2310096,1,heico,1,1,0.9764153626548687,0.9606330786683993,1,0.9999828636355733,True,0.007454895414412022,0.9763986304453824,0.015782013535499573,0.0002715445589274168,4.432843343238346e-05,1.7359265257255174e-05,5.999200766382273e-06,2.6621291908668354e-06,3.211140665371204e-06,2.206982571806293e-06,8.472968579134891e-09,1.7760306076963021e-09,2.280468594984551e-09
heico__2310159,1,heico,1,1,0.974083876258126,0.9583392768321476,1,0.9999827923765664,True,0.009549419395625591,0.9740671145895906,0.015744328498840332,0.00047543758410029113,8.794710447546095e-05,3.444058165769093e-05,1.0503783414606005e-05,4.661026196117746e-06,5.281634003040381e-06,3.630010496635805e-06,1.9048533151015096e-08,3.992789310292524e-09,5.126843559845265e-09
heico__2310267,1,heico,1,1,0.9515273583544105,0.9097201620396218,1,0.9999686517458662,True,0.04180588573217392,0.9514975296329655,0.006411140318959951,0.0001935996551765129,3.364257645444013e-05,1.4928803466318641e-05,5.159256033948623e-06,2.2894059839018155e-06,2.4370599476242205e-06,2.0203935946483398e-06,1.2788511024441185e-08,2.680617461888002e-09,3.4419809969386865e-09
heico__2310562,1,heico,1,1,0.967609795529636,0.9383905108957751,1,0.9999900561275105,True,0.0016484230291098356,0.9676001737412097,0.029218994081020355,0.0011329433182254434,0.0002527938049752265,8.207013888750225e-05,2.6644274839782156e-05,9.801879969018046e-06,1.258586416952312e-05,5.584942755376687e-06,2.9307063781573582e-08,4.784246389429026e-09,6.961038553779511e-09
heico__2310782,3,heico,3,3,0.25197325867271647,0.0,1,0.9999405576963909,False,0.0002950127818621695,0.04378378018736839,0.17316822707653046,0.25195828080177307,0.25195828080177307,0.15282042324543,0.08179887384176254,0.023435769602656364,0.018251797184348106,0.0024701121728867292,0.0,0.0,0.0
heico__2310783,3,heico,3,3,0.3130066237811812,0.03677925622344665,1,0.999958632470225,False,0.00013481969654094428,0.02911294624209404,0.24375972151756287,0.3129936754703522,0.27621594071388245,0.10161416977643967,0.02911294624209404,0.003940009046345949,0.002707925857976079,0.0003664779069367796,0.0,0.0,0.0
heico__2310788,2,heico,3,3,0.3563081280829591,0.041867333318143775,2,0.9999760905338917,False,0.00017390814900863916,0.025810256600379944,0.3144332766532898,0.35629960894584656,0.21610663831233978,0.07015954703092575,0.013815234415233135,0.001869688741862774,0.0011340235359966755,0.00017390814900863916,0.0,0.0,0.0
heico__2310804,2,heico,2,2,0.5124378898262094,0.29882200238286677,1,0.9999605498305755,False,0.0012701564701274037,0.21360746026039124,0.5124176740646362,0.18850794434547424,0.06119956076145172,0.01753396727144718,0.003912356682121754,0.000679865712299943,0.000679865712299943,0.00015169855032581836,0.0,0.0,0.0
heico__2310805,2,heico,2,2,0.5480277947095498,0.34641960787069187,1,0.9999689282121835,False,0.0007270899368450046,0.13855881989002228,0.5480107665061951,0.20160192251205444,0.08404017984867096,0.02124868333339691,0.0041841138154268265,0.0007270899368450046,0.0007270899368450046,0.00014317249588202685,0.0,0.0,0.0
heico__2310806,2,heico,2,2,0.28091220947730766,0.0,1,0.9999465691798832,False,0.0002561451110523194,0.06267663836479187,0.28089720010757446,0.28089720010757446,0.21876296401023865,0.10333631932735443,0.038015302270650864,0.007485656999051571,0.006606069393455982,0.001013073488138616,0.0,0.0,0.0
heico__2310912,1,heico,1,1,0.9907274189627319,0.982155947007114,1,0.999978276639457,True,0.0003765959991142154,0.99070589703381,0.008571285754442215,0.00025883037596940994,3.96929208363872e-05,1.4602211194869597e-05,4.74064427180565e-06,2.3837453682062915e-06,2.7011376459995518e-06,1.5390619410027284e-06,4.8984942446467135e-09,1.163494388247756e-09,1.6928743587665887e-09
heico__2409547,1,heico,1,1,0.7032954166858914,0.4749686985713095,1,0.9999823351828773,True,0.00011863068357342854,0.7032829931009723,0.22832268476486206,0.05094568058848381,0.012881084345281124,0.0032568483147770166,0.0008234601700678468,0.00017260664026252925,0.00013442616909742355,4.3641786760417745e-05,1.783532869223308e-07,4.236262050967343e-08,5.790283186410374e-08
heico__2409548,1,heico,1,1,0.8482822188143105,0.7181938938859067,1,0.9999844553987314,True,0.0001955768238985911,0.8482690326054558,0.13008630275726318,0.015536593273282051,0.004451308399438858,0.000993221066892147,0.0002845626149792224,6.758954259566963e-05,7.194869249360636e-05,2.8175512852612883e-05,9.545988521260214e-08,2.129997944780656e-08,2.7349714906093443e-08
heico__2409552,1,heico,1,1,0.6845229135767867,0.4327007943888579,1,0.9999827007403964,True,0.001321418210864067,0.6845110718372002,0.2518177628517151,0.043759360909461975,0.01420658454298973,0.0031699177343398333,0.000801480608060956,0.00015782089030835778,0.00017883449618238956,5.805906039313413e-05,2.525756703233836e-07,5.999198062874788e-08,7.703122979927591e-08
heico__2409554,1,heico,1,1,0.5586989542593536,0.2596481006499463,1,0.9999825071202483,True,0.0001653974613873288,0.5586891810057293,0.2990456223487854,0.09708588570356369,0.03151917830109596,0.010232778266072273,0.002283241366967559,0.0004495968751143664,0.0003967678640037775,0.0001136758946813643,8.15334944136796e-07,1.605489532872259e-07,2.0614894980349464e-07
heico__2409555,1,heico,2,2,0.3774273123710042,8.022213354303274e-07,2,0.9999780416921465,True,0.0005007521831430495,0.37741822250216683,0.37741902470588684,0.157331645488739,0.06558558344841003,0.016582634299993515,0.003700086148455739,0.0007285901228897274,0.0005674265557900071,0.0001434678997611627,4.02969540945843e-07,8.99146585805388e-08,1.1545271112272838e-07
heico__2409556,1,heico,1,1,0.8785162327132686,0.7735924034088193,1,0.9999833140422048,True,0.0013207739684730768,0.8785015738284871,0.10492207854986191,0.011058705858886242,0.003168372204527259,0.000706959399394691,0.00017874733021017164,4.5194403355708346e-05,5.803075691801496e-05,2.2725173039361835e-05,1.0523808858354848e-07,2.072260777004678e-08,2.6608354781849854e-08
heico__2409557,1,heico,1,1,0.6056999216777488,0.3195873249485174,1,0.9999804516107187,True,0.0019277739338576794,0.6056880812198921,0.28610700368881226,0.08197102695703506,0.018290208652615547,0.004624488763511181,0.0010318630374968052,0.000148653969517909,0.00013964746904093772,5.1373430324019864e-05,2.234907067393018e-07,4.6846198861933314e-08,6.015170956328106e-08
heico__2409558,1,heico,1,1,0.7487061340532936,0.534198195455521,1,0.9999835309515201,True,0.003928785212337971,0.7486938035756747,0.2145044058561325,0.0256188977509737,0.00571634853258729,0.0011256157886236906,0.0002511588390916586,5.6041117204586044e-05,6.350289913825691e-05,2.486808989488054e-05,6.561714651246255e-08,1.7660614984676137e-08,2.0012099337231526e-08
heico__2409560,1,heico,1,1,0.7113971077246052,0.4496886764742942,1,0.9999855650473993,True,0.0001858559116953984,0.7113868387410749,0.2617046535015106,0.02148202434182167,0.004230061080306768,0.0007350744563154876,0.00016401727043557912,3.659720459836535e-05,4.4144650019006804e-05,1.6239910110016353e-05,3.5524581872023845e-08,1.0177962416894815e-08,1.227696722403202e-08
heico__2409565,1,heico,1,1,0.6891607268006515,0.4654228177966713,1,0.999979493096417,True,0.0005545794847421348,0.6891465942480739,0.2237333208322525,0.06410066783428192,0.016207188367843628,0.00464343698695302,0.0010360907763242722,0.00024609314277768135,0.00023118311946745962,7.989475125214085e-05,2.8814373572957296e-07,7.285414554356452e-08,8.255456703756073e-08
heico__2409566,1,heico,1,1,0.6520968029658915,0.34406791438488965,1,0.9999805145992451,True,0.0011109040351584554,0.6520840965983546,0.3080228865146637,0.028650591149926186,0.007244004402309656,0.0020754418801516294,0.0005247538792900741,0.00010999439109582454,0.00011708841338986531,4.046467074658722e-05,1.9947324309049698e-07,4.181186584635989e-08,4.737904948558904e-08
heico__2409569,1,heico,2,2,0.2946080007713103,0.0,3,0.9999757087789476,False,0.00026864121900871396,0.15768848359584808,0.29460084438323975,0.29460084438323975,0.15768848359584808,0.07448676228523254,0.016620244830846786,0.002548796823248267,0.001203966443426907,0.00026864121900871396,0.0,0.0,0.0
heico__2409573,1,heico,1,1,0.48205760760460137,0.15074364838358073,1,0.9999765481587038,True,0.00030211213743314147,0.4820463024660922,0.33130618929862976,0.12188073992729187,0.04483741521835327,0.014556578360497952,0.003680479247123003,0.0006395714008249342,0.000564419780857861,0.00016170897288247943,7.034842593617329e-07,1.385242460717222e-07,1.8934021189072068e-07
heico__2409583,1,heico,1,1,0.7358760779306794,0.49697203954875074,1,0.9999843680277788,True,6.644015957135707e-05,0.735864574736271,0.2389003038406372,0.019610131159424782,0.0043756114318966866,0.000861609005369246,0.0001922509545693174,4.5663604396395385e-05,4.860865374212153e-05,1.9035423974855803e-05,8.815126954081826e-08,2.2288130375206918e-08,2.8618525945129312e-08
heico__2409591,1,heico,1,1,0.46179621750412053,0.1444033957754792,1,0.9999665862793262,True,0.0002554079401306808,0.46178078717430066,0.31738221645355225,0.1323045939207077,0.055152762681245804,0.022991091012954712,0.006587057374417782,0.0016654690261930227,0.0014697713777422905,0.0003716163628268987,4.128192320998264e-06,7.636387645605387e-07,9.211241688375114e-07
heico__2409599,1,heico,1,1,0.9077238407396409,0.8232923731256238,1,0.999992256149657,True,6.794427463319153e-05,0.9077168114620654,0.08443081378936768,0.006116148084402084,0.0012043409515172243,0.00030450508347712457,8.724216604605317e-05,2.499530091881752e-05,2.832338577718474e-05,1.1091596206824761e-05,2.141177617925172e-08,7.87695223176801e-09,1.0766517035117405e-08
heico__2409639,1,heico,1,1,0.4553759954486471,0.053507982927721465,1,0.9999769438841254,True,0.00025185561389662325,0.4553654962469295,0.40185874700546265,0.11513446271419525,0.022671319544315338,0.003939684480428696,0.0005331783322617412,0.00010498903429834172,8.703896310180426e-05,3.0079861971898936e-05,5.124445688700056e-08,1.663663879290691e-08,2.4206167814805933e-08
heico__2409667,1,heico,1,1,0.6402243125946674,0.29753690856622644,1,0.999977719555444,True,8.952802454587072e-05,0.6402100481123673,0.3426797688007355,0.015056298114359379,0.0015869222115725279,0.0002590579097159207,5.7803634263109416e-05,1.3729566489928402e-05,1.7629114154260606e-05,6.903659595991485e-06,1.5101658332002983e-08,6.7013205127503865e-09,8.604665444537389e-09
heico__2409696,1,heico,1,1,0.6504167007459754,0.3431813192269576,1,0.9999833431600491,True,7.083496893756092e-05,0.6504058668590896,0.30723026394844055,0.032381828874349594,0.00722536351531744,0.001826857915148139,0.0004619020037353039,0.0001323371398029849,0.0001925494143506512,5.5166325182653964e-05,1.9895948251911886e-07,7.319310175828238e-08,1.000431103034324e-07
heico__2409731,1,heico,1,1,0.6837328905092566,0.39871055744975975,1,0.9999885512499588,True,6.571396079380065e-05,0.6837250626222982,0.28501906991004944,0.026510903611779213,0.0035878608468919992,0.0008005599374882877,0.00017862905224319547,3.985753210145049e-05,4.516449916991405e-05,1.5608435205649585e-05,6.37877769607766e-08,2.497965070360809e-08,3.2074510011402913e-08
heico__2409732,1,heico,1,1,0.9280328825133938,0.8608064006477785,1,0.9999938315943083,True,3.7181682273512706e-05,0.9280271580300792,0.06722606718540192,0.003792635165154934,0.0006590611883439124,0.00016663676069583744,4.774223270942457e-05,1.3678377399628516e-05,1.7563384972163476e-05,6.069743449188536e-06,2.0564548968283914e-08,7.565274506812387e-09,9.714005104737922e-09
heico__2409740,1,heico,1,1,0.875986305521802,0.7574344487001836,1,0.9999934091028789,True,6.55687545076944e-05,0.8759805319861829,0.11855107545852661,0.004596724174916744,0.0006220989744178951,0.0001224985608132556,3.0972485546953976e-05,8.33613103168318e-06,1.1394139619369525e-05,4.191670086584054e-06,8.613691253378595e-09,3.822302454361446e-09,4.3312356069115406e-09
heico__2409749,1,heico,1,1,0.815076430478724,0.633208294018122,1,0.9999902469464358,True,4.463540608412586e-05,0.8150684809946387,0.1818663626909256,0.002939595840871334,6.1009370256215334e-05,6.430339453800116e-06,2.087625716740149e-06,5.278344588077744e-07,6.777528369639185e-07,4.3759013124144985e-07,6.578896408621759e-10,3.3080766362171305e-10,5.123649479576592e-10
heico__2409751,1,heico,1,1,0.9389202455960081,0.8788970835491863,1,0.9999914429214646,True,2.013535595324356e-05,0.938912211181728,0.06002264842391014,0.0009701757808215916,5.4733573051635176e-05,6.95859307597857e-06,2.2591241304326104e-06,6.889940209475753e-07,9.417431101610418e-07,6.889940209475753e-07,5.902153368775462e-10,2.3113165558242556e-10,3.362945594151758e-10
heico__2409752,1,heico,1,1,0.7504791077242455,0.5068342114095901,1,0.9999864097172261,True,1.0391139767307322e-05,0.7504689085009556,0.24364158511161804,0.005729900673031807,0.0001189202957903035,1.1061310033255722e-05,3.169118599544163e-06,7.766259386698948e-07,9.665266134106787e-07,7.295724913092272e-07,4.1632393690263237e-10,1.7354963659302683e-10,2.525132457712974e-10
heico__2409753,1,heico,1,1,0.8339068805836936,0.6697008969643813,1,0.9999902880370782,True,5.805857199447928e-06,0.8338987817109891,0.16420438885688782,0.0018241461366415024,4.861184788751416e-05,5.454097845358774e-06,1.5626252434230992e-06,4.4769964802071627e-07,6.119328759268683e-07,4.765738026435429e-07,3.384503826383896e-10,1.4108712286198905e-10,2.1851999911227906e-10
heico__2409754,1,heico,1,1,0.794761710350909,0.5938144726923839,1,0.999987182882238,True,2.0558713003993034e-05,0.7947515237964747,0.2009446620941162,0.004170473199337721,8.655541751068085e-05,8.57014674693346e-06,2.6137470285902964e-06,6.608587455048109e-07,9.032868319991394e-07,6.608587455048109e-07,3.6551051125388743e-10,1.6219430527132008e-10,2.359913122236236e-10
heico__2409756,1,heico,1,1,0.9022228712773545,0.8071292865710612,1,0.9999885697833477,True,2.6446012270753272e-05,0.9022125586744671,0.09509249776601791,0.002534129424020648,0.00010459601617185399,1.173534747067606e-05,3.362233201187337e-06,9.632959745431435e-07,1.316669454354269e-06,9.632959745431435e-07,5.671453442109635e-10,1.9600017828920864e-10,2.851786039845352e-10
heico__2409760,1,heico,1,1,0.9308264098291241,0.8633975694434267,1,0.9999884246899727,True,6.967326044104993e-05,0.9308156352248488,0.06742805987596512,0.0015857560792937875,7.41667827242054e-05,9.429249075765256e-06,2.875758582376875e-06,8.239185831371287e-07,1.1261632835157798e-06,8.770568342697516e-07,7.057961926362142e-10,2.596479235822184e-10,3.5489663946130856e-10
heico__2409761,1,heico,1,1,0.8910053108339855,0.7845898976024006,1,0.999988588531297,True,0.00023278009030036628,0.8909951431547667,0.10641419887542725,0.002208556281402707,0.00011704919597832486,1.3132554158801213e-05,3.762540018215077e-06,1.1475099199742544e-06,1.6696170632712892e-06,1.1475099199742544e-06,6.346694897945741e-10,2.4854012981396006e-10,3.1913185530723474e-10
heico__2409762,1,heico,1,1,0.9383497894989623,0.8783630974873305,1,0.9999891927663868,True,0.00014869053848087788,0.9383396485335762,0.059986043721437454,0.0014107365859672427,8.472131594317034e-05,1.1465783245512284e-05,3.962468781537609e-06,1.1352663022989873e-06,1.6518026768608252e-06,1.1352663022989873e-06,8.062364188729727e-10,2.965977890993048e-10,3.808390998410525e-10
heico__2409764,1,heico,1,1,0.9512961335168009,0.9039338907864898,1,0.9999896785011596,True,0.00013302943261805922,0.9512863147148619,0.04736175388097763,0.0011138416593894362,7.579787779832259e-05,1.2373663594189566e-05,3.5451141684461618e-06,9.541545296087861e-07,1.2251587122591445e-06,8.420383892371319e-07,4.109948366230125e-10,1.6094790293417393e-10,2.341778101431875e-10
heico__2409766,1,heico,1,1,0.8654539429042005,0.7327322716324416,1,0.9999880330509101,True,0.00011369251296855509,0.8654435860609262,0.13272008299827576,0.0016706992173567414,3.257344724261202e-05,4.408336735650664e-06,1.621736487322778e-06,3.974236051362823e-07,5.604571811090864e-07,4.1003920614457456e-07,3.980221718811251e-10,1.6592032321816805e-10,2.5698241704211556e-10
heico__2409767,1,heico,1,1,0.951859136868102,0.9044688626876909,1,0.9999921501627783,True,1.801427424652502e-05,0.9518516649288196,0.04738990217447281,0.0006759807001799345,4.600106694852002e-05,6.225566721695941e-06,2.1514983927772846e-06,6.561699024132395e-07,8.968779638962587e-07,6.561699024132395e-07,3.8632338995739355e-10,1.4212042582100452e-10,2.0678399781407888e-10
heico__2409768,1,heico,1,1,0.8645180694867893,0.7319399170263585,1,0.9999899740202444,True,1.1970167179242708e-05,0.8645094018461262,0.1325768232345581,0.0027515441179275513,0.00012089440861018375,1.2742175385938026e-05,3.429510343266884e-06,9.825712368183304e-07,1.2616463891390595e-06,9.230402042703645e-07,6.555190701965567e-10,2.7326101499438967e-10,3.735035194549268e-10
heico__2409770,1,heico,1,1,0.7731302317624612,0.5516246906670194,1,0.9999872026364346,True,5.786947804153897e-05,0.773120337733802,0.22150270640850067,0.005209243856370449,8.419959340244532e-05,8.336887731275056e-06,2.5426072625123197e-06,6.039221602804901e-07,8.254637577920221e-07,5.329594046088459e-07,1.4969706118694436e-09,9.079585567333658e-10,1.3210718999185894e-09
heico__2409771,1,heico,1,1,0.931547441116581,0.8640663684324793,1,0.9999908074167415,True,7.901147910160944e-05,0.9315388777891693,0.06748045235872269,0.0008494534995406866,3.5061133530689403e-05,4.745008482132107e-06,1.7455910210628645e-06,4.41354529812088e-07,6.032601049810182e-07,4.146141634464584e-07,6.233469069387961e-10,2.7660851807942927e-10,4.284196498675762e-10
heico__2409773,1,heico,1,1,0.8147245703502154,0.632934937941803,1,0.9999881375806831,True,5.7288139942102134e-05,0.8147149057457341,0.18178747594356537,0.003329553874209523,8.335374150192365e-05,9.955185305443592e-06,3.2319755973730935e-06,7.676614472984511e-07,9.259765079150384e-07,6.774588428015704e-07,8.988384218722056e-10,3.988571250395991e-10,5.8033368294047e-10
heico__2409774,1,heico,1,1,0.8462190407077271,0.6991682283909764,1,0.9999896675529572,True,4.3533171265153214e-05,0.8462102971943024,0.14704929292201996,0.006460894830524921,0.00019510212587192655,2.0563613361446187e-05,5.534621323022293e-06,1.4896231732564047e-06,1.7968285419556196e-06,1.160119722953823e-06,1.27606038067678e-09,4.997124397401444e-10,7.270773157832615e-10
heico__2409775,1,heico,1,1,0.6725444857327878,0.35485695439415976,1,0.9999864287120683,True,1.1956918569921982e-05,0.6725353584379251,0.31768321990966797,0.009593200869858265,0.00014566506433766335,1.1956918569921982e-05,2.840016577465576e-06,6.538089110108558e-07,9.220184438163415e-07,6.538089110108558e-07,4.500325702275111e-10,1.9970074600904532e-10,2.9056285887543576e-10
heico__2409781,1,heico,1,1,0.962245446223433,0.9249351426496614,1,0.9999948725681456,True,9.24825289985165e-05,0.9622405123754803,0.03731011226773262,0.00032279573497362435,2.196652530983556e-05,4.063398591824807e-06,1.494840944360476e-06,4.2827903712350235e-07,5.853880793438293e-07,4.2827903712350235e-07,1.2029463554494588e-09,6.854181790701634e-10,1.0615963825051468e-09
heico__2409784,1,heico,1,1,0.8790002268305895,0.7600404869610218,1,0.9999907300467412,True,2.742708966252394e-05,0.8789920785395724,0.11895863711833954,0.0019227873999625444,7.455455488525331e-05,9.478548236074857e-06,3.0772341688134475e-06,7.780465693940641e-07,1.1320511248413823e-06,7.780465693940641e-07,7.09486374393803e-10,2.7783886363081483e-10,4.303252214909884e-10
heico__2409785,1,heico,1,1,0.8923216665504001,0.7857490395586126,1,0.9999902221437139,True,8.491555490763858e-06,0.8923129415573836,0.10657158493995667,0.0010447909589856863,4.3123676732648164e-05,5.482560027303407e-06,1.8947221178677864e-06,5.428469762591703e-07,7.898376566117804e-07,5.77857633743406e-07,8.161368660857945e-10,3.1960380797434865e-10,4.950120632584381e-10
heico__2409786,1,heico,1,1,0.8500705804591155,0.7023504801468062,1,0.9999894967740557,True,1.3337294149096124e-05,0.8500616519757404,0.14771854877471924,0.0021070921793580055,7.675082451896742e-05,7.5993607424607035e-06,2.177253236368415e-06,6.640247534051014e-07,9.661503099778201e-07,7.06850642018253e-07,9.983200705494961e-10,4.4300185575234715e-10,6.445638899325917e-10
heico__2409792,1,heico,1,1,0.7232076847840365,0.45715439510079764,1,0.9999758025550117,True,8.384145621675998e-05,0.7231901850058688,0.2660468518733978,0.01031575445085764,0.0002926354354713112,3.0843544664094225e-05,8.301428351842333e-06,2.2342990178003674e-06,3.053924729101709e-06,2.098929826388485e-06,1.0905496495558826e-09,4.546087173937942e-10,6.614517507905723e-10
heico__2409793,1,heico,1,1,0.9126534154960022,0.8277634278830978,1,0.9999818086660635,True,7.271831418620422e-05,0.9126368131129526,0.08488844335079193,0.0022622004617005587,9.939415758708492e-05,1.345153486909112e-05,4.6487266445183195e-06,1.2511877685028594e-06,1.7101708635891555e-06,1.1753820672311122e-06,1.1409347249365581e-09,4.756123287515417e-10,6.500850320353848e-10
heico__2409798,1,heico,1,1,0.912058539540714,0.8272238787736436,1,0.9999862621224594,True,4.1406827222090214e-05,0.912046009792188,0.08483349531888962,0.002902842592447996,0.00013576775381807238,1.6215148207265884e-05,5.603804311249405e-06,1.6055168998718727e-06,2.0615243556676432e-06,1.2503778634709306e-06,1.6589753053424772e-09,7.361659022353289e-10,1.0711149606889995e-09
heico__2409817,1,heico,1,1,0.7261231955578081,0.45899734797307945,1,0.9999816932348549,True,0.00013878925528842956,0.7261099025910006,0.26712095737457275,0.006282081827521324,0.0002760154311545193,3.296534123364836e-05,1.0702278814278543e-05,3.264010501879966e-06,4.4613739191845525e-06,2.5420142719667638e-06,4.609911949877207e-09,2.7960529060904905e-09,4.330611446174187e-09
heico__2409825,1,heico,1,1,0.9386285053306471,0.8786239958982164,1,0.9999928075295924,True,4.00315439037513e-05,0.9386217542728988,0.06000407785177231,0.001245344989001751,6.600086635444313e-05,9.508325092610903e-06,3.2859898055903614e-06,8.844120884532458e-07,1.1356075901858276e-06,7.804909500919166e-07,1.2490983746970398e-09,7.576165376846392e-10,1.1734194359879927e-09
heico__2409841,1,heico,1,1,0.6180312399150933,0.24317635425472636,1,0.9999832429605783,True,5.9399008023319766e-05,0.6180208835412422,0.3748486042022705,0.006865592207759619,0.000161463234690018,1.7018101061694324e-05,5.524968401005026e-06,1.4870249742671149e-06,2.0325221612438327e-06,1.232787099070265e-06,2.2356464375999124e-09,1.2738328874291543e-09,1.853416073306212e-09
heico__2409852,1,heico,1,1,0.5497256729823145,0.12159890052620831,1,0.9999805316368137,True,0.00010507297702133656,0.54971497072326,0.42811843752861023,0.02131476253271103,0.0006436500116251409,5.9868783864658326e-05,1.335852994088782e-05,3.595399675759836e-06,4.336879555921769e-06,2.471079596944037e-06,2.71802980137145e-09,1.75489211218198e-09,2.71802980137145e-09
heico__2409905,1,heico,1,1,0.830842988604352,0.6672403046443227,1,0.9999874063655682,True,0.00016904814401641488,0.8308325252714833,0.1636006236076355,0.00494031049311161,0.00035787493106909096,5.4881893447600305e-05,1.6738033082219772e-05,5.104811862111092e-06,6.554707397299353e-06,3.734759957296774e-06,4.107999778033957e-09,2.1988541413925813e-09,3.4056517897243677e-09
heico__2409910,1,heico,1,1,0.7218521759458251,0.45629756229102675,1,0.9999747236068586,True,0.0003109246026724577,0.7218339301264358,0.26554790139198303,0.011667359620332718,0.0005126280011609197,6.517333531519398e-05,1.987674659176264e-05,5.694782430509804e-06,7.312245088542113e-06,3.9139631553553045e-06,3.799246563452761e-09,2.033589877176542e-09,2.958855860147926e-09
heico__2409930,1,heico,1,1,0.9735986051918633,0.947653081952986,1,0.999992768992428,True,8.257831359514967e-05,0.973591565092977,0.025945335626602173,0.00034766769385896623,1.961406996997539e-05,3.4084143862855854e-06,1.334754188064835e-06,3.592442112676508e-07,5.226972348282288e-07,3.8241347510847845e-07,3.487158788972122e-10,1.3655909930310025e-10,1.866541656601189e-10
heico__2409942,1,heico,1,1,0.9133393644086867,0.828385570928429,1,0.9999934095868835,True,3.229318463127129e-05,0.9133333451249597,0.08495323359966278,0.0015559729654341936,9.344342834083363e-05,1.5254220670612995e-05,5.2717173275596e-06,1.4188636896506068e-06,2.0644342839659657e-06,1.1050120747313485e-06,3.103745130400048e-09,1.661315000855717e-09,2.2707481712863343e-09
heico__2410950,1,heico,1,1,0.8906556832772334,0.7842820204463181,1,0.999985127074123,True,0.0003836376126855612,0.8906424366212742,0.10637208074331284,0.002207682002335787,0.00026367002283222973,6.666622357442975e-05,2.1643352738465182e-05,9.02229112398345e-06,1.312735639658058e-05,5.140746452525491e-06,1.2742629015645811e-08,3.2218412385511525e-09,4.13692621455718e-09
heico__2410951,1,heico,1,1,0.9382013750398054,0.8782241683088999,1,0.9999880224651563,True,0.0001311980449827388,0.9381901377001454,0.0599764883518219,0.0014105119043961167,0.00019089202396571636,5.4691481636837125e-05,1.566937135066837e-05,6.531965937028872e-06,8.387210073124152e-06,3.496309318506974e-06,1.184567462909049e-08,2.6431270565904995e-09,3.6127265457139524e-09
heico__2410953,1,heico,1,1,0.8908174520933769,0.7844244739411372,1,0.9999904198574764,True,0.00015995383728295565,0.8908089179352233,0.10639195889234543,0.002208094811066985,0.00029883309616707265,7.555683987447992e-05,2.164739817089867e-05,9.023977327160537e-06,1.1587017070269212e-05,4.830187208426651e-06,9.925824599530743e-09,2.5096413660629786e-09,3.4302733742453175e-09
heico__2410980,1,heico,1,1,0.8328222046481281,0.6688297946137178,1,0.9999770709553799,True,0.0004606104048434645,0.8328031088306371,0.1639886498451233,0.002339172875508666,0.0002793743333313614,6.233684689505026e-05,2.0237808712408878e-05,7.925239515316207e-06,1.0832518455572426e-05,4.8069005060824566e-06,9.279495776526463e-09,2.658620103341324e-09,3.413735686096262e-09
heico__2410985,1,heico,1,1,0.8496520615534762,0.7020046780135001,1,0.9999773746669531,True,0.0003229700669180602,0.8496328378926096,0.14764404296875,0.0021060293074697256,0.0001958912325790152,4.3709245801437646e-05,1.4190313777362462e-05,5.915403107792372e-06,8.606860319559928e-06,3.1662871151638683e-06,8.893438927617491e-09,2.712345782033901e-09,3.4827207652337535e-09
heico__2410991,1,heico,1,1,0.9450537714700034,0.8917374826756701,1,0.9999894986779986,True,0.00013215647777542472,0.9450438471560405,0.05331572890281677,0.001253865659236908,0.00016969225544016808,4.290492506697774e-05,1.3929188753536437e-05,5.806550234410679e-06,8.44848091219319e-06,3.1080223834578646e-06,7.237252085413467e-09,1.6148490786235633e-09,2.207237038519671e-09
heico__2410995,1,heico,1,1,0.87872928063786,0.7598062049674825,1,0.9999878443619566,True,0.00010844248754438013,0.8787185991227865,0.11892163008451462,0.0019221891416236758,0.0002295727317687124,5.122460424900055e-05,1.6630194295430556e-05,6.932496035005897e-06,8.901501132640988e-06,3.7106979107193183e-06,7.163329723548221e-09,1.8111733363555734e-09,2.325592925481214e-09
heico__2410996,1,heico,1,1,0.5886257257860591,0.1840695256738643,1,0.999981914319735,True,0.00022374966647475958,0.5886150800893868,0.40454888343811035,0.005770579911768436,0.0006082146428525448,0.0001357110304525122,3.8881858927197754e-05,1.5226355571940076e-05,1.8366490621701814e-05,7.192420980572933e-06,1.782821502608293e-08,4.798398797323815e-09,5.787974393847937e-09
heico__2411005,1,heico,1,1,0.9018877231308255,0.8068294552357202,1,0.9999858334107332,True,0.00044020090717822313,0.9018749464578872,0.0950569212436676,0.0022355245891958475,0.00026699533918872476,6.750699685653672e-05,1.934107785928063e-05,8.062560482358094e-06,1.1730956430255901e-05,4.59390867035836e-06,5.725821076411127e-09,1.5410838707853099e-09,2.106411888090938e-09
heico__2411022,1,heico,1,1,0.7270830425614735,0.4596040877171185,1,0.9999783398891782,True,0.0004021295753773302,0.7270672938621949,0.26747316122055054,0.004323300439864397,0.0005163446185179055,0.00011521205306053162,3.740387910511345e-05,1.5592257113894448e-05,2.0020854208269157e-05,7.840279067750089e-06,2.495386280051591e-08,6.716241140225159e-09,9.180013581240971e-09
heico__2411058,1,heico,1,1,0.6146302251411475,0.2418381028314422,1,0.9999357319341229,True,0.001726259128190577,0.6145907240453481,0.3727681636810303,0.009933934547007084,0.0007196118240244687,0.00012504978803917766,3.582736098906025e-05,1.3180150745029096e-05,1.5898296624072827e-05,7.054826255625812e-06,1.642765384807311e-08,5.010150982610131e-09,6.8480646448020875e-09
heico__2411060,1,heico,1,1,0.5585089991337624,0.1235417184728065,1,0.9999842384445778,True,0.00021230211132206023,0.5585001961632188,0.43496042490005493,0.00547534367069602,0.0006539365276694298,0.00011363712837919593,3.255758201703429e-05,1.1977265785390045e-05,1.742681888572406e-05,6.410968126147054e-06,1.6916080985791863e-08,3.5458033709611473e-09,4.8465388082535905e-09
heico__2411072,1,heico,1,1,0.7523979889165072,0.5081301255281998,1,0.9999790866015208,True,0.00028600229416042566,0.7523822537175501,0.24426275491714478,0.002713514259085059,0.0002523961302358657,4.969974543200806e-05,1.5157566849666182e-05,5.576157036557561e-06,8.113260264508426e-06,3.600237732825917e-06,1.1458759660041765e-08,2.8972279954278312e-09,3.960041392064109e-09
heico__2411082,1,heico,1,1,0.9658630522933834,0.9328130386229985,1,0.9999891239134011,True,0.00015305026317946613,0.965852547483184,0.033049654215574265,0.0007772534154355526,0.00010518981434870511,3.0137387511786073e-05,9.784175745153334e-06,4.078651727468241e-06,5.237092409515753e-06,2.1831449430465e-06,5.411473141040902e-09,1.2074629193317362e-09,1.6504060576431616e-09
heico__2411091,1,heico,1,1,0.891058063378472,0.7846363489266052,1,0.9999816067301257,True,0.00020543845312204212,0.8910416739070387,0.10641975700855255,0.0019491459242999554,0.00026378821348771453,5.88591028645169e-05,1.9108752894680947e-05,7.965713848534506e-06,1.1590044778131414e-05,4.2637393562472425e-06,9.92841649832712e-09,2.5102969030228465e-09,3.4311692618500484e-09
heico__2411110,1,heico,1,1,0.40274551690049704,0.0473204487060071,1,0.9999687003918507,True,0.022720854729413986,0.4027329111236342,0.35541394352912903,0.14815859496593475,0.04810004681348801,0.017695019021630287,0.003484355751425028,0.0007774648838676512,0.0006861104047857225,0.00019657390657812357,1.9271147265109353e-06,3.794713731117835e-07,5.186758642839156e-07
heico__2411112,1,heico,0,1,0.37365826600419977,0.04390599897930497,2,0.9999614067564835,False,0.3736438453197479,0.3297395408153534,0.226626455783844,0.05056719481945038,0.014487744309008121,0.0036630756221711636,0.0007213023491203785,0.00020665657939389348,0.0002341725630685687,7.141859532566741e-05,0.0,0.0,0.0
heico__2411118,1,heico,0,1,0.3178676436805949,0.0,2,0.9999696944614698,False,0.3178580105304718,0.3178580105304718,0.28050869703292847,0.06258995085954666,0.015825217589735985,0.004001242108643055,0.0008927977760322392,0.00019921008788514882,0.00017580229905433953,6.0755646700272337e-05,0.0,0.0,0.0
heico__2457840,1,heico,1,1,0.8124389678812335,0.6524602013648704,1,0.9999846045885111,True,3.255011688452214e-05,0.8124264600490133,0.1599763035774231,0.01910644769668579,0.005474088713526726,0.002013804856687784,0.0005769646959379315,0.00015528792573604733,0.00016530315042473376,5.712724305340089e-05,1.8182304774404386e-07,3.580308006772017e-08,4.893701000323214e-08
heico__2457842,1,heico,1,1,0.6999776067472279,0.4727279448323877,1,0.9999810067786431,True,7.623232522746548e-05,0.699964311917598,0.22724534571170807,0.05070529133081436,0.016461597755551338,0.00416214345023036,0.0009286997956223786,0.00019466604862827808,0.00018287182319909334,5.9369787777541205e-05,3.3163536160762605e-07,6.134637230805977e-08,8.38505522602885e-08
heico__2457843,1,heico,1,1,0.9141062401452283,0.839071821184423,1,0.9999893520742773,True,3.03619890473783e-05,0.9140965068098806,0.07503361999988556,0.007908484898507595,0.001999578205868602,0.000572888704482466,0.0002107539912685752,5.672366387443617e-05,5.672366387443617e-05,2.3645943656447344e-05,3.784296235474129e-08,1.1541452422215043e-08,1.4819516417573599e-08
heico__2457851,1,heico,1,1,0.9585517878491575,0.9213846965946841,1,0.9999907698295676,True,4.63244468846824e-05,0.9585429402527874,0.03716674819588661,0.0030508325435221195,0.0007713712402619421,0.00025042754714377224,9.212715667672455e-05,2.4795688659651205e-05,3.183829176123254e-05,1.3272175237943884e-05,5.773836162629703e-08,1.4598543085415802e-08,1.995384078002806e-08
heico__2457857,1,heico,1,1,0.6832815520818888,0.43191621991098655,1,0.9999828150045048,True,5.444250928121619e-05,0.6832698098914943,0.25136101245880127,0.049495913088321686,0.011044030077755451,0.003585471771657467,0.0008000268717296422,0.00017851011944003403,0.00013902383216191083,5.444250928121619e-05,8.18508441837045e-08,2.3450657762642965e-08,2.657307862476965e-08
heico__2457894,1,heico,1,1,0.8059564860689354,0.6472542328864249,1,0.9999816977167242,True,0.00010587582073640078,0.8059417352250194,0.15869934856891632,0.02433733642101288,0.00697276322171092,0.0025651364121586084,0.000832777819596231,0.0002385948464507237,0.00021055919933132827,7.746040500933304e-05,6.635507088799141e-08,1.901104596284902e-08,2.4410665164142037e-08
heico__2457937,2,heico,2,2,0.47609398152594135,0.055942516226631794,1,0.9999694443322369,False,8.548491314286366e-05,0.4201386272907257,0.47607943415641785,0.08273018896579742,0.016290541738271713,0.0036349110305309296,0.00067239097552374,0.00015970684762578458,0.00013240163389127702,4.575678030960262e-05,0.0,0.0,0.0
heico__2457952,1,heico,1,1,0.7256644862661501,0.4900754546628595,1,0.9999720886386466,True,0.00021482340525835752,0.7256442319824526,0.23558245599269867,0.02813631296157837,0.008061189204454422,0.0017986943712458014,0.0003541839250829071,6.974294956307858e-05,8.412605529883876e-05,2.56569965131348e-05,5.002288107269423e-07,7.206479639726047e-08,9.850089325617807e-08
heico__2458000,3,heico,3,3,0.39888216954383426,0.12473473137735205,1,0.9999596067482344,False,9.196250175591558e-05,0.07854138314723969,0.27413636445999146,0.39886605739593506,0.21349762380123138,0.03274092078208923,0.0018471165094524622,0.0001516205520601943,6.728120933985338e-05,1.927638913912233e-05,0.0,0.0,0.0
heico__2458008,1,heico,1,1,0.8073717612579236,0.6272227496289607,1,0.999991933465241,True,5.67713359487243e-05,0.807365248565548,0.18014755845069885,0.010163229890167713,0.0017661044839769602,0.0003477665886748582,8.792916923994198e-05,2.2231975890463218e-05,2.5192128305207007e-05,9.865378160611726e-06,1.904461381740913e-08,7.45797786258157e-09,8.99603792496502e-09
heico__2458037,2,heico,2,2,0.48727479922579947,0.257102474021113,1,0.9999780360303703,False,6.813980871811509e-05,0.13960351049900055,0.48726409673690796,0.23016726970672607,0.10872332006692886,0.02748955972492695,0.0054130153730511665,0.0006464924663305283,0.0005034888163208961,9.91428314591758e-05,0.0,0.0,0.0
heico__2458041,1,heico,1,1,0.7516519939315817,0.5616045609034782,1,0.9999779410727215,True,0.00014366825053002685,0.7516354132949088,0.19004324078559875,0.042404379695653915,0.010721505619585514,0.003480763640254736,0.0009972554398700595,0.00025214566267095506,0.00022251777409110218,7.690007623750716e-05,8.45852213523518e-08,3.3124049383224643e-08,3.3124049383224643e-08
heico__2458108,3,heico,3,3,0.48338343595561006,0.19019654148508258,1,0.9999685177244828,False,4.3642612581606954e-05,0.0022384391631931067,0.09518083930015564,0.4833682179450989,0.29317766427993774,0.10785403102636337,0.01653994992375374,0.0010573636973276734,0.000440774776507169,6.759499956388026e-05,0.0,0.0,0.0
heico__2458137,2,heico,2,2,0.5452787931297225,0.2534120858286626,1,0.9999635895183019,False,5.2405735914362594e-05,0.2918560802936554,0.5452589392662048,0.13786303997039795,0.021141983568668365,0.0032422279473394156,0.00041220305138267577,6.729029701091349e-05,5.2405735914362594e-05,1.701365181361325e-05,0.0,0.0,0.0
heico__2458148,1,heico,2,2,0.5711407990464566,0.22472638539167236,2,0.9999758350732009,False,2.149600004486274e-05,0.3464060425758362,0.5711269974708557,0.0682113990187645,0.011853362433612347,0.001817772164940834,0.00035794053110294044,7.98673354438506e-05,7.502841617679223e-05,2.5929126422852278e-05,0.0,0.0,0.0
heico__2458149,2,heico,2,2,0.5193784945412103,0.2740414470539591,1,0.9999607299214404,False,3.43069841619581e-05,0.2453274130821228,0.5193580985069275,0.19106119871139526,0.037622176110744476,0.0057695480063557625,0.0006473253597505391,7.731198274996132e-05,4.9916368880076334e-05,1.3434808352030814e-05,0.0,0.0,0.0
heico__2458158,2,heico,1,1,0.4706625048001639,0.10410830374320419,2,0.9999716237921116,True,3.1089595722733065e-05,0.4706491491830824,0.36654379963874817,0.1050165593624115,0.03863343223929405,0.014212445355951786,0.0031712250784039497,0.0008018113439902663,0.0007075959583744407,0.0002027296432061121,1.132425919474225e-06,2.8632210988568535e-07,3.6764489674252253e-07
heico__2458198,3,heico,3,3,0.32797279075186514,0.0,1,0.999966496399793,False,2.3061222236719914e-05,0.008739885874092579,0.1755453199148178,0.327961802482605,0.327961802482605,0.13671481609344482,0.020965896546840668,0.0013403049670159817,0.0006331152399070561,8.049157622735947e-05,0.0,0.0,0.0
heico__2458266,1,heico,1,1,0.6903288368985201,0.4662117311943666,1,0.9999784334106714,True,3.78035256289877e-05,0.690313948859993,0.22411227226257324,0.05666445568203926,0.018396254628896713,0.007668700534850359,0.001938951201736927,0.00043263842235319316,0.00031652505276724696,9.65346916927956e-05,2.1116789632438164e-07,6.440256927698408e-08,7.297767413010266e-08
heico__2458307,1,heico,1,1,0.5608617313728166,0.2606538702595472,1,0.999977042131893,True,3.943711635656655e-05,0.5608488551831614,0.3002009689807892,0.09746097028255463,0.027923036366701126,0.010272311978042126,0.002292062621563673,0.0004804423952009529,0.0003514991549309343,0.00010720118007156998,1.6116997226346469e-07,4.3378314554643296e-08,5.2324233970190304e-08
heico__2458321,3,heico,3,3,0.43600973154023087,0.05123249474378687,1,0.9999626188582624,False,3.936521170544438e-05,0.0010807197540998459,0.05207199230790138,0.4359934329986572,0.38476285338401794,0.11023640632629395,0.014918874949216843,0.0005784675595350564,0.00024114115512929857,3.936521170544438e-05,0.0,0.0,0.0
heico__2458324,1,heico,1,1,0.5044815419325016,0.059277876259548654,1,0.9999803109503117,True,0.01523373182862997,0.5044716091703557,0.44519490003585815,0.025116175413131714,0.00815402902662754,0.0012504608603194356,0.0003582630306482315,6.225677498150617e-05,0.00010926404502242804,2.9408020054688677e-05,1.3618506729684842e-07,3.2346792756283536e-08,4.421282230458592e-08
heico__2458338,1,heico,1,1,0.9516716209111629,0.904290682615557,1,0.9999927054718345,True,2.1725094484281726e-05,0.9516646789157198,0.04738059267401695,0.0008678058511577547,4.59920265711844e-05,7.053105491650058e-06,2.4374878648814047e-06,7.433918653987348e-07,1.01609623470722e-06,6.560409815392632e-07,2.3660489456250395e-09,9.863160251920448e-10,1.4350813467408137e-09
heico__2458360,1,heico,1,1,0.5276525156078387,0.06200081992482854,1,0.9999853975564845,True,3.4510501336626476e-06,0.5276448105917837,0.465644896030426,0.006642067804932594,4.4753898691851646e-05,3.4510501336626476e-06,9.887424994303728e-07,2.4999323500196624e-07,4.2525280719019065e-07,3.0154942010085506e-07,5.468575100736875e-10,4.2589305795810926e-10,6.196707077423452e-10
heico__2458410,2,heico,2,2,0.7482249716341246,0.5338549344810379,1,0.9999821585800106,False,2.1715500224672724e-06,0.21436621248722076,0.7482116222381592,0.03725126013159752,0.00014301379269454628,5.9028839132224675e-06,1.1623469617916271e-06,2.1501251978861546e-07,3.544957678514038e-07,2.4364115347452753e-07,0.0,0.0,0.0
heico__2458416,1,heico,1,1,0.6764015967216984,0.3568920924342681,1,0.9999859215063575,True,5.336276899470249e-06,0.6763920740061191,0.3195050060749054,0.00402197428047657,5.3894484153715894e-05,4.709248059953097e-06,1.436239472241141e-06,3.9882931446300063e-07,6.3732738908584e-07,4.5193280584499007e-07,1.0857618927997724e-09,7.01020686981513e-10,1.0199790180214417e-09
heico__2458431,1,heico,1,1,0.9574143088221181,0.9153484587872834,1,0.9999940988016971,True,8.559019079257268e-06,0.9574086589304237,0.04206560179591179,0.00046730664325878024,3.385157833690755e-05,5.882522145839175e-06,2.1640589693561196e-06,6.200132816047699e-07,9.021139817377843e-07,5.471598001349776e-07,2.1006335732458183e-09,1.1243880930858854e-09,1.7414863508940706e-09
heico__2458436,1,heico,1,1,0.9025407535802121,0.8074136584613452,1,0.9999841336013022,True,1.0360011401644442e-05,0.9025264335087748,0.09512558579444885,0.0022371395025402308,7.191272743511945e-05,7.579545581393177e-06,2.7883590973942773e-06,7.05007607848529e-07,9.636311233407469e-07,6.6229335971002e-07,1.6416593742218854e-09,6.428831061106565e-10,9.35389391826936e-10
heico__2458458,1,heico,1,1,0.9133949695978206,0.8284360014656007,1,0.999990031050233,True,3.0338382202899083e-05,0.9133858640092513,0.08495812118053436,0.0015560623724013567,5.001953832106665e-05,5.973981842544163e-06,2.064552973024547e-06,4.32753807899644e-07,6.2965307279228e-07,5.220007324169273e-07,1.2155146695575084e-09,5.741685077507136e-10,8.354102022679197e-10
heico__2458506,1,heico,1,1,0.7740555764877164,0.5522849270712186,1,0.9999859333447941,True,4.197062480670866e-06,0.7740446881148118,0.22176752984523773,0.004061813931912184,9.552470146445557e-05,7.841144906706177e-06,2.246525809823652e-06,6.046442422302789e-07,8.797521786618745e-07,6.046442422302789e-07,1.4987619486897377e-09,6.247769300024635e-10,8.539687963678157e-10
heico__2458507,1,heico,1,1,0.9519696023272124,0.9045738256927749,1,0.9999920682493058,True,7.0553101068071555e-06,0.9519620515416582,0.04739540070295334,0.0005966200260445476,2.4625451260362752e-05,3.547632559275371e-06,1.3892729384679114e-06,3.7391771456896095e-07,5.79135075895465e-07,4.237042503518751e-07,7.683846396716525e-10,3.2031036255176705e-10,4.660488350148875e-10
heico__2458548,2,heico,2,2,0.9139116877343514,0.8554872726142135,1,0.9999865133061903,False,3.4057859465974616e-06,0.05842362716794014,0.9138993620872498,0.027597369626164436,6.0368995036697015e-05,1.8229858369522844e-06,3.372184664840461e-07,5.3355712736902206e-08,9.968158565243357e-08,6.640225080900564e-08,0.0,0.0,0.0
heico__2458555,1,heico,1,1,0.9701870706133268,0.9408899592250235,1,0.9999905326333085,True,7.261959399329498e-05,0.9701778854965699,0.029296834021806717,0.00041789686656557024,1.9545297618606128e-05,3.1906820368021727e-06,1.330074155703187e-06,3.5798458952740475e-07,4.893069558420393e-07,3.810726241226803e-07,1.0703536483848273e-09,4.749665380737407e-10,6.91072248138976e-10
heico__2458556,2,heico,2,2,0.7854331804723783,0.6101793432691051,1,0.9999829160033471,False,4.000717126473319e-06,0.175250843167305,0.785419762134552,0.03910374641418457,0.00019276535022072494,9.015754585561808e-06,1.6677469147907686e-06,3.283988405655691e-07,4.778174798047985e-07,3.085021376136865e-07,0.0,0.0,0.0
heico__2458628,1,heico,1,1,0.775240571878136,0.5531304270104612,1,0.9999890306066651,True,4.519189315033145e-05,0.7752320679593739,0.22210770845413208,0.0024673938751220703,0.00010840972390724346,1.662516842770856e-05,6.116057193139568e-06,1.7522798998470535e-06,2.3950824470375665e-06,1.3646769048136775e-06,2.184028411912371e-09,1.3246802444086546e-09,1.92739827413671e-09
heico__2458634,1,heico,1,1,0.6424419866287033,0.2985675426371809,1,0.999984777286992,True,2.712895593504072e-06,0.6424322069187166,0.3438692092895508,0.013333254493772984,0.0003135681326966733,2.417977520963177e-05,5.395237167249434e-06,1.3641296163768857e-06,1.7515770878162584e-06,1.1309031151540694e-06,1.700241869180155e-09,9.100737903634517e-10,1.3241495303607103e-09
heico__2458661,2,heico,2,2,0.9223987033148917,0.8764751767967222,1,0.9999877686474221,False,3.033510665773065e-06,0.04592296481132507,0.922387421131134,0.03156236186623573,0.0001069349455065094,3.895104782714043e-06,7.205219958450471e-07,1.1762197260622997e-07,1.939258567063007e-07,1.252079471214529e-07,0.0,0.0,0.0
heico__2458684,1,heico,1,1,0.9300773993364687,0.8627028172675882,1,0.9999882415302779,True,0.0008481108234263957,0.9300664630495293,0.06737378984689713,0.0015844798181205988,9.515539568383247e-05,1.136469109042082e-05,4.180836185696535e-06,1.4448585261561675e-06,1.9748872546188068e-06,1.275083150176215e-06,1.1627235068927155e-09,4.5532902184579573e-10,6.223610097536206e-10
heico__2458790,2,heico,2,2,0.7274495528481659,0.45983580285696235,1,0.9999851467840202,False,3.269983835707535e-06,0.26760977506637573,0.727438747882843,0.004901443608105183,2.9145045118639246e-05,1.750296178215649e-06,5.338101800589357e-07,1.1910915276303058e-07,2.0904305131352885e-07,1.5293917954295466e-07,0.0,0.0,0.0
heico__2458816,2,heico,2,2,0.8915361693549168,0.7975689537358667,1,0.9999890432802232,False,5.83101018492016e-06,0.09396618604660034,0.8915264010429382,0.014410181902348995,7.561768870800734e-05,3.536686790539534e-06,7.413298135361401e-07,1.41485273275066e-07,2.406745238658914e-07,1.6541304148631752e-07,0.0,0.0,0.0
heico__2459731,1,heico,1,1,0.9872999936651412,0.974871720893325,1,0.999995633102746,True,2.7186619263375178e-05,0.98729568222751,0.012428218498826027,0.00020088344172108918,3.080647366004996e-05,7.317179097299231e-06,2.5287492917414056e-06,1.0541396022745175e-06,1.2715349839709233e-06,6.806036481066258e-07,2.1662114495912633e-09,6.206299680027884e-10,8.483006112621387e-10
heico__2459743,1,heico,1,1,0.9837549014540122,0.9678539843745433,1,0.9999929886476698,True,5.387276178225875e-05,0.9837480040017916,0.015900805592536926,0.00022681280097458512,4.1956147470045835e-05,1.279590287595056e-05,4.154221187491203e-06,1.6268165836663684e-06,1.9623153093561996e-06,9.867140988717438e-07,7.533648499097607e-09,1.680984044046357e-09,2.158426468420028e-09
heico__2459749,1,heico,1,1,0.9462623068716409,0.8928778364547197,1,0.9999945109475081,True,3.345728691783734e-05,0.9462571127881674,0.05338417738676071,0.00028013443807139993,2.952595241367817e-05,6.188975476106862e-06,2.0092661543458235e-06,6.943838570805383e-07,8.375867537324666e-07,3.716768617323396e-07,6.74033647322044e-10,2.3293979968134703e-10,2.991006398004343e-10
heico__2459754,1,heico,1,1,0.9394524176419082,0.8793952338425242,1,0.9999934547399054,True,3.321647454868071e-05,0.9394462686814883,0.060056790709495544,0.0004046594840474427,3.763919085031375e-05,8.940092811826617e-06,3.089613301199279e-06,1.067741777660558e-06,1.2099100104023819e-06,5.715210136258975e-07,7.58282778889881e-10,2.461783683191711e-10,3.160992848727852e-10
heico__2459891,1,heico,2,2,0.6473052233448954,0.30082767845583974,2,0.9999769290554923,False,0.0001691101206233725,0.34646955132484436,0.6472902894020081,0.005600158590823412,0.0003580061602406204,5.844289989909157e-05,1.572969267726876e-05,5.786630481452448e-06,6.557111191796139e-06,3.2971227028610883e-06,0.0,0.0,0.0
heico__2460103,1,heico,1,1,0.8495804164696225,0.7019454960717509,1,0.9999855873812433,True,0.00011160696885781363,0.8495681717909768,0.14763279259204865,0.00238626217469573,0.00020850927103310823,4.652470306609757e-05,1.6078507542260922e-05,5.556583346333355e-06,6.70251893097884e-06,3.3702383461786667e-06,7.37236229047384e-09,2.11221691721712e-09,2.5478202329607946e-09
heico__2460241,1,heico,1,1,0.9616706166938186,0.9243825986799076,1,0.9999895979150885,True,0.00011867834837175906,0.9616606133144068,0.0372876301407814,0.0007738800486549735,0.00010473328438820317,2.648072040756233e-05,7.586852916574571e-06,3.5837756513501517e-06,4.601659384206869e-06,1.8020355128101073e-06,5.061545531774921e-09,1.1293833322327348e-09,1.5436839780500368e-09
heico__2460291,1,heico,1,1,0.9308426787116982,0.8634126571540249,1,0.9999944430087307,True,0.00045433739433065057,0.9308375060270596,0.06742964684963226,0.0010898986365646124,0.00013016983575653285,3.291208849987015e-05,9.429470082977787e-06,3.6926339817000553e-06,4.741435986943543e-06,2.103999349856167e-06,3.1632348138749575e-09,6.228778908983108e-10,8.513730344439019e-10
heico__2460306,1,heico,1,1,0.9450140179752126,0.8916999699538514,1,0.9999865986502076,True,0.00016968463023658842,0.9450013535117989,0.05331333354115486,0.0012538093142211437,0.00016968463023658842,4.861546403844841e-05,1.3928563021181617e-05,5.80628920943127e-06,7.455422291968716e-06,2.9195855404395843e-06,4.973862625411016e-09,1.1098186448715834e-09,1.6147766695656875e-09
heico__2460353,2,heico,2,2,0.5903021941890054,0.3442276431970749,1,0.9999722912452853,False,0.07049959152936935,0.01388219278305769,0.5902858376502991,0.24606773257255554,0.07049959152936935,0.007430601865053177,0.0010056226747110486,0.00012010449427179992,0.00015421721036545932,2.6798936232808046e-05,0.0,0.0,0.0
heico__2460355,2,heico,2,2,0.7190928925433658,0.5941332985039828,1,0.999975565893692,False,0.09731625765562057,0.03580065071582794,0.7190753221511841,0.12495654076337814,0.019162707030773163,0.002938696416094899,0.0005106688477098942,8.874094055499882e-05,0.00010055666643893346,2.5424706109333783e-05,0.0,0.0,0.0
heico__2460357,3,heico,3,3,0.6301882146399778,0.4708516827943554,1,0.9999679557404306,False,0.02443426474928856,0.0048113917000591755,0.1406094878911972,0.6301680207252502,0.15933142602443695,0.03555164858698845,0.004246038384735584,0.0004475291643757373,0.00030758202774450183,6.0566486354218796e-05,0.0,0.0,0.0
heico__2460363,2,heico,2,2,0.524485850833569,0.27673626166763604,1,0.9999688151474402,False,0.24774186313152313,0.07097923010587692,0.5244694948196411,0.1170249655842781,0.03352821245789528,0.005141718313097954,0.0007885079830884933,0.00012092161341570318,0.0001370221289107576,3.687900971272029e-05,0.0,0.0,0.0
heico__2460498,2,heico,2,2,0.5617460591128542,0.17566402089696082,1,0.9999780391408422,False,8.901306136976928e-05,0.3860735595226288,0.5617337226867676,0.04069185256958008,0.009079579263925552,0.0017878753133118153,0.0003520534955896437,6.932344695087522e-05,7.855375588405877e-05,2.2506024834001437e-05,0.0,0.0,0.0
heico__2460500,2,heico,2,2,0.4614651614945018,0.21446065380157028,1,0.9999647135991836,False,0.000693760288413614,0.14981050789356232,0.46144887804985046,0.24699579179286957,0.1029631644487381,0.029499437659978867,0.006582214497029781,0.0010094153694808483,0.0007861335179768503,0.00017541008128318936,0.0,0.0,0.0
heico__2460511,3,heico,3,3,0.42330252162180915,0.19672500431172116,1,0.999960948334774,False,0.00020660388690885156,0.0041497498750686646,0.057285528630018234,0.42328599095344543,0.22656866908073425,0.19994615018367767,0.08334995061159134,0.003231828100979328,0.0017298731254413724,0.00020660388690885156,0.0,0.0,0.0
heico__2460545,2,heico,2,2,0.38362377188859104,0.15094418149460095,1,0.999962728630635,False,0.0005089655751362443,0.23267091810703278,0.38360947370529175,0.23267091810703278,0.10990595817565918,0.031488582491874695,0.007026053033769131,0.001077480148524046,0.0008391423616558313,0.00016523692465852946,0.0,0.0,0.0
heico__2460566,1,heico,1,1,0.5700519694469574,0.2242968143507028,1,0.9999615708487505,True,0.004352247342467308,0.5700300628336034,0.345741868019104,0.06008092314004898,0.01519083697348833,0.003389533841982484,0.0007563072140328586,0.00016875496658030897,0.00019122441881336272,5.832015085616149e-05,1.1370538103748024e-06,1.445601688870779e-07,2.1033379410064266e-07
heico__2536885,1,heico,1,1,0.9624500980039825,0.9295168630135328,1,0.9999920872542979,True,3.4029562812065706e-05,0.9624424823811061,0.03293297439813614,0.0030632438138127327,0.0009944896446540952,0.0003228635177947581,0.00011877484939759597,3.4029562812065706e-05,3.4029562812065706e-05,1.5100527889444493e-05,4.2414159742066526e-08,1.1415615352053529e-08,1.560329575668428e-08
heico__2536914,1,heico,1,1,0.9024368312045422,0.8184971082577505,1,0.9999804811836044,True,0.0013567327987402678,0.9024192167057253,0.08393808454275131,0.008847009390592575,0.0025347108021378517,0.0005655703134834766,0.00020806171232834458,4.642484418582171e-05,4.941898805554956e-05,1.5071939742483664e-05,1.2249700204449127e-07,2.5676766537150414e-08,3.097209280091855e-08
heico__2536936,1,heico,1,1,0.4487596449553206,0.09926500555741767,1,0.9999729590264711,True,0.00033924292074516416,0.4487475100576405,0.3494851887226105,0.12856842577457428,0.05359528958797455,0.015355306677520275,0.0030236393213272095,0.0004636900848709047,0.00031868924270384014,7.569533045170829e-05,1.555494001108081e-07,6.484263582113276e-08,6.091401626032175e-08
heico__2536968,1,heico,1,1,0.7033751398610892,0.5018537978285392,1,0.9999745386784802,True,0.00011145546159241349,0.7033572310005042,0.20151621103286743,0.05773536115884781,0.024067679420113564,0.008854004554450512,0.0028744745068252087,0.0006413819501176476,0.0006413819501176476,0.00017262561595998704,2.041360591348572e-06,3.130527629675132e-07,3.7761372944408977e-07
heico__2536973,4,heico,4,4,0.4605869748003386,0.14403048494687165,1,0.9999581794154437,False,5.683856943505816e-05,0.010831514373421669,0.09069115668535233,0.31654325127601624,0.4605677127838135,0.1164497509598732,0.004515246953815222,0.00022480092593468726,6.440654397010803e-05,1.3500343811756466e-05,0.0,0.0,0.0
heico__2536986,2,heico,2,2,0.48466265639242084,0.2252414300372007,1,0.9999610672566632,False,0.00014347623800858855,0.1388527750968933,0.4846437871456146,0.25941112637519836,0.09543201327323914,0.018791677430272102,0.0022443460766226053,0.0002222203474957496,0.00017306536028627306,4.6579913032473996e-05,0.0,0.0,0.0
heico__2537027,1,heico,1,1,0.9315285665737357,0.8719779282653403,1,0.9999851897429246,True,5.4302352509694174e-05,0.9315147703961917,0.05954975634813309,0.006276498548686504,0.0017982469871640205,0.0004839915782213211,0.00017805054085329175,5.101233909954317e-05,5.4302352509694174e-05,2.4096523702610284e-05,1.1158869619867453e-07,2.1973117223786272e-08,2.8214039746506018e-08
heico__2537047,1,heico,1,1,0.9274708268749156,0.8602850525426301,1,0.9999930152873284,True,0.0003525561187416315,0.9274643487576786,0.06718530505895615,0.003790335264056921,0.00084573810454458,0.00021383607236202806,7.866589294280857e-05,2.1172640117583796e-05,2.8939566618646495e-05,1.2063806025253143e-05,3.18316954342803e-08,9.708118322615422e-09,1.2465470535087108e-08
heico__2537061,1,heico,1,1,0.9397239064399995,0.8867083008733624,1,0.9999926039342046,True,2.0152616343693808e-05,0.9397169561801579,0.05301521345973015,0.004931182600557804,0.0016009206883609295,0.000458671449450776,0.00014890880265738815,4.0078259189613163e-05,4.266309042577632e-05,1.7784621377359144e-05,4.4083578761899006e-08,1.1864933277927394e-08,1.6217441125000467e-08
heico__2537108,2,heico,2,2,0.28723809832858793,0.0,1,0.9999699901600252,False,9.635475726099685e-05,0.023577231913805008,0.2872294783592224,0.2872294783592224,0.2872294783592224,0.09324976056814194,0.01836196705698967,0.0015072420937940478,0.0013301365543156862,0.00015886213805060834,0.0,0.0,0.0
heico__2537125,1,heico,1,1,0.9762461560243222,0.9559848116966324,1,0.9999933435030354,True,2.861592838598881e-05,0.9762396576447478,0.020261209458112717,0.0021355159115046263,0.0008902154513634741,0.00025505098165012896,0.00010632108023855835,2.861592838598881e-05,3.4517401218181476e-05,1.351720766251674e-05,6.663397406615679e-08,1.6847706649927148e-08,2.3028084598633812e-08
heico__2537135,1,heico,1,1,0.6689128282143856,0.3900684110183503,1,0.99998535393775,True,0.0001361006434308365,0.6689030312754637,0.2788403332233429,0.04276154935359955,0.007430844008922577,0.001463219872675836,0.0002881250693462789,6.843570008641109e-05,6.843570008641109e-05,2.5176086637657136e-05,6.240506964611641e-08,1.903247183816419e-08,2.15666163787501e-08
heico__2537141,1,heico,1,1,0.8234893289202703,0.6613346707963575,1,0.9999844790688377,True,0.0012380470288917422,0.8234765475990832,0.16215214133262634,0.010366041213274002,0.002041194587945938,0.0004848261596634984,0.0001304891920881346,3.5120687243761495e-05,4.2363641114206985e-05,1.7659791410551406e-05,2.8262685122001823e-08,9.175549602293505e-09,1.0397261624431846e-08
heico__2537203,1,heico,1,1,0.9527413496478572,0.915799551132038,1,0.999991475807816,True,2.6234896722598933e-05,0.9527332282974911,0.03694148361682892,0.006419467274099588,0.0023615900427103043,0.0008687804220244288,0.00036216157604940236,0.00011757663742173463,0.00011757663742173463,4.325402915128507e-05,7.36882437163752e-08,1.983292051578567e-08,2.88567306864336e-08
heico__2537250,2,heico,2,2,0.6150065549642392,0.3586336878452463,1,0.9999773394229123,False,0.00017103453865274787,0.2563670575618744,0.614992618560791,0.10686968266963959,0.018571168184280396,0.0025133341550827026,0.0003854322712868452,4.60333249066025e-05,4.60333249066025e-05,1.4944831491447985e-05,0.0,0.0,0.0
heico__2537254,3,heico,3,3,0.6171326208573791,0.3256197961593128,1,0.9999667482607038,False,0.00011080877447966486,0.0060499547980725765,0.2915031313896179,0.6171121001243591,0.07370353490114212,0.009974688291549683,0.001349927275441587,8.629796502646059e-05,5.93116637901403e-05,1.6993077224469744e-05,0.0,0.0,0.0
heico__2537320,3,heico,3,3,0.40384233403782105,0.047452728528511595,1,0.999961467954563,False,0.00015350626199506223,0.07951819896697998,0.35637587308883667,0.4038267731666565,0.11569831520318985,0.03314812108874321,0.009497095830738544,0.0010009865509346128,0.0006071290117688477,0.00013546878471970558,0.0,0.0,0.0
heico__2537351,1,heico,1,1,0.8164676491305333,0.6342890841564767,1,0.9999900586797165,True,1.3636262337968219e-05,0.8164595323641322,0.18217675387859344,0.0013066640822216868,2.8867969376733527e-05,2.8583160656125983e-06,8.717371429156628e-07,2.420726161744824e-07,3.633940650615841e-07,2.658647986208962e-07,1.3106017650280608e-09,5.815760904125304e-10,8.461882441923064e-10
heico__2537387,1,heico,1,1,0.9702410389397107,0.9409422966174256,1,0.9999944365539049,True,1.0462466889293864e-05,0.9702356410559912,0.029298579320311546,0.0004179217794444412,2.5098153855651617e-05,3.848926553473575e-06,1.4159409147396218e-06,4.3183754883102665e-07,6.283199809331563e-07,4.0567385894973995e-07,1.4630866495993864e-09,6.099052665029718e-10,1.0055638236635321e-09
heico__2537403,1,heico,1,1,0.9699328522196653,0.9406434172366118,1,0.9999953785084816,True,6.343796940200264e-06,0.9699283696832154,0.029289299622178078,0.0006888182833790779,6.407008186215535e-05,1.1133711268485058e-05,3.8477073758258484e-06,1.1734845202227007e-06,1.5067839740368072e-06,8.065233032539254e-07,3.734932283866567e-09,1.9991650084428074e-09,3.0963676165221136e-09
heico__2537410,1,heico,1,1,0.9737254905958043,0.9477765859512841,1,0.9999933888089627,True,9.863864761427976e-06,0.9737190531105681,0.02594873309135437,0.00028826441848650575,2.088180190185085e-05,3.628713102443726e-06,1.5126728385439492e-06,4.333879530804552e-07,6.305758120106475e-07,3.824635541604948e-07,2.1364194899862042e-09,1.0091731033145655e-09,1.5630377005431724e-09
heico__2537440,2,heico,2,2,0.9545364547110127,0.9125970503615495,1,0.9999909281660422,False,2.9490174711099826e-06,0.003442564979195595,0.9545277953147888,0.04193902388215065,7.605615974171087e-05,2.026828042289708e-06,3.108241628524411e-07,5.2351332158195873e-08,9.47960145936122e-08,5.401314240316424e-08,0.0,0.0,0.0
heico__2537448,1,heico,1,1,0.9569079905296576,0.9148643881879516,1,0.9999900260018879,True,9.196908649755642e-05,0.9568984463311666,0.042043182998895645,0.0008725784136913717,6.32093651802279e-05,1.2446662367437966e-05,4.0408394852420315e-06,1.2323865803409717e-06,1.6844726360432105e-06,1.2323865803409717e-06,1.6351039752415523e-09,6.015211383071301e-10,8.221819584536998e-10
heico__2537476,1,heico,1,1,0.6242505360770418,0.2901132646751416,1,0.9999862330661894,True,1.7189408026752062e-05,0.6242419420612304,0.33413267135620117,0.03990645334124565,0.0015473412349820137,0.00011208901560166851,1.829802931752056e-05,3.8354751268343534e-06,4.082841769559309e-06,2.3263332877832e-06,1.7586500569091894e-09,1.0020486132099522e-09,1.2087013934536813e-09
heico__2537496,1,heico,1,1,0.7925307019064981,0.5921475654057917,1,0.9999821784277523,True,5.932131898589432e-05,0.7925165777633355,0.20037956535816193,0.006856611929833889,0.00014230443048290908,1.6995842088363133e-05,5.873605914530344e-06,1.5808595890121069e-06,2.0298637082305504e-06,1.3105785683364957e-06,2.866870751109272e-09,1.6334935665881607e-09,2.376719366778086e-09
heico__2537578,2,heico,2,2,0.6108864713234481,0.24036509046103213,1,0.9999825074328044,False,3.7533504837483633e-06,0.3705148994922638,0.6108757853507996,0.018446851521730423,0.0001323101605521515,6.587335519725457e-06,1.2971232763447915e-06,2.8052255629518186e-07,4.344818478330126e-07,3.0809377449259046e-07,0.0,0.0,0.0
heico__2537611,2,heico,2,2,0.8419077713249301,0.712797025160147,1,0.999984245404022,False,2.768788817775203e-06,0.1291087120771408,0.8418945074081421,0.028808044269680977,0.00016092041914816946,7.070349511195673e-06,1.3078832807877916e-06,2.496138620244892e-07,3.98881837782028e-07,2.6571260036689637e-07,0.0,0.0,0.0
heico__2537624,1,heico,1,1,0.8073566484639803,0.6272110315564541,1,0.99998265374597,True,0.00018614080909173936,0.8073426438504632,0.18014249205589294,0.01151612401008606,0.000691597000695765,7.289378845598549e-05,1.843043719418347e-05,4.659943897422636e-06,4.659943897422636e-06,3.0086860078881728e-06,1.7713768911886264e-09,6.121713874317425e-10,8.367391255425406e-10
heico__2537646,1,heico,1,1,0.9856061116362856,0.9715471955828541,1,0.9999954181044209,True,9.379322364111431e-06,0.985601595692,0.014058851636946201,0.0002917821693699807,2.549564123910386e-05,4.716219791589538e-06,1.8468980442776228e-06,5.632720672110736e-07,7.699017032791744e-07,4.1209867163161107e-07,2.301958787408746e-09,1.1574975482034272e-09,1.792767250299748e-09
heico__2537743,1,heico,1,1,0.8620164766809302,0.729821954951666,1,0.9999857767736416,True,0.00028917021700181067,0.8620042160254577,0.13219264149665833,0.005125664174556732,0.00032767278025858104,3.0478315238724463e-05,8.732183232496027e-06,2.3502352632931434e-06,3.0177620828908402e-06,1.8303651359019568e-06,1.7767208848776184e-09,6.536191182608092e-10,7.884150968133381e-10
heico__2537757,1,heico,1,1,0.7764787251498964,0.5540138393808526,1,0.9999913751292361,True,5.406035143096233e-06,0.776472028121241,0.2224629670381546,0.0010302079608663917,1.7725706129567698e-05,1.7550826214574045e-06,6.456588153014309e-07,1.6843016226175678e-07,2.776943688331812e-07,1.9085636893123592e-07,1.099955068128116e-09,5.887635531890652e-10,8.566459091837201e-10
heico__2537785,2,heico,2,2,0.8015540324967712,0.643718700290923,1,0.9999827378388915,False,2.6360733045294182e-06,0.0399063341319561,0.801540195941925,0.15783260762691498,0.0006866264739073813,1.2576002518471796e-05,1.2451929478629609e-06,1.5343788106747525e-07,2.232507796406935e-07,1.3970675638574903e-07,0.0,0.0,0.0
heico__2537787,1,heico,1,1,0.9312183100127248,0.863761074145602,1,0.9999919443790308,True,2.2629197701462545e-05,0.9312108084709798,0.0674566924571991,0.0012355123180896044,5.428462100098841e-05,7.346624443016481e-06,2.538925627959543e-06,6.833425914010149e-07,8.774292155067087e-07,5.665108915309247e-07,1.6938343824501609e-09,1.09362165288723e-09,1.6938343824501609e-09
heico__2537806,2,heico,2,2,0.6186606579345141,0.24342399198782358,1,0.9999852121685393,False,2.960320443889941e-06,0.3752311170101166,0.6186515092849731,0.006065046414732933,3.182644286425784e-05,1.7955251223611413e-06,4.985992632100533e-07,1.1125254673061136e-07,1.9525428740507778e-07,1.5206418879643024e-07,0.0,0.0,0.0
heico__2537827,1,heico,1,1,0.98173034505798,0.9637493267660465,1,0.9999956814481018,True,6.031933480699081e-06,0.9817261054045348,0.017980940639972687,0.00025648431619629264,1.977795000129845e-05,3.658552714114194e-06,1.345906298411137e-06,4.10478236290146e-07,5.610572202385811e-07,3.6224577115717693e-07,1.390720241374915e-09,6.171284060998178e-10,9.558272663687801e-10
heico__2538846,1,heico,1,1,0.9395565695702617,0.8865504109035471,1,0.9999696127176642,True,0.05300454795360565,0.9395280189995117,0.007173384539783001,0.00020349325495772064,3.321936310385354e-05,1.4741003724338952e-05,5.094354037282756e-06,2.406402472843183e-06,2.5616022867325228e-06,2.1236428437987342e-06,1.4308980811286125e-08,3.1927648674979234e-09,4.099591631629361e-09
heico__2538877,1,heico,1,1,0.9921693977616723,0.9845940916068693,1,0.9999964902524362,True,3.0958439310779795e-05,0.9921659154975456,0.00757527956739068,0.00017815351020544767,3.0958439310779795e-05,8.869741577655077e-06,2.879583462345181e-06,1.200388965116872e-06,1.5413299934152747e-06,7.280727345460036e-07,3.5890961947635505e-09,8.524851425883541e-10,1.240358525652942e-09
heico__2539042,1,heico,1,1,0.9939661921501289,0.9880558533139044,1,0.9999968481083015,True,2.7370215320843272e-05,0.9939630592763393,0.005910320207476616,7.439996261382475e-05,1.465021887270268e-05,3.943053343391512e-06,1.3626827239932027e-06,6.436857802327722e-07,7.293915018635744e-07,3.6676107129096636e-07,1.6984399312770549e-09,4.034148266868122e-10,5.514026879016204e-10
heico__2539060,1,heico,1,1,0.6497476955263729,0.30196280790211166,1,0.9999730617102724,True,0.34777551889419556,0.649730192434701,0.002343293046578765,9.085933561436832e-05,1.7891263269120827e-05,8.451233952655457e-06,2.920668293882045e-06,1.217515659845958e-06,1.5633210068699555e-06,1.1437501825639629e-06,6.800983249890337e-09,1.8304596277566391e-09,1.6153749055540152e-09
heico__2539085,1,heico,1,1,0.9812792505698024,0.9633064942738755,1,0.9999926351560475,True,6.481940363300964e-05,0.9812720236012481,0.01797262392938137,0.0005427261930890381,9.431167563889176e-05,2.702074925764464e-05,9.338120435131714e-06,3.6568605992215453e-06,4.143765636399621e-06,1.957376525751897e-06,8.515257936643395e-09,2.022550748882885e-09,2.9427942649754466e-09
heico__2539107,1,heico,1,1,0.9887427053863747,0.9777587651756876,1,0.9999960151886815,True,1.991922727029305e-05,0.9887387654332511,0.010983896441757679,0.00020117707026656717,3.4959331969730556e-05,1.0016015949076973e-05,3.4614427022461314e-06,1.3555204532167409e-06,1.6350697933376068e-06,8.221646794481785e-07,4.888767422423656e-09,1.0908314789754417e-09,1.4909899191678973e-09
heico__2539174,1,heico,1,1,0.9791296619092692,0.9588084757011814,1,0.9999954378437163,True,2.6961632102029398e-05,0.9791251949667296,0.020321093499660492,0.0004217508540023118,7.328931678785011e-05,1.6353054888895713e-05,5.3090598157723434e-06,2.079057821902097e-06,2.355880951654399e-06,1.045415956468787e-06,3.327328210691848e-09,6.974458792567895e-10,1.0802252512057417e-09
heico__2539222,1,heico,1,1,0.9517804825731634,0.904394123643319,1,0.9999919916603763,True,0.00019365566549822688,0.9517728603918117,0.04738597944378853,0.000526410702150315,8.072768832789734e-05,1.9174507542629726e-05,6.225051038200036e-06,2.43776503339177e-06,2.9405059649434406e-06,1.5739394711999921e-06,3.665030441751746e-09,9.86429626036381e-10,1.3482892160809464e-09
heico__2539474,1,heico,1,1,0.8088977490647018,0.6284082421498665,1,0.9999813602488739,True,0.003305718768388033,0.8088826714119727,0.18048614263534546,0.006175895221531391,0.0008358166087418795,0.00018649589037522674,5.343196608009748e-05,2.0924260752508417e-05,2.3710292225587182e-05,1.0521378499106504e-05,2.1620971890338228e-08,3.999477405854134e-09,6.194512554587662e-09
heico__2539725,1,heico,1,1,0.965612780528606,0.9325713282895726,1,0.9999922995988526,True,9.280593076255172e-05,0.9656053449228429,0.033041197806596756,0.0009977577719837427,0.00017338429461233318,4.967543645761907e-05,1.7167372789117508e-05,5.235752269072691e-06,6.722838861605851e-06,2.983241756737698e-06,1.5654600830895668e-08,3.4930138510550677e-09,5.082305538254061e-09
heico__2540073,2,heico,2,2,0.34544027639697017,0.0,1,0.9999592561216559,False,0.06002606451511383,0.0873374193906784,0.34542620182037354,0.34542620182037354,0.1270752102136612,0.028354307636618614,0.0049272398464381695,0.000666829408146441,0.0005884749698452652,0.0001313065004069358,0.0,0.0,0.0
heico__2540101,2,heico,2,2,0.4724084766354437,0.10449637853063323,1,0.9999618894507876,False,0.01616431213915348,0.3678980767726898,0.47239047288894653,0.1054045632481575,0.03019891120493412,0.005946518387645483,0.0013268477050587535,0.0002612717798911035,0.00029605970485135913,7.485561945941299e-05,0.0,0.0,0.0
heico__2540157,2,heico,2,2,0.5329582218411391,0.11788996174361033,1,0.9999788396089571,False,0.0014969382900744677,0.41505947709083557,0.5329469442367554,0.0437469482421875,0.005224828142672777,0.0011658166768029332,0.00020258856238797307,5.452596815302968e-05,5.8042594901053235e-05,2.2729804186383262e-05,0.0,0.0,0.0
heico__2540163,3,heico,3,3,0.5068136558929113,0.15848607824401348,1,0.9999721064523328,False,9.100102033698931e-05,0.004968487657606602,0.34831786155700684,0.5067995190620422,0.11308225244283676,0.022267216816544533,0.0038694615941494703,0.00031762474100105464,0.00021830010518897325,4.03814556193538e-05,0.0,0.0,0.0
heico__2540202,3,heico,3,3,0.4430657545960287,0.17433280022362416,1,0.9999628882214893,False,0.0005187573842704296,0.010419521480798721,0.16298875212669373,0.4430493116378784,0.2687229812145233,0.08724157512187958,0.02205812558531761,0.002634467324241996,0.0020517255179584026,0.0002776708279270679,0.0,0.0,0.0
heico__2540204,3,heico,3,3,0.43444888286590255,0.0,1,0.9999614137923345,False,0.0001001626078505069,0.0008386513218283653,0.02450898475944996,0.43443211913108826,0.43443211913108826,0.09693491458892822,0.007956902496516705,0.0005086677265353501,0.0002120442659361288,3.684776311274618e-05,0.0,0.0,0.0
heico__2540207,2,heico,2,2,0.4237712042357143,0.13251778682817014,1,0.9999626527132932,False,0.0004961665254086256,0.05734905228018761,0.42375537753105164,0.2912425398826599,0.17664751410484314,0.0394153892993927,0.008794762194156647,0.0010503845987841487,0.0010503845987841487,0.00016108169802464545,0.0,0.0,0.0
heico__2540213,3,heico,3,3,0.4801256820099054,0.253330357124313,1,0.9999675023427699,False,0.0007218162645585835,0.012794500216841698,0.1766226440668106,0.4801100790500641,0.22678795456886292,0.08343061059713364,0.01642846316099167,0.0019621001556515694,0.0009268305147998035,0.00018250374705530703,0.0,0.0,0.0
heico__2540242,2,heico,2,2,0.39048074353285017,0.1536422048188037,1,0.9999578277347609,False,0.0038279772270470858,0.23682855069637299,0.39046427607536316,0.20900046825408936,0.09872482717037201,0.04115463048219681,0.013360952958464622,0.0033781779929995537,0.002630927599966526,0.0005870392778888345,0.0,0.0,0.0
heico__2625326,3,heico,3,3,0.3694122628560384,0.08171367858133774,1,0.9999591257073916,False,4.852735946769826e-05,0.06419160217046738,0.287686824798584,0.3693971633911133,0.22405071556568146,0.04999247193336487,0.004103632178157568,0.0003164381196256727,0.00014041857502888888,3.133161590085365e-05,0.0,0.0,0.0
heico__2625338,1,heico,1,1,0.9475611757020919,0.9003848778654772,1,0.9999919437897133,True,2.609226430649869e-05,0.947553541950001,0.04717591777443886,0.0034174120519310236,0.0012571956031024456,0.0003601925855036825,0.00011693740816554055,3.35031290887855e-05,3.796401506406255e-05,1.3120014045853168e-05,3.685128713186908e-08,1.2735463591574057e-08,1.7407314937664724e-08
heico__2625339,2,heico,2,2,0.27349951467789496,0.0321370580201331,1,0.9999617671710439,False,6.712233880534768e-05,0.24135322868824005,0.2734890580177307,0.21299348771572113,0.14638814330101013,0.07835592329502106,0.028825532644987106,0.009358280338346958,0.007288236171007156,0.0018427546601742506,0.0,0.0,0.0
heico__2625387,1,heico,1,1,0.9041028920538852,0.8530968539320054,1,0.9999866269145771,True,0.00026765154325403273,0.9040908014086786,0.05100535601377487,0.024093223735690117,0.01289617270231247,0.004744236823171377,0.0017453072359785438,0.0005000389064662158,0.0005000389064662158,0.00014326354721561074,3.551133736094685e-07,7.92365064095562e-08,1.0174168896257485e-07
heico__2625391,1,heico,1,1,0.5500400736574373,0.2556235877511773,1,0.9999768239162411,True,0.0001051331200869754,0.5500273258826195,0.2944096624851227,0.0955808088183403,0.03984401375055313,0.014657792635262012,0.0037060703616589308,0.0008269360987469554,0.0006440184661187232,0.00017333524010609835,1.0971511953540136e-06,2.952942252287515e-07,3.346122051692908e-07
heico__2625411,1,heico,1,1,0.9393151682136214,0.8863226197996089,1,0.9999903059857542,True,4.264443850843236e-05,0.9393060624789994,0.05299203470349312,0.004929027054458857,0.0018132877303287387,0.0005195155972614884,0.00021656631724908948,6.204729288583621e-05,7.96702952357009e-05,2.9309067031135783e-05,8.232285967163197e-08,2.215689748101752e-08,3.653054531108443e-08
heico__2625461,3,heico,3,3,0.3600693975117581,0.0,1,0.9999624137608407,False,6.073465556255542e-05,0.0203129630535841,0.15009361505508423,0.3600558638572693,0.3600558638572693,0.10315773636102676,0.005819760728627443,0.00030843602144159377,8.30144272185862e-05,1.4425743756873999e-05,0.0,0.0,0.0
heico__2625468,2,heico,2,2,0.44238909037997953,0.05198210359241092,1,0.9999730768249719,False,4.525974873104133e-05,0.39039647579193115,0.4423771798610687,0.12674318253993988,0.032045695930719376,0.007150360848754644,0.0008539888658560812,0.00017900578677654266,0.00013940985081717372,4.2517600377323106e-05,0.0,0.0,0.0
heico__2625472,1,heico,1,1,0.7644937844842353,0.5454626150516328,1,0.9999859199838504,True,1.1994584383501206e-05,0.7644830203994035,0.21902808547019958,0.012356718070805073,0.0031242677941918373,0.0006971183465793729,0.00017625911277718842,4.456528404261917e-05,4.7439494665013626e-05,1.6394651538576e-05,3.58630856933263e-08,8.518228628944466e-09,1.2393949785114679e-08
heico__2625502,1,heico,1,1,0.9330872515781636,0.8734369765228811,1,0.9999899586252781,True,3.299130548839457e-05,0.9330778820994223,0.05964967608451843,0.004896343685686588,0.0015896102413535118,0.0004554309416562319,0.00016754366515669972,4.800206806976348e-05,5.109793346491642e-05,2.1300787921063602e-05,4.659515239326903e-08,1.2540914821238688e-08,2.0676472968228814e-08
heico__2625515,4,heico,4,4,0.5103849728472989,0.2692961750519529,1,0.9999497908793273,False,3.371255297679454e-05,0.0011164065217599273,0.028792506083846092,0.18775072693824768,0.5103593468666077,0.24107669293880463,0.028792506083846092,0.0014334943844005466,0.0005273530841805041,6.704542465740815e-05,0.0,0.0,0.0
heico__2625517,4,heico,4,4,0.38820747498718605,0.15274773395428298,1,0.9999591341911582,False,0.00010141837265109643,0.028120506554841995,0.1618223339319229,0.2354501187801361,0.3881916105747223,0.1618223339319229,0.021900273859500885,0.0015864503802731633,0.0008491657208651304,0.00011492208432173356,0.0,0.0,0.0
heico__2625535,1,heico,1,1,0.7222531313876028,0.5396388898049527,1,0.9999827578750097,True,0.0002745446690823883,0.7222406782088368,0.18261109292507172,0.05928514152765274,0.024713722988963127,0.008023371919989586,0.0020286261569708586,0.00039946011384017766,0.00031109986593946815,9.488010255154222e-05,8.651924630848906e-08,2.4788178390809203e-08,2.8088686631907788e-08
heico__2625543,3,heico,3,3,0.3680205922316845,0.043243572606301454,1,0.9999638070530636,False,7.487784023396671e-05,0.034230008721351624,0.19698010385036469,0.36800727248191833,0.32476526498794556,0.07246492058038712,0.003183886641636491,0.00019120726210530847,5.4781798098701984e-05,1.148288902186323e-05,0.0,0.0,0.0
heico__2625544,2,heico,2,2,0.3464874966346016,0.10835034046169811,1,0.9999648943776265,False,0.0002788201381918043,0.2101479172706604,0.3464753329753876,0.23812879621982574,0.12746116518974304,0.06020838022232056,0.013434306718409061,0.0023345325607806444,0.0012495851842686534,0.00024605789803899825,0.0,0.0,0.0
heico__2625554,1,heico,1,1,0.5327670717344063,0.24759705657626382,1,0.999976602710455,True,0.0001902458752738312,0.5327546064289689,0.28516334295272827,0.11887376755475998,0.0437312126159668,0.014197446405887604,0.0035896766930818558,0.0008009651210159063,0.0005171419470570982,0.00015771939069963992,2.8602122500836076e-07,9.8846298773141e-08,9.28574913546591e-08
heico__2625562,1,heico,1,1,0.8322805004772827,0.6876518231697677,1,0.999986890821816,True,7.999081572052091e-05,0.832269589963903,0.14462678134441376,0.017273206263780594,0.004367350600659847,0.0009744876297190785,0.0002463890705257654,6.229691643966362e-05,6.229691643966362e-05,2.439582021906972e-05,6.852267436272422e-08,1.7325244827520607e-08,1.9632075830773495e-08
heico__2625636,3,heico,3,3,0.422802021537405,0.04968056379771861,1,0.9999519498960581,False,0.00013323458551894873,0.014466794207692146,0.12112899124622345,0.42278170585632324,0.373103529214859,0.06483567506074905,0.0032279780134558678,0.00019385515770409256,6.699454388581216e-05,1.3192009646445513e-05,0.0,0.0,0.0
heico__2625701,4,heico,4,4,0.5434855495765202,0.28676115095989524,1,0.9999581650772598,False,7.599872333230451e-05,0.0019600328523665667,0.08334272354841232,0.2567136585712433,0.5434628129005432,0.10701416432857513,0.00684118689969182,0.0003406026226002723,0.0001823114580474794,2.4673172447364777e-05,0.0,0.0,0.0
heico__2625706,4,heico,4,4,0.5119354950530852,0.20143092174698446,1,0.9999649104956916,False,2.9842060030205175e-05,0.0023706487845629454,0.05395571142435074,0.31049367785453796,0.5119175314903259,0.11422424763441086,0.006444090977311134,0.0003635507309809327,0.0001423685171175748,2.3241022063302808e-05,0.0,0.0,0.0
heico__2625708,4,heico,4,4,0.4856815648226001,0.1911008182229332,1,0.9999604804797855,False,0.00010519006900722161,0.002249062992632389,0.06572724878787994,0.29456910490989685,0.4856623709201813,0.13914459943771362,0.011421684175729752,0.0007301638252101839,0.00030437755049206316,4.6677811042172834e-05,0.0,0.0,0.0
heico__2625709,1,heico,1,1,0.9564594545987992,0.9237312020869524,1,0.9999891425721283,True,0.00010416573059046641,0.9564490699092587,0.03272789716720581,0.006444504950195551,0.0026864695828408003,0.0008721689227968454,0.00036357410135678947,0.00013375144044402987,0.00015156023437157273,5.575589239015244e-05,1.2983118115267297e-07,3.719725513062279e-08,5.761224131568063e-08
heico__2625734,2,heico,3,3,0.3697477941011772,0.04344651911332699,2,0.9999730617382738,False,5.1704741053981707e-05,0.06425079703330994,0.326292484998703,0.369737833738327,0.19790640473365784,0.03897007927298546,0.002491273917257786,0.00018046727927867323,7.52299529267475e-05,1.6786070773378015e-05,0.0,0.0,0.0
heico__2625769,1,heico,1,1,0.9801544579052371,0.9622023011388274,1,0.9999940054363257,True,3.058346555917524e-05,0.9801485823069286,0.017952049151062965,0.0013004420325160027,0.0003725829010363668,0.00012095995043637231,3.926994395442307e-05,1.125102789956145e-05,1.3571330782724544e-05,4.690126388595672e-06,1.4023199525204393e-08,4.017714290226467e-09,5.15884711928511e-09
heico__2625853,1,heico,1,1,0.9766621338526327,0.9536932410407317,1,0.9999950182540448,True,1.8483733583707362e-05,0.9766572683699978,0.022968778386712074,0.00032763200579211116,1.7363861843477935e-05,3.017386461579008e-06,1.257833901036065e-06,3.836176460936258e-07,4.925748271489283e-07,3.385414117929031e-07,8.391598560851217e-10,4.491698905889668e-10,6.535383041071077e-10
heico__2625865,1,heico,1,1,0.9030636278932219,0.8078814248174628,1,0.9999896640762538,True,3.6181136238155887e-05,0.903054293896426,0.09518121927976608,0.0016376833664253354,6.75952760502696e-05,7.583978458569618e-06,2.4621574539196445e-06,7.993455142241146e-07,1.0925757578661432e-06,7.509156034757325e-07,1.1289547181159637e-09,4.153192392595072e-10,6.042859131183667e-10
heico__2625898,2,heico,2,2,0.8878089412187149,0.8149331442549345,1,0.9999864132884255,False,1.6636238342471188e-06,0.039007071405649185,0.8877968788146973,0.07287480682134628,0.0002978226693812758,7.004117833275814e-06,7.858402568672318e-07,1.1321102277861428e-07,1.699498852758552e-07,9.683451906994378e-08,0.0,0.0,0.0
heico__2625943,1,heico,1,1,0.6444108484737228,0.2994825724625318,1,0.9999851923116934,True,3.282406851212727e-06,0.6444013062387371,0.3449231684207916,0.010415776632726192,0.0002161725569749251,1.7744525393936783e-05,4.214693490212085e-06,1.0656415270204889e-06,1.4565591754944762e-06,1.001077635010006e-06,1.5050563651862153e-09,8.055986471435065e-10,1.2477355218793167e-09
heico__2625995,2,heico,2,2,0.6384270000005093,0.3368554262464278,1,0.9999817310489334,False,4.1755424717848655e-06,0.30156606435775757,0.6384153366088867,0.0593818724155426,0.0005821594386361539,2.5578296117600985e-05,3.922559244529111e-06,7.723976978013525e-07,1.1238320212214603e-06,7.256005574163282e-07,0.0,0.0,0.0
heico__2626023,2,heico,2,2,0.6717142472224802,0.3544188829312961,1,0.9999866883184438,False,2.209077592851827e-06,0.31729114055633545,0.6717053055763245,0.010857105255126953,0.00012061154120601714,7.710437785135582e-06,1.6161955045390641e-06,2.989661140873068e-07,4.34993182807375e-07,2.5571927153578144e-07,0.0,0.0,0.0
heico__2626027,1,heico,1,1,0.8320847529435984,0.6682375578496702,1,0.9999903477438002,True,2.414953314655577e-06,0.8320767214483831,0.16384561359882355,0.0038532798644155264,0.00018022027506958693,2.1524245312321e-05,5.793171567347599e-06,1.5592110003126436e-06,2.0020663669129135e-06,1.214314806929906e-06,1.943390593355981e-09,1.0402220015450933e-09,1.6111274515117838e-09
heico__2626067,2,heico,2,2,0.8955130976473605,0.8122174072168166,1,0.9999866435593106,False,2.5990314043156104e-06,0.021060168743133545,0.8955011367797852,0.083294577896595,0.00012522834003902972,2.4415639927610755e-06,3.2026346730162913e-07,4.3342950561964244e-08,7.848394290022043e-08,4.911399997808985e-08,0.0,0.0,0.0
heico__2626069,1,heico,1,1,0.7532719230826843,0.5087203437930606,1,0.9999891737695634,True,2.637076022438123e-06,0.7532637679872636,0.24454893171787262,0.0021157630253583193,4.975797128281556e-05,5.244451585895149e-06,1.59946739586303e-06,4.582551014209457e-07,6.070893050491577e-07,4.0440869497615495e-07,1.0024278079042058e-09,5.365609883221776e-10,7.806916626618958e-10
heico__2626086,2,heico,2,2,0.7499716790257019,0.5064915208353553,1,0.9999893619257989,False,1.9208735011488898e-06,0.24347756803035736,0.7499637007713318,0.0064884573221206665,5.273503848002292e-05,3.588664640119532e-06,8.007392580111627e-07,1.6268005254005402e-07,2.5996197905442386e-07,1.6784407819159242e-07,0.0,0.0,0.0
heico__2626103,1,heico,1,1,0.9616121414600276,0.9243263943029894,1,0.9999942510285759,True,4.322615495766513e-06,0.9616066131793053,0.03728553280234337,0.0009936258429661393,8.156177500495687e-05,1.4173310773912817e-05,4.601400632964214e-06,1.318323370469443e-06,1.5902015775282052e-06,9.060694878826325e-07,2.245917474389771e-09,1.2796850852836093e-09,1.9820149819453064e-09
heico__2626107,1,heico,1,1,0.8509597898704762,0.7030851600629098,1,0.9999919968541017,True,1.106859872379573e-05,0.8509529795151242,0.14787344634532928,0.0011290278052911162,2.2012538465787657e-05,2.0474849407037254e-06,7.075918802001979e-07,1.8458636930063221e-07,3.043314507067407e-07,2.1580333964266174e-07,1.0638200857354947e-09,5.025129932932608e-10,6.868538917135589e-10
heico__2626108,2,heico,2,2,0.7595190325229615,0.5900474236812713,1,0.9999797635923642,False,2.070769824058516e-06,0.16946817934513092,0.7595036625862122,0.07064484804868698,0.00034824994509108365,1.0516237125557382e-05,1.4232178955353447e-06,2.3233393164900917e-07,3.4877453458648233e-07,2.3233393164900917e-07,0.0,0.0,0.0
heico__2626171,2,heico,2,2,0.5821872341564291,0.1820561787531382,1,0.9999859759250853,False,3.1567194582748925e-06,0.4001254439353943,0.582179069519043,0.017580285668373108,9.22528633964248e-05,4.31472426498658e-06,8.496195960105979e-07,1.6215273035413702e-07,2.5114707113971235e-07,1.895757577585755e-07,0.0,0.0,0.0
heico__2626178,1,heico,1,1,0.9816503490943665,0.9636707947526514,1,0.9999952617618456,True,7.275305051734904e-06,0.9816456978012282,0.017979469150304794,0.0003293054469395429,2.5393310352228582e-05,4.697290023614187e-06,1.7280364090765943e-06,5.610112907561415e-07,7.203527161436796e-07,4.1044461340788985e-07,1.785573379581073e-09,7.443376678526181e-10,1.0830050275797787e-09
heico__2626235,1,heico,1,1,0.9794019484779211,0.959075109132401,1,0.9999937892240848,True,6.8188523982826155e-06,0.9793958656318881,0.020326713100075722,0.00024037285766098648,1.8535562048782595e-05,3.0258474907896016e-06,1.1849389238705044e-06,3.613859291817789e-07,5.258134478935972e-07,3.846933225304383e-07,2.9081917210705387e-10,9.441516059377808e-11,1.5566429558363844e-10
heico__2626253,2,heico,2,2,0.9736684140732541,0.9558350537899256,1,0.9999912891701541,False,2.6546622393652797e-06,0.008423808962106705,0.9736599326133728,0.017833204939961433,6.846464384580031e-05,2.4938242404459743e-06,4.3336163457752264e-07,8.01638506686686e-08,1.4069193809973513e-07,7.530696422008987e-08,0.0,0.0,0.0
heico__2626257,2,heico,2,2,0.6035913963260335,0.23749469717007773,1,0.9999839796010406,False,2.7132216473546578e-06,0.3660908341407776,0.6035817265510559,0.03005056455731392,0.00024423643480986357,1.0731001566455234e-05,1.8647681372385705e-06,3.788506433011207e-07,5.512244456440385e-07,3.788506433011207e-07,0.0,0.0,0.0
heico__2627153,1,heico,1,1,0.9931547602770657,0.9864629362361237,1,0.9999972371881374,True,3.098920933553018e-05,0.9931520163773127,0.006691805552691221,9.545348439132795e-05,1.8795904907165095e-05,4.752349468617467e-06,1.5428619235535734e-06,6.846407814009581e-07,8.258344337264134e-07,3.664617906906642e-07,2.978422717391548e-09,6.243112994634785e-10,9.083674992884661e-10
heico__2627170,1,heico,1,1,0.9958175596161313,0.9917478809715284,1,0.9999982445472354,True,3.9897651731735095e-05,0.9958158115054432,0.0040696715004742146,5.805074761155993e-05,1.0087706868944224e-05,2.8901768018840812e-06,8.814540137791482e-07,3.2426882512481825e-07,4.4322288772491447e-07,1.8476282548363088e-07,9.695460444095757e-10,2.451396205526768e-10,3.3506611765867215e-10
heico__2627186,1,heico,1,1,0.7037308012026793,0.4103721328342962,1,0.9999885721982892,True,2.4881879653548822e-05,0.7037227591066253,0.2933553159236908,0.002538020722568035,0.00026750541292130947,5.2674942708108574e-05,1.3318310266186018e-05,5.551897629629821e-06,5.90996432947577e-06,2.622530701046344e-06,7.366145471682881e-09,1.7496128462840588e-09,2.3914374153938198e-09
heico__2627190,1,heico,1,1,0.9623387112266951,0.9250247888841338,1,0.9999943333644069,True,4.368986265035346e-05,0.9623332580039015,0.037313710898160934,0.00025141777587123215,3.6220168112777174e-05,9.157892236544285e-06,3.1648830827180063e-06,1.3193196082283976e-06,1.591403133716085e-06,8.002077720448142e-07,1.8633411170332596e-09,4.4258230906442077e-10,6.439534348004618e-10
heico__2627304,1,heico,1,1,0.9958153561076449,0.9917456860120621,1,0.9999979423404072,True,2.1355623175622895e-05,0.9958133070586248,0.004069661721587181,7.453845319105312e-05,1.2952840734214988e-05,3.4862098345911363e-06,1.2048018334098742e-06,5.022361051487678e-07,6.448839826589392e-07,2.8616548775062256e-07,1.5016584480146973e-09,3.5667514567870855e-10,4.875171117536185e-10
heico__2627309,1,heico,1,1,0.9922252380283918,0.9846495053538492,1,0.9999968626869421,True,3.975367144448683e-05,0.9922221251071962,0.007575708907097578,0.00012244994286447763,2.4111821403494105e-05,6.908152954565594e-06,2.5413673938601278e-06,1.1277249996055616e-06,1.4480275467576575e-06,6.839997581664647e-07,2.625987820505628e-09,5.859370584344894e-10,7.523580115039952e-10
heico__2627374,1,heico,1,1,0.9922821415050517,0.9847059744788033,1,0.9999971232782185,True,2.1279834982124157e-05,0.9922792869854019,0.007576145231723785,9.536959987599403e-05,1.6572750610066578e-05,4.748173068946926e-06,1.64092466548027e-06,7.28155896467797e-07,8.783236467024835e-07,4.70132761165587e-07,2.0452392433004562e-09,4.5635459592239476e-10,6.639920182179409e-10
heico__2627433,1,heico,1,1,0.9952653627527533,0.9906563690876452,1,0.9999977237673804,True,3.1055082217790186e-05,0.9952630972972695,0.004608983173966408,7.449727127095684e-05,1.2945683920406736e-05,3.948210633097915e-06,1.3644649925481644e-06,6.860960866106325e-07,7.77448747157905e-07,3.672407729027327e-07,1.0980298071765798e-09,2.955306903945396e-10,4.0394257667330133e-10
heico__2627500,1,heico,1,1,0.6755491510449622,0.3564423078443782,1,0.9999194139594725,True,0.3190811276435852,0.6754947112136978,0.00515746558085084,0.00014630604709964246,1.9800370864686556e-05,1.1281911611149553e-05,3.898924205714138e-06,1.7301371144640143e-06,1.7301371144640143e-06,1.3474322031470365e-06,9.664460318029876e-09,2.295510702053139e-09,2.6011543940671637e-09
heico__2627537,1,heico,1,1,0.969907124284332,0.9406184663435543,1,0.9999944989401904,True,4.403347338666208e-05,0.9699017887672317,0.02928849682211876,0.0006078633014112711,0.00010563081741565838,2.6707653887569904e-05,8.670705028634984e-06,3.847602329187794e-06,5.259048521111254e-06,2.192297642977792e-06,5.434159777464135e-09,1.1390617403069323e-09,1.8779954519311935e-09
heico__2627549,1,heico,1,1,0.9899714366115832,0.9802660973738762,1,0.9999956188937016,True,2.7260181013843976e-05,0.989967099441487,0.009705296717584133,0.00022824667394161224,4.4944437831873074e-05,1.2876796972705051e-05,4.180483756499598e-06,1.9747208170883823e-06,2.535591647756519e-06,1.1977286931141862e-06,3.812106110041804e-09,9.054544780838048e-10,1.4023953771594507e-09
heico__2627838,1,heico,1,1,0.9161802324037819,0.8409755661766485,1,0.9999855915500295,True,0.003304214682430029,0.9161670316667394,0.07520358264446259,0.004242695868015289,0.0007372699910774827,0.000211231381399557,6.0518803365994245e-05,2.0914740161970258e-05,2.6855055693886243e-05,1.1194852959306445e-05,5.518593561767022e-08,1.0866753819612973e-08,1.5811034629348576e-08
heico__2628012,2,heico,2,2,0.6062406299204605,0.4325497829156876,1,0.9999687351082684,False,0.016155259683728218,0.11937211453914642,0.6062216758728027,0.17368541657924652,0.06389529258012772,0.016155259683728218,0.0031811592634767294,0.0005528025794774294,0.0006264073890633881,0.0001233469374710694,0.0,0.0,0.0
heico__2628013,2,heico,2,2,0.46041895503654107,0.21397443336511351,1,0.9999574396933895,False,0.07060453295707703,0.04852573573589325,0.4603993594646454,0.2464340329170227,0.1319066286087036,0.033351220190525055,0.006567243952304125,0.0010071195429190993,0.0010071195429190993,0.00015444678138010204,0.0,0.0,0.0
heico__2628014,2,heico,2,2,0.9169839373078408,0.865251242274544,1,0.9999913168912826,False,0.0005071650957688689,0.051732245832681656,0.9169759750366211,0.027690274640917778,0.0025755970273166895,0.00039498056867159903,7.77762834331952e-05,1.3515490536519792e-05,1.966492345673032e-05,4.121991878491826e-06,0.0,0.0,0.0
heico__2628015,2,heico,2,2,0.8369619581610728,0.7370011023506459,1,0.9999846490873097,False,0.0007631988264620304,0.09995932132005692,0.8369491100311279,0.05350436642765999,0.00724102882668376,0.0012583021307364106,0.00021866010501980782,3.7997433537384495e-05,4.305673064664006e-05,9.607255378796253e-06,0.0,0.0,0.0
heico__2628035,3,heico,2,2,0.3516523599289054,0.0,2,0.9999786262997077,False,0.00028298021061345935,0.005015944130718708,0.3516448438167572,0.3516448438167572,0.24168173968791962,0.041997987776994705,0.006440599914640188,0.0005990691715851426,0.0005990691715851426,7.154860213631764e-05,0.0,0.0,0.0
heico__2628051,3,heico,3,3,0.22520710468701485,0.02646252825219119,1,0.9998551642056555,False,0.1063648983836174,0.07310345023870468,0.19871579110622406,0.22517448663711548,0.19871579110622406,0.1205272227525711,0.04433948174118996,0.016311585903167725,0.014394923113286495,0.002207533223554492,0.0,0.0,0.0
heico__2628059,3,heico,3,3,0.34507576433625353,0.0,1,0.9999545489772572,False,0.000969202839769423,0.00298535474576056,0.23715610802173615,0.3450600802898407,0.3450600802898407,0.059962447732686996,0.0071614934131503105,0.0007548158755525947,0.0007548158755525947,9.014989336719736e-05,0.0,0.0,0.0
heico__2628090,4,heico,4,4,0.3669844129984205,0.11475995801444944,1,0.999935802014079,False,0.011081257835030556,0.012556710280478,0.1529720425605774,0.25220826268196106,0.3669608533382416,0.1529720425605774,0.0386773906648159,0.006721123121678829,0.005234415642917156,0.0005517033278010786,0.0,0.0,0.0
heico__2628091,4,heico,4,4,0.3333565424592185,0.03917042704399103,1,0.9999433703778777,False,0.0037030470557510853,0.012924903072416782,0.17842279374599457,0.29416945576667786,0.333337664604187,0.13895580172538757,0.03100522980093956,0.004196101799607277,0.0028839358128607273,0.00034443699405528605,0.0,0.0,0.0
heico__2628119,4,heico,4,4,0.3565606161480515,0.07887094411380863,1,0.9999608039943269,False,0.0006074199336580932,0.005763039458543062,0.07955630868673325,0.27767878770828247,0.35654664039611816,0.21625646948814392,0.05467819795012474,0.00653037941083312,0.0021201036870479584,0.000223457274842076,0.0,0.0,0.0
heico__2628230,2,heico,2,2,0.6684889056079241,0.5193288616991899,1,0.9999787111155456,False,0.09046821296215057,0.037712763994932175,0.6684746742248535,0.1491568684577942,0.04273415729403496,0.009535279124975204,0.0012904597679153085,0.0002541065914556384,0.0002879404928535223,6.424820458050817e-05,0.0,0.0,0.0
heico__2628235,2,heico,2,2,0.41524861501705573,0.12985267375046872,1,0.9999509513727389,False,0.0007073911256156862,0.09264995157718658,0.4152282476425171,0.285381942987442,0.15275394916534424,0.04376473277807236,0.007605170831084251,0.0010292480001226068,0.0007073911256156862,0.0001229261397384107,0.0,0.0,0.0
heico__2628410,2,heico,2,2,0.4110264722604123,0.19101984372017447,1,0.9999690529948566,False,0.003138128435239196,0.17133601009845734,0.41101375222206116,0.21999981999397278,0.13343662023544312,0.04332052916288376,0.012411539442837238,0.0024439769331365824,0.0024439769331365824,0.00042469953768886626,0.0,0.0,0.0
heico__2628411,2,heico,2,2,0.6923403402016404,0.46757035894224963,1,0.9999715525082138,False,0.012680294923484325,0.011190320365130901,0.6923206448554993,0.22476358711719513,0.05015153810381889,0.007690988015383482,0.0009185574599541724,0.00010970603761961684,0.00012431322829797864,2.1602401830023155e-05,0.0,0.0,0.0
heico__2628412,2,heico,2,2,0.5359058068994906,0.2108625183004014,1,0.9999663577182218,False,0.009815126657485962,0.014280924573540688,0.5358877778053284,0.3250323534011841,0.09312332421541214,0.01833707094192505,0.0028120807837694883,0.000335855147568509,0.0002963911392726004,4.5453052734956145e-05,0.0,0.0,0.0
heico__2683729,1,heico,1,1,0.849432962667907,0.7479826601863224,1,0.9999755366118017,True,0.10144782066345215,0.8494121826595928,0.04792055860161781,0.0009945593774318695,0.0001345989730907604,3.6226821976015344e-05,1.3327105079952162e-05,5.218968908593524e-06,6.7012883846473414e-06,4.326677299104631e-06,1.0724756010405773e-08,1.863683065620871e-09,2.8865288934304472e-09
lapchole__1005944,4,lapchole,4,4,0.41542982853940064,0.1634589101939879,1,0.999968296415318,False,2.4216573365265504e-05,0.004072601906955242,0.04961444437503815,0.22235651314258575,0.4154166579246521,0.25196292996406555,0.04961444437503815,0.005229324102401733,0.0014982264256104827,0.000178937625605613,0.0,0.0,0.0
lapchole__1006208,1,lapchole,1,1,0.9887722077483375,0.9777879397573315,1,0.9999972912292869,True,1.8712964447331615e-05,0.9887695293911393,0.010984238237142563,0.00020118332759011537,1.7579204723006114e-05,3.4615504773682915e-06,1.3555626310335356e-06,3.8837518445689057e-07,4.986836188436428e-07,3.4273992355338123e-07,5.152884161843587e-10,2.7581399688583925e-10,4.0130700886399466e-10
lapchole__1006327,1,lapchole,1,1,0.9873253854843671,0.9748967930359049,1,0.9999969632774731,True,2.718735413509421e-05,0.9873223872511276,0.012428554706275463,0.0002008888841373846,1.3670659427589271e-05,2.3756042537570465e-06,9.90299213299295e-07,2.8372545557431295e-07,3.878067502682825e-07,2.352166887931162e-07,7.486424270776159e-10,4.0071941818721977e-10,6.206463702118919e-10
lapchole__1006346,3,lapchole,3,3,0.7083943343703256,0.5292842000784282,1,0.9999786484335118,False,8.655844794702716e-06,0.00225461577065289,0.17910631000995636,0.7083792090415955,0.10863347351551056,0.0015495732659474015,4.129472654312849e-05,2.991379915329162e-06,1.8143635998058016e-06,7.105149961716961e-07,0.0,0.0,0.0
lapchole__1006347,3,lapchole,3,3,0.6458748700409495,0.40827075664481627,1,0.9999816164658455,False,4.786706995218992e-06,0.0026394943706691265,0.23759974539279938,0.6458629965782166,0.11223415285348892,0.0016009343089535832,3.536924486979842e-05,2.2610802261624485e-06,1.3714144415644114e-06,5.045151851845731e-07,0.0,0.0,0.0
lapchole__1006647,2,lapchole,2,2,0.9228300623760453,0.8470795573666301,1,0.9999923599141596,False,2.5160563836834626e-06,0.0012243834789842367,0.9228230118751526,0.07574992626905441,0.00018776529759634286,4.148275365878362e-06,4.1073488432630256e-07,6.298824217765286e-08,9.164735104150168e-08,4.3291144891099975e-08,0.0,0.0,0.0
lapchole__1007358,2,lapchole,2,2,0.2680474511556512,0.0,1,0.9999397418578155,False,0.0004566234420053661,0.05277848616242409,0.2680312991142273,0.2680312991142273,0.23653678596019745,0.12660902738571167,0.03627409040927887,0.006303492002189159,0.004332322161644697,0.0005863161059096456,0.0,0.0,0.0
lapchole__1007381,4,lapchole,4,4,0.43201224582835424,0.16998357270172132,1,0.9999368425415014,False,0.00011285975779173896,0.001374913495965302,0.0354594849050045,0.2620121240615845,0.43198496103286743,0.20405524969100952,0.058462806046009064,0.0042350320145487785,0.00200048740953207,0.0002389241271885112,0.0,0.0,0.0
lapchole__1007569,4,lapchole,4,4,0.44986496916671204,0.14067759887435857,1,0.9999563750461675,False,0.0006763151031918824,0.0009840327547863126,0.008239204995334148,0.10037406533956528,0.4498453438282013,0.3091738820075989,0.11373871564865112,0.01198797207325697,0.004410128574818373,0.0005267147207632661,0.0,0.0,0.0
lapchole__1073598,1,lapchole,1,1,0.6282931040061898,0.36638143876547397,1,0.9999689176047021,True,8.253574924310669e-05,0.6282735751515681,0.2619035243988037,0.07503661513328552,0.02436082251369953,0.007908801548182964,0.0017646921332925558,0.00032643519807606936,0.00023882510140538216,7.283754530362785e-05,1.4967751420898419e-07,5.1727163644171765e-08,5.1727163644171765e-08
lapchole__1074136,1,lapchole,1,1,0.7288199072775003,0.4607020053459129,1,0.999989117115737,True,2.7160294848727062e-06,0.7288119756148009,0.26811498403549194,0.00297848810441792,7.004732469795272e-05,7.3829332905006595e-06,1.9870897176588187e-06,4.7197519847941294e-07,6.45113573227718e-07,4.1651662741060136e-07,9.69887788895228e-10,5.526254187195751e-10,8.559229537729418e-10
lapchole__1074384,2,lapchole,2,2,0.987072605168565,0.9761072184488324,1,0.9999943657768888,False,3.0495475584757514e-06,0.0019054877338930964,0.9870670437812805,0.010965324938297272,5.0779526645783335e-05,2.09592121791502e-06,3.642165040673717e-07,6.329134549787341e-08,1.0434978037210385e-07,5.2470365830004084e-08,0.0,0.0,0.0
lapchole__1075227,1,lapchole,1,1,0.9660327866637625,0.9329769654051701,1,0.9999940887062456,True,5.631422027363442e-05,0.9660270761601841,0.0330556258559227,0.0006860476569272578,0.00011921720579266548,3.0142831747070886e-05,9.78594380285358e-06,3.832230959233129e-06,4.342486590758199e-06,1.7005421568683232e-06,2.25624549523779e-09,5.359053157166436e-10,7.797376732699184e-10
lapchole__1075773,4,lapchole,4,4,0.27990948170373436,0.032890215983359304,1,0.9999315741006285,False,0.02297479845583439,0.013934919610619545,0.09086708724498749,0.24700236320495605,0.2798903286457062,0.2179788202047348,0.09086708724498749,0.02297479845583439,0.012297523207962513,0.0011438478250056505,0.0,0.0,0.0
lapchole__1153046,1,lapchole,1,1,0.48528081317997707,0.1909366654408524,1,0.9999737064164843,True,4.381510734674521e-05,0.48526805340838713,0.2943364083766937,0.12269766628742218,0.05795827507972717,0.027377551421523094,0.007843798957765102,0.0022472862619906664,0.0017501882975921035,0.00044251690269447863,5.570316873059709e-06,1.167601737753725e-06,1.4083967310416791e-06
lapchole__1153246,5,lapchole,4,4,0.30736348771916105,0.0,2,0.9999603188407491,False,7.086287223501131e-05,0.0030131663661450148,0.032394587993621826,0.16451330482959747,0.307351291179657,0.307351291179657,0.14518247544765472,0.028588123619556427,0.010516983456909657,0.0009782318957149982,0.0,0.0,0.0
lapchole__1153550,1,lapchole,1,1,0.7744308433323298,0.5525526904512708,1,0.9999893360399958,True,2.71115027317137e-06,0.7744225848327906,0.22187578678131104,0.003586288308724761,8.97809659363702e-05,8.35093032947043e-06,2.111445837726933e-06,5.338571327229147e-07,6.854860998828372e-07,5.01512374739832e-07,3.5616112262126563e-10,1.682385854730518e-10,2.447857209126804e-10
lapchole__1153669,2,lapchole,2,2,0.8954724957533426,0.8306046790451583,1,0.9999859897616545,False,2.766527131825569e-06,0.03934376686811447,0.8954599499702454,0.06486690789461136,0.00030039335251785815,1.0278895388182718e-05,1.3068148518868838e-06,1.94240698192516e-07,2.739232911608269e-07,1.512748042387102e-07,0.0,0.0,0.0
lapchole__1154545,1,lapchole,1,1,0.9854408478845562,0.9713842895010453,1,0.9999969762454874,True,8.358310151379555e-05,0.9854378681533456,0.014056515879929066,0.0003305775753688067,5.744576992583461e-05,1.86499109986471e-05,6.054739515093388e-06,2.227414370281622e-06,2.8600566110981163e-06,1.1922488738491666e-06,9.01312225634684e-10,2.0110995488588531e-10,2.926132684007995e-10
lapchole__1154987,3,lapchole,3,3,0.37849262582674853,0.08372226587476173,1,0.9999618841102347,False,0.007855064235627651,0.01142905093729496,0.09569427371025085,0.37847819924354553,0.2947591245174408,0.1577731817960739,0.039891306310892105,0.007855064235627651,0.005398701410740614,0.0008279177127406001,0.0,0.0,0.0
lapchole__1303303,1,lapchole,1,1,0.6839773595938661,0.4619222736018182,1,0.9999845947902947,True,6.175441376399249e-05,0.6839668227792078,0.22205166518688202,0.06361886858940125,0.0234040729701519,0.005222154315561056,0.0011652203975245357,0.0002294454607181251,0.00020248492364771664,6.175441376399249e-05,2.2272040385210753e-07,5.631253657529667e-08,7.230673183250473e-08
lapchole__1303396,3,lapchole,3,3,0.4703959993908273,0.10405122748618521,1,0.9999751281138742,False,1.2952714314451441e-05,0.002797007327899337,0.07213577628135681,0.47038429975509644,0.3663356602191925,0.08174052834510803,0.00592126464471221,0.0004289349599275738,0.00017880670202430338,3.9897164242574945e-05,0.0,0.0,0.0
lapchole__1303701,2,lapchole,2,2,0.48131013058275895,0.223683378277865,1,0.9999748578738945,False,4.9241756642004475e-05,0.25762027502059937,0.48129802942276,0.17705966532230377,0.06513660401105881,0.014533941633999348,0.0032429606653749943,0.0004973241011612117,0.0004388870147522539,9.792892524274066e-05,0.0,0.0,0.0
lapchole__1303738,5,lapchole,5,5,0.45964926403123996,0.18085789712906564,1,0.99994858588434,False,1.3472728824126534e-05,0.00032641435973346233,0.002733033848926425,0.03772836923599243,0.27877703309059143,0.45962563157081604,0.19160045683383942,0.02288341149687767,0.005785832647234201,0.0004749300715047866,0.0,0.0,0.0
lapchole__1303999,2,lapchole,2,2,0.6350101119959255,0.2951136629214077,1,0.999976739433464,False,1.449600313208066e-05,0.3398885428905487,0.6349953413009644,0.024621441960334778,0.0004236352979205549,2.5441275283810683e-05,4.7061630539246835e-06,1.050087007570255e-06,1.2666466773225693e-06,8.178085408871993e-07,0.0,0.0,0.0
lapchole__1304063,2,lapchole,2,2,0.8074562803869741,0.6671414392235442,1,0.9999758300886583,False,1.050257014867384e-05,0.14031144976615906,0.8074367642402649,0.05161770060658455,0.0005734208971261978,2.08868550544139e-05,3.2031030059442855e-06,6.307283797468699e-07,8.098712100945704e-07,4.614507247424626e-07,0.0,0.0,0.0
lapchole__1304082,1,lapchole,1,1,0.7509537237063321,0.5071547481564455,1,0.9999855575776193,True,1.824853643483948e-05,0.7509428781154659,0.2437954545021057,0.0050598131492733955,0.00014353584265336394,1.714291465759743e-05,4.6139525693433825e-06,1.2418284995874274e-06,1.5945392988214735e-06,1.029511963679397e-06,1.7538948192642191e-09,1.063790989195127e-09,1.867011311749536e-09
lapchole__1304208,1,lapchole,1,1,0.7937515310590324,0.5930597035361754,1,0.9999897121265565,True,5.52628353034379e-06,0.7937433650437353,0.20068976283073425,0.005348200909793377,0.00018300536612514406,1.411186076438753e-05,3.1487813885178184e-06,7.961365895425843e-07,1.0881897196668433e-06,7.025880677247187e-07,1.443786725098201e-09,1.0562968683007746e-09,1.6360246143061815e-09
lapchole__1305107,3,lapchole,3,3,0.4615865340018098,0.21451705870925689,1,0.9999690109252697,False,4.167468432569876e-05,0.00274460855871439,0.2470618188381195,0.46157222986221313,0.2470618188381195,0.03788815438747406,0.003110049059614539,0.00025528838159516454,0.00019881878688465804,3.45495282090269e-05,0.0,0.0,0.0
lapchole__1305158,5,lapchole,5,5,0.416004044300652,0.0920197633032993,1,0.9999236024741549,False,5.1335053285583854e-05,0.0007086586556397378,0.006723565049469471,0.07228513062000275,0.3239595293998718,0.4159722626209259,0.15302765369415283,0.020710038021206856,0.0059335255064070225,0.0005519038531929255,0.0,0.0,0.0
lapchole__1305165,2,lapchole,2,2,0.44157035842705417,0.23298728473284477,1,0.9999396243074443,False,0.0018044882453978062,0.11163973063230515,0.44154369831085205,0.18406279385089874,0.2085704803466797,0.03624411299824715,0.011766741052269936,0.001405336894094944,0.002625514753162861,0.00027672722353599966,0.0,0.0,0.0
lapchole__1353097,3,lapchole,3,3,0.5454145835253111,0.31805195574445844,1,0.9999714467776357,False,6.730758468620479e-05,0.00286199152469635,0.07381173223257065,0.545399010181427,0.22735613584518433,0.12169497460126877,0.02715381793677807,0.001052867854014039,0.0004973395261913538,7.626949081895873e-05,0.0,0.0,0.0
lapchole__1353196,1,lapchole,1,1,0.6041577110131606,0.28077520327397526,1,0.9999818111284509,True,0.00010190824832534418,0.6041467220661596,0.3233766257762909,0.056194424629211426,0.012538671493530273,0.002797755878418684,0.0005864414270035923,0.00010190824832534418,0.00010190824832534418,3.521854887367226e-05,1.5321237443871888e-07,3.2115060799906654e-08,4.1236551452185415e-08
lapchole__1353205,4,lapchole,4,4,0.4448952225069958,0.17505263723929226,1,0.9999673443198844,False,3.128258322249167e-05,0.004942178260535002,0.06822466850280762,0.2698337733745575,0.4448806941509247,0.16366247832775116,0.041380349546670914,0.0043614571914076805,0.0023345195222646,0.00031594285974279046,0.0,0.0,0.0
lapchole__1353233,4,lapchole,4,4,0.37741276331938034,0.11802102093627792,1,0.9999617887187924,False,3.4074746508849785e-05,0.0036998833529651165,0.09542123973369598,0.25938183069229126,0.3773983418941498,0.1782703548669815,0.07431413233280182,0.007832652889192104,0.003265135455876589,0.00034414275432936847,0.0,0.0,0.0
lapchole__1353297,5,lapchole,5,5,0.2937639385637477,0.03451817745071309,1,0.999960424333949,False,1.4196454685588833e-05,0.0015414707595482469,0.011390013620257378,0.07427221536636353,0.20189282298088074,0.2937523126602173,0.2592355012893677,0.10806544870138168,0.04504837840795517,0.0047480640932917595,0.0,0.0,0.0
lapchole__1353512,3,lapchole,2,2,0.283986488444275,0.0,2,0.999976459723257,False,9.526461508357897e-05,0.13414256274700165,0.2839798033237457,0.2839798033237457,0.19517628848552704,0.08136157691478729,0.016021044924855232,0.0031547308899462223,0.0016886056400835514,0.00037677885848097503,0.0,0.0,0.0
lapchole__1353576,1,lapchole,1,1,0.9815859535223315,0.963607578604053,1,0.9999977684929957,True,2.3853301172493957e-05,0.9815837631064008,0.017978334799408913,0.00037312842323444784,3.062824544031173e-05,4.999923476134427e-06,1.7279273833992193e-06,4.6506534090440255e-07,5.609758773061913e-07,3.0026873787392105e-07,2.440431147747602e-09,1.5756608059919555e-09,2.440431147747602e-09
lapchole__1353720,1,lapchole,1,1,0.9231909306312226,0.8474108087085108,1,0.9999932364775065,True,3.2641502912156284e-05,0.9231846866085974,0.07577960938215256,0.000953924551140517,3.474669938441366e-05,4.702454589278204e-06,1.5266634818544844e-06,3.8600094853791234e-07,5.97849975747522e-07,4.1089586488851637e-07,1.5774950492688928e-09,8.988296110606544e-10,1.392134487143226e-09
lapchole__1353777,2,lapchole,2,2,0.8549471020471275,0.7238367052086795,1,0.9999882038512737,False,2.8396985726431012e-05,0.012195021845400333,0.8549370169639587,0.1311088502407074,0.0016504167579114437,5.6474153097951785e-05,8.135873031278607e-06,1.3281448900670512e-06,1.705371801108413e-06,8.575147489864321e-07,0.0,0.0,0.0
lapchole__1353886,1,lapchole,1,1,0.9138502960416459,0.8288489829730374,1,0.9999942046698416,True,1.841041012085043e-05,0.9138449999774649,0.08500082045793533,0.0010700024431571364,5.004468039260246e-05,6.362467047438258e-06,1.9404428712732624e-06,4.906207777821692e-07,6.705991495437047e-07,4.60895591913868e-07,6.929281135975194e-10,3.708977095570125e-10,6.115069541256526e-10
lapchole__1354803,1,lapchole,1,1,0.9649906239341246,0.9319704587339862,1,0.9999935577513779,True,0.00022248667664825916,0.9649844072246072,0.03301995247602463,0.0014507954474538565,0.00022248667664825916,6.374350050464272e-05,1.7156333342427388e-05,4.074986009072745e-06,5.929069629928563e-06,2.471603920639609e-06,3.752924789508636e-08,6.126481164123019e-09,1.0100859924364419e-08
lapchole__1354922,2,lapchole,2,2,0.854441508624456,0.7843046791265122,1,0.9999888560942054,False,0.0008828825084492564,0.07013604789972305,0.8544319868087769,0.061894845217466354,0.010755711235105991,0.0014556273818016052,0.00028662997647188604,6.395579839590937e-05,6.395579839590937e-05,1.7213469618582167e-05,0.0,0.0,0.0
lapchole__1354988,5,lapchole,5,5,0.37256647453452835,0.11650551826537915,1,0.999936691543553,False,0.00014161434955894947,0.0009234415483660996,0.008761369623243809,0.07335804402828217,0.25604474544525146,0.3725428879261017,0.2259586900472641,0.0444939061999321,0.01636839285492897,0.001343599520623684,0.0,0.0,0.0
lapchole__1355066,2,lapchole,2,2,0.34344700608288264,0.0,1,0.9999771600705571,False,0.00016763103485573083,0.041017960757017136,0.34343916177749634,0.34343916177749634,0.20830638706684113,0.05266810208559036,0.00915234349668026,0.0010930915595963597,0.0005850897869095206,0.00010823072807397693,0.0,0.0,0.0
lapchole__1355211,1,lapchole,2,2,0.3165015528882508,0.00020519664876921228,2,0.999906889688763,True,0.003983795642852783,0.31626690578730904,0.3164720833301544,0.1919500231742859,0.09067077189683914,0.04853256791830063,0.01785413548350334,0.006568168755620718,0.005796388722956181,0.0016606930876150727,0.00010609452775166717,1.8436464063541322e-05,2.682489751056928e-05
lapchole__141221,1,lapchole,1,1,0.8630207456029685,0.7599475765316518,1,0.9999901280845835,True,6.45980762783438e-05,0.8630122259351652,0.1030721515417099,0.02299850434064865,0.007466521579772234,0.0024240247439593077,0.0006128894165158272,0.00015496270498260856,0.00013675411173608154,4.726095721707679e-05,1.4130742886340702e-07,3.803237994553878e-08,5.53367894765497e-08
lapchole__141288,4,lapchole,4,4,0.8002927546614033,0.6919849083644071,1,0.9999651881153113,False,1.82688618224347e-05,0.00016282859724014997,0.0028862059116363525,0.08434730023145676,0.8002648949623108,0.10830407589673996,0.0037059620954096317,0.00018450897186994553,7.691478094784543e-05,1.4227805877453648e-05,0.0,0.0,0.0
lapchole__141440,6,lapchole,6,6,0.43383447762727756,0.13566468030582654,1,0.9999338136840379,False,1.9694751244969666e-05,0.00025540540809743106,0.0008374421740882099,0.007945430465042591,0.06652627140283585,0.29815006256103516,0.43380576372146606,0.15958824753761292,0.031424786895513535,0.0013807087671011686,0.0,0.0,0.0
lapchole__141787,1,lapchole,1,1,0.8343731394032282,0.6700753315647787,1,0.9999918154322168,True,1.393533602822572e-05,0.8343663104197123,0.1642964631319046,0.0012544189812615514,5.177605271455832e-05,5.809112735732924e-06,1.6643386970827123e-06,4.479506685584056e-07,6.122759828031121e-07,3.7136410924176744e-07,2.35062147438789e-09,1.6155570230213104e-09,2.5022236021293515e-09
lapchole__142027,2,lapchole,2,2,0.5256680948353647,0.06176764476679936,1,0.9999844463638752,False,2.6775701371661853e-06,0.0045478492975234985,0.5256599187850952,0.46389323472976685,0.005839554592967033,3.934661071980372e-05,1.5256335927915643e-06,1.213786475773304e-07,1.4641059919995314e-07,7.135482604780918e-08,0.0,0.0,0.0
lapchole__142964,1,lapchole,1,1,0.63045235353615,0.33264737253822224,1,0.9999810877348921,True,0.0001453544246032834,0.6304404302541021,0.29779934883117676,0.051749762147665024,0.014826555736362934,0.003748740069568157,0.0008364570094272494,0.0001866387901827693,0.0001866387901827693,6.059274164726958e-05,3.835335423280073e-07,7.552223552925058e-08,1.0988419599243288e-07
lapchole__143017,4,lapchole,4,4,0.7416464767940575,0.595607637416353,1,0.9999642252441845,False,2.9713221010752022e-05,0.00019375454576220363,0.0038916643243283033,0.1460336148738861,0.7416199445724487,0.10036734491586685,0.0072705866768956184,0.0003619811905082315,0.00017098779790103436,2.4633125576656312e-05,0.0,0.0,0.0
lapchole__143157,6,lapchole,6,6,0.4135605488684273,0.09147926043465164,1,0.9999294278477464,False,2.907819907704834e-05,0.00033278236514888704,0.0004841954505536705,0.0024589472450315952,0.018169300630688667,0.13425397872924805,0.4135313630104065,0.3220585584640503,0.104557104408741,0.004054119344800711,0.0,0.0,0.0
lapchole__15976,1,lapchole,1,1,0.8309448986717768,0.6865483042127547,1,0.9999817941890463,True,5.842832979396917e-05,0.8309297706460387,0.14439396560192108,0.017245400696992874,0.0049408902414143085,0.0016040722839534283,0.0005207659560255706,0.00011619860742939636,0.00012369276373647153,4.8438785597682e-05,1.1279292504834913e-07,2.516750260226864e-08,3.231571518921449e-08
lapchole__15979,2,lapchole,2,2,0.602863221757071,0.38108220467668336,1,0.9999770138965687,False,0.0003334265493322164,0.08158678561449051,0.6028493642807007,0.22177591919898987,0.08158678561449051,0.009744152426719666,0.0016932799480855465,0.00016765740292612463,0.00020223343744874,3.7409423384815454e-05,0.0,0.0,0.0
lapchole__16108,6,lapchole,6,6,0.34960324019225797,0.10932466366185017,1,0.9999460264134541,False,2.169322942791041e-05,0.0014286715304479003,0.008221437223255634,0.047311101108789444,0.1134934276342392,0.2402656078338623,0.3495843708515167,0.16513197124004364,0.0688372403383255,0.005650505423545837,0.0,0.0,0.0
lapchole__16178,1,lapchole,1,1,0.5485870088817328,0.2158515369064133,1,0.9999761957599337,True,0.00018402640125714242,0.5485739501848762,0.3327275514602661,0.08412670344114304,0.027311939746141434,0.005378040485084057,0.0012000029673799872,0.00020852925081271678,0.00020852925081271678,5.612488166661933e-05,5.50225741862811e-07,1.0834588267312658e-07,1.391188691391021e-07
lapchole__16213,1,lapchole,1,1,0.5131389148393505,0.11350562054267038,1,0.9999805213443163,True,0.0006008126074448228,0.5131289195831104,0.3996255099773407,0.06944449990987778,0.013674432411789894,0.0026926554273813963,0.0006008126074448228,8.655526471557096e-05,9.21375976759009e-05,3.3895528758876026e-05,2.145483711391485e-07,3.0908625179404376e-08,4.4971779831817065e-08
lapchole__16218,3,lapchole,3,3,0.30082129252984385,0.0,1,0.9999672470748919,False,2.3968461391632445e-05,0.03170529380440712,0.14209327101707458,0.30081143975257874,0.30081143975257874,0.18245136737823486,0.035926803946495056,0.004290844779461622,0.0015785136492922902,0.00027430453337728977,0.0,0.0,0.0
lapchole__16277,4,lapchole,3,3,0.2784723632225434,0.0,2,0.9999662910704501,False,0.0002877351362258196,0.06213349103927612,0.1490504890680313,0.2784629762172699,0.2784629762172699,0.16889633238315582,0.048389606177806854,0.009528478607535362,0.003972060978412628,0.0007821452454663813,0.0,0.0,0.0
lapchole__16466,1,lapchole,1,1,0.9567244477284114,0.9146889087429966,1,0.9999904220672906,True,0.00012568279635161161,0.9567152842860296,0.04203513637185097,0.000988571671769023,0.00010419468890177086,1.324686763837235e-05,4.3006284613511525e-06,1.2321506801526994e-06,1.684150220171432e-06,1.0873692417590064e-06,6.401940654486543e-10,1.952481577607805e-10,2.5070359584226256e-10
lapchole__16544,1,lapchole,1,1,0.9791855578126697,0.9588632111522336,1,0.9999963534528096,True,2.379493525950238e-05,0.979181987166325,0.020322272554039955,0.00042177533032372594,3.923121403204277e-05,4.401620572025422e-06,1.619265731278574e-06,4.3581943032222625e-07,5.256986241874984e-07,2.995340366851451e-07,3.542106618721682e-09,2.758595274338452e-09,4.013732944794346e-09
lapchole__16771,1,lapchole,1,1,0.8484838773896438,0.7010394910804223,1,0.9999891591426736,True,1.3312395822140388e-05,0.8484746790969853,0.1474427878856659,0.00392921781167388,0.0001114633196266368,1.1748147699108813e-05,3.3659005111985607e-06,8.510328939337342e-07,1.0265416676702444e-06,7.055310788928182e-07,6.848540748906453e-10,3.2350214685312643e-10,4.706928096933683e-10
lapchole__1719342,2,lapchole,2,2,0.6273399078141849,0.36582572434259375,1,0.9999747136926089,False,3.031730193470139e-05,0.006150069180876017,0.6273240447044373,0.2615075707435608,0.0962032601237297,0.007896844297647476,0.0007345209014602005,5.664017589879222e-05,6.029315045452677e-05,1.1153112609463278e-05,0.0,0.0,0.0
lapchole__1719404,4,lapchole,4,4,0.6543646875051669,0.4136373449462501,1,0.9999726094365542,False,1.318253362114774e-05,0.0002818549983203411,0.028749991208314896,0.2407207489013672,0.654346764087677,0.06896764039993286,0.006414990406483412,0.0002818549983203411,0.00017095368821173906,2.4628214305266738e-05,0.0,0.0,0.0
lapchole__1719430,5,lapchole,5,5,0.35128770798151465,0.04127738010890392,1,0.9999559261505055,False,1.8071152226184495e-05,0.0005984344170428813,0.003443751949816942,0.037023819983005524,0.18802249431610107,0.35127222537994385,0.30999666452407837,0.07837942987680435,0.028834180906414986,0.0023668536450713873,0.0,0.0,0.0
lapchole__1719434,5,lapchole,5,5,0.5994009560103669,0.3495334710721298,1,0.9999301620837286,False,1.456492373108631e-05,0.0001011006097542122,0.0005465447320602834,0.006658278405666351,0.13373509049415588,0.5993590950965881,0.24985003471374512,0.008549397811293602,0.0010210800683125854,9.497522842139006e-05,0.0,0.0,0.0
lapchole__1719442,6,lapchole,6,6,0.6945409639123079,0.4690565256435561,1,0.9999196073531493,False,1.1599082426982932e-05,6.270404992392287e-05,0.00017044729611370713,0.0009214292513206601,0.011225306428968906,0.2254663109779358,0.6944851279258728,0.06459717452526093,0.002838202053681016,0.00014130576164461672,0.0,0.0,0.0
lapchole__1719459,6,lapchole,6,6,0.5682523393262474,0.22358985887853733,1,0.9999303271633835,False,1.075371437764261e-05,7.012302376097068e-05,0.0002159941359423101,0.0015959928277879953,0.02828964777290821,0.344638466835022,0.5682127475738525,0.05285201966762543,0.0038285874761641026,0.0002159941359423101,0.0,0.0,0.0
lapchole__1719483,2,lapchole,2,2,0.3674341853197146,0.08127615289466311,1,0.9999783125313115,False,5.138148117111996e-05,0.28615182638168335,0.36742621660232544,0.22285526990890503,0.09289989620447159,0.02661626599729061,0.00317885959520936,0.000487493904074654,0.00024512733216397464,6.597512401640415e-05,0.0,0.0,0.0
lapchole__1719523,4,lapchole,5,5,0.4639067566775476,0.05451048639833199,2,0.9999609587375744,False,1.4474664567387663e-05,0.0001998165826080367,0.0024342641700059175,0.04889350384473801,0.4093802869319916,0.46388864517211914,0.0711396336555481,0.00312565709464252,0.0007902899524196982,9.438666893402115e-05,0.0,0.0,0.0
lapchole__1719528,5,lapchole,5,5,0.34950537481157795,0.0,1,0.9999539258278674,False,1.0905074304901063e-05,0.000409209867939353,0.0016184565611183643,0.017400046810507774,0.12856993079185486,0.3494892716407776,0.3494892716407776,0.11346255242824554,0.03683589771389961,0.0026683832984417677,0.0,0.0,0.0
lapchole__1719556,1,lapchole,1,1,0.781449160827197,0.5838678366414436,1,0.9999871628448999,True,0.00014031538739800453,0.7814391292431165,0.1975787878036499,0.01621825434267521,0.0036187819205224514,0.0007125803385861218,0.00018016852845903486,3.7765377783216536e-05,4.5553737436421216e-05,1.5742951291031204e-05,5.010620778540529e-08,1.3485903172279895e-08,1.962187095932296e-08
lapchole__1719693,1,lapchole,1,1,0.9457099869269499,0.8923566770995275,1,0.9999955276504008,True,1.681357935012784e-05,0.9457057573812688,0.053353071212768555,0.0008623720495961607,4.8651705583324656e-05,5.458569376060041e-06,1.7721381482260767e-06,5.077260425423447e-07,6.939793024685059e-07,4.209196617921407e-07,3.019041401752384e-09,1.9492394828102687e-09,3.4210218249326514e-09
lapchole__1719921,2,lapchole,2,2,0.8996399270958562,0.8159603795457837,1,0.9999827488709911,False,4.628105307347141e-05,0.08367810398340225,0.8996244072914124,0.016477195546030998,0.00014255566929932684,1.0326698429707903e-05,2.1645935248670867e-06,4.82986138194974e-07,7.480635417778103e-07,4.82986138194974e-07,0.0,0.0,0.0
lapchole__1719935,2,lapchole,2,2,0.6986201877283884,0.5219813385926125,1,0.9999796268679688,False,1.6976704500848427e-05,0.12139949947595596,0.6986059546470642,0.1766352504491806,0.00323518761433661,7.608431769767776e-05,7.533367352152709e-06,1.0852845662157051e-06,1.309102913182869e-06,7.459044013558014e-07,0.0,0.0,0.0
lapchole__1719941,2,lapchole,2,2,0.9576912539101897,0.9249208640025145,1,0.9999861814445126,False,4.9267611757386476e-05,0.03276993706822395,0.9576780200004578,0.009388744831085205,9.204401430906728e-05,5.884176971449051e-06,1.3129373428455438e-06,2.585326797088783e-07,4.5373900547929225e-07,2.585326797088783e-07,0.0,0.0,0.0
lapchole__1720644,5,lapchole,5,5,0.657150097682203,0.4153980573557264,1,0.9998840711159573,False,5.932624844717793e-05,0.0001612654741620645,0.0007693544612266123,0.008271340280771255,0.24172401428222656,0.6570739150047302,0.08892528712749481,0.002369778696447611,0.0004666370805352926,6.315245991572738e-05,0.0,0.0,0.0
lapchole__1720649,5,lapchole,5,5,0.38672453830906517,0.0855431584014177,1,0.9999445741705131,False,3.081225440837443e-05,0.0005813845782540739,0.003345637349411845,0.03174252435564995,0.18266561627388,0.38670310378074646,0.3011646866798401,0.06719891726970673,0.02472110092639923,0.0017907907022163272,0.0,0.0,0.0
lapchole__1720669,6,lapchole,6,6,0.534949423448486,0.11833039007031043,1,0.9999100802579051,False,2.585069705673959e-05,8.476116636302322e-05,0.0002304047520738095,0.0013258878607302904,0.02663116715848446,0.41658157110214233,0.5349013209342957,0.018303316086530685,0.0017024737317115068,0.00012332676851656288,0.0,0.0,0.0
lapchole__1720722,2,lapchole,2,2,0.42035954851170526,0.1314509221442396,1,0.9999784553219797,False,0.0002985221508424729,0.0827719196677208,0.42035049200057983,0.2889024019241333,0.15463832020759583,0.04430461674928665,0.00679433299228549,0.0010419447207823396,0.0007161175017245114,0.00015978740702848881,0.0,0.0,0.0
lapchole__1720733,4,lapchole,4,4,0.4151981558083639,0.04878707142324149,1,0.9999538976699114,False,0.00017883526743389666,0.0019226603908464313,0.06366976350545883,0.36639419198036194,0.4151790142059326,0.1347888857126236,0.01609823666512966,0.001166152418591082,0.0004861246270593256,7.003289647400379e-05,0.0,0.0,0.0
lapchole__1720737,1,lapchole,1,1,0.6418496792725659,0.37428682218694254,1,0.9999679554044724,True,0.0319548025727272,0.6418291114592041,0.26755428314208984,0.04649396613240242,0.009155204519629478,0.0023147983010858297,0.0004022515786346048,0.00011524701403686777,0.00010826455400092527,3.9828300941735506e-05,1.3493989647266223e-07,2.6571241085236562e-08,3.6318581822289776e-08
lapchole__1720743,3,lapchole,3,3,0.75769537328289,0.5661199858697407,1,0.9999814396305737,False,3.897881106240675e-05,0.0004190616891719401,0.02592642791569233,0.7576813101768494,0.19157183170318604,0.02287999354302883,0.0012908009812235832,9.350530308438465e-05,6.426518666557968e-05,1.5264320609276183e-05,0.0,0.0,0.0
lapchole__1720747,5,lapchole,6,6,0.39471117472910405,0.04637978998913496,2,0.9999418412789964,False,2.0304682038840838e-05,0.00035990908509120345,0.0011085980804637074,0.011918552219867706,0.11308006942272186,0.3483111262321472,0.394688218832016,0.09979280829429626,0.02859112061560154,0.002071133814752102,0.0,0.0,0.0
lapchole__1720791,3,lapchole,3,3,0.5436778042644179,0.17001385605296582,1,0.9999611949315295,False,7.602584810229018e-05,0.0007213131175376475,0.034754808992147446,0.5436567068099976,0.3736494481563568,0.044626060873270035,0.0022218008525669575,0.00016094671445898712,7.602584810229018e-05,1.805771898943931e-05,0.0,0.0,0.0
lapchole__1720854,1,lapchole,1,1,0.9850637226050089,0.9726635994018966,1,0.9999904686139194,True,0.0019016023725271225,0.9850543335823547,0.012400005012750626,0.00048080040141940117,9.46752043091692e-05,3.27188718074467e-05,1.2036601219733711e-05,5.341209543985315e-06,5.685687938239425e-06,3.2396073947893456e-06,2.050577334387773e-08,4.0378264898662356e-09,5.519054335307755e-09
lapchole__17550,1,lapchole,1,1,0.5527370776493676,0.29164066004344363,1,0.9999728351127253,True,0.12332986295223236,0.5527220626089607,0.2610893249511719,0.045370519161224365,0.012998871505260468,0.003286629216745496,0.000733346096239984,0.00018541893223300576,0.00018541893223300576,6.821181159466505e-05,2.4845848264817014e-06,2.787626896526612e-07,4.055973132022908e-07
lapchole__17554,2,lapchole,2,2,0.4145337803497021,0.16310632229753524,1,0.999957975000143,False,0.11876092851161957,0.10480614751577377,0.4145163595676422,0.2514168918132782,0.08162310719490051,0.020637553185224533,0.005912757944315672,0.001027483376674354,0.001027483376674354,0.00022926251403987408,0.0,0.0,0.0
lapchole__17685,6,lapchole,6,6,0.3835772939125224,0.150925909367607,1,0.9999271038868756,False,5.363616583053954e-05,0.0012207534164190292,0.007960312068462372,0.04580843448638916,0.12452023476362228,0.23263442516326904,0.3835493326187134,0.1410999298095703,0.05881919711828232,0.00426084827631712,0.0,0.0,0.0
lapchole__17764,2,lapchole,2,2,0.5019361638983931,0.15696080008941865,1,0.9999737041289336,False,0.0033819302916526794,0.3449662923812866,0.5019229650497437,0.11199415475130081,0.02831655740737915,0.007159546483308077,0.0015975108835846186,0.0002776057517621666,0.0002776057517621666,7.95353771536611e-05,0.0,0.0,0.0
lapchole__17792,3,lapchole,3,3,0.3064210357420715,0.0677800899331559,1,0.9999593643296976,False,0.0002465771103743464,0.036595288664102554,0.185846209526062,0.3064085841178894,0.2386312484741211,0.14473716914653778,0.060335423797369,0.015255184844136238,0.0104847252368927,0.0014189534122124314,0.0,0.0,0.0
lapchole__17948,4,lapchole,4,4,0.2785883749866534,0.03273500470129439,1,0.9999540339922532,False,0.00017459073569625616,0.005102289840579033,0.048409171402454376,0.19146201014518738,0.2785755693912506,0.2458420693874359,0.14911076426506042,0.048409171402454376,0.029361648485064507,0.0035067489370703697,0.0,0.0,0.0
lapchole__1802944,2,lapchole,2,2,0.43861044315634595,0.17257976362806746,1,0.9999753155279905,False,7.398350862786174e-05,0.16135179996490479,0.4385996162891388,0.266024112701416,0.09786480665206909,0.028038734570145607,0.0062562874518334866,0.0009594328003004193,0.0006594078149646521,0.0001471337745897472,0.0,0.0,0.0
lapchole__1802947,2,lapchole,2,2,0.3273756780103927,0.0,1,0.9999728785769548,False,9.104341734200716e-05,0.03044985421001911,0.32736679911613464,0.32736679911613464,0.2249957025051117,0.07304541021585464,0.014383493922650814,0.0013378732837736607,0.0008114611846394837,0.0001244416052941233,0.0,0.0,0.0
lapchole__1802951,2,lapchole,2,2,0.37251991185730177,0.11649097437294383,1,0.9999668751042918,False,8.588529453845695e-05,0.17596012353897095,0.37250757217407227,0.2560204565525055,0.13703788816928864,0.04448968544602394,0.011248753406107426,0.0015223532682284713,0.0009233539458364248,0.00017080330871976912,0.0,0.0,0.0
lapchole__1803011,1,lapchole,1,1,0.37148581503553324,0.08217043738934926,1,0.9999712431854184,True,0.00012461685400921851,0.3714751322868306,0.2893070578575134,0.19883765280246735,0.09392424672842026,0.03455280140042305,0.008736316114664078,0.0017202828312292695,0.0010434042196720839,0.0002478302048984915,1.3004779832821636e-06,2.725949932265632e-07,3.2881231410721544e-07
lapchole__1803034,1,lapchole,1,1,0.7757186562831123,0.6409186555873869,1,0.9999769060866123,True,0.00026021923986263573,0.7757007419036509,0.1347968876361847,0.04958900809288025,0.023424189537763596,0.009764655493199825,0.004070513881742954,0.0011662216857075691,0.0009082543547265232,0.0002948670298792422,8.816305388210195e-07,1.967183529686921e-07,2.688821223345859e-07
lapchole__1803106,1,lapchole,1,1,0.9255230326739846,0.8584783581969168,1,0.9999848995338155,True,7.37439768272452e-05,0.9255090568447267,0.06704366207122803,0.004856626503169537,0.0017866530688479543,0.00045173667604103684,0.00014665740309283137,4.2018054955406114e-05,5.0683443987509236e-05,2.3941165636642836e-05,8.1113636695502e-08,1.5972222166728447e-08,2.3239443764472308e-08
lapchole__1803257,1,lapchole,1,1,0.9736296700451426,0.9476833182899272,1,0.9999971622150088,True,2.3659942598897032e-05,0.9736269070934779,0.025946278125047684,0.0003701038076542318,2.3659942598897032e-05,3.8623797991022e-06,1.420890043846157e-06,4.070918180332228e-07,5.227162205301283e-07,3.374910022557742e-07,1.0090786802514562e-09,6.51510135449142e-10,1.0741585839601485e-09
lapchole__1803359,1,lapchole,1,1,0.8444645523673139,0.6977186289913918,1,0.9999932763291559,True,2.3253400286193937e-05,0.8444588744656243,0.14674493670463562,0.008278784342110157,0.0004121763922739774,5.240234168013558e-05,1.3249388757685665e-05,3.349969802002306e-06,3.796013061219128e-06,2.450890406180406e-06,1.196267247130348e-09,4.986784066375521e-10,7.255728404715143e-10
lapchole__1803417,1,lapchole,1,1,0.9513839695805516,0.9040173536772566,1,0.9999928320846093,True,2.619754923216533e-05,0.9513771501407536,0.04736627638339996,0.001113948062993586,8.5898456745781e-05,1.4926913536328357e-05,4.552451628114795e-06,1.22527569601516e-06,1.5732850897620665e-06,1.0813020026034792e-06,1.1893661395107493e-09,4.375433766183408e-10,6.366218509139423e-10
lapchole__1804203,2,lapchole,2,2,0.5590293310971161,0.3259912349135729,1,0.9999763472442282,False,0.0002124982129316777,0.09714242815971375,0.5590161085128784,0.23303258419036865,0.08572790026664734,0.019128479063510895,0.004268140532076359,0.0007416916196234524,0.0005776300095021725,0.00012888667697552592,0.0,0.0,0.0
lapchole__1804206,2,lapchole,2,2,0.3743310047725636,0.04398503839505106,1,0.9999729114206275,False,0.0001827042578952387,0.02392953261733055,0.3743208646774292,0.3303370177745819,0.2003595381975174,0.057403966784477234,0.011303511448204517,0.0011913813650608063,0.0008188236388377845,0.00012557065929286182,0.0,0.0,0.0
lapchole__1804214,2,lapchole,2,2,0.6193533852582658,0.3915059965158719,1,0.9999751203758933,False,0.00038815560401417315,0.08381827920675278,0.6193379759788513,0.22784171998500824,0.05760740116238594,0.00883438065648079,0.0017395929899066687,0.00018335174536332488,0.00018335174536332488,4.091130176675506e-05,0.0,0.0,0.0
lapchole__1804306,1,lapchole,1,1,0.96198571691,0.9290683739076598,1,0.9999865350055162,True,0.0027019837871193886,0.9619727637776283,0.032916899770498276,0.0018570444080978632,0.0003656737389974296,0.00010476728493813425,3.401295543881133e-05,1.3319664503796957e-05,1.3319664503796957e-05,6.6975480876863e-06,3.741216636739772e-08,6.107368140172969e-09,8.886168172896092e-09
lapchole__1851134,1,lapchole,1,1,0.40478413340505315,0.12657672236960768,1,0.999963722318173,True,6.025501716067083e-05,0.40476944877505283,0.278197318315506,0.16873519122600555,0.09031744301319122,0.04266293719410896,0.010786879807710648,0.002406878164038062,0.0016542216762900352,0.00036910673952661455,2.8181106588711985e-06,5.549189328099033e-07,6.693599906787527e-07
lapchole__1851467,2,lapchole,2,2,0.5717815678336755,0.2657289236878048,1,0.9999826050188858,False,0.0001801869657356292,0.30604732036590576,0.5717716217041016,0.0876840204000473,0.028466831892728806,0.004365529865026474,0.0011037789518013597,0.00014032975013833493,0.0001801869657356292,4.279815766494721e-05,0.0,0.0,0.0
lapchole__1851615,3,lapchole,3,3,0.3704149603901413,0.08193550116994901,1,0.9999617348330503,False,5.179745130590163e-05,0.007687422912567854,0.09365198016166687,0.3704007863998413,0.2884684205055237,0.15440601110458374,0.07293623685836792,0.007687422912567854,0.004114781506359577,0.0005568750202655792,0.0,0.0,0.0
lapchole__1851653,2,lapchole,2,2,0.8492117070975053,0.7189808638335855,1,0.9999874194870699,False,5.609525032923557e-05,0.13022920489311218,0.8492010235786438,0.019971294328570366,0.00046967979869805276,4.104016625205986e-05,1.1045810424548108e-05,2.6236098165099975e-06,3.3687817904137773e-06,2.043269432761008e-06,0.0,0.0,0.0
lapchole__1851782,1,lapchole,1,1,0.9135697962141178,0.8285945691524863,1,0.999991590445726,True,7.2073880801326595e-06,0.9135621134993335,0.0849745124578476,0.0013734850799664855,6.034672333044e-05,8.693769814271946e-06,2.82245378002699e-06,7.596531759190839e-07,9.754139682627283e-07,6.70391557378025e-07,1.6617328347000409e-09,7.373895371806191e-10,1.2157497277167812e-09
lapchole__1851928,1,lapchole,1,1,0.8143137218112547,0.6326157586705401,1,0.9999901671336697,True,5.3259500418789685e-06,0.8143057147732773,0.18169617652893066,0.003770984010770917,0.00017637124983593822,2.3869253709563054e-05,6.424322236853186e-06,1.7290828964178218e-06,2.220186388512957e-06,1.346611156805011e-06,2.294109659099344e-09,1.0836606283658026e-09,1.7866546357035112e-09
lapchole__1853098,1,lapchole,1,1,0.9699959938603093,0.9407046509160056,1,0.9999935137763218,True,5.654522465192713e-05,0.9699897022493262,0.029291152954101562,0.0005364861572161317,8.227281068684533e-05,2.214342930528801e-05,7.652563908777665e-06,2.644655523909023e-06,3.39580492436653e-06,1.5068793572936556e-06,6.9782318670971615e-09,1.6574753429089426e-09,2.4116122569440075e-09
lapchole__1853334,1,lapchole,1,1,0.7269343706070629,0.45951013039387134,1,0.9999823382766831,True,9.549500100547448e-05,0.7269215316933397,0.2674195170402527,0.004897959064692259,0.0004555811174213886,0.00012261800293345004,3.513064802973531e-05,1.2923844224133063e-05,1.4644632756244391e-05,6.917634436831577e-06,1.2545081453640181e-08,2.979718150286224e-09,4.072791589093808e-09
lapchole__1853490,3,lapchole,3,3,0.5389999271307728,0.2843943782784669,1,0.999958729975333,False,0.00010966491390718147,0.00320487841963768,0.10613099485635757,0.5389776825904846,0.2545950412750244,0.07294269651174545,0.02089843340218067,0.001715447986498475,0.0011790089774876833,0.00020488104200921953,0.0,0.0,0.0
lapchole__1853629,3,lapchole,3,3,0.4088131028544648,0.09042914166991939,1,0.999956007959554,False,0.000696431496180594,0.08049652725458145,0.31836995482444763,0.4087951183319092,0.1327163428068161,0.04308668524026871,0.012344542890787125,0.0018930970691144466,0.0013011052506044507,0.00025620279484428465,0.0,0.0,0.0
lapchole__1853661,2,lapchole,2,2,0.2858002893894188,0.0,1,0.9999616912391502,False,0.00026060614618472755,0.04382721707224846,0.2857893407344818,0.2857893407344818,0.2522082030773163,0.09278221428394318,0.030121972784399986,0.004619354382157326,0.004076565615832806,0.00048687640810385346,0.0,0.0,0.0
lapchole__2432991,2,lapchole,1,1,0.595325209065879,0.2766704695088004,2,0.9999721490664849,True,7.346694474108517e-05,0.5953086287030614,0.3186458647251129,0.06274508684873581,0.01586444303393364,0.005150430370122194,0.0014756231103092432,0.0003292559995315969,0.00029056743369437754,8.861804963089526e-05,1.1045287641431409e-07,2.1749457737386738e-08,3.164527756668078e-08
lapchole__2433035,1,lapchole,1,1,0.4996548873414442,0.2636342561785835,1,0.9999675841009674,True,0.00015745537530165166,0.499638690579065,0.23601298034191132,0.12632864713668823,0.07662219554185867,0.04101290553808212,0.01508780475705862,0.0029709648806601763,0.001801981357857585,0.0003333330387249589,4.1546284748195e-07,1.0504545579439968e-07,1.0504545579439968e-07
lapchole__2433535,1,lapchole,1,1,0.6787952676970458,0.3581550912215885,1,0.999990705553259,True,3.6805620311497478e-06,0.6787889586705821,0.32063719630241394,0.0005462438566610217,1.2068099749740213e-05,1.4413288909054245e-06,5.302352974467794e-07,1.519149464002112e-07,2.5046540486073354e-07,1.8324439565731154e-07,3.32312409685775e-10,2.2839475271620774e-10,3.121786270571643e-10
lapchole__2433720,3,lapchole,3,3,0.8016486380361503,0.6437946707248023,1,0.9999779651341072,False,2.98740064863523e-06,0.0002094329393003136,0.03991085663437843,0.801630973815918,0.1578504890203476,0.00036756627378053963,5.243050964054419e-06,2.0329517269601638e-07,1.4873393183734152e-07,6.396966512056679e-08,0.0,0.0,0.0
lapchole__2434701,1,lapchole,1,1,0.9792462549369225,0.9589226483402424,1,0.9999962232508278,True,3.055519482586533e-05,0.9792425565694398,0.020323529839515686,0.00032849927083589137,5.0376998842693865e-05,1.2737299584841821e-05,3.884656962327426e-06,1.429085386916995e-06,1.8349819583818316e-06,8.142683327605482e-07,3.3277270364811572e-09,7.425161817781409e-10,1.014899461649702e-09
lapchole__2517871,1,lapchole,1,1,0.9743412163294317,0.9541194078964509,1,0.9999907211627246,True,5.012438850826584e-05,0.9743321755758346,0.020221620798110962,0.0035139909014105797,0.0011408256832510233,0.00041968634468503296,0.0001749512884998694,5.67983697692398e-05,5.67983697692398e-05,2.3677082936046645e-05,4.5707425221269126e-08,1.0856463851354152e-08,1.5796060616144495e-08
lapchole__2518275,2,lapchole,2,2,0.2630768619737414,0.0,1,0.999967524294334,False,7.316147821256891e-05,0.1595589965581894,0.2630683183670044,0.2630683183670044,0.1808040291070938,0.09677743166685104,0.027727194130420685,0.005459808278828859,0.0029224250465631485,0.0005078412941657007,0.0,0.0,0.0
lapchole__2518413,1,lapchole,1,1,0.9794815083861474,0.9591530187181542,1,0.9999970873837158,True,2.2139445263746893e-06,0.9794786555323561,0.020328430458903313,0.00017587539332453161,9.321054676547647e-06,1.5216204474199913e-06,5.958750648460409e-07,1.4153273752981477e-07,2.059289130329489e-07,1.2490220058225532e-07,5.104463970045004e-10,2.5666856905580243e-10,3.734506004368961e-10
lapchole__2518689,1,lapchole,1,1,0.9857386886285981,0.9716778814652489,1,0.9999963749066909,True,3.910412942786934e-06,0.9857351152338735,0.01406075619161129,0.00017699880118016154,1.4528945939673577e-05,2.8609194941964233e-06,1.1926085790037178e-06,3.2098625979415374e-07,4.387361514091026e-07,2.499843390069145e-07,9.015833321932291e-10,4.825828355913131e-10,7.021538958468549e-10
lapchole__2518778,2,lapchole,2,2,0.986480162933741,0.9740622101009516,1,0.9999945757622406,False,2.863066129066283e-06,0.0010193220805376768,0.9864748120307922,0.012417885474860668,7.383945194305852e-05,4.7203980102494825e-06,8.202821391023463e-07,1.1101311514494228e-07,1.425436693125448e-07,5.9421044085183894e-08,0.0,0.0,0.0
lapchole__2519510,1,lapchole,1,1,0.9895570648744494,0.9809957182380492,1,0.9999859721733699,True,0.0016858055023476481,0.9895431835395028,0.008561226539313793,0.00015680432261433452,2.4046721591730602e-05,8.310324119520374e-06,2.871971673812368e-06,1.2744295645461534e-06,1.4441179700952489e-06,9.925267931976123e-07,8.066770189231741e-09,1.7999398106351673e-09,2.3111684640065814e-09
lapchole__2520093,3,lapchole,3,3,0.6470780677069689,0.4370025771736359,1,0.9999642129005224,False,0.00010253317304886878,0.002644365420565009,0.2100679725408554,0.64705491065979,0.11244127154350281,0.025089040398597717,0.002333644311875105,0.00013165520795155317,7.98529144958593e-05,1.8966729840030894e-05,0.0,0.0,0.0
lapchole__2520097,4,lapchole,4,4,0.5778124160600903,0.3369443775961788,1,0.9999671230689273,False,4.324889596318826e-05,0.0001938280911417678,0.004998892545700073,0.14608904719352722,0.5777934193611145,0.24086011946201324,0.028766639530658722,0.0008686772198416293,0.0003195684985257685,3.368227044120431e-05,0.0,0.0,0.0
lapchole__2665862,1,lapchole,2,2,0.27402817310172284,4.565844973315884e-05,2,0.999945436859035,True,6.725099228788167e-05,0.27396756530542077,0.2740132212638855,0.21340171992778778,0.12943468987941742,0.06928139179944992,0.025487199425697327,0.007302205078303814,0.005686962977051735,0.0012689330615103245,2.3237026428765597e-05,5.184881407353662e-06,5.875240386475611e-06
lapchole__2665923,2,lapchole,2,2,0.2520753187054557,0.0,1,0.9999407512514153,False,7.010008266661316e-05,0.05624227598309517,0.2520603835582733,0.2520603835582733,0.1963048279285431,0.134918212890625,0.06373084336519241,0.020690375939011574,0.020690375939011574,0.0031729720067232847,0.0,0.0,0.0
lapchole__2666001,4,lapchole,4,4,0.26054239960105846,0.0,1,0.9999404930713354,False,4.6780260163359344e-05,0.004211024846881628,0.03525847941637039,0.15801754593849182,0.2605268955230713,0.2605268955230713,0.17905734479427338,0.05813140794634819,0.039953093975782394,0.004211024846881628,0.0,0.0,0.0
lapchole__2666031,5,lapchole,5,5,0.3114481718683972,0.036596117194590515,1,0.9999503845610889,False,2.9932314646430314e-05,0.0011232018005102873,0.017569832503795624,0.11456970870494843,0.2748384177684784,0.31143271923065186,0.21404437720775604,0.04214783385396004,0.022560112178325653,0.001634248998016119,0.0,0.0,0.0
lapchole__2666127,2,lapchole,2,2,0.39172910278156087,0.0,1,0.9999761460894661,False,5.8311652537668124e-05,0.009212366305291653,0.3917197585105896,0.3917197585105896,0.16329307854175568,0.03643561154603958,0.006331560201942921,0.0006673415773548186,0.00045865666470490396,7.970257865963504e-05,0.0,0.0,0.0
lapchole__2666409,2,lapchole,2,2,0.7911098474261969,0.5910859514088534,1,0.9999890910771398,False,1.1660197742457967e-05,0.006844366900622845,0.7911012172698975,0.20002171397209167,0.0019609439186751842,4.3322892452124506e-05,4.289547177904751e-06,5.453547373690526e-07,7.002493589425285e-07,3.3077438388318114e-07,0.0,0.0,0.0
lapchole__2666426,1,lapchole,1,1,0.9569927284054363,0.9149453985772494,1,0.9999956448979179,True,1.098517623177031e-05,0.9569885606044123,0.04204714670777321,0.0008726606611162424,6.321532418951392e-05,8.036926374188624e-06,2.77748767985031e-06,7.475506436094292e-07,9.598740007277229e-07,5.469197503771284e-07,3.0550609007787784e-09,1.740721155837925e-09,2.8699640468523043e-09
lapchole__2666527,1,lapchole,1,1,0.9230800476020159,0.847309026137171,1,0.9999933775339058,True,2.1072410163469613e-05,0.9230739345356984,0.07577051967382431,0.001080808462575078,3.936844223062508e-05,4.701890247815754e-06,1.6249298369075404e-06,4.3734391397265426e-07,5.615607392428501e-07,3.406037762943015e-07,2.9467904329167385e-09,1.787318783125281e-09,2.9467904329167385e-09
lapchole__2666666,2,lapchole,2,2,0.7674932745101098,0.5734405810744689,1,0.9999838118576463,False,1.8650422134669498e-05,0.03372075781226158,0.7674808502197266,0.19404955208301544,0.00456360774114728,0.00012945960042998195,1.4524963262374513e-05,2.37113522416621e-06,2.686848347366322e-06,1.3510320968634915e-06,0.0,0.0,0.0
lapchole__2667503,2,lapchole,2,2,0.29463722370232226,0.03462080644925994,1,0.9999195168493316,False,0.0007302738958969712,0.0511961467564106,0.2946135103702545,0.2599954903125763,0.20248471200466156,0.10838226228952408,0.0511961467564106,0.014667942188680172,0.014667942188680172,0.001985090086236596,0.0,0.0,0.0
lapchole__2667594,4,lapchole,4,4,0.24828214770979865,0.0,1,0.999894677028351,False,0.0001211725830216892,0.003125082002952695,0.029649952426552773,0.1034884974360466,0.24825599789619446,0.24825599789619446,0.21908514201641083,0.080596923828125,0.06276894360780716,0.004546967335045338,0.0,0.0,0.0
lapchole__2667710,2,lapchole,2,2,0.3064165082750023,0.0,1,0.9999546870967606,False,0.0001694664970273152,0.013462391681969166,0.30640262365341187,0.30640262365341187,0.2703993618488312,0.07747071236371994,0.019587663933634758,0.0034038256853818893,0.0023394126910716295,0.000316605088301003,0.0,0.0,0.0
lapchole__2703805,2,lapchole,2,2,0.2620568480710343,0.0,1,0.999973310106725,False,7.757847924949601e-05,0.15894126892089844,0.2620498538017273,0.2620498538017273,0.18010404706001282,0.09640275686979294,0.027619849890470505,0.006983391474932432,0.00479961046949029,0.0009450993384234607,0.0,0.0,0.0
lapchole__2703900,4,lapchole,3,3,0.30490284751828767,0.0,2,0.9999598406793666,False,0.00011589774658204988,0.03641398996114731,0.18492549657821655,0.30489060282707214,0.30489060282707214,0.12709730863571167,0.03213522955775261,0.005584266036748886,0.003387028817087412,0.000519417691975832,0.0,0.0,0.0
lapchole__2703920,2,lapchole,2,2,0.44970476821005717,0.17694504397994099,1,0.9999738187034382,False,7.1258946263697e-05,0.272752583026886,0.4496929943561554,0.18745991587638855,0.06896265596151352,0.017436489462852478,0.002673972165212035,0.00046466669300571084,0.0003618827904574573,9.739942470332608e-05,0.0,0.0,0.0
lapchole__2703932,1,lapchole,1,1,0.5255456182126623,0.20678557974904618,1,0.9999827002434049,True,0.00012898248678538948,0.5255365264013876,0.31875452399253845,0.10348442941904068,0.03806979954242706,0.010907178744673729,0.0021477509289979935,0.0004792280087713152,0.0003732231562025845,0.00010045164526673034,4.105214958109962e-07,9.159972621233608e-08,1.0379609133081049e-07
lapchole__2704005,1,lapchole,1,1,0.42331770228140553,0.1323755404225794,1,0.999974700273434,True,0.000495642249006778,0.42330699245928727,0.29093480110168457,0.1764608770608902,0.07355983555316925,0.02706115134060383,0.006038159132003784,0.001188984140753746,0.000721155374776572,0.0002066144661512226,2.9181085234785895e-07,9.47371202509387e-08,1.0084713423218363e-07
lapchole__2704435,1,lapchole,1,1,0.7518509984632618,0.5077607255058127,1,0.9999893208184807,True,1.3366918210522272e-05,0.7518429693099737,0.24408766627311707,0.003945309668779373,8.716325100976974e-05,8.630329830339178e-06,2.182089247071417e-06,5.873013719792652e-07,8.545184186914412e-07,5.873013719792652e-07,1.5496614209820966e-09,9.399172348289498e-10,1.3675714511587007e-09
lapchole__2704509,1,lapchole,1,1,0.6922955956657368,0.4037038710623393,1,0.9999858110681143,True,1.7908118024934083e-05,0.6922857727306853,0.28858762979507446,0.018448790535330772,0.0005930354236625135,4.035656456835568e-05,7.465213911928004e-06,1.6657143078191439e-06,1.8875017531172489e-06,1.2972597005500575e-06,1.0439465461425007e-09,4.931254552302673e-10,6.740226364812794e-10
lapchole__2704597,2,lapchole,2,2,0.6489387590938352,0.37842086212598597,1,0.9999760519103802,False,7.929338607937098e-06,0.06839600205421448,0.6489232182502747,0.2705114185810089,0.011885442771017551,0.000231729238294065,1.5769372112117708e-05,1.8833831063602702e-06,1.7692746041575447e-06,8.896471399566508e-07,0.0,0.0,0.0
lapchole__2705647,1,lapchole,2,2,0.2949440942858149,0.03465685475809801,2,0.9999663972703274,False,0.15786689519882202,0.26027849316596985,0.2949341833591461,0.17888662219047546,0.07457103580236435,0.02420967072248459,0.006121163256466389,0.0015476725529879332,0.001205328619107604,0.0003453324025031179,0.0,0.0,0.0
lapchole__2705805,2,lapchole,2,2,0.45096977446938213,0.09975415913997168,1,0.9999575317197014,False,0.0005280089098960161,0.06102953106164932,0.45095062255859375,0.3512006998062134,0.10062068700790405,0.02882830798625946,0.0050096092745661736,0.0008705395157448947,0.0007682485156692564,0.00015127708320505917,0.0,0.0,0.0
lapchole__2705923,4,lapchole,4,4,0.4558974729552011,0.24054673563281795,1,0.9999202637845883,False,0.0001349552912870422,0.0023921397514641285,0.042401690036058426,0.21533356606960297,0.4558611214160919,0.21533356606960297,0.054444849491119385,0.008349387906491756,0.005064160097390413,0.0006048276554793119,0.0,0.0,0.0
lapchole__2804961,1,lapchole,1,1,0.40308183060199326,0.047362754201542887,1,0.9999744000149317,True,4.6729284804314375e-05,0.40307151171314853,0.355709969997406,0.16802549362182617,0.05454988777637482,0.01562880538403988,0.002396754687651992,0.0003243655082769692,0.00017362034122925252,4.6729284804314375e-05,3.567806371964283e-07,7.960852547968318e-08,9.602620669070539e-08
lapchole__2805048,1,lapchole,1,1,0.3778293712107393,0.08356992618920747,1,0.9999624722229454,True,4.9634178139967844e-05,0.37781519211433184,0.29424840211868286,0.1784706860780716,0.09552847594022751,0.03982219099998474,0.010068627074360847,0.0022466143127530813,0.0013626405270770192,0.0003445294569246471,3.5953611031277956e-06,8.539730911757395e-07,1.030088197040351e-06
lapchole__2805401,3,lapchole,3,3,0.6699139542148072,0.39065227557282545,1,0.9999817505148769,False,5.285072347760433e-06,0.0018816161900758743,0.27925658226013184,0.6699017286300659,0.04852752014994621,0.000394408154534176,1.2678229722951073e-05,9.184079203805595e-07,7.15256760486227e-07,2.9816337132615445e-07,0.0,0.0,0.0
lapchole__2805424,1,lapchole,1,1,0.9019047294029545,0.8068446722209154,1,0.9999900539963466,True,1.60346862685401e-05,0.9018957590552208,0.0950591117143631,0.0028705366421490908,0.0001261225697817281,1.5063192222442012e-05,4.054203145642532e-06,1.0911739991570357e-06,1.3162070899852552e-06,9.629577562009217e-07,7.279734868911475e-10,3.660480308248063e-10,5.003283472115865e-10
lapchole__2805632,2,lapchole,2,2,0.544659027407803,0.12047815328166186,1,0.9999846628053319,False,1.323546348430682e-05,0.42417436838150024,0.544650673866272,0.030727088451385498,0.00038679694989696145,2.4727101845201105e-05,4.574053491523955e-06,9.58773739512253e-07,1.3104883009873447e-06,9.292754157286254e-07,0.0,0.0,0.0
lapchole__2806851,1,lapchole,1,1,0.4732636155090342,0.1479933457587828,1,0.9999754314101551,True,0.0007115082698874176,0.47325198808937624,0.32526227831840515,0.13558948040008545,0.04401945695281029,0.016193853691220284,0.0036133371759206057,0.0007115082698874176,0.0004890119889751077,0.00013161580136511475,9.440087569115334e-07,2.2422173255738745e-07,2.2422173255738745e-07
lapchole__2806976,3,lapchole,3,3,0.3417521225437347,0.10686953221924168,1,0.999962645364576,False,0.00010769505752250552,0.0672924667596817,0.23487381637096405,0.34173935651779175,0.23487381637096405,0.09790997207164764,0.019279617816209793,0.0026092121843248606,0.0010876815067604184,0.0001890107087092474,0.0,0.0,0.0
lapchole__2918228,1,lapchole,1,1,0.4819690735263227,0.10661050295658944,1,0.9999758925638581,True,4.08788509957958e-05,0.48195745448766025,0.3753495216369629,0.09490321576595306,0.034912943840026855,0.010002725757658482,0.001969653647392988,0.0004128617874812335,0.00032153711072169244,0.00010438780736876652,5.145866609458042e-07,8.942175540570652e-08,1.0786321971260029e-07
lapchole__2918248,2,lapchole,2,2,0.543983093700665,0.3172171985108988,1,0.9999745945533505,False,5.924302968196571e-05,0.226760134100914,0.5439692735671997,0.15584981441497803,0.05733393877744675,0.012792931869626045,0.0022230781614780426,0.00043775004451163113,0.00043775004451163113,0.0001106805430026725,0.0,0.0,0.0
lapchole__2918264,3,lapchole,3,3,0.43600712190036,0.0,1,0.9999707228871557,False,1.859484655142296e-05,0.0009537338046357036,0.07576444745063782,0.43599435687065125,0.43599435687065125,0.04595346376299858,0.00484345993027091,0.0002732492866925895,0.0001462598011130467,2.8800262953154743e-05,0.0,0.0,0.0
lapchole__2918391,1,lapchole,1,1,0.7640476361487488,0.5451442935896537,1,0.9999885880941762,True,0.0001288790226681158,0.7640389169090802,0.21890084445476532,0.013993863016366959,0.0024317686911672354,0.0003969753161072731,6.480443698819727e-05,1.3583749932877254e-05,1.3583749932877254e-05,5.319472165865591e-06,3.1630692508010334e-08,7.997491654121375e-09,9.646817083966672e-09
lapchole__2918693,4,lapchole,4,4,0.31084125318600536,0.03652480877597683,1,0.9999696366503485,False,9.795491496333852e-05,0.02551463060081005,0.1295739859342575,0.27430811524391174,0.31083181500434875,0.18852902948856354,0.05401446670293808,0.01063608005642891,0.005693083629012108,0.0007704750751145184,0.0,0.0,0.0
lapchole__2918765,1,lapchole,1,1,0.9699018359109335,0.9406133370504107,1,0.9999969413684732,True,5.6539927754784e-05,0.9698988693386003,0.029288409277796745,0.0006887973286211491,4.9896316340891644e-05,8.670679562783334e-06,2.9965065095893806e-06,9.13882843178726e-07,1.173448822555656e-06,6.686109941256291e-07,2.2652828389897652e-09,1.3739634406849656e-09,2.4113808151925383e-09
lapchole__2918830,3,lapchole,3,3,0.7470608220266999,0.5330243084036742,1,0.999982784174847,False,5.893703473702772e-06,0.001442141830921173,0.2140328288078308,0.7470479607582092,0.03719332441687584,0.000250606652116403,8.575288120482583e-06,6.612552283513651e-07,5.481998641698738e-07,2.4326220682269195e-07,0.0,0.0,0.0
lapchole__2918878,2,lapchole,2,2,0.49594828582784944,4.0669555680410424e-09,1,0.9999862370826846,True,5.0239332267665304e-06,0.4959414560656993,0.4959414601325989,0.008016147650778294,7.382616604445502e-05,5.347949354472803e-06,1.532213104837865e-06,3.874041567542008e-07,6.000232701808272e-07,4.5292134132068895e-07,9.60277688686559e-10,7.025540606159804e-10,9.60277688686559e-10
lapchole__2920374,2,lapchole,2,2,0.519534146255636,0.06104688988473643,1,0.999971824045133,False,0.00019748440536204726,0.458474338054657,0.5195195078849792,0.017776979133486748,0.0030891757924109697,0.0006082947365939617,0.0001742793683661148,4.4064723624615e-05,6.411379581550136e-05,2.3586149836773984e-05,0.0,0.0,0.0
lapchole__3046981,3,lapchole,3,3,0.30450961656842385,0.03578082687761283,1,0.999961417488521,False,7.020498742349446e-05,0.022057753056287766,0.12693358957767487,0.3044978678226471,0.268718421459198,0.1846872866153717,0.07698911428451538,0.01041934359818697,0.004921749699860811,0.0006660863873548806,0.0,0.0,0.0
lapchole__3047154,4,lapchole,4,4,0.3560037179103633,0.07874774551560144,1,0.9999614462121826,False,2.6646504920790903e-05,0.006520184222608805,0.09000836312770844,0.27724528312683105,0.3559899926185608,0.19054771959781647,0.07009857892990112,0.006520184222608805,0.0027180169709026814,0.0002864768903236836,0.0,0.0,0.0
lapchole__3047157,2,lapchole,2,2,0.3753248299831288,0.044101811885722694,1,0.9999755049866508,False,0.00016166441491805017,0.10752973705530167,0.3753156363964081,0.33121490478515625,0.13807092607021332,0.03955797851085663,0.006874145939946175,0.0007245296728797257,0.0004394494171719998,8.653272379888222e-05,0.0,0.0,0.0
lapchole__3047428,5,lapchole,5,5,0.33824780872040444,0.0748201578105871,1,0.9999606072105962,False,1.9717264876817353e-05,0.0029263016767799854,0.019081884995102882,0.12442952394485474,0.2634172737598419,0.33823448419570923,0.2051495760679245,0.03564964979887009,0.01021379604935646,0.0008383994572795928,0.0,0.0,0.0
lapchole__3047469,1,lapchole,1,1,0.9887050216256932,0.977721499498793,1,0.9999983819446696,True,2.120315002684947e-05,0.9887034218462628,0.010983504354953766,0.0002583072055131197,2.4026316168601625e-05,4.731062290375121e-06,1.7404604477633256e-06,4.986503086001903e-07,6.014870450599119e-07,3.427170156555803e-07,1.9143970421825954e-09,1.0907905079723013e-09,1.6894494304142967e-09
lapchole__3047579,2,lapchole,2,2,0.5911811442983995,0.23261167229199087,1,0.9999748191560798,False,1.0510267202334944e-05,0.037791989743709564,0.5911662578582764,0.3585604429244995,0.012269263155758381,0.00016440822219010442,9.275277989218011e-06,1.1077738690801198e-06,1.0406572528154356e-06,5.232753323980432e-07,0.0,0.0,0.0
lapchole__3047741,3,lapchole,3,3,0.4815718038660114,0.05658618269472111,1,0.9999756575812739,False,9.70155633694958e-06,0.02716776169836521,0.42497527599334717,0.481560081243515,0.06517206877470016,0.0010534083703532815,3.1810177461011335e-05,2.958807499453542e-06,1.7946074422070524e-06,7.963522534737422e-07,0.0,0.0,0.0
lapchole__3049027,1,lapchole,1,1,0.5824745150941408,0.22918526274963263,1,0.9999744235382518,True,0.001636012108065188,0.5824596174569863,0.3532802164554596,0.04781127721071243,0.010668138042092323,0.003056472633033991,0.0006819912232458591,0.00016198711819015443,0.00016198711819015443,5.598125062533654e-05,5.488183086747469e-07,7.906477762244834e-08,1.15038564262312e-07
lapchole__3160363,2,lapchole,2,2,0.4725479852150506,0.14777082337939432,1,0.9999713525248808,False,8.484837599098682e-05,0.3247678577899933,0.4725344479084015,0.1534094661474228,0.03878798708319664,0.008654770441353321,0.0013272520154714584,0.00020354067964944988,0.00015851763600949198,4.266444739187136e-05,0.0,0.0,0.0
lapchole__3160371,1,lapchole,1,1,0.7520908819761171,0.5366131842661988,1,0.9999864796416884,True,0.00012686190893873572,0.7520807134379098,0.21547478437423706,0.02573479153215885,0.005067481193691492,0.0011307079112157226,0.000252295023528859,4.9679834773996845e-05,5.2883915486745536e-05,1.612868254596833e-05,9.590429774552285e-08,2.277926437376025e-08,3.3143638981667834e-08
lapchole__3160400,5,lapchole,5,5,0.49462485857237254,0.22987124146865553,1,0.9999621505139658,False,1.642848837946076e-05,0.0003980258770752698,0.0037763642612844706,0.04059974476695061,0.2647435963153839,0.4946061372756958,0.18195544183254242,0.011632021516561508,0.002021342283114791,0.00021304789697751403,0.0,0.0,0.0
lapchole__3160500,7,lapchole,7,7,0.3803600781689845,0.08413536336287719,1,0.9999421458942379,False,1.047316072799731e-05,0.0008319861954078078,0.0004453300789464265,0.002261572750285268,0.010135666467249393,0.05147315934300423,0.2306867092847824,0.38033807277679443,0.29620757699012756,0.027551598846912384,0.0,0.0,0.0
lapchole__3160549,2,lapchole,2,2,0.373155497428171,0.043846929246408164,1,0.9999729443879914,False,0.00011046773579437286,0.08325999975204468,0.3731454014778137,0.329299658536911,0.15555013716220856,0.05049973726272583,0.006834396626800299,0.0008162522572092712,0.0003855702525470406,7.13233239366673e-05,0.0,0.0,0.0
lapchole__3160639,1,lapchole,1,1,0.7744716005717138,0.5786544566871669,1,0.9999817307199375,True,0.00013906176900491118,0.7744574515331425,0.19581356644630432,0.023386595770716667,0.004605093505233526,0.0011643499601632357,0.0002765573444776237,5.445737770060077e-05,6.170828419271857e-05,2.2701211491948925e-05,1.2680745561507789e-07,2.6580287191399005e-08,3.4129766617185475e-08
lapchole__3160831,1,lapchole,1,1,0.9702316520794785,0.9409331938922347,1,0.9999962511702828,True,1.9546307157725096e-05,0.9702280148462286,0.02929834835231304,0.0004179184907115996,2.5097957404796034e-05,4.36137042925111e-06,1.60445870278636e-06,4.3183416664760443e-07,5.208914330978587e-07,4.0567067571828375e-07,4.191784307261211e-10,2.243700407553258e-10,3.475111404484029e-10
lapchole__3160869,1,lapchole,1,1,0.9764926569481988,0.9535277503187698,1,0.9999977803784739,True,1.6309051716234535e-05,0.9764904895040772,0.022964855656027794,0.00047662039287388325,3.912337706424296e-05,6.386716449924279e-06,2.2071901639719727e-06,6.323705861177586e-07,7.165697297750739e-07,4.3462148369144415e-07,1.8907512396046007e-09,1.1467984840387367e-09,1.8907512396046007e-09
lapchole__3162045,2,lapchole,2,2,0.4648512889479146,0.21603429884340564,1,0.9999758321937406,False,0.0002913276548497379,0.15091148018836975,0.4648400545120239,0.24881097674369812,0.09153243154287338,0.03367290273308754,0.0075134397484362125,0.001305640209466219,0.0008973524672910571,0.00020022639364469796,0.0,0.0,0.0
lapchole__3162066,1,lapchole,2,2,0.43902217992547754,2.4424492118989823e-06,2,0.9999621968968029,True,0.010324421338737011,0.43900314116782424,0.439005583524704,0.08644531667232513,0.0192885585129261,0.004303859546780586,0.0009603208163753152,0.00027513649547472596,0.00027513649547472596,7.882792851887643e-05,1.4437717807333156e-06,1.8355497257787887e-07,2.6707090884487755e-07
lapchole__3162150,3,lapchole,3,3,0.4978030632203873,0.1556683557982648,1,0.9999649154815415,False,6.961115286685526e-05,0.0038006396498531103,0.06736794859170914,0.4977855980396271,0.3421227037906647,0.07633789628744125,0.011706795543432236,0.0005143606686033309,0.00021441742137540132,4.4944335968466476e-05,0.0,0.0,0.0
lapchole__3162155,2,lapchole,2,2,0.4655523535385615,0.05470386785116101,1,0.9999753677257104,False,0.001902559190057218,0.41083836555480957,0.46554088592529297,0.0916704311966896,0.023177914321422577,0.005171692464500666,0.0011539604747667909,0.00022722830181010067,0.00022722830181010067,6.510199455078691e-05,0.0,0.0,0.0
lapchole__3162193,3,lapchole,3,3,0.4666787402941613,0.1836237844758704,1,0.9999683854257455,False,7.394819112960249e-05,0.04918602108955383,0.28304600715637207,0.46666398644447327,0.15150360763072968,0.04340650886297226,0.005184168927371502,0.0005464073037728667,0.000292470765998587,6.525905337184668e-05,0.0,0.0,0.0
lapchole__3162236,6,lapchole,6,6,0.32264373761513104,0.07136855464927426,1,0.9999510116576857,False,4.80265989608597e-05,0.001494063762947917,0.0024632944259792566,0.01417528185993433,0.06352920085191727,0.19568373262882233,0.3226279318332672,0.2512628734111786,0.13449132442474365,0.01417528185993433,0.0,0.0,0.0
lapchole__3162241,7,lapchole,7,7,0.37376100115767197,0.08267564403485914,1,0.9999418644492835,False,2.046699773927685e-05,0.0006367096793837845,0.00030076035181991756,0.001527387066744268,0.011285948567092419,0.0735936239361763,0.291068434715271,0.3737392723560333,0.2266843318939209,0.021084928885102272,0.0,0.0,0.0
lapchole__3162262,1,lapchole,1,1,0.6370935852167847,0.37151237189140895,1,0.9999755636207753,True,0.0022976717445999384,0.6370780169563347,0.26557472348213196,0.06714780628681183,0.019238168373703957,0.006245719268918037,0.0015791651094332337,0.00035235934774391353,0.00035235934774391353,0.00010746352927526459,1.6317374041400134e-06,1.9488324073358115e-07,2.8355343367754513e-07
lapchole__3214965,2,lapchole,2,2,0.4566995266922477,0.10102157484262929,1,0.9999762329771329,False,0.0001630826445762068,0.3556694984436035,0.45668867230415344,0.14826509356498718,0.03308241814374924,0.005073353182524443,0.0007780239102430642,0.00012700889783445746,9.891462832456455e-05,3.01672571367817e-05,0.0,0.0,0.0
lapchole__3214969,3,lapchole,3,3,0.3249633180566973,0.03818419417378742,1,0.9999617975263391,False,5.4813106544315815e-05,0.02077341452240944,0.1970926821231842,0.3249509036540985,0.2867681682109833,0.11954276263713837,0.043977320194244385,0.003609878709539771,0.002811376005411148,0.0003804783627856523,0.0,0.0,0.0
lapchole__3215023,5,lapchole,5,5,0.31849214085929106,0.07045021563364053,1,0.9999691317989345,False,1.8565819118521176e-05,0.0018937649438157678,0.01796754263341427,0.10339606553316116,0.24803426861763,0.31848230957984924,0.21888947486877441,0.06271287798881531,0.02614261955022812,0.0024316422641277313,0.0,0.0,0.0
lapchole__3215028,2,lapchole,2,2,0.3979466535532127,0.08802547838312617,1,0.9999797102645971,False,0.00010396484867669642,0.30991488695144653,0.3979385793209076,0.18797287344932556,0.06915134936571121,0.025439361110329628,0.006432077847421169,0.001626283978112042,0.0011177276028320193,0.00028260578983463347,0.0,0.0,0.0
lapchole__3215045,3,lapchole,3,3,0.34974464833260993,0.041096104108079984,1,0.9999750312927063,False,0.00013294475502334535,0.015366323292255402,0.27237460017204285,0.34973591566085815,0.30864083766937256,0.04733160510659218,0.005652954336255789,0.0004094986361451447,0.0002814440231304616,4.8907641030382365e-05,0.0,0.0,0.0
lapchole__3215054,1,lapchole,1,1,0.6760037916387185,0.48232516099716827,1,0.9999766968880415,True,0.000896889076102525,0.6759880386466776,0.19367411732673645,0.08073538541793823,0.03365551307797432,0.010926345363259315,0.0027626128867268562,0.0006164222722873092,0.0005439907545223832,0.00017660792218521237,5.28044339590226e-07,1.0397809414336681e-07,1.4212119755759883e-07
lapchole__3215066,1,lapchole,1,1,0.5515091461766319,0.2909942368276862,1,0.9999638719589125,True,0.0025539062917232513,0.5514892212315388,0.2605054974555969,0.10859484225511551,0.051296573132276535,0.01887095533311367,0.004771324805915356,0.0009395296219736338,0.0007317063282243907,0.00020963737915735692,4.5857699796296003e-07,9.612295725901756e-08,1.2342432180858017e-07
lapchole__3215138,1,lapchole,1,1,0.945139253991282,0.8918181443132086,1,0.9999960602409883,True,2.1576044673565775e-05,0.9451355303703888,0.05332089960575104,0.0014209537766873837,8.016472565941513e-05,1.084911582438508e-05,3.522192400851054e-06,8.365939834220626e-07,1.074208057616488e-06,6.515400627904455e-07,8.120757601343863e-10,4.92548790466477e-10,7.628745533572057e-10
lapchole__3215222,2,lapchole,2,2,0.5336051826066376,0.11803303558508738,1,0.9999791779729321,False,2.578752173576504e-05,0.4155634939670563,0.5335940718650818,0.04963197931647301,0.001096513238735497,5.459217936731875e-05,8.371982403332368e-06,1.548661089145753e-06,1.7548628648000886e-06,1.0643781251928885e-06,0.0,0.0,0.0
lapchole__3215813,2,lapchole,2,2,0.5446108902986746,0.2873549261313827,1,0.9999707189563196,False,0.0006376550882123411,0.2572484314441681,0.544594943523407,0.15602906048297882,0.03481478616595268,0.005339020863175392,0.0009277827921323478,0.00017162255244329572,0.00016122446686495095,4.619157698471099e-05,0.0,0.0,0.0
lapchole__3215875,2,lapchole,2,2,0.4751578872382368,0.05583252534730536,1,0.9999857613183849,False,5.863830665475689e-05,0.003627823432907462,0.4751511216163635,0.41931939125061035,0.08256887644529343,0.016258778050541878,0.0024933642707765102,0.0002627986541483551,0.00020466781279537827,4.03014782932587e-05,0.0,0.0,0.0
lapchole__3215906,1,lapchole,1,1,0.4138426411951378,0.1293981608398676,1,0.9999484540411825,True,0.10463587939739227,0.4138213092793978,0.2844298183917999,0.11856798827648163,0.04942649230360985,0.020604025572538376,0.0052095139399170876,0.0013171713799238205,0.0014925507130101323,0.0004276229301467538,1.1395108815441177e-05,1.9801729542126697e-06,2.7065751952052246e-06
lapchole__3410011,1,lapchole,1,1,0.6540652990380256,0.4134475001602594,1,0.9999782542825563,True,0.00012501617311500013,0.6540510759188429,0.24061256647109985,0.06893664598464966,0.02536037564277649,0.008233308792114258,0.0018370995530858636,0.0003617463225964457,0.0003617463225964457,9.736270294524729e-05,9.54504992961569e-07,1.5581864569458315e-07,2.0007509538705337e-07
lapchole__3410188,2,lapchole,2,2,0.45635090509850296,0.14270581064651305,1,0.9999681691278965,False,0.00011922177509404719,0.31363511085510254,0.4563363790512085,0.16787679493427277,0.04809749871492386,0.01216095220297575,0.0014524187427014112,0.00017346667300444096,9.285001578973606e-05,2.347616282349918e-05,0.0,0.0,0.0
lapchole__3410211,1,lapchole,2,2,0.39546882837440256,0.046468811357426684,2,0.9999656428772141,False,0.00019301983411423862,0.34898802638053894,0.3954552412033081,0.16485026478767395,0.06871981173753738,0.017375091090798378,0.003421358298510313,0.00046303047565743327,0.0004086229600943625,9.117610898101702e-05,0.0,0.0,0.0
lapchole__3410224,2,lapchole,2,2,0.6682805147531679,0.47681493926636176,1,0.9999818456417415,False,0.00012773337948601693,0.19146209955215454,0.6682683825492859,0.1161276251077652,0.020179957151412964,0.003094696905463934,0.0005377776105888188,8.247086952906102e-05,7.747421477688476e-05,2.3628301278222352e-05,0.0,0.0,0.0
lapchole__3410278,4,lapchole,3,3,0.33130925090728447,0.0,2,0.9999662917944079,False,3.389521225471981e-05,0.012845820747315884,0.156494140625,0.3312980830669403,0.3312980830669403,0.1381055861711502,0.02719460241496563,0.0019699702970683575,0.0006395557429641485,8.655444980831817e-05,0.0,0.0,0.0
lapchole__3410365,2,lapchole,2,2,0.44932193652764574,0.14050775949021974,1,0.9999772918235976,False,0.00011027445725630969,0.3088071644306183,0.4493117332458496,0.18730099499225616,0.041792500764131546,0.010566799901425838,0.0016204712446779013,0.00023345100635197014,0.00018181181803811342,5.208996299188584e-05,0.0,0.0,0.0
lapchole__3410398,1,lapchole,1,1,0.9700635893629316,0.9407702060754838,1,0.9999945061113673,True,5.6549219152657315e-05,0.970058259941605,0.029293222352862358,0.0005365240504033864,3.8865669921506196e-05,6.3446464082517195e-06,2.4845992356858915e-06,7.118496796465479e-07,9.140330234913563e-07,6.282051003836386e-07,6.909874133180896e-10,3.4745028499912857e-10,5.055372053991396e-10
lapchole__3410420,1,lapchole,1,1,0.9931484858848547,0.9864567040487768,1,0.9999988122215545,True,2.1298450519680046e-05,0.99314730624449,0.006691773887723684,0.0001225641171913594,1.1400238690839615e-05,2.543737082305597e-06,1.0603873761283467e-06,2.853993521512166e-07,3.6646005696638895e-07,2.088026604951665e-07,1.8064930150610975e-09,1.0956934589062084e-09,1.5942244087023632e-09
lapchole__3410536,2,lapchole,2,2,0.9585330281026541,0.9257338328064009,1,0.9999959173243553,False,3.183782973792404e-05,0.008292902261018753,0.9585291147232056,0.03279906138777733,0.00032155070221051574,1.7041564206010662e-05,2.9613795504701557e-06,5.146106332176714e-07,6.207388878465281e-07,3.121271276995685e-07,0.0,0.0,0.0
lapchole__3410656,2,lapchole,2,2,0.8125514559571445,0.6312467174828816,1,0.9999909562404241,False,1.974549741134979e-05,0.0037628260906785727,0.8125441074371338,0.18130309879779816,0.002282269299030304,6.891855446156114e-05,7.263962743309094e-06,1.0464730166859226e-06,1.185809310300101e-06,4.943188400829968e-07,0.0,0.0,0.0
lapchole__3410723,1,lapchole,1,1,0.9873368614906669,0.9749081249169298,1,0.9999979559250457,True,1.4552523680322338e-05,0.9873348433001169,0.012428711168467999,0.00020089141617063433,1.4552523680322338e-05,2.528849563532276e-06,9.903117188514443e-07,2.837290367097012e-07,3.6431532635106123e-07,2.3521965886175167e-07,1.0232860791910827e-09,5.830508062598339e-10,9.612883689993589e-10
lapchole__3411581,3,lapchole,3,3,0.4107379546289813,0.16161278113642402,1,0.9999718643011875,False,8.356983016710728e-05,0.03820350766181946,0.19401343166828156,0.410726398229599,0.2491181641817093,0.09164544939994812,0.014054284431040287,0.00148131069727242,0.0005449437303468585,0.00010080447100335732,0.0,0.0,0.0
lapchole__3411597,1,lapchole,2,2,0.4041947224839694,2.2334167225060433e-06,2,0.9999558835558449,True,0.00128640653565526,0.40417465753187504,0.40417689085006714,0.13121701776981354,0.04259992763400078,0.012205084785819054,0.003085928503423929,0.0006076553836464882,0.00047324245679192245,0.00012737148790620267,1.1730404408678282e-06,2.309853395836441e-07,2.965910651089851e-07
lapchole__3411733,3,lapchole,4,4,0.3525460706400456,0.04142527378309719,2,0.9999564516765531,False,9.210166172124445e-05,0.004437706898897886,0.11444996297359467,0.31110724806785583,0.35253071784973145,0.16652372479438782,0.04210378974676132,0.005698128137737513,0.0026916051283478737,0.00032146641751751304,0.0,0.0,0.0
lapchole__3411818,1,lapchole,2,2,0.41943882695657936,8.298121276898821e-07,2,0.999973312744702,True,0.0010396571597084403,0.4194268034955402,0.41942763328552246,0.12016803026199341,0.030383236706256866,0.007682085037231445,0.001334946253336966,0.0002628664660733193,0.0001923172385431826,5.5099812016123906e-05,4.478224778053626e-07,8.283882929587327e-08,1.0636717250457443e-07
lapchole__3411889,4,lapchole,4,4,0.347675318695636,0.04085291057805557,1,0.9999611831481161,False,5.864401828148402e-05,0.008176223374903202,0.1642238348722458,0.30681049823760986,0.3476618230342865,0.1449270099401474,0.025184540078043938,0.0020672727841883898,0.0007605071878060699,9.0829620603472e-05,0.0,0.0,0.0
lapchole__3411891,4,lapchole,4,4,0.6152635963965762,0.4389876260085202,1,0.999956962214128,False,6.294510239968076e-05,0.0003855855029541999,0.016395512968301773,0.17626838386058807,0.6152371168136597,0.17626838386058807,0.01446899026632309,0.0006357230595313013,0.00020638905698433518,2.793172279780265e-05,0.0,0.0,0.0
lapchole__3496121,6,lapchole,6,6,0.2603144081259286,0.05758135374217995,1,0.9999298080147128,False,4.673882358474657e-05,0.0047674900852143764,0.011436614207923412,0.05125534161925316,0.10850756615400314,0.2027188241481781,0.26029613614082336,0.2027188241481781,0.13932648301124573,0.018855789676308632,0.0,0.0,0.0
lapchole__3496126,6,lapchole,6,6,0.3649256463380998,0.0428799051700861,1,0.999936154084935,False,1.877235081337858e-05,0.0005486084846779704,0.0007982206880114973,0.004593442659825087,0.02058638259768486,0.08142071962356567,0.3649023473262787,0.3220251798629761,0.19531816244125366,0.00972431804984808,0.0,0.0,0.0
lapchole__3496153,1,lapchole,1,1,0.36589744154414644,0.04299296728116894,1,0.9999741368385728,True,0.0001480553182773292,0.36588797827955,0.3228961229324341,0.19584640860557556,0.08164092898368835,0.02650492824614048,0.005219129379838705,0.0010277075925841928,0.0006233362364582717,0.00017858881619758904,6.050633580738585e-07,1.6285057726826077e-07,1.8453389298501483e-07
lapchole__3496202,2,lapchole,2,2,0.36509350748953673,0.0428996309731512,1,0.9999737749021733,False,0.00037724035792052746,0.3221854269504547,0.3650839328765869,0.19541536271572113,0.08146123588085175,0.026446592062711716,0.006686745677143335,0.0013166982680559158,0.0007986178970895708,0.00020192221563775092,0.0,0.0,0.0
lapchole__3496217,1,lapchole,1,1,0.49333035847669626,0.22926911119890808,1,0.9999796662559233,True,0.0001068489218596369,0.4933203272234417,0.26405587792396545,0.14133892953395844,0.06676377356052399,0.024561019614338875,0.007036850322037935,0.0015701336087659001,0.0009523341432213783,0.00027284829411655664,4.6482766760260705e-07,1.251066774964124e-07,1.33175348274895e-07
lapchole__3496221,1,lapchole,1,1,0.6745706699342668,0.4813026874960803,1,0.9999818235085512,True,0.002756769536063075,0.6745584086062532,0.19326446950435638,0.08056461811065674,0.03358432650566101,0.010903235524892807,0.002756769536063075,0.0007898276671767235,0.0006151184206828475,0.00018760052626021206,4.950046049261794e-07,8.08072806152071e-08,1.0375859965096348e-07
lapchole__3496224,2,lapchole,2,2,0.7050363796964001,0.5267752676224575,1,0.999976951521603,False,9.859116835286841e-05,0.09541409462690353,0.7050201296806335,0.17825700342655182,0.01878814958035946,0.0019802565220743418,0.0002679985773283988,6.365524313878268e-05,6.365524313878268e-05,2.3417453121510334e-05,0.0,0.0,0.0
lapchole__3496258,1,lapchole,1,1,0.9453161611729095,0.8919850709891177,1,0.9999954936669636,True,1.7890506569528952e-05,0.9453119012634625,0.05333084985613823,0.0012542213080450892,6.647130066994578e-05,8.995911230158526e-06,2.9205448299762793e-06,7.384294349321863e-07,8.907158530746528e-07,6.121794626778865e-07,6.733601493237603e-10,3.8366902371426466e-10,5.942382332888895e-10
lapchole__3496313,1,lapchole,1,1,0.6857614953249651,0.3998935736084455,1,0.9999853275410094,True,0.00012313366460148245,0.6857514335175476,0.2858637273311615,0.026589468121528625,0.0015000752173364162,0.00012313366460148245,2.0101018890272826e-05,4.774410626851022e-06,5.759038231190061e-06,3.7183144740993157e-06,1.9319406925600394e-09,5.535103351778083e-10,7.565588845571647e-10
lapchole__3496347,1,lapchole,1,1,0.5295827585751385,0.11714326296758394,1,0.9999817178759298,True,9.509025403531268e-05,0.5295730766774408,0.4124319553375244,0.05581659451127052,0.0019099388737231493,0.00012209829583298415,1.993200021388475e-05,4.734265075967414e-06,5.039598818257218e-06,3.2538096093048807e-06,2.3107701612778387e-09,8.500846914532952e-10,1.0915303392527723e-09
lapchole__3496352,2,lapchole,2,2,0.7733955147030412,0.5518139878520906,1,0.999989472127595,False,1.463674743718002e-05,0.0024615225847810507,0.7733873724937439,0.2215791940689087,0.0024615225847810507,7.433153950842097e-05,7.834485586499795e-06,1.1286648486930062e-06,1.361429667667835e-06,5.675283318851143e-07,0.0,0.0,0.0
lapchole__3496354,2,lapchole,3,3,0.5227190636135174,0.061421113339045534,2,0.999980314472424,False,1.1932666893699206e-05,0.003521983977407217,0.4612888693809509,0.5227087736129761,0.012292931787669659,0.00014536964590661228,8.201194759749342e-06,8.643995101920154e-07,9.794929383133422e-07,4.08313411526251e-07,0.0,0.0,0.0
lapchole__3496361,2,lapchole,2,2,0.9547661347834032,0.9220958358688615,1,0.9999904688651213,False,4.334590266807936e-05,0.012018617242574692,0.954757034778595,0.03266998752951622,0.0004660123959183693,2.6290619643987156e-05,5.866229912498966e-06,1.0851434808500926e-06,1.4832153283350635e-06,7.458074833266437e-07,0.0,0.0,0.0
lapchole__3496912,6,lapchole,6,6,0.3057936024094755,0.03593170753374271,1,0.9999344454008678,False,5.4904758144402876e-05,0.0026454594917595387,0.0029976984951645136,0.013434751890599728,0.0531354695558548,0.14443720877170563,0.3057735562324524,0.2698442041873932,0.18546102941036224,0.022150162607431412,0.0,0.0,0.0
lapchole__3496920,2,lapchole,2,2,0.29232998338959015,0.03434970021918421,1,0.9999777194461785,False,0.0017382187070325017,0.15646947920322418,0.2923234701156616,0.2579745352268219,0.17730313539505005,0.08375207334756851,0.021175840869545937,0.0053540910594165325,0.003247420536354184,0.0006394549855031073,0.0,0.0,0.0
lapchole__3496939,3,lapchole,3,3,0.24603295817169962,0.05442229943177689,1,0.9999576446134597,False,0.007429237011820078,0.0905066430568695,0.19160254299640656,0.2460225373506546,0.19160254299640656,0.14922021329402924,0.0704866424202919,0.029383203014731407,0.020194759592413902,0.0035093228798359632,0.0,0.0,0.0
lapchole__3496951,2,lapchole,3,3,0.24606343606979195,0.028913219873503492,2,0.9999616868444718,False,0.00041918252827599645,0.11622768640518188,0.21714189648628235,0.246054008603096,0.19162705540657043,0.1317032277584076,0.06221219524741173,0.020197343081235886,0.012250307016074657,0.0021287843119353056,0.0,0.0,0.0
lapchole__3497001,1,lapchole,1,1,0.40600064277359316,0.0898006259305037,1,0.9999687119401707,True,0.0018801352707669139,0.4059879398011913,0.31619012355804443,0.16924437880516052,0.0705515444278717,0.025954464450478554,0.006562316324561834,0.0018801352707669139,0.0012921968009322882,0.0004195148649159819,4.112681565184408e-06,8.098351192472594e-07,1.0398487957942313e-06
lapchole__3753923,1,lapchole,1,1,0.6740308065438414,0.3930527925930845,1,0.99998030743846,True,0.00035020263749174774,0.6740175331507037,0.2809724807739258,0.03355737403035164,0.008484633639454842,0.0018931777449324727,0.00047867026296444237,8.854510087985545e-05,0.00010680576815502718,3.0600367608712986e-05,1.936908206142578e-07,3.813998913558775e-08,5.2131182032391947e-08
lapchole__3753992,5,lapchole,5,5,0.3404873161751942,0.07531551624871917,1,0.9999650326117262,False,1.3641247278428636e-05,0.0005800406797789037,0.014959446154534817,0.12525391578674316,0.26516252756118774,0.3404754102230072,0.2065087854862213,0.03588584437966347,0.010281466878950596,0.000843954214360565,0.0,0.0,0.0
lapchole__3753995,5,lapchole,5,5,0.24916558812104914,0.029277730152718062,1,0.9999622296272719,False,2.1132986148586497e-05,0.006639786995947361,0.029757462441921234,0.10386374592781067,0.19404302537441254,0.2491561770439148,0.21987955272197723,0.11769304424524307,0.07138443738222122,0.007523864507675171,0.0,0.0,0.0
lapchole__3753998,4,lapchole,4,4,0.3208941029143098,0.037706064665171735,1,0.9999695047226851,False,1.991226599784568e-05,0.00754647608846426,0.06318586319684982,0.19462618231773376,0.3208843171596527,0.2831794023513794,0.10417588800191879,0.01810305565595627,0.00754647608846426,0.0007019315962679684,0.0,0.0,0.0
lapchole__3754040,2,lapchole,2,2,0.42108852754665027,0.16568543150026369,1,0.9999783172788739,False,8.048546442296356e-05,0.1755319982767105,0.4210793972015381,0.2553975582122803,0.12064126878976822,0.023755675181746483,0.002837210660800338,0.00033885648008435965,0.00026390168932266533,5.196532219997607e-05,0.0,0.0,0.0
lapchole__3754048,1,lapchole,1,1,0.6842152048836955,0.43250630143799845,1,0.9999735631300065,True,0.00015774849453009665,0.6841971163752764,0.2517022490501404,0.04956310987472534,0.01105902437120676,0.0024676017928868532,0.0005505963927134871,0.00012285466073080897,0.00011541127605596557,3.746855509234592e-05,2.68742389085458e-07,4.971234482812465e-08,6.38319142285266e-08
lapchole__3754088,3,lapchole,3,3,0.4961929449556427,0.19523669324107878,1,0.9999685016809963,False,0.00027442790451459587,0.011668972671031952,0.30094677209854126,0.4961773157119751,0.16108518838882446,0.027992410585284233,0.0015792236663401127,0.00014689068484585732,7.862491474952549e-05,1.8675054889172316e-05,0.0,0.0,0.0
lapchole__3754214,4,lapchole,4,4,0.4245956269575568,0.1670653630380864,1,0.9999583709177386,False,3.601194839575328e-05,0.006862663198262453,0.050708603113889694,0.25751954317092896,0.4245779514312744,0.22726020216941833,0.030756324529647827,0.0017351530259475112,0.00043871538946405053,6.320294050965458e-05,0.0,0.0,0.0
lapchole__3754352,1,lapchole,1,1,0.923571971588537,0.8477605651524871,1,0.9999917713612082,True,1.3612599104817491e-05,0.9235643718483846,0.07581078261137009,0.0005788224516436458,1.980621527764015e-05,2.518077735658153e-06,9.860934824246215e-07,2.4165257173081045e-07,3.6276350101616117e-07,2.6540342901171243e-07,7.002976768601189e-10,3.990175863639522e-10,5.453923802303886e-10
lapchole__3754454,1,lapchole,1,1,0.9384718999975659,0.8784774004735324,1,0.9999916274356352,True,2.9282786272233352e-05,0.9384640425811785,0.05999399721622467,0.0014109235489740968,7.47762096580118e-05,1.1467303011158947e-05,3.962994014727883e-06,1.002001795313845e-06,1.2865957614849322e-06,8.842634997563437e-07,9.137070161742e-10,4.316046222152289e-10,5.899335595853046e-10
lapchole__3754500,1,lapchole,1,1,0.9792531467764464,0.958929396703201,1,0.999995945729092,True,1.5364221326308325e-05,0.9792491766189019,0.02032366767525673,0.0003722409892361611,2.6965048164129257e-05,4.988031832908746e-06,1.8349943502471433e-06,4.938820552524703e-07,7.185941512943828e-07,4.938820552524703e-07,7.904097945346232e-10,4.230758628441248e-10,5.782761400996057e-10
lapchole__3754507,2,lapchole,2,2,0.5876523344648431,0.18376516676797439,1,0.9999820321367565,False,1.951869489857927e-05,0.40387991070747375,0.5876417756080627,0.00838225893676281,5.305731974658556e-05,3.610595967984409e-06,1.0344530210204539e-06,2.2371614250005223e-07,3.805540131907037e-07,2.6155066734645516e-07,0.0,0.0,0.0
lapchole__3754508,2,lapchole,2,2,0.8101069723165284,0.6293476696396907,1,0.9999800124441549,False,3.677806307678111e-05,0.18075568974018097,0.8100907802581787,0.0089992955327034,8.82259919308126e-05,6.391068836819613e-06,1.615915380170918e-06,3.387142442079494e-07,5.584453788287647e-07,3.387142442079494e-07,0.0,0.0,0.0
lapchole__3754512,2,lapchole,2,2,0.8731763030769641,0.8099236182618826,1,0.9999786038089837,False,4.7816531150601804e-05,0.06325133144855499,0.8731576204299927,0.06325133144855499,0.0002584937319625169,9.415633030585013e-06,1.6361916550522437e-06,2.6710094402915274e-07,4.40375032439988e-07,2.50918105848541e-07,0.0,0.0,0.0
lapchole__3755356,1,lapchole,1,1,0.5331696452477594,0.1667271795139442,1,0.999973503212123,True,0.00033414337667636573,0.5331555179647669,0.3664327561855316,0.07215488702058792,0.020672719925642014,0.005226882640272379,0.001321562915109098,0.00029488050495274365,0.00029488050495274365,8.448467997368425e-05,5.692511180567967e-07,9.892102019030505e-08,1.193215193044106e-07
lapchole__3755411,2,lapchole,2,2,0.667447751484559,0.4507592003939285,1,0.9999795412477397,False,0.00015388350584544241,0.02283833734691143,0.6674340963363647,0.21668411791324615,0.07971363514661789,0.010788067243993282,0.0018746851710602641,0.000197590357856825,0.00025371104129590094,4.1417184547754005e-05,0.0,0.0,0.0
lapchole__3755423,5,lapchole,5,5,0.2474286091435295,0.0,1,0.9999561640506727,False,4.7291636292357e-05,0.003999135456979275,0.023013435304164886,0.09101991355419159,0.19268915057182312,0.24741776287555695,0.24741776287555695,0.11687187850475311,0.07088637351989746,0.006593459751456976,0.0,0.0,0.0
lapchole__3755425,4,lapchole,4,4,0.43190053811289086,0.05074966773793675,1,0.9999493356408493,False,3.663118332042359e-05,0.00039382235263474286,0.008963354863226414,0.09636515378952026,0.4318786561489105,0.3811315596103668,0.0750492513179779,0.0047977389767766,0.0012130583636462688,0.00012010903446935117,0.0,0.0,0.0
lapchole__3755474,3,lapchole,3,3,0.3018221251978646,0.0,1,0.9999724535300629,False,6.140956247691065e-05,0.019294310361146927,0.18305931985378265,0.3018138110637665,0.3018138110637665,0.1425667554140091,0.04084605723619461,0.006263945251703262,0.003799275029450655,0.0004537586937658489,0.0,0.0,0.0
lapchole__3755542,4,lapchole,4,4,0.3157209086717929,0.06983723517547344,1,0.9999518813565373,False,0.0011386125115677714,0.012241238728165627,0.0904512032866478,0.24587184190750122,0.31570571660995483,0.21698114275932312,0.0904512032866478,0.017810897901654243,0.008413271978497505,0.0008867523865774274,0.0,0.0,0.0
lapchole__3755653,1,lapchole,1,1,0.9652777380841487,0.9361288735497278,1,0.9999850799596844,True,0.004470056854188442,0.9652633361013808,0.02914842963218689,0.0008802062948234379,0.00015295691264327615,4.1167793824570253e-05,1.4227208339434583e-05,5.930783117946703e-06,5.571454948949395e-06,3.1745196338306414e-06,1.4700932284778868e-08,3.4917770758197993e-09,4.21188748348929e-09
lapchole__4658475,1,lapchole,1,1,0.9376808571497147,0.8847805162369985,1,0.999993159632205,True,5.4661421017954126e-05,0.9376744430677775,0.052899979054927826,0.006318001542240381,0.0026337350718677044,0.00031455475254915655,6.19395068497397e-05,1.298322604270652e-05,1.66707941389177e-05,6.1328414631134365e-06,3.425764127796467e-08,9.814978746846114e-09,1.4280710036565275e-08
lapchole__4658497,2,lapchole,2,2,0.7225675892160328,0.5802856082237239,1,0.9999699308154959,False,6.523761112475768e-05,0.14227770268917084,0.722545862197876,0.11080600321292877,0.021818995475769043,0.002029482740908861,0.00031123124063014984,4.4837110181106254e-05,5.40838846063707e-05,1.6494652300025336e-05,0.0,0.0,0.0
lapchole__4658538,2,lapchole,1,1,0.42359292637315765,0.04977264486013487,2,0.9999739131217787,True,3.824467785307206e-05,0.42358187615607196,0.3738105297088623,0.12135851383209229,0.06495853513479233,0.012791093438863754,0.002518715336918831,0.0004376871220301837,0.00038625753950327635,9.174420119961724e-05,4.522571870969892e-07,1.0742049819862631e-07,1.5629590582571944e-07
lapchole__4658993,1,lapchole,1,1,0.945055473624426,0.8917390858793084,1,0.9999920446783825,True,5.5091255489969626e-05,0.945047955404187,0.053315963596105576,0.0014208221109583974,0.00011662818724289536,2.1574045604211278e-05,7.4557901825755835e-06,2.136119746865006e-06,2.7428322937339544e-06,1.6636117834423203e-06,4.672727102161432e-09,2.662439753352538e-09,4.38962104042428e-09
lapchole__4659135,1,lapchole,1,1,0.6190285011194827,0.24356871595219373,1,0.9999824714896262,True,1.24707903523813e-05,0.6190176504719791,0.3754532039165497,0.005355552304536104,0.0001259505224879831,1.171522217191523e-05,2.962072358059231e-06,8.486479146085912e-07,1.31441152007028e-06,7.972309390424925e-07,1.976132674912206e-09,1.5390136118415098e-09,2.3836709493250374e-09
lapchole__4659212,2,lapchole,2,2,0.7807793543131772,0.6451002607940057,1,0.999983214707072,False,2.1499530703295022e-05,0.1356768161058426,0.7807662487030029,0.08229215443134308,0.0011738345492631197,4.275692117516883e-05,6.556986136274645e-06,1.1394333796488354e-06,1.3744189573117183e-06,8.336272685482982e-07,0.0,0.0,0.0
lapchole__4659449,2,lapchole,2,2,0.6842333203066887,0.3990024428137693,1,0.9999831692430803,False,1.5619771147612482e-05,0.28522607684135437,0.6842218041419983,0.030062608420848846,0.0004288200580049306,2.134969508915674e-05,3.949296115024481e-06,8.812071428110357e-07,1.2821487871406134e-06,7.776625920996594e-07,0.0,0.0,0.0
lapchole__4660107,1,lapchole,1,1,0.8419052174905823,0.7127948074904745,1,0.9999813091856481,True,0.00017129795742221177,0.8418894815964603,0.1291079968214035,0.019799351692199707,0.007283774204552174,0.0012657301267609,0.00028242258122190833,6.301700341282412e-05,9.16891876840964e-05,2.6269392037647776e-05,1.884167215781963e-07,3.274191658519699e-08,5.7463854673817506e-08
lapchole__4660120,2,lapchole,2,2,0.9413453495866025,0.9091342844450422,1,0.9999802281035954,False,0.00010251874482491985,0.01724100112915039,0.9413267374038696,0.03221042826771736,0.008144072256982327,0.0007575167110189795,0.00013163666881155223,2.01871371245943e-05,3.771453339140862e-05,8.415250704274513e-06,0.0,0.0,0.0
lapchole__4660130,2,lapchole,2,2,0.5455032179872698,0.2878257432759891,1,0.9999564777353953,False,0.00012576566950883716,0.03951440006494522,0.5454794764518738,0.2576662600040436,0.13791881501674652,0.01647205278277397,0.0022292500361800194,0.0002662459446582943,0.00023496121866628528,4.925054599880241e-05,0.0,0.0,0.0
lapchole__4704430,1,lapchole,1,1,0.5812412679023632,0.22870045232125866,1,0.999971272734254,True,6.738301453879103e-05,0.5812245704299976,0.35253068804740906,0.05406232923269272,0.009394624270498753,0.00209622411057353,0.00036426910082809627,9.80417025857605e-05,9.210165444528684e-05,4.0869865188142285e-05,1.1479473937631283e-07,2.5614169646733224e-08,3.089658719760855e-08
lapchole__4704475,1,lapchole,1,1,0.9037447013330523,0.8196833438074722,1,0.9999878201301453,True,5.969749690848403e-05,0.9037336938402082,0.08406033366918564,0.008859895169734955,0.0022401323076337576,0.0006418086122721434,0.0002361081715207547,6.354766082949936e-05,6.764613499399275e-05,2.4885621314751916e-05,4.512982197467284e-08,1.0719271730497025e-08,1.559644944465306e-08
lapchole__4704721,3,lapchole,2,2,0.2315544141578651,0.0,2,0.9999641112281097,False,2.2254278519540094e-05,0.20433871448040009,0.23154610395431519,0.23154610395431519,0.18032829463481903,0.10937464237213135,0.031336355954408646,0.00699208676815033,0.0037425942718982697,0.0007369605591520667,0.0,0.0,0.0
lapchole__4704966,1,lapchole,1,1,0.6198049134883813,0.24387422366267023,1,0.999988364766764,True,5.54085272597149e-06,0.619797701913652,0.37592631578445435,0.004176164045929909,7.185487629612908e-05,6.683544143015752e-06,2.169829258491518e-06,5.840016115143953e-07,7.982355327840196e-07,5.486186864800402e-07,1.277496267022893e-09,7.278954632998323e-10,1.0590816207519988e-09
lapchole__4705049,2,lapchole,2,2,0.8803274558501563,0.7751873334040504,1,0.9999885657489926,False,1.6496081798322848e-06,0.014229005202651024,0.8803173899650574,0.10513892024755478,0.0002953135990537703,5.408857305155834e-06,6.068569291528547e-07,8.212915503236218e-08,1.2329047649473068e-07,6.59926300272673e-08,0.0,0.0,0.0
lapchole__4705140,1,lapchole,1,1,0.6739914251104405,0.3556204213208182,1,0.9999879059856793,True,2.3830363716115244e-05,0.6739832738484932,0.3183671534061432,0.0074872784316539764,0.0001136883074650541,8.766701284912415e-06,2.2165691007103305e-06,5.264813580652117e-07,6.760153610230191e-07,4.945834461977938e-07,5.440116712302614e-10,3.0996850498137993e-10,4.2367670337833685e-10
lapchole__4706059,1,lapchole,1,1,0.9661597203308874,0.9330995509200061,1,0.9999942925095926,True,4.386333603179082e-05,0.9661542059835516,0.0330599807202816,0.0006055146222934127,9.285868145525455e-05,2.3478351067751646e-05,7.160492714319844e-06,2.6341979264543625e-06,3.1774493436387274e-06,1.409984633937711e-06,5.413162845887099e-09,1.2857387501649276e-09,1.9913912604104296e-09
lapchole__4706798,2,lapchole,2,2,0.31867122132704256,0.0374448442887001,1,0.9999439038801938,False,0.000542864203453064,0.10345159471035004,0.3186533451080322,0.28121060132980347,0.19327302277088165,0.07110117375850677,0.023083172738552094,0.004545345902442932,0.0035399191547185183,0.000542864203453064,0.0,0.0,0.0
lapchole__4927561,1,lapchole,1,1,0.9302325136261412,0.8777523782592538,1,0.9999867919951576,True,8.940501720644534e-05,0.9302202271105967,0.052479442209005356,0.010333815589547157,0.004307775292545557,0.001584741985425353,0.0005829939036630094,0.00016703055007383227,0.00016703055007383227,5.4226882639341056e-05,6.349304191962109e-08,1.6053555857293395e-08,2.3357783260246555e-08
lapchole__4927601,1,lapchole,1,1,0.9038698981815092,0.829675717592525,1,0.99998510274374,True,0.000499908986967057,0.9038564330000103,0.074193075299263,0.012892822735011578,0.006090138573199511,0.0017448539147153497,0.0004411681729834527,0.00011154477397212759,0.00011873880430357531,3.621328141889535e-05,1.3902852362627338e-07,3.102145611765765e-08,3.515191537749427e-08
lapchole__4927713,5,lapchole,5,5,0.5280703923251964,0.24541467339418532,1,0.9999454785865964,False,0.00010093030869029462,0.00048151161172427237,0.0058660125359892845,0.04334429278969765,0.2826403081417084,0.5280416011810303,0.1335098147392273,0.005176737904548645,0.0007005952065810561,8.367416739929467e-05,0.0,0.0,0.0
lapchole__4927755,3,lapchole,2,2,0.42730011242181054,0.0,2,0.9999764562517157,False,8.694001007825136e-05,0.021273517981171608,0.42729005217552185,0.42729005217552185,0.1080358475446701,0.014621061272919178,0.001200169906951487,0.00010486967948963866,5.9752939705504104e-05,1.4192565686244052e-05,0.0,0.0,0.0
lapchole__4927767,4,lapchole,4,4,0.5704333389574134,0.36058262201931307,1,0.9999585862533422,False,5.150146171217784e-05,0.0006678810459561646,0.02506205253303051,0.2098420262336731,0.5704097151756287,0.18518491089344025,0.008136456832289696,0.00045902750571258366,0.0001235455711139366,2.146900078514591e-05,0.0,0.0,0.0
lapchole__4928004,1,lapchole,1,1,0.8150779877489168,0.6332095023027456,1,0.999991113821831,True,2.680571924429387e-06,0.8150707448206961,0.1818668693304062,0.0029396042227745056,9.449342178413644e-05,1.0601867870718706e-05,3.233387133150245e-06,9.26380948840233e-07,1.189496629194764e-06,7.67996766626311e-07,1.0189622209501045e-09,5.123663717577337e-10,7.935686084198038e-10
lapchole__4928164,2,lapchole,2,2,0.87860714814144,0.7597006056110347,1,0.9999917300745835,False,4.204203833069187e-06,0.11890555918216705,0.8785998821258545,0.002467806451022625,1.2949857591593172e-05,8.278567520392244e-07,2.6876574565903866e-07,5.812466952193063e-08,9.887339302849796e-08,7.463355444770059e-08,0.0,0.0,0.0
lapchole__4929146,1,lapchole,1,1,0.9971064209412224,0.9943057540727105,1,0.9999980374349197,True,1.6653340935590677e-05,0.9971044640549792,0.0028006613720208406,5.8125868235947564e-05,1.1445662494224962e-05,3.715862476383336e-06,1.3669895224666107e-06,5.698459517589072e-07,6.873654569972132e-07,3.456290755821101e-07,9.119828583233003e-10,2.1661492165542967e-10,3.151728839605795e-10
lapchole__4929625,4,lapchole,4,4,0.5719076029571916,0.30175756332858167,1,0.9999429509261972,False,0.0011039783712476492,0.000669596716761589,0.04694235697388649,0.2701346278190613,0.5718749761581421,0.09937696158885956,0.009243497624993324,0.0004061309446115047,0.00016930057608988136,2.152415254386142e-05,0.0,0.0,0.0
lapchole__5026822,1,lapchole,1,1,0.9828543641308722,0.9669680028920938,1,0.9999874255405801,True,0.0007909254636615515,0.9828420052685548,0.015886161476373672,0.00037360674468800426,5.7294444559374824e-05,1.9800430891336873e-05,7.284171715582488e-06,3.6627113786380505e-06,4.150395852775546e-06,2.517342181818094e-06,1.1657602956760795e-08,2.2955181394895526e-09,3.1376014412202496e-09
lapchole__584479,2,lapchole,2,2,0.32634863077767584,0.07218805699463852,1,0.9999738878395874,False,8.009356679394841e-05,0.1979352831840515,0.32634010910987854,0.25415393710136414,0.13603879511356354,0.06426017731428146,0.016247516497969627,0.002823395188897848,0.0017124757869169116,0.0003821049758698791,0.0,0.0,0.0
lapchole__584508,2,lapchole,2,2,0.8429192053466553,0.7136533602285734,1,0.9999795939779688,False,0.00032041146187111735,0.008263520896434784,0.8429020047187805,0.12926320731639862,0.017493871971964836,0.0014359847409650683,0.0002495367079973221,1.9242204871261492e-05,2.6300975150661543e-05,5.512983534572413e-06,0.0,0.0,0.0
lapchole__584589,7,lapchole,7,7,0.37384600606306406,0.08269443473603431,1,0.9999507031625399,False,1.0957783160847612e-05,0.0005620270385406911,0.000437707087257877,0.002222859999164939,0.012791676446795464,0.07361101359128952,0.2911372184753418,0.37382757663726807,0.2267378866672516,0.018611779436469078,0.0,0.0,0.0
lapchole__584617,5,lapchole,4,4,0.32629419186819514,0.0,2,0.9999649934725312,False,1.7868147551780567e-05,0.0021984761115163565,0.026782920584082603,0.15412507951259613,0.3262827694416046,0.3262827694416046,0.1360148936510086,0.020858559757471085,0.0067717828787863255,0.0006298739463090897,0.0,0.0,0.0
lapchole__584793,1,lapchole,1,1,0.6671800319257672,0.4217380410147432,1,0.9999803787626987,True,0.0014594226377084851,0.6671669410280382,0.24543717503547668,0.06205622851848602,0.017779408022761345,0.004495338071137667,0.001136599574238062,0.0002102497819578275,0.00018554476264398545,5.315946327755228e-05,2.040863374242722e-07,4.553782014029301e-08,6.224281536172839e-08
lapchole__584799,1,lapchole,1,1,0.5047036829264675,0.1985853448125245,1,0.9999758596960081,True,0.00011636163253569975,0.5046914992261359,0.3061109483242035,0.12760603427886963,0.04694363474845886,0.011869209818542004,0.002062559360638261,0.0003163037181366235,0.00020422103989403695,5.496534868143499e-05,7.763017058916464e-08,2.089387607151277e-08,2.3675865473025437e-08
lapchole__584888,6,lapchole,7,7,0.3111780910367589,0.03656439252231557,2,0.9999605325510856,False,1.4126905625744257e-05,0.0016328482888638973,0.0009903726167976856,0.006458039861172438,0.028942927718162537,0.10102074593305588,0.27460286021232605,0.31116580963134766,0.24233616888523102,0.03279663249850273,0.0,0.0,0.0
lapchole__584999,1,lapchole,1,1,0.9569383392931737,0.9148934033638382,1,0.9999948124350261,True,8.116539538605139e-05,0.9569333751133626,0.04204471781849861,0.0008726102532818913,4.92293038405478e-05,8.03646253189072e-06,3.1471240617975127e-06,8.470369152746571e-07,1.0217215731245233e-06,6.596730486307933e-07,1.0557416825121562e-09,6.015434666327578e-10,8.752404913982399e-10
lapchole__585077,1,lapchole,1,1,0.9233314782419126,0.8475398186963554,1,0.9999927898799645,True,0.0001005581725621596,0.923324820911122,0.07579111307859421,0.0007430299301631749,2.7064863388659433e-05,3.6628309771913337e-06,1.3474802926793927e-06,3.626693683145277e-07,4.6567672029595997e-07,3.626693683145277e-07,7.001160872238499e-10,3.520405033183807e-10,5.45250969416704e-10
lapchole__585284,1,lapchole,1,1,0.957266536781102,0.9152071812559324,1,0.999995546636392,True,3.179574923706241e-05,0.9572622737251439,0.042059168219566345,0.0005999417626298964,3.384640149306506e-05,5.190513547859155e-06,1.7937935581358033e-06,5.13930444867583e-07,6.1991846678211e-07,4.002494620181096e-07,9.32008918813352e-10,5.652919465655941e-10,8.755412056686291e-10
lapchole__585403,1,lapchole,1,1,0.8506530078047849,0.7028316899698709,1,0.9999915611022863,True,1.2537837392301299e-05,0.8506458292310621,0.14782007038593292,0.0014491771580651402,5.278626849758439e-05,6.7110208874510136e-06,2.319266968697775e-06,6.644810923717159e-07,9.082379506253346e-07,5.508741764970182e-07,2.3964863280000024e-09,1.547287909441325e-09,2.3964863280000024e-09
lapchole__586117,1,lapchole,1,1,0.5135688980913841,0.11359934280532692,1,0.9999720399469897,True,0.0016345385229215026,0.513554538677769,0.39995837211608887,0.06133560463786125,0.01757294498383999,0.004443136043846607,0.0009913976537063718,0.0001952177844941616,0.00022121072106529027,6.337793456623331e-05,1.2356623159085357e-06,1.894949662190065e-07,2.757135482308709e-07
lapchole__586155,4,lapchole,5,5,0.438741035858862,0.05155343511699363,2,0.9999293388063961,False,5.414111728896387e-05,0.00012987780792172998,0.002031630603596568,0.04080639034509659,0.3871602416038513,0.4387100338935852,0.12569253146648407,0.0043009622022509575,0.0009596743620932102,8.385540422750637e-05,0.0,0.0,0.0
lapchole__586203,7,lapchole,8,8,0.3255810175500319,0.038256802494276085,2,0.9999436950529343,False,3.1290364859160036e-05,0.003191704396158457,0.0013305002357810736,0.005962888710200787,0.023583682253956795,0.07264285534620285,0.22375574707984924,0.2873080372810364,0.3255626857280731,0.05657430365681648,0.0,0.0,0.0
lapchole__586205,1,lapchole,2,2,0.37915404257084817,0.04455178074194341,2,0.9999607351637678,False,0.06588450074195862,0.3345891237258911,0.37913915514945984,0.15804871916770935,0.04528171569108963,0.012973428703844547,0.002894763136282563,0.0005700126639567316,0.0004439263138920069,0.00013538986968342215,0.0,0.0,0.0
lapchole__586382,6,lapchole,6,6,0.24954668959575144,0.0,1,0.9999577917005809,False,3.2781328627606854e-05,0.004033376462757587,0.005178957711905241,0.023210477083921432,0.06309261918067932,0.15135133266448975,0.2495361566543579,0.2495361566543579,0.22021488845348358,0.03377104550600052,0.0,0.0,0.0
lapchole__586420,4,lapchole,4,4,0.2530959222112305,0.0,1,0.999947846707073,False,0.00023078157391864806,0.005951935425400734,0.04983494058251381,0.17394104599952698,0.2530827224254608,0.2530827224254608,0.17394104599952698,0.056470390409231186,0.030226420611143112,0.003185841254889965,0.0,0.0,0.0
lapchole__586556,6,lapchole,6,6,0.31048009296228646,0.0,1,0.9999538138381467,False,2.323893022548873e-05,0.000988144427537918,0.0012688025599345565,0.006443510763347149,0.032722845673561096,0.12942136824131012,0.3104657530784607,0.3104657530784607,0.188306987285614,0.019847409799695015,0.0,0.0,0.0
lapchole__586571,6,lapchole,6,6,0.45178591988369304,0.2383773508861863,1,0.9999411634944408,False,2.9841643481631763e-05,0.00036354566691443324,0.0007696262327954173,0.005018593277782202,0.04202016443014145,0.21339601278305054,0.45175933837890625,0.21339601278305054,0.06927954405546188,0.0039084842428565025,0.0,0.0,0.0
lapchole__627590,1,lapchole,1,1,0.9040007732449066,0.8087197962139167,1,0.9999932549228288,True,5.912559117859928e-06,0.9039946756899282,0.09528033435344696,0.0006833989173173904,2.3384625819744542e-05,3.1647650757804513e-06,1.2393397810228635e-06,3.3356374729009985e-07,4.853324071518728e-07,3.23301065918713e-07,1.1301300376295637e-09,5.682650610856113e-10,7.767263196623922e-10
lapchole__627712,2,lapchole,2,2,0.987072605168565,0.9761072184488324,1,0.9999943657768888,False,3.0495475584757514e-06,0.0019054877338930964,0.9870670437812805,0.010965324938297272,5.0779526645783335e-05,2.09592121791502e-06,3.642165040673717e-07,6.329134549787341e-08,1.0434978037210385e-07,5.2470365830004084e-08,0.0,0.0,0.0
lapchole__628842,1,lapchole,1,1,0.9519225300956903,0.9045290971026856,1,0.9999931774601561,True,7.125266711227596e-05,0.9519160355663004,0.047393109649419785,0.0005264898645691574,6.288025178946555e-05,1.403048008796759e-05,4.5550305003416725e-06,1.7837753603089368e-06,2.0212823983456474e-06,1.0163646493310807e-06,1.52804202100813e-09,4.377914243161719e-10,5.621353086716491e-10
lapchole__629286,3,lapchole,3,3,0.36695243028224117,0.04311805330488153,1,0.9999552201334154,False,0.01826866716146469,0.005930967628955841,0.1349882185459137,0.36693599820137024,0.3238198757171631,0.11912667006254196,0.026580754667520523,0.0028015905991196632,0.0013233778299763799,0.00017909971938934177,0.0,0.0,0.0
lapchole__629357,6,lapchole,6,6,0.3666832086183982,0.04308642083307834,1,0.9999284947916749,False,3.751279291464016e-05,0.0004864733200520277,0.0006246441625989974,0.0035945787094533443,0.026560543105006218,0.13488557934761047,0.36665698885917664,0.32357364892959595,0.13488557934761047,0.008622946217656136,0.0,0.0,0.0
lapchole__629398,4,lapchole,3,3,0.24666769809700126,0.0,2,0.9999263600911945,False,0.04286126047372818,0.02599666826426983,0.10281882435083389,0.24664953351020813,0.24664953351020813,0.19209085404872894,0.09073730558156967,0.02945808693766594,0.020246226340532303,0.0024180670734494925,0.0,0.0,0.0
lapchole__744102,1,lapchole,1,1,0.527135896477469,0.16484084288930187,1,0.999983980760691,True,0.0006993827410042286,0.5271274521613949,0.3622892498970032,0.0808376595377922,0.023160377517342567,0.004560548346489668,0.0008980253478512168,0.00017683165788184851,0.00017683165788184851,5.7408837164985016e-05,1.2558077392910085e-07,3.8299971018119854e-08,4.9178139395543945e-08
lapchole__744529,7,lapchole,7,7,0.3366781044536423,0.0744729312730321,1,0.999952415707412,False,1.3488465810951311e-05,0.0015590549446642399,0.0008345019305124879,0.0033005191944539547,0.0167614184319973,0.0851215049624443,0.2621926963329315,0.33666208386421204,0.2621926963329315,0.03131445124745369,0.0,0.0,0.0
lapchole__744533,3,lapchole,3,3,0.27048190275276973,0.0,1,0.9999659962886653,False,3.553174246917479e-05,0.03660449758172035,0.14477361738681793,0.2704727053642273,0.2704727053642273,0.1858929991722107,0.06838620454072952,0.015259026549756527,0.007207853253930807,0.0008608553325757384,0.0,0.0,0.0
lapchole__744540,4,lapchole,4,4,0.34960865263987845,0.0,1,0.9999677125388189,False,1.4006721357873175e-05,0.0018345187418162823,0.022349011152982712,0.14573386311531067,0.34959736466407776,0.34959736466407776,0.11349765211343765,0.013555360957980156,0.003427332267165184,0.00036123814061284065,0.0,0.0,0.0
lapchole__744972,2,lapchole,2,2,0.9494475995872211,0.9021773892585948,1,0.9999907427869488,False,3.3238588912354317e-06,0.003021855605766177,0.9494388103485107,0.04726977273821831,0.0002480490074958652,7.490431016776711e-06,9.523014341539238e-07,1.5545893461421656e-07,2.2619141759605554e-07,1.0684526330351218e-07,0.0,0.0,0.0
lapchole__745964,1,lapchole,1,1,0.9887880072026145,0.9778035641928132,1,0.9999974672025288,True,3.085295975324698e-05,0.9887855028028503,0.01098441518843174,0.00015668425476178527,2.7227642931393348e-05,7.3282203629787546e-06,2.532565076762694e-06,1.12381906092196e-06,1.1962990811298368e-06,6.015369535816717e-07,1.2361329275938284e-09,2.758185351258396e-10,4.0131357450363873e-10
lapchole__746356,2,lapchole,2,2,0.3393134281528681,0.0,1,0.999968437696225,False,0.0020175676327198744,0.07570867240428925,0.3393027186393738,0.3393027186393738,0.1816156655550003,0.05203375592827797,0.007979635149240494,0.001223716652020812,0.0006550083053298295,0.00012897879059892148,0.0,0.0,0.0
