qID,video,ood,clinical,primary,answer_format,latency,timed_out,correctness
heico__2044974,0020 - Heico - Sigma - 1.avi,True,False,object_identification,fo_class,1.213318774010986,False,False
heico__2041134,0020 - Heico - Sigma - 1.avi,True,False,object_identification,fo_class,1.1429654220119119,False,True
heico__2041136,0020 - Heico - Sigma - 1.avi,True,False,object_identification,fo_class,1.0999904971104115,False,True
heico__2051824,0020 - Heico - Sigma - 1.avi,True,False,object_aggregation,number,1.0553932660259306,False,False
heico__2052326,0020 - Heico - Sigma - 1.avi,True,False,object_aggregation,number,1.055839414941147,False,True
heico__2054416,0020 - Heico - Sigma - 1.avi,True,False,object_aggregation,number,1.0429555498994887,False,False
heico__2044999,0020 - Heico - Sigma - 1.avi,True,False,object_identification,fo_class,1.0845882480498403,False,False
heico__2052335,0020 - Heico - Sigma - 1.avi,True,False,object_aggregation,number,1.0262172541115433,False,True
heico__2041161,0020 - Heico - Sigma - 1.avi,True,False,object_identification,fo_class,1.121225869981572,False,True
heico__2041164,0020 - Heico - Sigma - 1.avi,True,False,object_identification,fo_class,1.0525420340709388,False,True
heico__2041172,0020 - Heico - Sigma - 1.avi,True,False,object_identification,fo_class,1.1327351690270007,False,True
heico__2041175,0020 - Heico - Sigma - 1.avi,True,False,object_identification,fo_class,1.0932411951944232,False,True
heico__2072424,0020 - Heico - Sigma - 1.avi,True,False,spatial_localization_camera,open_ended,1.3296470430213958,False,True
heico__2072425,0020 - Heico - Sigma - 1.avi,True,False,spatial_localization_camera,open_ended,1.3063047148752958,False,True
heico__2052364,0020 - Heico - Sigma - 1.avi,True,False,object_aggregation,number,1.0431630299426615,False,True
heico__2060303,0020 - Heico - Sigma - 1.avi,True,False,object_aggregation,binary,1.169529901118949,False,True
heico__2045034,0020 - Heico - Sigma - 1.avi,True,False,object_identification,fo_class,1.0956275479402393,False,True
heico__2054454,0020 - Heico - Sigma - 1.avi,True,False,object_aggregation,number,1.0438833269290626,False,True
heico__2079739,0020 - Heico - Sigma - 1.avi,True,False,object_identification,fo_class,1.126949975034222,False,True
heico__2072432,0020 - Heico - Sigma - 1.avi,True,False,spatial_localization_camera,open_ended,1.3193965901155025,False,True
heico__2045049,0020 - Heico - Sigma - 1.avi,True,False,object_identification,fo_class,1.0898286539595574,False,True
heico__2079749,0020 - Heico - Sigma - 1.avi,True,False,object_identification,fo_class,1.0913050300441682,False,True
heico__2079752,0020 - Heico - Sigma - 1.avi,True,False,object_identification,fo_class,1.0282411889638752,False,True
heico__2079754,0020 - Heico - Sigma - 1.avi,True,False,object_identification,fo_class,1.127239254070446,False,True
heico__2051893,0020 - Heico - Sigma - 1.avi,True,False,object_aggregation,number,1.0188480650540441,False,False
heico__2079757,0020 - Heico - Sigma - 1.avi,True,False,object_identification,fo_class,1.1074538559187204,False,True
heico__2054487,0020 - Heico - Sigma - 1.avi,True,False,object_aggregation,number,0.9906599097885191,False,False
heico__2045070,0020 - Heico - Sigma - 1.avi,True,False,object_identification,fo_class,1.0632736750412732,False,True
heico__2045077,0020 - Heico - Sigma - 1.avi,True,False,object_identification,fo_class,1.0922900880686939,False,True
heico__2079716,0020 - Heico - Sigma - 1.avi,True,False,object_identification,fo_class,1.0999268270097673,False,True
heico__2079717,0020 - Heico - Sigma - 1.avi,True,False,object_identification,fo_class,1.0872278709430248,False,True
heico__2041232,0020 - Heico - Sigma - 1.avi,True,False,object_identification,fo_class,1.0970740248449147,False,True
heico__2060772,0020 - Heico - Sigma - 1.avi,True,False,object_aggregation,binary,1.0557126251515,False,True
heico__2060775,0020 - Heico - Sigma - 1.avi,True,False,object_aggregation,binary,1.1762821529991925,False,True
heico__2041242,0020 - Heico - Sigma - 1.avi,True,False,object_identification,fo_class,1.0812283668201417,False,True
heico__2045099,0020 - Heico - Sigma - 1.avi,True,False,object_identification,fo_class,1.0912080509588122,False,True
heico__2079760,0020 - Heico - Sigma - 1.avi,True,False,object_identification,fo_class,1.0824181840289384,False,True
heico__2072460,0020 - Heico - Sigma - 1.avi,True,False,spatial_localization_camera,open_ended,1.3378493711352348,False,False
heico__2060784,0020 - Heico - Sigma - 1.avi,True,False,object_aggregation,binary,1.0238664711359888,False,True
heico__2041251,0020 - Heico - Sigma - 1.avi,True,False,object_identification,fo_class,1.127790512982756,False,True
heico__2051940,0020 - Heico - Sigma - 1.avi,True,False,object_aggregation,number,1.0371302550192922,False,False
heico__2045111,0020 - Heico - Sigma - 1.avi,True,False,object_identification,fo_class,1.090562951983884,False,True
heico__2079764,0020 - Heico - Sigma - 1.avi,True,False,object_identification,fo_class,1.0917609489988536,False,True
heico__2051948,0020 - Heico - Sigma - 1.avi,True,False,object_aggregation,number,1.0348531710915267,False,False
heico__2079766,0020 - Heico - Sigma - 1.avi,True,False,object_identification,fo_class,1.0721242120489478,False,True
heico__2045123,0020 - Heico - Sigma - 1.avi,True,False,object_identification,fo_class,1.081643746001646,False,True
heico__2054542,0020 - Heico - Sigma - 1.avi,True,False,object_aggregation,number,1.0322567780967802,False,True
heico__2045126,0020 - Heico - Sigma - 1.avi,True,False,object_identification,fo_class,1.0860377340577543,False,True
heico__2041276,0020 - Heico - Sigma - 1.avi,True,False,object_identification,fo_class,1.0846929678227752,False,True
heico__2052465,0020 - Heico - Sigma - 1.avi,True,False,object_aggregation,number,1.0337521450128406,False,True
heico__2052469,0020 - Heico - Sigma - 1.avi,True,False,object_aggregation,number,1.0260983549524099,False,True
heico__2053808,0020 - Heico - Sigma - 1.avi,True,False,object_aggregation,number,1.0111615539062768,False,True
heico__2041286,0020 - Heico - Sigma - 1.avi,True,False,object_identification,fo_class,1.1280508518684655,False,True
heico__2053810,0020 - Heico - Sigma - 1.avi,True,False,object_aggregation,number,0.9802555369678885,False,True
heico__2052475,0020 - Heico - Sigma - 1.avi,True,False,object_aggregation,number,1.0015449409838766,False,True
heico__2051977,0020 - Heico - Sigma - 1.avi,True,False,object_aggregation,number,1.0638043540529907,False,False
heico__2041294,0020 - Heico - Sigma - 1.avi,True,False,object_identification,fo_class,1.0718242730945349,False,True
heico__2053820,0020 - Heico - Sigma - 1.avi,True,False,object_aggregation,number,1.036072198068723,False,True
heico__2045153,0020 - Heico - Sigma - 1.avi,True,False,object_identification,fo_class,1.1170596608426422,False,False
heico__2053823,0020 - Heico - Sigma - 1.avi,True,False,object_aggregation,number,1.0636172050144523,False,True
heico__2072470,0020 - Heico - Sigma - 1.avi,True,False,spatial_localization_camera,open_ended,1.3027371549978852,False,True
heico__2079770,0020 - Heico - Sigma - 1.avi,True,False,object_identification,fo_class,1.0801247698254883,False,True
heico__2079771,0020 - Heico - Sigma - 1.avi,True,False,object_identification,fo_class,1.069456318859011,False,True
heico__2052488,0020 - Heico - Sigma - 1.avi,True,False,object_aggregation,number,0.9874567580409348,False,True
heico__2072471,0020 - Heico - Sigma - 1.avi,True,False,spatial_localization_camera,open_ended,1.3291126538533717,False,True
heico__2072474,0020 - Heico - Sigma - 1.avi,True,False,spatial_localization_camera,open_ended,1.304979729000479,False,True
heico__2072475,0020 - Heico - Sigma - 1.avi,True,False,spatial_localization_camera,open_ended,1.310914752073586,False,True
heico__2045162,0020 - Heico - Sigma - 1.avi,True,False,object_identification,fo_class,1.1352085729595274,False,False
heico__2079776,0020 - Heico - Sigma - 1.avi,True,False,object_identification,fo_class,1.0542854890227318,False,True
heico__2079777,0020 - Heico - Sigma - 1.avi,True,False,object_identification,fo_class,1.106795348925516,False,True
heico__2045164,0020 - Heico - Sigma - 1.avi,True,False,object_identification,fo_class,1.1479802487883717,False,False
heico__2079778,0020 - Heico - Sigma - 1.avi,True,False,object_identification,fo_class,1.1055618419777602,False,True
heico__2060848,0020 - Heico - Sigma - 1.avi,True,False,object_aggregation,binary,1.0643208120018244,False,True
heico__2041314,0020 - Heico - Sigma - 1.avi,True,False,object_identification,fo_class,1.0835918709635735,False,True
heico__2079782,0020 - Heico - Sigma - 1.avi,True,False,object_identification,fo_class,1.0725918500684202,False,True
heico__2051999,0020 - Heico - Sigma - 1.avi,True,False,object_aggregation,number,1.0450064539909363,False,True
heico__2045169,0020 - Heico - Sigma - 1.avi,True,False,object_identification,fo_class,1.018027797108516,False,False
heico__2681947,0020 - Heico - Sigma - 1.avi,True,False,spatial_localization_situs,open_ended,1.2270331769250333,False,True
heico__2041319,0020 - Heico - Sigma - 1.avi,True,False,object_identification,fo_class,1.0484775840304792,False,True
heico__2052003,0020 - Heico - Sigma - 1.avi,True,False,object_aggregation,number,1.0448703649453819,False,True
heico__2052007,0020 - Heico - Sigma - 1.avi,True,False,object_aggregation,number,1.061205510981381,False,False
heico__2045176,0020 - Heico - Sigma - 1.avi,True,False,object_identification,fo_class,1.0362305969465524,False,False
heico__2060859,0020 - Heico - Sigma - 1.avi,True,False,object_aggregation,binary,1.0628449071664363,False,True
heico__2052510,0020 - Heico - Sigma - 1.avi,True,False,object_aggregation,number,1.0437458970118314,False,True
heico__2079785,0020 - Heico - Sigma - 1.avi,True,False,object_identification,fo_class,1.258112844079733,False,False
heico__2041329,0020 - Heico - Sigma - 1.avi,True,False,object_identification,fo_class,1.081632335903123,False,True
heico__2041331,0020 - Heico - Sigma - 1.avi,True,False,object_identification,fo_class,1.0914172499906272,False,True
heico__2060204,0020 - Heico - Sigma - 1.avi,True,False,object_aggregation,binary,0.9648712079506367,False,True
heico__2041333,0020 - Heico - Sigma - 1.avi,True,False,object_identification,fo_class,1.0627959868870676,False,True
heico__2060870,0020 - Heico - Sigma - 1.avi,True,False,object_aggregation,binary,1.037045104894787,False,True
heico__2045191,0020 - Heico - Sigma - 1.avi,True,False,object_identification,fo_class,1.0883997979108244,False,False
heico__2045194,0020 - Heico - Sigma - 1.avi,True,False,object_identification,fo_class,1.2686918859835714,False,False
heico__2045199,0020 - Heico - Sigma - 1.avi,True,False,object_identification,fo_class,1.132462769979611,False,False
heico__2053869,0020 - Heico - Sigma - 1.avi,True,False,object_aggregation,number,1.0114378640428185,False,True
heico__2045203,0020 - Heico - Sigma - 1.avi,True,False,object_identification,fo_class,1.1091960221529007,False,False
heico__2041353,0020 - Heico - Sigma - 1.avi,True,False,object_identification,fo_class,1.0448217547964305,False,True
heico__2060228,0020 - Heico - Sigma - 1.avi,True,False,object_aggregation,binary,1.0255738561972976,False,True
heico__2681948,0020 - Heico - Sigma - 1.avi,True,False,spatial_localization_situs,open_ended,1.3018517070449889,False,False
heico__2681949,0020 - Heico - Sigma - 1.avi,True,False,spatial_localization_situs,open_ended,1.2359116831794381,False,True
heico__2041361,0020 - Heico - Sigma - 1.avi,True,False,object_identification,fo_class,1.0534717219416052,False,False
heico__2041362,0020 - Heico - Sigma - 1.avi,True,False,object_identification,fo_class,1.071271443972364,False,True
heico__2045220,0020 - Heico - Sigma - 1.avi,True,False,object_identification,fo_class,1.1383338440209627,False,False
heico__2060273,0020 - Heico - Sigma - 1.avi,True,False,object_aggregation,binary,0.9982547189574689,False,True
heico__2052596,0020 - Heico - Sigma - 1.avi,True,False,object_aggregation,number,1.1185976080596447,False,True
heico__2079894,0020 - Heico - Sigma - 1.avi,True,False,object_identification,fo_class,1.1066117300651968,False,True
heico__2072503,0020 - Heico - Sigma - 1.avi,True,False,spatial_localization_camera,open_ended,1.6534585061017424,False,True
heico__2041423,0020 - Heico - Sigma - 1.avi,True,False,object_identification,fo_class,1.097517834044993,False,False
heico__2079908,0020 - Heico - Sigma - 1.avi,True,False,object_identification,fo_class,1.170472078025341,False,True
heico__2072515,0020 - Heico - Sigma - 1.avi,True,False,spatial_localization_camera,open_ended,1.3052304279990494,False,True
heico__2052618,0020 - Heico - Sigma - 1.avi,True,False,object_aggregation,number,1.0541214488912374,False,True
heico__2041434,0020 - Heico - Sigma - 1.avi,True,False,object_identification,fo_class,1.1397005910985172,False,True
heico__2079915,0020 - Heico - Sigma - 1.avi,True,False,object_identification,fo_class,1.0987124210223556,False,True
heico__2041444,0020 - Heico - Sigma - 1.avi,True,False,object_identification,fo_class,1.2383215560112149,False,True
heico__2053967,0020 - Heico - Sigma - 1.avi,True,False,object_aggregation,number,1.0240802101325244,False,True
heico__2052130,0020 - Heico - Sigma - 1.avi,True,False,object_aggregation,number,1.0824026050977409,False,False
heico__2053969,0020 - Heico - Sigma - 1.avi,True,False,object_aggregation,number,1.0195226219948381,False,True
heico__2045331,0020 - Heico - Sigma - 1.avi,True,False,object_identification,fo_class,1.1909059241879731,False,False
heico__2041479,0020 - Heico - Sigma - 1.avi,True,False,object_identification,fo_class,1.066555425990373,False,True
heico__2061020,0020 - Heico - Sigma - 1.avi,True,False,object_aggregation,binary,1.0542948287911713,False,True
heico__2052172,0020 - Heico - Sigma - 1.avi,True,False,object_aggregation,number,1.0551624968647957,False,False
heico__2045348,0020 - Heico - Sigma - 1.avi,True,False,object_identification,fo_class,1.1404306788463145,False,False
heico__2052181,0020 - Heico - Sigma - 1.avi,True,False,object_aggregation,number,1.0632254648953676,False,False
heico__2052183,0020 - Heico - Sigma - 1.avi,True,False,object_aggregation,number,1.028358528856188,False,False
heico__2045359,0020 - Heico - Sigma - 1.avi,True,False,object_identification,fo_class,1.1957338210195303,False,False
heico__2072537,0020 - Heico - Sigma - 1.avi,True,False,spatial_localization_camera,open_ended,1.3933794919867069,False,True
heico__2079794,0020 - Heico - Sigma - 1.avi,True,False,object_identification,fo_class,1.0658498180564493,False,True
heico__2045379,0020 - Heico - Sigma - 1.avi,True,False,object_identification,fo_class,1.1377334161661565,False,False
heico__2052716,0020 - Heico - Sigma - 1.avi,True,False,object_aggregation,number,1.1762379028368741,False,False
heico__2052717,0020 - Heico - Sigma - 1.avi,True,False,object_aggregation,number,1.2255058910232037,False,True
heico__2079806,0020 - Heico - Sigma - 1.avi,True,False,object_identification,fo_class,1.344208733877167,False,True
heico__2054061,0020 - Heico - Sigma - 1.avi,True,False,object_aggregation,number,1.2624924220144749,False,True
heico__2072554,0020 - Heico - Sigma - 1.avi,True,False,spatial_localization_camera,open_ended,1.5712851958815008,False,True
heico__2079810,0020 - Heico - Sigma - 1.avi,True,False,object_identification,fo_class,1.2726675048470497,False,True
heico__2061080,0020 - Heico - Sigma - 1.avi,True,False,object_aggregation,binary,1.2396939729806036,False,True
heico__2072570,0020 - Heico - Sigma - 1.avi,True,False,spatial_localization_camera,open_ended,1.5552381991874427,False,True
heico__2079825,0020 - Heico - Sigma - 1.avi,True,False,object_identification,fo_class,1.2286013928242028,False,True
heico__2079828,0020 - Heico - Sigma - 1.avi,True,False,object_identification,fo_class,1.2816115808673203,False,True
heico__2041568,0020 - Heico - Sigma - 1.avi,True,False,object_identification,fo_class,1.3291148140560836,False,True
heico__2041574,0020 - Heico - Sigma - 1.avi,True,False,object_identification,fo_class,1.3046897689346224,False,False
heico__2054099,0020 - Heico - Sigma - 1.avi,True,False,object_aggregation,number,1.31906752102077,False,True
heico__2052264,0020 - Heico - Sigma - 1.avi,True,False,object_aggregation,number,1.1796999839134514,False,False
heico__2045435,0020 - Heico - Sigma - 1.avi,True,False,object_identification,fo_class,1.1017325320281088,False,False
heico__2079844,0020 - Heico - Sigma - 1.avi,True,False,object_identification,fo_class,1.207709379028529,False,False
heico__2045440,0020 - Heico - Sigma - 1.avi,True,False,object_identification,fo_class,1.0192257729358971,False,False
heico__2079845,0020 - Heico - Sigma - 1.avi,True,False,object_identification,fo_class,0.9998854550067335,False,False
heico__2079847,0020 - Heico - Sigma - 1.avi,True,False,object_identification,fo_class,1.1251674389932305,False,True
heico__2041593,0020 - Heico - Sigma - 1.avi,True,False,object_identification,fo_class,1.030231833923608,False,True
heico__2061131,0020 - Heico - Sigma - 1.avi,True,False,object_aggregation,binary,1.04464530502446,False,True
heico__2045457,0020 - Heico - Sigma - 1.avi,True,False,object_identification,fo_class,1.2368590410333127,False,False
heico__2052788,0020 - Heico - Sigma - 1.avi,True,False,object_aggregation,number,1.034487091936171,False,True
heico__2096344,0020 - Heico - Sigma - 1.avi,True,False,spatial_localization_camera,fo_class,1.070526696043089,False,False
heico__2045458,0020 - Heico - Sigma - 1.avi,True,False,object_identification,fo_class,1.1753137249033898,False,False
heico__2031412,0020 - Heico - Sigma - 1.avi,True,False,object_identification,fo_class,1.2073039999231696,False,False
heico__2052789,0020 - Heico - Sigma - 1.avi,True,False,object_aggregation,number,0.9829244210850447,False,True
heico__2061139,0020 - Heico - Sigma - 1.avi,True,False,object_aggregation,binary,0.9905636790208519,False,False
heico__2052289,0020 - Heico - Sigma - 1.avi,True,False,object_aggregation,number,1.0097646189387888,False,False
heico__2052791,0020 - Heico - Sigma - 1.avi,True,False,object_aggregation,number,0.9984167981892824,False,True
heico__2052291,0020 - Heico - Sigma - 1.avi,True,False,object_aggregation,number,0.9917924569454044,False,False
heico__2073638,0020 - Heico - Sigma - 1.avi,True,False,object_aggregation,binary,1.0619152190629393,False,True
heico__2096345,0020 - Heico - Sigma - 1.avi,True,False,spatial_localization_camera,fo_class,1.0273908211383969,False,False
heico__2031413,0020 - Heico - Sigma - 1.avi,True,False,object_identification,fo_class,1.1900332658551633,False,False
heico__2073639,0020 - Heico - Sigma - 1.avi,True,False,object_aggregation,binary,1.0089901702012867,False,True
heico__2045461,0020 - Heico - Sigma - 1.avi,True,False,object_identification,fo_class,1.1208998609799892,False,False
heico__2031414,0020 - Heico - Sigma - 1.avi,True,False,object_identification,fo_class,1.1001604269258678,False,False
heico__2052292,0020 - Heico - Sigma - 1.avi,True,False,object_aggregation,number,1.0484934248961508,False,False
heico__2073640,0020 - Heico - Sigma - 1.avi,True,False,object_aggregation,binary,1.0249869271647185,False,False
heico__2045462,0020 - Heico - Sigma - 1.avi,True,False,object_identification,fo_class,1.005439410218969,False,False
heico__2052793,0020 - Heico - Sigma - 1.avi,True,False,object_aggregation,number,1.0839327101130038,False,False
heico__2052293,0020 - Heico - Sigma - 1.avi,True,False,object_aggregation,number,1.015929511981085,False,False
heico__2061144,0020 - Heico - Sigma - 1.avi,True,False,object_aggregation,binary,1.019126403843984,False,False
heico__2096346,0020 - Heico - Sigma - 1.avi,True,False,spatial_localization_camera,fo_class,1.0619919979944825,False,True
heico__2073641,0020 - Heico - Sigma - 1.avi,True,False,object_aggregation,binary,1.0109222650062293,False,False
heico__2052294,0020 - Heico - Sigma - 1.avi,True,False,object_aggregation,number,1.0074252551421523,False,False
heico__2096347,0020 - Heico - Sigma - 1.avi,True,False,spatial_localization_camera,fo_class,1.0558467349037528,False,True
heico__2052795,0020 - Heico - Sigma - 1.avi,True,False,object_aggregation,number,0.9718239600770175,False,True
heico__2061145,0020 - Heico - Sigma - 1.avi,True,False,object_aggregation,binary,0.9941898400429636,False,False
heico__2073643,0020 - Heico - Sigma - 1.avi,True,False,object_aggregation,binary,1.0624103979207575,False,True
heico__2031418,0020 - Heico - Sigma - 1.avi,True,False,object_identification,fo_class,1.1373122069053352,False,False
heico__2096348,0020 - Heico - Sigma - 1.avi,True,False,spatial_localization_camera,fo_class,1.045893481001258,False,True
heico__2052796,0020 - Heico - Sigma - 1.avi,True,False,object_aggregation,number,1.0340251540765166,False,True
heico__2045465,0020 - Heico - Sigma - 1.avi,True,False,object_identification,fo_class,1.1774023298639804,False,False
heico__2061146,0020 - Heico - Sigma - 1.avi,True,False,object_aggregation,binary,1.02295534289442,False,False
heico__2096349,0020 - Heico - Sigma - 1.avi,True,False,spatial_localization_camera,fo_class,1.0822286438196898,False,True
heico__2031419,0020 - Heico - Sigma - 1.avi,True,False,object_identification,fo_class,1.117441490991041,False,False
heico__2073644,0020 - Heico - Sigma - 1.avi,True,False,object_aggregation,binary,1.0862439831253141,False,True
heico__2052798,0020 - Heico - Sigma - 1.avi,True,False,object_aggregation,number,1.014578036032617,False,False
heico__2052298,0020 - Heico - Sigma - 1.avi,True,False,object_aggregation,number,1.032991565996781,False,False
heico__2096350,0020 - Heico - Sigma - 1.avi,True,False,spatial_localization_camera,fo_class,1.0473662880249321,False,False
heico__2073645,0020 - Heico - Sigma - 1.avi,True,False,object_aggregation,binary,1.018458765000105,False,False
heico__2045467,0020 - Heico - Sigma - 1.avi,True,False,object_identification,fo_class,1.1802715719677508,False,False
heico__2052799,0020 - Heico - Sigma - 1.avi,True,False,object_aggregation,number,1.1299181268550456,False,True
heico__2045468,0020 - Heico - Sigma - 1.avi,True,False,object_identification,fo_class,1.1676696960348636,False,False
heico__2096351,0020 - Heico - Sigma - 1.avi,True,False,spatial_localization_camera,fo_class,1.078220184892416,False,True
heico__2052299,0020 - Heico - Sigma - 1.avi,True,False,object_aggregation,number,1.0440189170185477,False,False
heico__2031421,0020 - Heico - Sigma - 1.avi,True,False,object_identification,fo_class,1.144283289089799,False,False
heico__2061149,0020 - Heico - Sigma - 1.avi,True,False,object_aggregation,binary,1.339760015020147,False,False
heico__2073647,0020 - Heico - Sigma - 1.avi,True,False,object_aggregation,binary,1.230283198878169,False,True
heico__2052300,0020 - Heico - Sigma - 1.avi,True,False,object_aggregation,number,1.368987807072699,False,False
heico__2045469,0020 - Heico - Sigma - 1.avi,True,False,object_identification,fo_class,1.3347861291840672,False,False
heico__2096352,0020 - Heico - Sigma - 1.avi,True,False,spatial_localization_camera,fo_class,1.34024099400267,False,True
heico__2061150,0020 - Heico - Sigma - 1.avi,True,False,object_aggregation,binary,1.3485097219236195,False,False
heico__2031422,0020 - Heico - Sigma - 1.avi,True,False,object_identification,fo_class,1.4128441500943154,False,False
heico__2052301,0020 - Heico - Sigma - 1.avi,True,False,object_aggregation,number,1.2652730240952224,False,False
heico__2031423,0020 - Heico - Sigma - 1.avi,True,False,object_identification,fo_class,1.2084765669424087,False,False
heico__2061151,0020 - Heico - Sigma - 1.avi,True,False,object_aggregation,binary,1.0171782388351858,False,False
heico__2052801,0020 - Heico - Sigma - 1.avi,True,False,object_aggregation,number,1.0018614190630615,False,True
heico__2045470,0020 - Heico - Sigma - 1.avi,True,False,object_identification,fo_class,1.2105237608775496,False,False
heico__2096353,0020 - Heico - Sigma - 1.avi,True,False,spatial_localization_camera,fo_class,1.0444671961013228,False,True
heico__2031424,0020 - Heico - Sigma - 1.avi,True,False,object_identification,fo_class,1.154384400928393,False,False
heico__2061152,0020 - Heico - Sigma - 1.avi,True,False,object_aggregation,binary,1.0119677630718797,False,False
heico__2096354,0020 - Heico - Sigma - 1.avi,True,False,spatial_localization_camera,fo_class,1.0418376820161939,False,True
heico__2052802,0020 - Heico - Sigma - 1.avi,True,False,object_aggregation,number,1.0234813019633293,False,True
heico__2052302,0020 - Heico - Sigma - 1.avi,True,False,object_aggregation,number,1.0216621458530426,False,False
heico__2073649,0020 - Heico - Sigma - 1.avi,True,False,object_aggregation,binary,1.0610563119407743,False,True
heico__2681420,0020 - Heico - Sigma - 1.avi,True,False,object_attributes,open_ended,1.1270518749952316,False,True
heico__2096355,0020 - Heico - Sigma - 1.avi,True,False,spatial_localization_camera,fo_class,1.055695896036923,False,True
heico__2052304,0020 - Heico - Sigma - 1.avi,True,False,object_aggregation,number,1.0362512869760394,False,False
heico__2079850,0020 - Heico - Sigma - 1.avi,True,False,object_identification,fo_class,1.0181612758897245,False,False
heico__2045175,0020 - Heico - Sigma - 1.avi,True,False,object_identification,fo_class,1.0611783508211374,False,False
heico__2041613,0020 - Heico - Sigma - 1.avi,True,False,object_identification,fo_class,1.0179373768623918,False,False
heico__2079853,0020 - Heico - Sigma - 1.avi,True,False,object_identification,fo_class,1.0727844790089875,False,False
heico__2041615,0020 - Heico - Sigma - 1.avi,True,False,object_identification,fo_class,1.027326441835612,False,False
heico__2054579,0020 - Heico - Sigma - 1.avi,True,False,object_aggregation,number,1.0735325771383941,False,False
heico__2045337,0020 - Heico - Sigma - 1.avi,True,False,object_identification,fo_class,1.1367954288143665,False,False
heico__2045245,0020 - Heico - Sigma - 1.avi,True,False,object_identification,fo_class,1.113298251060769,False,True
heico__2079723,0020 - Heico - Sigma - 1.avi,True,False,object_identification,fo_class,1.0025737979449332,False,False
heico__2045014,0020 - Heico - Sigma - 1.avi,True,False,object_identification,fo_class,0.9930551629513502,False,False
heico__2041148,0020 - Heico - Sigma - 1.avi,True,False,object_identification,fo_class,0.999168406939134,False,False
heico__2045037,0020 - Heico - Sigma - 1.avi,True,False,object_identification,fo_class,1.1051586531102657,False,False
heico__2052607,0020 - Heico - Sigma - 1.avi,True,False,object_aggregation,number,0.9898661409970373,False,True
heico__2051993,0020 - Heico - Sigma - 1.avi,True,False,object_aggregation,number,1.0151791837997735,False,False
heico__2060857,0020 - Heico - Sigma - 1.avi,True,False,object_aggregation,binary,1.0397586680483073,False,True
heico__2031426,0020 - Heico - Sigma - 1.avi,True,False,object_identification,fo_class,1.2436577130574733,False,False
heico__2041224,0020 - Heico - Sigma - 1.avi,True,False,object_identification,fo_class,1.0582216780167073,False,False
heico__2045285,0020 - Heico - Sigma - 1.avi,True,False,object_identification,fo_class,1.1862453171052039,False,False
heico__2041386,0020 - Heico - Sigma - 1.avi,True,False,object_identification,fo_class,1.0330560160800815,False,False
heico__2045282,0020 - Heico - Sigma - 1.avi,True,False,object_identification,fo_class,1.1217348291538656,False,False
heico__2041458,0020 - Heico - Sigma - 1.avi,True,False,object_identification,fo_class,1.0576149609405547,False,True
heico__2041178,0020 - Heico - Sigma - 1.avi,True,False,object_identification,fo_class,1.0318957490380853,False,False
heico__2041547,0020 - Heico - Sigma - 1.avi,True,False,object_identification,fo_class,1.059749955078587,False,False
heico__2041302,0020 - Heico - Sigma - 1.avi,True,False,object_identification,fo_class,1.0409778151661158,False,False
heico__2045403,0020 - Heico - Sigma - 1.avi,True,False,object_identification,fo_class,1.0321258991025388,False,False
heico__2052651,0020 - Heico - Sigma - 1.avi,True,False,object_aggregation,number,1.0497574510518461,False,True
heico__2041123,0020 - Heico - Sigma - 1.avi,True,False,object_identification,fo_class,1.0165997699368745,False,False
heico__2045405,0020 - Heico - Sigma - 1.avi,True,False,object_identification,fo_class,1.1217925290111452,False,False
heico__2045408,0020 - Heico - Sigma - 1.avi,True,False,object_identification,fo_class,1.060264082858339,False,False
heico__2079859,0020 - Heico - Sigma - 1.avi,True,False,object_identification,fo_class,1.019155093934387,False,False
heico__2072613,0020 - Heico - Sigma - 1.avi,True,False,spatial_localization_camera,open_ended,1.6734453921671957,False,False
heico__2681421,0020 - Heico - Sigma - 1.avi,True,False,object_identification,open_ended,1.145432675955817,False,False
heico__2096356,0020 - Heico - Sigma - 1.avi,True,False,spatial_localization_camera,fo_class,1.1169984210282564,False,False
heico__2045036,0020 - Heico - Sigma - 1.avi,True,False,object_identification,fo_class,1.1542805922217667,False,False
heico__2031427,0020 - Heico - Sigma - 1.avi,True,False,object_identification,fo_class,1.1156082451343536,False,False
heico__2061064,0020 - Heico - Sigma - 1.avi,True,False,object_aggregation,binary,1.0747454138472676,False,False
heico__2073653,0020 - Heico - Sigma - 1.avi,True,False,object_aggregation,binary,1.0269762331154197,False,False
heico__2031428,0020 - Heico - Sigma - 1.avi,True,False,object_identification,fo_class,1.1133352608885616,False,False
heico__2061085,0020 - Heico - Sigma - 1.avi,True,False,object_aggregation,binary,0.9787189208436757,False,False
heico__2096357,0020 - Heico - Sigma - 1.avi,True,False,spatial_localization_camera,fo_class,0.997664051130414,False,False
heico__2045466,0020 - Heico - Sigma - 1.avi,True,False,object_identification,fo_class,1.084319839021191,False,False
heico__2052164,0020 - Heico - Sigma - 1.avi,True,False,object_aggregation,number,1.0178134569432586,False,False
heico__2060779,0020 - Heico - Sigma - 1.avi,True,False,object_aggregation,binary,1.0342178929131478,False,True
heico__2079862,0020 - Heico - Sigma - 1.avi,True,False,object_identification,fo_class,1.0913946500513703,False,True
heico__2079729,0020 - Heico - Sigma - 1.avi,True,False,object_identification,fo_class,0.9856136331800371,False,False
heico__2096358,0020 - Heico - Sigma - 1.avi,True,False,spatial_localization_camera,fo_class,1.0596031551249325,False,False
heico__2073655,0020 - Heico - Sigma - 1.avi,True,False,object_aggregation,binary,1.0270658519584686,False,True
heico__2061147,0020 - Heico - Sigma - 1.avi,True,False,object_aggregation,binary,1.0534640920814127,False,False
heico__2045316,0020 - Heico - Sigma - 1.avi,True,False,object_identification,fo_class,1.1381591649260372,False,False
heico__2052005,0020 - Heico - Sigma - 1.avi,True,False,object_aggregation,number,1.0072360560297966,False,False
heico__2031430,0020 - Heico - Sigma - 1.avi,True,False,object_identification,fo_class,1.184160121018067,False,False
heico__2045450,0020 - Heico - Sigma - 1.avi,True,False,object_identification,fo_class,1.001291831023991,False,False
heico__2079865,0020 - Heico - Sigma - 1.avi,True,False,object_identification,fo_class,0.9999713650904596,False,False
heico__2079866,0020 - Heico - Sigma - 1.avi,True,False,object_identification,fo_class,1.0261069550178945,False,False
heico__2079867,0020 - Heico - Sigma - 1.avi,True,False,object_identification,fo_class,1.0022300579585135,False,False
heico__2072621,0020 - Heico - Sigma - 1.avi,True,False,spatial_localization_camera,open_ended,1.6494543268345296,False,False
heico__2060496,0020 - Heico - Sigma - 1.avi,True,False,object_aggregation,binary,1.0516962858382612,False,True
heico__2073656,0020 - Heico - Sigma - 1.avi,True,False,object_aggregation,binary,0.9995756458956748,False,True
heico__2031431,0020 - Heico - Sigma - 1.avi,True,False,object_identification,fo_class,1.3834704079199582,False,False
heico__2060982,0020 - Heico - Sigma - 1.avi,True,False,object_aggregation,binary,1.0142364371567965,False,False
heico__2052350,0020 - Heico - Sigma - 1.avi,True,False,object_aggregation,number,1.0816315659321845,False,True
heico__2031432,0020 - Heico - Sigma - 1.avi,True,False,object_identification,fo_class,1.1187336568254977,False,False
heico__2045369,0020 - Heico - Sigma - 1.avi,True,False,object_identification,fo_class,1.1826709960587323,False,False
heico__2052727,0020 - Heico - Sigma - 1.avi,True,False,object_aggregation,number,1.0169459588360041,False,True
heico__2061042,0020 - Heico - Sigma - 1.avi,True,False,object_aggregation,binary,1.016667920164764,False,False
heico__2073657,0020 - Heico - Sigma - 1.avi,True,False,object_aggregation,binary,1.0543742191512138,False,True
heico__2061141,0020 - Heico - Sigma - 1.avi,True,False,object_aggregation,binary,1.0271934210322797,False,False
heico__2073658,0020 - Heico - Sigma - 1.avi,True,False,object_aggregation,binary,1.0388957110699266,False,True
heico__2052282,0020 - Heico - Sigma - 1.avi,True,False,object_aggregation,number,1.0230691928882152,False,True
heico__2045456,0020 - Heico - Sigma - 1.avi,True,False,object_identification,fo_class,1.131841341033578,False,False
heico__2052413,0020 - Heico - Sigma - 1.avi,True,False,object_aggregation,number,1.0610905110370368,False,True
heico__2073659,0020 - Heico - Sigma - 1.avi,True,False,object_aggregation,binary,1.0371047360822558,False,True
heico__2061075,0020 - Heico - Sigma - 1.avi,True,False,object_aggregation,binary,1.080960578052327,False,False
heico__2045189,0020 - Heico - Sigma - 1.avi,True,False,object_identification,fo_class,1.2235777059104294,False,False
heico__2052533,0020 - Heico - Sigma - 1.avi,True,False,object_aggregation,number,1.0878318389877677,False,True
heico__2052243,0020 - Heico - Sigma - 1.avi,True,False,object_aggregation,number,1.0193035129923373,False,True
heico__2060942,0020 - Heico - Sigma - 1.avi,True,False,object_aggregation,binary,1.0689682001248002,False,False
heico__2073660,0020 - Heico - Sigma - 1.avi,True,False,object_aggregation,binary,1.1293554289732128,False,True
heico__2045109,0020 - Heico - Sigma - 1.avi,True,False,object_identification,fo_class,1.1188358559738845,False,False
heico__2031436,0020 - Heico - Sigma - 1.avi,True,False,object_identification,fo_class,1.1478929589502513,False,False
heico__2052592,0020 - Heico - Sigma - 1.avi,True,False,object_aggregation,number,1.0310597310308367,False,True
heico__2060822,0020 - Heico - Sigma - 1.avi,True,False,object_aggregation,binary,1.0749409440904856,False,False
heico__2045239,0020 - Heico - Sigma - 1.avi,True,False,object_identification,fo_class,1.1364225998986512,False,False
heico__2073662,0020 - Heico - Sigma - 1.avi,True,False,object_aggregation,binary,1.1756371450610459,False,True
heico__2051959,0020 - Heico - Sigma - 1.avi,True,False,object_aggregation,number,1.0222890749573708,False,True
heico__2054154,0020 - Heico - Sigma - 1.avi,True,False,object_aggregation,number,1.000153724104166,False,True
heico__2045061,0020 - Heico - Sigma - 1.avi,True,False,object_identification,fo_class,1.1030310890637338,False,False
heico__2031438,0020 - Heico - Sigma - 1.avi,True,False,object_identification,fo_class,1.1691251420415938,False,False
heico__2031439,0020 - Heico - Sigma - 1.avi,True,False,object_identification,fo_class,1.2196296858601272,False,False
heico__2096359,0020 - Heico - Sigma - 1.avi,True,False,spatial_localization_camera,fo_class,1.143016312038526,False,True
heico__2052134,0020 - Heico - Sigma - 1.avi,True,False,object_aggregation,number,1.0451504439115524,False,False
heico__2051914,0020 - Heico - Sigma - 1.avi,True,False,object_aggregation,number,1.0202650900464505,False,False
heico__2052581,0020 - Heico - Sigma - 1.avi,True,False,object_aggregation,number,1.0532413620967418,False,True
heico__2096360,0020 - Heico - Sigma - 1.avi,True,False,spatial_localization_camera,fo_class,1.0267208029981703,False,False
heico__2031440,0020 - Heico - Sigma - 1.avi,True,False,object_identification,fo_class,1.1286357310600579,False,False
heico__2079881,0020 - Heico - Sigma - 1.avi,True,False,object_identification,fo_class,1.0452861730009317,False,True
heico__2073665,0020 - Heico - Sigma - 1.avi,True,False,object_aggregation,binary,1.1182324478868395,False,True
heico__2060727,0020 - Heico - Sigma - 1.avi,True,False,object_aggregation,binary,1.008268983103335,False,False
heico__2031441,0020 - Heico - Sigma - 1.avi,True,False,object_identification,fo_class,1.2923763920553029,False,False
heico__2052073,0020 - Heico - Sigma - 1.avi,True,False,object_aggregation,number,1.0190543530043215,False,False
heico__2073666,0020 - Heico - Sigma - 1.avi,True,False,object_aggregation,binary,1.052875712979585,False,True
heico__2096361,0020 - Heico - Sigma - 1.avi,True,False,spatial_localization_camera,fo_class,1.1027402200270444,False,False
heico__2052701,0020 - Heico - Sigma - 1.avi,True,False,object_aggregation,number,1.1506060119718313,False,False
heico__2072627,0020 - Heico - Sigma - 1.avi,True,False,spatial_localization_camera,open_ended,1.3286783550865948,False,True
heico__2052028,0020 - Heico - Sigma - 1.avi,True,False,object_aggregation,number,1.0371030550450087,False,True
heico__2045434,0020 - Heico - Sigma - 1.avi,True,False,object_identification,fo_class,1.126267007086426,False,False
heico__2041268,0020 - Heico - Sigma - 1.avi,True,False,object_identification,fo_class,1.165174821857363,False,True
heico__2045038,0020 - Heico - Sigma - 1.avi,True,False,object_identification,fo_class,1.1349867139942944,False,False
heico__2045131,0020 - Heico - Sigma - 1.avi,True,False,object_identification,fo_class,1.1116212860215455,False,False
heico__2041605,0020 - Heico - Sigma - 1.avi,True,False,object_identification,fo_class,1.051082137040794,False,True
heico__2052244,0020 - Heico - Sigma - 1.avi,True,False,object_aggregation,number,1.0207371190190315,False,False
heico__2060909,0020 - Heico - Sigma - 1.avi,True,False,object_aggregation,binary,1.018018756993115,False,True
heico__2054181,0020 - Heico - Sigma - 1.avi,True,False,object_aggregation,number,1.1703562380280346,False,True
heico__2052767,0020 - Heico - Sigma - 1.avi,True,False,object_aggregation,number,1.0101235178299248,False,True
heico__2041503,0020 - Heico - Sigma - 1.avi,True,False,object_identification,fo_class,1.019960880978033,False,False
heico__2045305,0020 - Heico - Sigma - 1.avi,True,False,object_identification,fo_class,1.1069319180678576,False,False
heico__2052450,0020 - Heico - Sigma - 1.avi,True,False,object_aggregation,number,0.9925203749444336,False,True
heico__2041142,0020 - Heico - Sigma - 1.avi,True,False,object_identification,fo_class,1.1166033218614757,False,True
heico__2041218,0020 - Heico - Sigma - 1.avi,True,False,object_identification,fo_class,1.2120237280614674,False,True
heico__2045254,0020 - Heico - Sigma - 1.avi,True,False,object_identification,fo_class,1.0493876219261438,False,True
heico__2041456,0020 - Heico - Sigma - 1.avi,True,False,object_identification,fo_class,1.0590224470943213,False,True
heico__2041313,0020 - Heico - Sigma - 1.avi,True,False,object_identification,fo_class,1.1054992419667542,False,True
heico__2041483,0020 - Heico - Sigma - 1.avi,True,False,object_identification,fo_class,1.0735511579550803,False,True
heico__2041603,0020 - Heico - Sigma - 1.avi,True,False,object_identification,fo_class,1.0390551600139588,False,True
heico__2054228,0020 - Heico - Sigma - 1.avi,True,False,object_aggregation,number,1.1250564500223845,False,True
heico__2045134,0020 - Heico - Sigma - 1.avi,True,False,object_identification,fo_class,1.0667531660292298,False,True
heico__2041449,0020 - Heico - Sigma - 1.avi,True,False,object_identification,fo_class,1.0906845808494836,False,True
heico__2045341,0020 - Heico - Sigma - 1.avi,True,False,object_identification,fo_class,1.0927611771039665,False,True
heico__2041590,0020 - Heico - Sigma - 1.avi,True,False,object_identification,fo_class,1.1670035070274025,False,False
heico__2051936,0020 - Heico - Sigma - 1.avi,True,False,object_aggregation,number,1.1865357959177345,False,False
heico__2054262,0020 - Heico - Sigma - 1.avi,True,False,object_aggregation,number,1.2043295679613948,False,False
heico__2041249,0020 - Heico - Sigma - 1.avi,True,False,object_identification,fo_class,1.3967156331054866,False,False
heico__2045347,0020 - Heico - Sigma - 1.avi,True,False,object_identification,fo_class,1.4075967038515955,False,False
heico__2041517,0020 - Heico - Sigma - 1.avi,True,False,object_identification,fo_class,1.3057119469158351,False,False
heico__2041225,0020 - Heico - Sigma - 1.avi,True,False,object_identification,fo_class,1.3164028280880302,False,False
heico__2045250,0020 - Heico - Sigma - 1.avi,True,False,object_identification,fo_class,1.4113120338879526,False,True
heico__2045024,0020 - Heico - Sigma - 1.avi,True,False,object_identification,fo_class,1.4044508619699627,False,True
heico__2041261,0020 - Heico - Sigma - 1.avi,True,False,object_identification,fo_class,1.4537684209644794,False,False
heico__2681425,0020 - Heico - Sigma - 1.avi,True,False,object_identification,open_ended,1.2608338461723179,False,False
heico__2041498,0020 - Heico - Sigma - 1.avi,True,False,object_identification,fo_class,1.3550283149816096,False,False
heico__2045075,0020 - Heico - Sigma - 1.avi,True,False,object_identification,fo_class,1.2727868349757046,False,False
heico__2041356,0020 - Heico - Sigma - 1.avi,True,False,object_identification,fo_class,1.0811048371251673,False,True
heico__2045073,0020 - Heico - Sigma - 1.avi,True,False,object_identification,fo_class,1.136353119974956,False,False
heico__2060647,0020 - Heico - Sigma - 1.avi,True,False,object_aggregation,binary,1.0452082741539925,False,True
heico__2041570,0020 - Heico - Sigma - 1.avi,True,False,object_identification,fo_class,1.0873125998768955,False,True
heico__2052327,0020 - Heico - Sigma - 1.avi,True,False,object_aggregation,number,1.0464499511290342,False,False
heico__2045376,0020 - Heico - Sigma - 1.avi,True,False,object_identification,fo_class,1.0725237699225545,False,True
heico__2045449,0020 - Heico - Sigma - 1.avi,True,False,object_identification,fo_class,1.3053151981439441,False,False
heico__2104236,0020 - Heico - Sigma - 1.avi,True,False,spatial_localization_camera,multiple_choice,1.1079325759783387,False,False
heico__2079734,0020 - Heico - Sigma - 1.avi,True,False,object_identification,fo_class,1.0172785581089556,False,False
heico__2060592,0020 - Heico - Sigma - 1.avi,True,False,object_aggregation,binary,1.0065241770353168,False,True
heico__2045373,0020 - Heico - Sigma - 1.avi,True,False,object_identification,fo_class,1.1105866788420826,False,False
heico__2052665,0020 - Heico - Sigma - 1.avi,True,False,object_aggregation,number,1.0179228060878813,False,True
heico__2041216,0020 - Heico - Sigma - 1.avi,True,False,object_identification,fo_class,1.1015699431300163,False,False
heico__2054325,0020 - Heico - Sigma - 1.avi,True,False,object_aggregation,number,0.9896743218414485,False,True
heico__2041212,0020 - Heico - Sigma - 1.avi,True,False,object_identification,fo_class,1.127599332947284,False,True
heico__2041167,0020 - Heico - Sigma - 1.avi,True,False,object_identification,fo_class,1.0990162801463157,False,True
heico__2052198,0020 - Heico - Sigma - 1.avi,True,False,object_aggregation,number,1.0298462340142578,False,True
heico__2045174,0020 - Heico - Sigma - 1.avi,True,False,object_identification,fo_class,1.0866475829388946,False,True
heico__2045338,0020 - Heico - Sigma - 1.avi,True,False,object_identification,fo_class,1.093131585046649,False,True
heico__2045029,0020 - Heico - Sigma - 1.avi,True,False,object_identification,fo_class,1.0888509468641132,False,True
heico__2060467,0020 - Heico - Sigma - 1.avi,True,False,object_aggregation,binary,0.9823352419771254,False,True
heico__2041424,0020 - Heico - Sigma - 1.avi,True,False,object_identification,fo_class,1.1191663059871644,False,True
heico__2051888,0020 - Heico - Sigma - 1.avi,True,False,object_aggregation,number,1.0458818711340427,False,True
heico__2045202,0020 - Heico - Sigma - 1.avi,True,False,object_identification,fo_class,1.0615511101204902,False,True
heico__2045452,0020 - Heico - Sigma - 1.avi,True,False,object_identification,fo_class,1.1003868060652167,False,True
heico__2104237,0020 - Heico - Sigma - 1.avi,True,False,spatial_localization_camera,multiple_choice,1.0198812410235405,False,True
heico__2079887,0020 - Heico - Sigma - 1.avi,True,False,object_identification,fo_class,1.089342585997656,False,False
heico__2072632,0020 - Heico - Sigma - 1.avi,True,False,spatial_localization_camera,open_ended,1.3133652759715915,False,True
heico__2104238,0020 - Heico - Sigma - 1.avi,True,False,spatial_localization_camera,multiple_choice,1.0867240119259804,False,True
heico__2079888,0020 - Heico - Sigma - 1.avi,True,False,object_identification,fo_class,1.100480676162988,False,True
heico__2072633,0020 - Heico - Sigma - 1.avi,True,False,spatial_localization_camera,open_ended,1.3689232680480927,False,True
heico__2104239,0020 - Heico - Sigma - 1.avi,True,False,spatial_localization_camera,multiple_choice,1.1025713100098073,False,True
heico__2079889,0020 - Heico - Sigma - 1.avi,True,False,object_identification,fo_class,1.039444869151339,False,True
heico__2041474,0020 - Heico - Sigma - 1.avi,True,False,object_identification,fo_class,1.0791477020829916,False,True
heico__2045182,0020 - Heico - Sigma - 1.avi,True,False,object_identification,fo_class,1.0102887868415564,False,True
heico__2045092,0020 - Heico - Sigma - 1.avi,True,False,object_identification,fo_class,1.0904931428376585,False,True
heico__2045206,0020 - Heico - Sigma - 1.avi,True,False,object_identification,fo_class,1.0806691478937864,False,True
heico__2079730,0020 - Heico - Sigma - 1.avi,True,False,object_identification,fo_class,1.0393389100208879,False,True
heico__2104240,0020 - Heico - Sigma - 1.avi,True,False,spatial_localization_camera,multiple_choice,1.0795540418475866,False,True
heico__2072635,0020 - Heico - Sigma - 1.avi,True,False,spatial_localization_camera,open_ended,1.2860073698684573,False,True
heico__2104241,0020 - Heico - Sigma - 1.avi,True,False,spatial_localization_camera,multiple_choice,1.0322176381014287,False,True
heico__2079731,0020 - Heico - Sigma - 1.avi,True,False,object_identification,fo_class,1.018118026200682,False,False
heico__2115493,0021 - Heico - Sigma - 2.avi,True,False,object_aggregation,number,1.034412361914292,False,False
heico__2112771,0021 - Heico - Sigma - 2.avi,True,False,object_identification,fo_class,1.0001661439891905,False,True
heico__2114377,0021 - Heico - Sigma - 2.avi,True,False,object_aggregation,number,0.9998381249606609,False,True
heico__2117524,0021 - Heico - Sigma - 2.avi,True,False,object_aggregation,binary,1.0198870010208338,False,True
heico__2112745,0021 - Heico - Sigma - 2.avi,True,False,object_identification,fo_class,1.0612054408993572,False,True
heico__2114443,0021 - Heico - Sigma - 2.avi,True,False,object_aggregation,number,1.0065325770992786,False,True
heico__2114444,0021 - Heico - Sigma - 2.avi,True,False,object_aggregation,number,1.031686729984358,False,True
heico__2114378,0021 - Heico - Sigma - 2.avi,True,False,object_aggregation,number,1.0638932529836893,False,True
heico__2115494,0021 - Heico - Sigma - 2.avi,True,False,object_aggregation,number,1.027290262049064,False,True
heico__2112746,0021 - Heico - Sigma - 2.avi,True,False,object_identification,fo_class,1.0001924140378833,False,True
heico__2112772,0021 - Heico - Sigma - 2.avi,True,False,object_identification,fo_class,1.0434455978684127,False,True
heico__2112747,0021 - Heico - Sigma - 2.avi,True,False,object_identification,fo_class,1.0271817820612341,False,True
heico__2115495,0021 - Heico - Sigma - 2.avi,True,False,object_aggregation,number,1.0300102739129215,False,False
heico__2114379,0021 - Heico - Sigma - 2.avi,True,False,object_aggregation,number,1.000211643986404,False,True
heico__2114445,0021 - Heico - Sigma - 2.avi,True,False,object_aggregation,number,1.059405226027593,False,True
heico__2112773,0021 - Heico - Sigma - 2.avi,True,False,object_identification,fo_class,1.0388023999985307,False,True
heico__2117526,0021 - Heico - Sigma - 2.avi,True,False,object_aggregation,binary,1.0536056908313185,False,True
heico__2112748,0021 - Heico - Sigma - 2.avi,True,False,object_identification,fo_class,1.0260428951587528,False,True
heico__2114380,0021 - Heico - Sigma - 2.avi,True,False,object_aggregation,number,1.007361134979874,False,True
heico__2115496,0021 - Heico - Sigma - 2.avi,True,False,object_aggregation,number,1.0146994949318469,False,False
heico__2112774,0021 - Heico - Sigma - 2.avi,True,False,object_identification,fo_class,1.0507276190910488,False,True
heico__2114446,0021 - Heico - Sigma - 2.avi,True,False,object_aggregation,number,1.0196371318306774,False,True
heico__2112749,0021 - Heico - Sigma - 2.avi,True,False,object_identification,fo_class,1.01633873116225,False,True
heico__2115497,0021 - Heico - Sigma - 2.avi,True,False,object_aggregation,number,1.0670422448311,False,False
heico__2112775,0021 - Heico - Sigma - 2.avi,True,False,object_identification,fo_class,1.032919486053288,False,True
heico__2114381,0021 - Heico - Sigma - 2.avi,True,False,object_aggregation,number,1.0120138528291136,False,False
heico__2117528,0021 - Heico - Sigma - 2.avi,True,False,object_aggregation,binary,1.0694483779370785,False,True
heico__2114447,0021 - Heico - Sigma - 2.avi,True,False,object_aggregation,number,1.0191386740189046,False,True
heico__2115498,0021 - Heico - Sigma - 2.avi,True,False,object_aggregation,number,1.0113032441586256,False,False
heico__2112750,0021 - Heico - Sigma - 2.avi,True,False,object_identification,fo_class,1.0556596049573272,False,True
heico__2114382,0021 - Heico - Sigma - 2.avi,True,False,object_aggregation,number,1.0417068030219525,False,True
heico__2114448,0021 - Heico - Sigma - 2.avi,True,False,object_aggregation,number,1.0096593990456313,False,True
heico__2112776,0021 - Heico - Sigma - 2.avi,True,False,object_identification,fo_class,0.9963620440103114,False,True
heico__2117529,0021 - Heico - Sigma - 2.avi,True,False,object_aggregation,binary,1.0001458439510316,False,True
heico__2112751,0021 - Heico - Sigma - 2.avi,True,False,object_identification,fo_class,1.0037107849493623,False,True
heico__2115499,0021 - Heico - Sigma - 2.avi,True,False,object_aggregation,number,1.0621917080134153,False,False
heico__2112777,0021 - Heico - Sigma - 2.avi,True,False,object_identification,fo_class,1.029290856095031,False,True
heico__2114383,0021 - Heico - Sigma - 2.avi,True,False,object_aggregation,number,1.0010154219344258,False,False
heico__2114449,0021 - Heico - Sigma - 2.avi,True,False,object_aggregation,number,1.0064931770320982,False,True
heico__2122513,0021 - Heico - Sigma - 2.avi,True,False,object_aggregation,binary,1.002027199137956,False,True
heico__2114384,0021 - Heico - Sigma - 2.avi,True,False,object_aggregation,number,0.9911309480667114,False,True
heico__2115500,0021 - Heico - Sigma - 2.avi,True,False,object_aggregation,number,1.1729105720296502,False,False
heico__2117531,0021 - Heico - Sigma - 2.avi,True,False,object_aggregation,binary,1.1277964629698545,False,True
heico__2112778,0021 - Heico - Sigma - 2.avi,True,False,object_identification,fo_class,0.9990493471268564,False,True
heico__2114451,0021 - Heico - Sigma - 2.avi,True,False,object_aggregation,number,1.071776932105422,False,True
heico__2114385,0021 - Heico - Sigma - 2.avi,True,False,object_aggregation,number,1.026290263980627,False,True
heico__2122514,0021 - Heico - Sigma - 2.avi,True,False,object_aggregation,binary,1.0836677311453968,False,True
heico__2115501,0021 - Heico - Sigma - 2.avi,True,False,object_aggregation,number,1.2100431728176773,False,True
heico__2112779,0021 - Heico - Sigma - 2.avi,True,False,object_identification,fo_class,1.097901992034167,False,True
heico__2117532,0021 - Heico - Sigma - 2.avi,True,False,object_aggregation,binary,1.0898419241420925,False,True
heico__2121502,0021 - Heico - Sigma - 2.avi,True,False,spatial_localization_camera,open_ended,1.356348091037944,False,False
heico__2117533,0021 - Heico - Sigma - 2.avi,True,False,object_aggregation,binary,1.0427285300102085,False,True
heico__2115502,0021 - Heico - Sigma - 2.avi,True,False,object_aggregation,number,1.1092677318956703,False,True
heico__2112780,0021 - Heico - Sigma - 2.avi,True,False,object_identification,fo_class,1.072362091159448,False,True
heico__2114386,0021 - Heico - Sigma - 2.avi,True,False,object_aggregation,number,1.029063327005133,False,True
heico__2122515,0021 - Heico - Sigma - 2.avi,True,False,object_aggregation,binary,1.0805871491320431,False,True
heico__2115503,0021 - Heico - Sigma - 2.avi,True,False,object_aggregation,number,1.017572277924046,False,True
heico__2112781,0021 - Heico - Sigma - 2.avi,True,False,object_identification,fo_class,1.0726816600654274,False,True
heico__2114453,0021 - Heico - Sigma - 2.avi,True,False,object_aggregation,number,1.0381490520667285,False,True
heico__2122516,0021 - Heico - Sigma - 2.avi,True,False,object_aggregation,binary,1.0509207588620484,False,True
heico__2114387,0021 - Heico - Sigma - 2.avi,True,False,object_aggregation,number,1.0387005109805614,False,True
heico__2114454,0021 - Heico - Sigma - 2.avi,True,False,object_aggregation,number,1.0717396622058004,False,True
heico__2112752,0021 - Heico - Sigma - 2.avi,True,False,object_identification,fo_class,1.0314370701089501,False,True
heico__2115504,0021 - Heico - Sigma - 2.avi,True,False,object_aggregation,number,1.0642026630230248,False,False
heico__2114388,0021 - Heico - Sigma - 2.avi,True,False,object_aggregation,number,1.0435767280869186,False,False
heico__2112782,0021 - Heico - Sigma - 2.avi,True,False,object_identification,fo_class,1.0724813910201192,False,True
heico__2117535,0021 - Heico - Sigma - 2.avi,True,False,object_aggregation,binary,1.028659898089245,False,True
heico__2112783,0021 - Heico - Sigma - 2.avi,True,False,object_identification,fo_class,1.0686315798666328,False,True
heico__2112753,0021 - Heico - Sigma - 2.avi,True,False,object_identification,fo_class,1.0297084448393434,False,True
heico__2115505,0021 - Heico - Sigma - 2.avi,True,False,object_aggregation,number,1.071261053904891,False,True
heico__2114389,0021 - Heico - Sigma - 2.avi,True,False,object_aggregation,number,1.0188275040127337,False,True
heico__2114455,0021 - Heico - Sigma - 2.avi,True,False,object_aggregation,number,1.08140355697833,False,True
heico__2117536,0021 - Heico - Sigma - 2.avi,True,False,object_aggregation,binary,1.029741314938292,False,True
heico__2123627,0021 - Heico - Sigma - 2.avi,True,False,object_identification,fo_class,1.0704815259668976,False,True
heico__2114456,0021 - Heico - Sigma - 2.avi,True,False,object_aggregation,number,1.0183017449453473,False,True
heico__2114390,0021 - Heico - Sigma - 2.avi,True,False,object_aggregation,number,1.0708857150748372,False,True
heico__2122517,0021 - Heico - Sigma - 2.avi,True,False,object_aggregation,binary,1.0409941950347275,False,True
heico__2115506,0021 - Heico - Sigma - 2.avi,True,False,object_aggregation,number,1.0585778180975467,False,True
heico__2112784,0021 - Heico - Sigma - 2.avi,True,False,object_identification,fo_class,1.0390816000290215,False,True
heico__2117537,0021 - Heico - Sigma - 2.avi,True,False,object_aggregation,binary,1.0726126201916486,False,True
heico__2121503,0021 - Heico - Sigma - 2.avi,True,False,spatial_localization_camera,open_ended,1.3051800078246742,False,False
heico__2114391,0021 - Heico - Sigma - 2.avi,True,False,object_aggregation,number,1.012815980007872,False,False
heico__2122518,0021 - Heico - Sigma - 2.avi,True,False,object_aggregation,binary,1.071108935168013,False,True
heico__2112785,0021 - Heico - Sigma - 2.avi,True,False,object_identification,fo_class,1.0293043360579759,False,True
heico__2115507,0021 - Heico - Sigma - 2.avi,True,False,object_aggregation,number,1.0803777088876814,False,True
heico__2117538,0021 - Heico - Sigma - 2.avi,True,False,object_aggregation,binary,1.0299283848144114,False,True
heico__2114392,0021 - Heico - Sigma - 2.avi,True,False,object_aggregation,number,1.0585640971548855,False,False
heico__2123628,0021 - Heico - Sigma - 2.avi,True,False,object_identification,fo_class,1.0407231459394097,False,True
heico__2122519,0021 - Heico - Sigma - 2.avi,True,False,object_aggregation,binary,1.0572586108464748,False,True
heico__2115508,0021 - Heico - Sigma - 2.avi,True,False,object_aggregation,number,1.032424648059532,False,True
heico__2117539,0021 - Heico - Sigma - 2.avi,True,False,object_aggregation,binary,1.0829843929968774,False,True
heico__2112786,0021 - Heico - Sigma - 2.avi,True,False,object_identification,fo_class,1.0260209050029516,False,True
heico__2122520,0021 - Heico - Sigma - 2.avi,True,False,object_aggregation,binary,1.0733982590027153,False,True
heico__2114393,0021 - Heico - Sigma - 2.avi,True,False,object_aggregation,number,1.0170479088556021,False,False
heico__2115509,0021 - Heico - Sigma - 2.avi,True,False,object_aggregation,number,1.0834486410021782,False,False
heico__2117540,0021 - Heico - Sigma - 2.avi,True,False,object_aggregation,binary,1.026184903923422,False,True
heico__2114459,0021 - Heico - Sigma - 2.avi,True,False,object_aggregation,number,1.0704899358097464,False,True
heico__2112787,0021 - Heico - Sigma - 2.avi,True,False,object_identification,fo_class,1.0190649239812046,False,True
heico__2117541,0021 - Heico - Sigma - 2.avi,True,False,object_aggregation,binary,1.0826461729593575,False,True
heico__2115510,0021 - Heico - Sigma - 2.avi,True,False,object_aggregation,number,1.030453332932666,False,False
heico__2114394,0021 - Heico - Sigma - 2.avi,True,False,object_aggregation,number,1.0503270700573921,False,False
heico__2122521,0021 - Heico - Sigma - 2.avi,True,False,object_aggregation,binary,1.047888406086713,False,True
heico__2114460,0021 - Heico - Sigma - 2.avi,True,False,object_aggregation,number,1.0610899711027741,False,True
heico__2112788,0021 - Heico - Sigma - 2.avi,True,False,object_identification,fo_class,1.0279422500170767,False,True
heico__2121504,0021 - Heico - Sigma - 2.avi,True,False,spatial_localization_camera,open_ended,1.3459132390562445,False,True
heico__2117542,0021 - Heico - Sigma - 2.avi,True,False,object_aggregation,binary,1.0367449061013758,False,True
heico__2114395,0021 - Heico - Sigma - 2.avi,True,False,object_aggregation,number,1.0279903600458056,False,True
heico__2112789,0021 - Heico - Sigma - 2.avi,True,False,object_identification,fo_class,1.0585021281149238,False,True
heico__2122522,0021 - Heico - Sigma - 2.avi,True,False,object_aggregation,binary,1.0307477221358567,False,True
heico__2115511,0021 - Heico - Sigma - 2.avi,True,False,object_aggregation,number,1.0825824940111488,False,True
heico__2114461,0021 - Heico - Sigma - 2.avi,True,False,object_aggregation,number,1.0196078720036894,False,True
heico__2123629,0021 - Heico - Sigma - 2.avi,True,False,object_identification,fo_class,1.1082681850530207,False,True
heico__2112790,0021 - Heico - Sigma - 2.avi,True,False,object_identification,fo_class,1.061381960986182,False,True
heico__2114396,0021 - Heico - Sigma - 2.avi,True,False,object_aggregation,number,1.0386717719957232,False,False
heico__2115512,0021 - Heico - Sigma - 2.avi,True,False,object_aggregation,number,0.9895994530525059,False,False
heico__2122523,0021 - Heico - Sigma - 2.avi,True,False,object_aggregation,binary,1.0813716370612383,False,True
heico__2114397,0021 - Heico - Sigma - 2.avi,True,False,object_aggregation,number,1.010030236793682,False,False
heico__2115513,0021 - Heico - Sigma - 2.avi,True,False,object_aggregation,number,0.9987818480003625,False,False
heico__2123630,0021 - Heico - Sigma - 2.avi,True,False,object_identification,fo_class,1.0100188478827477,False,True
heico__2122524,0021 - Heico - Sigma - 2.avi,True,False,object_aggregation,binary,1.018589876126498,False,True
heico__2112791,0021 - Heico - Sigma - 2.avi,True,False,object_identification,fo_class,0.9923893460072577,False,True
heico__2117544,0021 - Heico - Sigma - 2.avi,True,False,object_aggregation,binary,1.0075827040709555,False,True
heico__2122525,0021 - Heico - Sigma - 2.avi,True,False,object_aggregation,binary,0.9915451970882714,False,True
heico__2117545,0021 - Heico - Sigma - 2.avi,True,False,object_aggregation,binary,0.9995556361973286,False,True
heico__2114398,0021 - Heico - Sigma - 2.avi,True,False,object_aggregation,number,1.0031232058536261,False,False
heico__2112792,0021 - Heico - Sigma - 2.avi,True,False,object_identification,fo_class,1.0066726768855006,False,True
heico__2115514,0021 - Heico - Sigma - 2.avi,True,False,object_aggregation,number,0.9936021210160106,False,True
heico__2114464,0021 - Heico - Sigma - 2.avi,True,False,object_aggregation,number,0.9978583110496402,False,True
heico__2115515,0021 - Heico - Sigma - 2.avi,True,False,object_aggregation,number,1.0082062629517168,False,True
heico__2117546,0021 - Heico - Sigma - 2.avi,True,False,object_aggregation,binary,1.0001811438705772,False,True
heico__2114399,0021 - Heico - Sigma - 2.avi,True,False,object_aggregation,number,0.9915703870356083,False,False
heico__2122526,0021 - Heico - Sigma - 2.avi,True,False,object_aggregation,binary,1.0001394639257342,False,True
heico__2112793,0021 - Heico - Sigma - 2.avi,True,False,object_identification,fo_class,0.9999046949669719,False,True
heico__2112754,0021 - Heico - Sigma - 2.avi,True,False,object_identification,fo_class,0.9991382071748376,False,True
heico__2114400,0021 - Heico - Sigma - 2.avi,True,False,object_aggregation,number,1.0607913420535624,False,True
heico__2112794,0021 - Heico - Sigma - 2.avi,True,False,object_identification,fo_class,1.0271318620070815,False,True
heico__2115516,0021 - Heico - Sigma - 2.avi,True,False,object_aggregation,number,1.033227294916287,False,False
heico__2114466,0021 - Heico - Sigma - 2.avi,True,False,object_aggregation,number,0.9880848668981344,False,True
heico__2114401,0021 - Heico - Sigma - 2.avi,True,False,object_aggregation,number,0.9988760671112686,False,False
heico__2122527,0021 - Heico - Sigma - 2.avi,True,False,object_aggregation,binary,1.0511551881209016,False,True
heico__2115517,0021 - Heico - Sigma - 2.avi,True,False,object_aggregation,number,1.0131356790661812,False,False
heico__2117548,0021 - Heico - Sigma - 2.avi,True,False,object_aggregation,binary,1.01507802400738,False,True
heico__2112795,0021 - Heico - Sigma - 2.avi,True,False,object_identification,fo_class,1.0141073069535196,False,True
heico__2122528,0021 - Heico - Sigma - 2.avi,True,False,object_aggregation,binary,1.0698900381103158,False,True
heico__2115518,0021 - Heico - Sigma - 2.avi,True,False,object_aggregation,number,1.0278130799997598,False,True
heico__2114402,0021 - Heico - Sigma - 2.avi,True,False,object_aggregation,number,1.0100241270847619,False,True
heico__2117549,0021 - Heico - Sigma - 2.avi,True,False,object_aggregation,binary,1.061110831098631,False,True
heico__2114468,0021 - Heico - Sigma - 2.avi,True,False,object_aggregation,number,1.018431075848639,False,True
heico__2112796,0021 - Heico - Sigma - 2.avi,True,False,object_identification,fo_class,1.0105577860958874,False,True
heico__2115519,0021 - Heico - Sigma - 2.avi,True,False,object_aggregation,number,1.0651462599635124,False,True
heico__2114403,0021 - Heico - Sigma - 2.avi,True,False,object_aggregation,number,1.0220338760409504,False,False
heico__2112797,0021 - Heico - Sigma - 2.avi,True,False,object_identification,fo_class,1.084287899080664,False,True
heico__2122529,0021 - Heico - Sigma - 2.avi,True,False,object_aggregation,binary,1.0180920360144228,False,True
heico__2114469,0021 - Heico - Sigma - 2.avi,True,False,object_aggregation,number,1.0814559559803456,False,True
heico__2117550,0021 - Heico - Sigma - 2.avi,True,False,object_aggregation,binary,1.028537378879264,False,True
heico__2122530,0021 - Heico - Sigma - 2.avi,True,False,object_aggregation,binary,1.070821185130626,False,True
heico__2114470,0021 - Heico - Sigma - 2.avi,True,False,object_aggregation,number,1.0292402559425682,False,True
heico__2115520,0021 - Heico - Sigma - 2.avi,True,False,object_aggregation,number,1.0587375769391656,False,False
heico__2114404,0021 - Heico - Sigma - 2.avi,True,False,object_aggregation,number,1.0308301821351051,False,False
heico__2112798,0021 - Heico - Sigma - 2.avi,True,False,object_identification,fo_class,1.064901270903647,False,True
heico__2117551,0021 - Heico - Sigma - 2.avi,True,False,object_aggregation,binary,1.0461984609719366,False,True
heico__2114405,0021 - Heico - Sigma - 2.avi,True,False,object_aggregation,number,0.9998082648962736,False,True
heico__2122531,0021 - Heico - Sigma - 2.avi,True,False,object_aggregation,binary,1.0073858750984073,False,True
heico__2115521,0021 - Heico - Sigma - 2.avi,True,False,object_aggregation,number,1.052883513038978,False,True
heico__2112799,0021 - Heico - Sigma - 2.avi,True,False,object_identification,fo_class,1.0289821468759328,False,True
heico__2117552,0021 - Heico - Sigma - 2.avi,True,False,object_aggregation,binary,1.0184114649891853,False,True
heico__2115522,0021 - Heico - Sigma - 2.avi,True,False,object_aggregation,number,1.064591231988743,False,True
heico__2114472,0021 - Heico - Sigma - 2.avi,True,False,object_aggregation,number,1.016306271078065,False,True
heico__2112800,0021 - Heico - Sigma - 2.avi,True,False,object_identification,fo_class,1.0825278731063008,False,True
heico__2114406,0021 - Heico - Sigma - 2.avi,True,False,object_aggregation,number,1.0999619069043547,False,False
heico__2122532,0021 - Heico - Sigma - 2.avi,True,False,object_aggregation,binary,1.0177599568851292,False,True
heico__2117553,0021 - Heico - Sigma - 2.avi,True,False,object_aggregation,binary,1.0098784579895437,False,True
heico__2114407,0021 - Heico - Sigma - 2.avi,True,False,object_aggregation,number,1.073332549072802,False,False
heico__2117554,0021 - Heico - Sigma - 2.avi,True,False,object_aggregation,binary,1.0173088379669935,False,True
heico__2115523,0021 - Heico - Sigma - 2.avi,True,False,object_aggregation,number,1.079829070949927,False,True
heico__2122533,0021 - Heico - Sigma - 2.avi,True,False,object_aggregation,binary,1.0196966021321714,False,True
heico__2112801,0021 - Heico - Sigma - 2.avi,True,False,object_identification,fo_class,1.076151829911396,False,True
heico__2114473,0021 - Heico - Sigma - 2.avi,True,False,object_aggregation,number,1.0344548230059445,False,True
heico__2114474,0021 - Heico - Sigma - 2.avi,True,False,object_aggregation,number,1.0587003969121724,False,True
heico__2117555,0021 - Heico - Sigma - 2.avi,True,False,object_aggregation,binary,1.03069994202815,False,True
heico__2112755,0021 - Heico - Sigma - 2.avi,True,False,object_identification,fo_class,1.299800782930106,False,True
heico__2114408,0021 - Heico - Sigma - 2.avi,True,False,object_aggregation,number,1.0604777929838747,False,True
heico__2115524,0021 - Heico - Sigma - 2.avi,True,False,object_aggregation,number,1.0491621021647006,False,False
heico__2112802,0021 - Heico - Sigma - 2.avi,True,False,object_identification,fo_class,1.0721354018896818,False,True
heico__2112803,0021 - Heico - Sigma - 2.avi,True,False,object_identification,fo_class,1.0294057258870453,False,True
heico__2115525,0021 - Heico - Sigma - 2.avi,True,False,object_aggregation,number,1.0516727361828089,False,False
heico__2114409,0021 - Heico - Sigma - 2.avi,True,False,object_aggregation,number,1.037251885049045,False,False
heico__2122534,0021 - Heico - Sigma - 2.avi,True,False,object_aggregation,binary,1.080139929894358,False,True
heico__2117556,0021 - Heico - Sigma - 2.avi,True,False,object_aggregation,binary,1.0180363559629768,False,True
heico__2114475,0021 - Heico - Sigma - 2.avi,True,False,object_aggregation,number,1.0117777730338275,False,True
heico__2112804,0021 - Heico - Sigma - 2.avi,True,False,object_identification,fo_class,1.0612564908806235,False,True
heico__2114410,0021 - Heico - Sigma - 2.avi,True,False,object_aggregation,number,1.0292834260035306,False,False
heico__2122535,0021 - Heico - Sigma - 2.avi,True,False,object_aggregation,binary,1.0890232960227877,False,True
heico__2115526,0021 - Heico - Sigma - 2.avi,True,False,object_aggregation,number,1.0205638098996133,False,False
heico__2117557,0021 - Heico - Sigma - 2.avi,True,False,object_aggregation,binary,1.0714826229959726,False,True
heico__2114476,0021 - Heico - Sigma - 2.avi,True,False,object_aggregation,number,1.0291090870741755,False,True
heico__2122536,0021 - Heico - Sigma - 2.avi,True,False,object_aggregation,binary,1.0718517319764942,False,True
heico__2115527,0021 - Heico - Sigma - 2.avi,True,False,object_aggregation,number,1.1119615549687296,False,True
heico__2114411,0021 - Heico - Sigma - 2.avi,True,False,object_aggregation,number,1.1969214580021799,False,False
heico__2112805,0021 - Heico - Sigma - 2.avi,True,False,object_identification,fo_class,1.006976855918765,False,True
heico__2114477,0021 - Heico - Sigma - 2.avi,True,False,object_aggregation,number,1.0827221141662449,False,True
heico__2115528,0021 - Heico - Sigma - 2.avi,True,False,object_aggregation,number,1.1103424998000264,False,False
heico__2123634,0021 - Heico - Sigma - 2.avi,True,False,object_identification,fo_class,1.1005075350403786,False,True
heico__2122537,0021 - Heico - Sigma - 2.avi,True,False,object_aggregation,binary,1.288635411998257,False,True
heico__2114412,0021 - Heico - Sigma - 2.avi,True,False,object_aggregation,number,1.0189022140111774,False,True
heico__2112806,0021 - Heico - Sigma - 2.avi,True,False,object_identification,fo_class,1.089950294001028,False,True
heico__2114478,0021 - Heico - Sigma - 2.avi,True,False,object_aggregation,number,1.0083767620380968,False,True
heico__2117559,0021 - Heico - Sigma - 2.avi,True,False,object_aggregation,binary,1.0840306598693132,False,True
heico__2123635,0021 - Heico - Sigma - 2.avi,True,False,object_identification,fo_class,1.0374396641273052,False,True
heico__2115529,0021 - Heico - Sigma - 2.avi,True,False,object_aggregation,number,1.2807256639935076,False,False
heico__2112807,0021 - Heico - Sigma - 2.avi,True,False,object_identification,fo_class,1.1710261069238186,False,True
heico__2114413,0021 - Heico - Sigma - 2.avi,True,False,object_aggregation,number,1.026803991990164,False,False
heico__2122538,0021 - Heico - Sigma - 2.avi,True,False,object_aggregation,binary,1.026186004979536,False,True
heico__2117560,0021 - Heico - Sigma - 2.avi,True,False,object_aggregation,binary,1.0457936918828636,False,True
heico__2122539,0021 - Heico - Sigma - 2.avi,True,False,object_aggregation,binary,1.0285433381795883,False,True
heico__2123636,0021 - Heico - Sigma - 2.avi,True,False,object_identification,fo_class,1.0129504899960011,False,True
heico__2114414,0021 - Heico - Sigma - 2.avi,True,False,object_aggregation,number,1.1783488970249891,False,False
heico__2114480,0021 - Heico - Sigma - 2.avi,True,False,object_aggregation,number,1.09012058400549,False,True
heico__2115530,0021 - Heico - Sigma - 2.avi,True,False,object_aggregation,number,1.0294960150495172,False,False
heico__2117561,0021 - Heico - Sigma - 2.avi,True,False,object_aggregation,binary,1.007244684966281,False,True
heico__2112808,0021 - Heico - Sigma - 2.avi,True,False,object_identification,fo_class,1.0319608391728252,False,True
heico__2123637,0021 - Heico - Sigma - 2.avi,True,False,object_identification,fo_class,1.0322313879150897,False,True
heico__2115531,0021 - Heico - Sigma - 2.avi,True,False,object_aggregation,number,1.0186040049884468,False,False
heico__2114415,0021 - Heico - Sigma - 2.avi,True,False,object_aggregation,number,1.0713164440821856,False,False
heico__2122540,0021 - Heico - Sigma - 2.avi,True,False,object_aggregation,binary,1.0279195299372077,False,True
heico__2112809,0021 - Heico - Sigma - 2.avi,True,False,object_identification,fo_class,1.0815115158911794,False,True
heico__2114481,0021 - Heico - Sigma - 2.avi,True,False,object_aggregation,number,0.9988591580186039,False,True
heico__2123638,0021 - Heico - Sigma - 2.avi,True,False,object_identification,fo_class,1.0183843751437962,False,True
heico__2114416,0021 - Heico - Sigma - 2.avi,True,False,object_aggregation,number,1.0820573449600488,False,False
heico__2122541,0021 - Heico - Sigma - 2.avi,True,False,object_aggregation,binary,1.0296139349229634,False,True
heico__2112810,0021 - Heico - Sigma - 2.avi,True,False,object_identification,fo_class,1.0612873311620206,False,True
heico__2114482,0021 - Heico - Sigma - 2.avi,True,False,object_aggregation,number,1.0382172018289566,False,True
heico__2115532,0021 - Heico - Sigma - 2.avi,True,False,object_aggregation,number,1.0705590560100973,False,False
heico__2114417,0021 - Heico - Sigma - 2.avi,True,False,object_aggregation,number,1.0307657420635223,False,False
heico__2112811,0021 - Heico - Sigma - 2.avi,True,False,object_identification,fo_class,1.0005036930087954,False,True
heico__2115533,0021 - Heico - Sigma - 2.avi,True,False,object_aggregation,number,1.0695418890099972,False,False
heico__2117564,0021 - Heico - Sigma - 2.avi,True,False,object_aggregation,binary,1.0184127148240805,False,True
heico__2122542,0021 - Heico - Sigma - 2.avi,True,False,object_aggregation,binary,1.000197374029085,False,True
heico__2114483,0021 - Heico - Sigma - 2.avi,True,False,object_aggregation,number,1.00994245801121,False,True
heico__2123639,0021 - Heico - Sigma - 2.avi,True,False,object_identification,fo_class,1.0556572249624878,False,True
heico__2122543,0021 - Heico - Sigma - 2.avi,True,False,object_aggregation,binary,1.0171147191431373,False,True
heico__2114418,0021 - Heico - Sigma - 2.avi,True,False,object_aggregation,number,1.0085977909620851,False,False
heico__2117565,0021 - Heico - Sigma - 2.avi,True,False,object_aggregation,binary,1.0195537728723139,False,True
heico__2115534,0021 - Heico - Sigma - 2.avi,True,False,object_aggregation,number,1.069849126972258,False,False
heico__2114484,0021 - Heico - Sigma - 2.avi,True,False,object_aggregation,number,1.0187791150528938,False,True
heico__2112812,0021 - Heico - Sigma - 2.avi,True,False,object_identification,fo_class,1.080661108950153,False,True
heico__2112813,0021 - Heico - Sigma - 2.avi,True,False,object_identification,fo_class,1.0173421981744468,False,True
heico__2123640,0021 - Heico - Sigma - 2.avi,True,False,object_identification,fo_class,1.0135769478511065,False,True
heico__2122544,0021 - Heico - Sigma - 2.avi,True,False,object_aggregation,binary,1.0100158380810171,False,True
heico__2114419,0021 - Heico - Sigma - 2.avi,True,False,object_aggregation,number,1.0507310191169381,False,False
heico__2115535,0021 - Heico - Sigma - 2.avi,True,False,object_aggregation,number,1.025708484929055,False,False
heico__2121505,0021 - Heico - Sigma - 2.avi,True,False,spatial_localization_camera,open_ended,1.6731881841551512,False,True
heico__2114420,0021 - Heico - Sigma - 2.avi,True,False,object_aggregation,number,1.0282332787755877,False,False
heico__2112814,0021 - Heico - Sigma - 2.avi,True,False,object_identification,fo_class,1.0820252851117402,False,True
heico__2115536,0021 - Heico - Sigma - 2.avi,True,False,object_aggregation,number,1.0155414030887187,False,False
heico__2114486,0021 - Heico - Sigma - 2.avi,True,False,object_aggregation,number,1.0705028059892356,False,True
heico__2122545,0021 - Heico - Sigma - 2.avi,True,False,object_aggregation,binary,1.0405202759429812,False,True
heico__2117567,0021 - Heico - Sigma - 2.avi,True,False,object_aggregation,binary,1.0578246349468827,False,True
heico__2121506,0021 - Heico - Sigma - 2.avi,True,False,spatial_localization_camera,open_ended,2.10459520900622,False,True
heico__2112815,0021 - Heico - Sigma - 2.avi,True,False,object_identification,fo_class,1.0400841620285064,False,True
heico__2122546,0021 - Heico - Sigma - 2.avi,True,False,object_aggregation,binary,1.0003780981060117,False,True
heico__2114487,0021 - Heico - Sigma - 2.avi,True,False,object_aggregation,number,1.000532577978447,False,True
heico__2115537,0021 - Heico - Sigma - 2.avi,True,False,object_aggregation,number,1.0074843491893262,False,False
heico__2114421,0021 - Heico - Sigma - 2.avi,True,False,object_aggregation,number,1.06069780793041,False,False
heico__2114422,0021 - Heico - Sigma - 2.avi,True,False,object_aggregation,number,1.0195389969740063,False,False
heico__2115538,0021 - Heico - Sigma - 2.avi,True,False,object_aggregation,number,1.081274732016027,False,True
heico__2122547,0021 - Heico - Sigma - 2.avi,True,False,object_aggregation,binary,1.0168494838289917,False,True
heico__2112816,0021 - Heico - Sigma - 2.avi,True,False,object_identification,fo_class,1.0823102400172502,False,True
heico__2114488,0021 - Heico - Sigma - 2.avi,True,False,object_aggregation,number,1.0108091800939292,False,True
heico__2117569,0021 - Heico - Sigma - 2.avi,True,False,object_aggregation,binary,1.0087628460023552,False,True
heico__2115539,0021 - Heico - Sigma - 2.avi,True,False,object_aggregation,number,1.0696947029791772,False,True
heico__2122548,0021 - Heico - Sigma - 2.avi,True,False,object_aggregation,binary,1.04212702694349,False,True
heico__2112817,0021 - Heico - Sigma - 2.avi,True,False,object_identification,fo_class,1.0586176931392401,False,True
heico__2114423,0021 - Heico - Sigma - 2.avi,True,False,object_aggregation,number,1.1210955451242626,False,True
heico__2117570,0021 - Heico - Sigma - 2.avi,True,False,object_aggregation,binary,1.121852793963626,False,True
heico__2114489,0021 - Heico - Sigma - 2.avi,True,False,object_aggregation,number,1.1578888779040426,False,True
heico__2112818,0021 - Heico - Sigma - 2.avi,True,False,object_identification,fo_class,1.0290200419258326,False,True
heico__2122549,0021 - Heico - Sigma - 2.avi,True,False,object_aggregation,binary,1.0004830681718886,False,True
heico__2117571,0021 - Heico - Sigma - 2.avi,True,False,object_aggregation,binary,1.017839381005615,False,True
heico__2114424,0021 - Heico - Sigma - 2.avi,True,False,object_aggregation,number,1.081202972913161,False,False
heico__2115540,0021 - Heico - Sigma - 2.avi,True,False,object_aggregation,number,1.011674968060106,False,False
heico__2114490,0021 - Heico - Sigma - 2.avi,True,False,object_aggregation,number,1.0686033559031785,False,True
heico__2115541,0021 - Heico - Sigma - 2.avi,True,False,object_aggregation,number,1.0315905851311982,False,False
heico__2122550,0021 - Heico - Sigma - 2.avi,True,False,object_aggregation,binary,1.0000482089817524,False,True
heico__2114491,0021 - Heico - Sigma - 2.avi,True,False,object_aggregation,number,1.0783577000256628,False,True
heico__2114425,0021 - Heico - Sigma - 2.avi,True,False,object_aggregation,number,1.0100549920462072,False,False
heico__2121507,0021 - Heico - Sigma - 2.avi,True,False,spatial_localization_camera,open_ended,1.3611925749573857,False,False
heico__2112819,0021 - Heico - Sigma - 2.avi,True,False,object_identification,fo_class,1.0945536268409342,False,False
heico__2117572,0021 - Heico - Sigma - 2.avi,True,False,object_aggregation,binary,0.9987966620828956,False,True
heico__2112756,0021 - Heico - Sigma - 2.avi,True,False,object_identification,fo_class,0.9572015339508653,False,True
heico__2123631,0021 - Heico - Sigma - 2.avi,True,False,object_identification,fo_class,1.1349931987933815,False,False
heico__2114426,0021 - Heico - Sigma - 2.avi,True,False,object_aggregation,number,1.0138631919398904,False,True
heico__2117573,0021 - Heico - Sigma - 2.avi,True,False,object_aggregation,binary,1.0389408050104976,False,True
heico__2115542,0021 - Heico - Sigma - 2.avi,True,False,object_aggregation,number,1.0669344309717417,False,True
heico__2112820,0021 - Heico - Sigma - 2.avi,True,False,object_identification,fo_class,1.03309022099711,False,True
heico__2121508,0021 - Heico - Sigma - 2.avi,True,False,spatial_localization_camera,open_ended,1.2930160560645163,False,False
heico__2114492,0021 - Heico - Sigma - 2.avi,True,False,object_aggregation,number,1.0189259990584105,False,True
heico__2121509,0021 - Heico - Sigma - 2.avi,True,False,spatial_localization_camera,open_ended,1.3492012170609087,False,False
heico__2114493,0021 - Heico - Sigma - 2.avi,True,False,object_aggregation,number,1.038685005856678,False,True
heico__2112757,0021 - Heico - Sigma - 2.avi,True,False,object_identification,fo_class,1.1003876309841871,False,True
heico__2123632,0021 - Heico - Sigma - 2.avi,True,False,object_identification,fo_class,1.1382462698966265,False,False
heico__2114427,0021 - Heico - Sigma - 2.avi,True,False,object_aggregation,number,1.042315196013078,False,True
heico__2115543,0021 - Heico - Sigma - 2.avi,True,False,object_aggregation,number,1.0852392220404,False,False
heico__2117574,0021 - Heico - Sigma - 2.avi,True,False,object_aggregation,binary,1.0437135819811374,False,True
heico__2112821,0021 - Heico - Sigma - 2.avi,True,False,object_identification,fo_class,1.0725439959205687,False,True
heico__2114428,0021 - Heico - Sigma - 2.avi,True,False,object_aggregation,number,0.9994758600369096,False,False
heico__2121510,0021 - Heico - Sigma - 2.avi,True,False,spatial_localization_camera,open_ended,1.2970854558516294,False,False
heico__2115544,0021 - Heico - Sigma - 2.avi,True,False,object_aggregation,number,1.0141496618743986,False,False
heico__2122551,0021 - Heico - Sigma - 2.avi,True,False,object_aggregation,binary,1.0133420138154179,False,False
heico__2112822,0021 - Heico - Sigma - 2.avi,True,False,object_identification,fo_class,1.0606204480864108,False,False
heico__2114494,0021 - Heico - Sigma - 2.avi,True,False,object_aggregation,number,1.0310102859511971,False,True
heico__2117575,0021 - Heico - Sigma - 2.avi,True,False,object_aggregation,binary,1.0132866841740906,False,True
heico__2112823,0021 - Heico - Sigma - 2.avi,True,False,object_identification,fo_class,1.1106788639444858,False,False
heico__2114429,0021 - Heico - Sigma - 2.avi,True,False,object_aggregation,number,1.0572476859670132,False,False
heico__2115545,0021 - Heico - Sigma - 2.avi,True,False,object_aggregation,number,1.0187709589954466,False,False
heico__2122552,0021 - Heico - Sigma - 2.avi,True,False,object_aggregation,binary,1.0117182179819793,False,True
heico__2121511,0021 - Heico - Sigma - 2.avi,True,False,spatial_localization_camera,open_ended,1.2686537220142782,False,False
heico__2114495,0021 - Heico - Sigma - 2.avi,True,False,object_aggregation,number,1.030760717112571,False,True
heico__2117576,0021 - Heico - Sigma - 2.avi,True,False,object_aggregation,binary,1.0583676940295845,False,True
heico__2115546,0021 - Heico - Sigma - 2.avi,True,False,object_aggregation,number,1.0424955359194428,False,False
heico__2114430,0021 - Heico - Sigma - 2.avi,True,False,object_aggregation,number,0.9875508029945195,False,True
heico__2112758,0021 - Heico - Sigma - 2.avi,True,False,object_identification,fo_class,1.1124041588045657,False,False
heico__2123633,0021 - Heico - Sigma - 2.avi,True,False,object_identification,fo_class,1.0555146909318864,False,False
heico__2121512,0021 - Heico - Sigma - 2.avi,True,False,spatial_localization_camera,open_ended,1.3234805050306022,False,False
heico__2112824,0021 - Heico - Sigma - 2.avi,True,False,object_identification,fo_class,1.1198618300259113,False,False
heico__2117577,0021 - Heico - Sigma - 2.avi,True,False,object_aggregation,binary,1.05666633695364,False,True
heico__2114496,0021 - Heico - Sigma - 2.avi,True,False,object_aggregation,number,1.0311534968204796,False,True
heico__2112759,0021 - Heico - Sigma - 2.avi,True,False,object_identification,fo_class,1.0732771730981767,False,False
heico__2112825,0021 - Heico - Sigma - 2.avi,True,False,object_identification,fo_class,1.1961714760400355,False,False
heico__2117578,0021 - Heico - Sigma - 2.avi,True,False,object_aggregation,binary,1.0325523521751165,False,True
heico__2115481,0021 - Heico - Sigma - 2.avi,True,False,object_aggregation,number,1.011831778101623,False,False
heico__2114431,0021 - Heico - Sigma - 2.avi,True,False,object_aggregation,number,1.0498353959992528,False,False
heico__2114497,0021 - Heico - Sigma - 2.avi,True,False,object_aggregation,number,1.038434986025095,False,True
heico__2114432,0021 - Heico - Sigma - 2.avi,True,False,object_aggregation,number,1.079955925932154,False,True
heico__2112760,0021 - Heico - Sigma - 2.avi,True,False,object_identification,fo_class,1.0870824670419097,False,True
heico__2112826,0021 - Heico - Sigma - 2.avi,True,False,object_identification,fo_class,1.088718572165817,False,True
heico__2115482,0021 - Heico - Sigma - 2.avi,True,False,object_aggregation,number,1.0268298480659723,False,True
heico__2117579,0021 - Heico - Sigma - 2.avi,True,False,object_aggregation,binary,1.0171190530527383,False,True
heico__2114498,0021 - Heico - Sigma - 2.avi,True,False,object_aggregation,number,1.0907482870388776,False,True
heico__2114499,0021 - Heico - Sigma - 2.avi,True,False,object_aggregation,number,1.0279777150135487,False,True
heico__2117580,0021 - Heico - Sigma - 2.avi,True,False,object_aggregation,binary,1.0740234209224582,False,True
heico__2112761,0021 - Heico - Sigma - 2.avi,True,False,object_identification,fo_class,1.0755499880760908,False,True
heico__2112827,0021 - Heico - Sigma - 2.avi,True,False,object_identification,fo_class,1.0878084651194513,False,True
heico__2114433,0021 - Heico - Sigma - 2.avi,True,False,object_aggregation,number,1.0351811947766691,False,True
heico__2115483,0021 - Heico - Sigma - 2.avi,True,False,object_aggregation,number,1.009733553044498,False,True
heico__2112828,0021 - Heico - Sigma - 2.avi,True,False,object_identification,fo_class,1.1270734600257128,False,True
heico__2112762,0021 - Heico - Sigma - 2.avi,True,False,object_identification,fo_class,1.1081161010079086,False,True
heico__2115484,0021 - Heico - Sigma - 2.avi,True,False,object_aggregation,number,1.0351178050041199,False,True
heico__2117581,0021 - Heico - Sigma - 2.avi,True,False,object_aggregation,binary,1.0292407521046698,False,True
heico__2114434,0021 - Heico - Sigma - 2.avi,True,False,object_aggregation,number,1.081304483115673,False,True
heico__2114500,0021 - Heico - Sigma - 2.avi,True,False,object_aggregation,number,1.017911430913955,False,True
heico__2112829,0021 - Heico - Sigma - 2.avi,True,False,object_identification,fo_class,1.126841059885919,False,True
heico__2114435,0021 - Heico - Sigma - 2.avi,True,False,object_aggregation,number,0.9842340918257833,False,True
heico__2112763,0021 - Heico - Sigma - 2.avi,True,False,object_identification,fo_class,1.102332395967096,False,True
heico__2117582,0021 - Heico - Sigma - 2.avi,True,False,object_aggregation,binary,1.066623950842768,False,True
heico__2114501,0021 - Heico - Sigma - 2.avi,True,False,object_aggregation,number,1.0307162369135767,False,True
heico__2115485,0021 - Heico - Sigma - 2.avi,True,False,object_aggregation,number,0.988919508876279,False,True
heico__2112830,0021 - Heico - Sigma - 2.avi,True,False,object_identification,fo_class,1.0663844118826091,False,True
heico__2112764,0021 - Heico - Sigma - 2.avi,True,False,object_identification,fo_class,1.0726356159429997,False,True
heico__2117583,0021 - Heico - Sigma - 2.avi,True,False,object_aggregation,binary,0.9802927919663489,False,False
heico__2115486,0021 - Heico - Sigma - 2.avi,True,False,object_aggregation,number,1.0613916150759906,False,True
heico__2114436,0021 - Heico - Sigma - 2.avi,True,False,object_aggregation,number,1.0300515790004283,False,True
heico__2114502,0021 - Heico - Sigma - 2.avi,True,False,object_aggregation,number,1.0599723591003567,False,True
heico__2112831,0021 - Heico - Sigma - 2.avi,True,False,object_identification,fo_class,1.075821656966582,False,True
heico__2112765,0021 - Heico - Sigma - 2.avi,True,False,object_identification,fo_class,1.0798012260347605,False,True
heico__2114503,0021 - Heico - Sigma - 2.avi,True,False,object_aggregation,number,1.072538835927844,False,True
heico__2114437,0021 - Heico - Sigma - 2.avi,True,False,object_aggregation,number,1.072205157019198,False,True
heico__2115487,0021 - Heico - Sigma - 2.avi,True,False,object_aggregation,number,1.0392154450528324,False,True
heico__2117584,0021 - Heico - Sigma - 2.avi,True,False,object_aggregation,binary,0.9993489210028201,False,True
heico__2117585,0021 - Heico - Sigma - 2.avi,True,False,object_aggregation,binary,1.0020268040243536,False,False
heico__2112832,0021 - Heico - Sigma - 2.avi,True,False,object_identification,fo_class,1.062208792893216,False,True
heico__2112766,0021 - Heico - Sigma - 2.avi,True,False,object_identification,fo_class,1.1624863748438656,False,True
heico__2114504,0021 - Heico - Sigma - 2.avi,True,False,object_aggregation,number,1.0453877879772335,False,False
heico__2115488,0021 - Heico - Sigma - 2.avi,True,False,object_aggregation,number,1.028267104178667,False,True
heico__2114438,0021 - Heico - Sigma - 2.avi,True,False,object_aggregation,number,1.0013889148831367,False,False
heico__2112767,0021 - Heico - Sigma - 2.avi,True,False,object_identification,fo_class,1.1236335700377822,False,True
heico__2681479,0021 - Heico - Sigma - 2.avi,True,False,object_attributes,open_ended,1.032058043172583,False,True
heico__2112833,0021 - Heico - Sigma - 2.avi,True,False,object_identification,fo_class,1.0984645960852504,False,True
heico__2114505,0021 - Heico - Sigma - 2.avi,True,False,object_aggregation,number,1.035302926087752,False,False
heico__2114439,0021 - Heico - Sigma - 2.avi,True,False,object_aggregation,number,1.059931489173323,False,True
heico__2115489,0021 - Heico - Sigma - 2.avi,True,False,object_aggregation,number,1.0286631530616432,False,True
heico__2117586,0021 - Heico - Sigma - 2.avi,True,False,object_aggregation,binary,1.0102746710181236,False,True
heico__2112768,0021 - Heico - Sigma - 2.avi,True,False,object_identification,fo_class,1.12713838997297,False,True
heico__2112834,0021 - Heico - Sigma - 2.avi,True,False,object_identification,fo_class,1.1090848280582577,False,True
heico__2115490,0021 - Heico - Sigma - 2.avi,True,False,object_aggregation,number,0.9746637670323253,False,True
heico__2114506,0021 - Heico - Sigma - 2.avi,True,False,object_aggregation,number,1.0755282279569656,False,True
heico__2117587,0021 - Heico - Sigma - 2.avi,True,False,object_aggregation,binary,1.3136199021246284,False,True
heico__2114440,0021 - Heico - Sigma - 2.avi,True,False,object_aggregation,number,1.0813629331532866,False,True
heico__2112835,0021 - Heico - Sigma - 2.avi,True,False,object_identification,fo_class,1.0859791589900851,False,True
heico__2115491,0021 - Heico - Sigma - 2.avi,True,False,object_aggregation,number,1.0529151679947972,False,True
heico__2112769,0021 - Heico - Sigma - 2.avi,True,False,object_identification,fo_class,1.1059290268458426,False,True
heico__2114507,0021 - Heico - Sigma - 2.avi,True,False,object_aggregation,number,1.0628882709424943,False,True
heico__2114441,0021 - Heico - Sigma - 2.avi,True,False,object_aggregation,number,1.0110143199563026,False,True
heico__2117588,0021 - Heico - Sigma - 2.avi,True,False,object_aggregation,binary,1.2126950009260327,False,True
heico__2112770,0021 - Heico - Sigma - 2.avi,True,False,object_identification,fo_class,1.2411870849318802,False,True
heico__2115492,0021 - Heico - Sigma - 2.avi,True,False,object_aggregation,number,1.0173830827698112,False,True
heico__2112836,0021 - Heico - Sigma - 2.avi,True,False,object_identification,fo_class,1.0831171579193324,False,True
heico__2114442,0021 - Heico - Sigma - 2.avi,True,False,object_aggregation,number,1.0335713890381157,False,True
heico__2117589,0021 - Heico - Sigma - 2.avi,True,False,object_aggregation,binary,0.9974314058199525,False,True
heico__2114508,0021 - Heico - Sigma - 2.avi,True,False,object_aggregation,number,1.0144369411282241,False,True
heico__2156422,0022 - Heico - Sigma - 3.avi,True,False,object_aggregation,number,1.0899556789081544,False,True
heico__2156929,0022 - Heico - Sigma - 3.avi,True,False,object_aggregation,number,1.008960995124653,False,True
heico__2184354,0022 - Heico - Sigma - 3.avi,True,False,object_identification,fo_class,1.0647613070905209,False,True
heico__2177056,0022 - Heico - Sigma - 3.avi,True,False,spatial_localization_camera,open_ended,1.3061520310584456,False,True
heico__2165294,0022 - Heico - Sigma - 3.avi,True,False,object_aggregation,binary,1.049106989055872,False,True
heico__2184180,0022 - Heico - Sigma - 3.avi,True,False,object_identification,fo_class,1.115338042145595,False,True
heico__2156481,0022 - Heico - Sigma - 3.avi,True,False,object_aggregation,number,1.0380703180562705,False,True
heico__2184445,0022 - Heico - Sigma - 3.avi,True,False,object_identification,fo_class,1.0895700200926512,False,True
heico__2681987,0022 - Heico - Sigma - 3.avi,True,False,spatial_localization_situs,open_ended,1.0996300929691643,False,False
heico__2158994,0022 - Heico - Sigma - 3.avi,True,False,object_aggregation,number,1.0280429038684815,False,False
heico__2681481,0022 - Heico - Sigma - 3.avi,True,False,spatial_localization_situs,open_ended,1.1345222198870033,False,False
heico__2156530,0022 - Heico - Sigma - 3.avi,True,False,object_aggregation,number,1.0639379089698195,False,False
heico__2159002,0022 - Heico - Sigma - 3.avi,True,False,object_aggregation,number,1.030287747969851,False,False
heico__2150151,0022 - Heico - Sigma - 3.avi,True,False,object_identification,fo_class,1.070672060828656,False,True
heico__2159004,0022 - Heico - Sigma - 3.avi,True,False,object_aggregation,number,1.0392995341680944,False,False
heico__2178563,0022 - Heico - Sigma - 3.avi,True,False,object_aggregation,binary,0.99132114299573,False,True
heico__2156533,0022 - Heico - Sigma - 3.avi,True,False,object_aggregation,number,1.069672382902354,False,False
heico__2159005,0022 - Heico - Sigma - 3.avi,True,False,object_aggregation,number,1.018549970118329,False,False
heico__2178565,0022 - Heico - Sigma - 3.avi,True,False,object_aggregation,binary,1.0360263627953827,False,True
heico__2159006,0022 - Heico - Sigma - 3.avi,True,False,object_aggregation,number,0.9745099570136517,False,False
heico__2159007,0022 - Heico - Sigma - 3.avi,True,False,object_aggregation,number,1.0716728079132736,False,False
heico__2150156,0022 - Heico - Sigma - 3.avi,True,False,object_identification,fo_class,1.0175637828651816,False,True
heico__2156537,0022 - Heico - Sigma - 3.avi,True,False,object_aggregation,number,1.1107680229470134,False,False
heico__2178568,0022 - Heico - Sigma - 3.avi,True,False,object_aggregation,binary,1.0800109361298382,False,True
heico__2159011,0022 - Heico - Sigma - 3.avi,True,False,object_aggregation,number,1.1018346878699958,False,False
heico__2178570,0022 - Heico - Sigma - 3.avi,True,False,object_aggregation,binary,1.007138459943235,False,True
heico__2137865,0022 - Heico - Sigma - 3.avi,True,False,object_identification,fo_class,1.2382721831090748,False,False
heico__2156541,0022 - Heico - Sigma - 3.avi,True,False,object_aggregation,number,1.0311642559245229,False,False
heico__2178572,0022 - Heico - Sigma - 3.avi,True,False,object_aggregation,binary,1.028961192118004,False,False
heico__2159017,0022 - Heico - Sigma - 3.avi,True,False,object_aggregation,number,1.019253107951954,False,True
heico__2159018,0022 - Heico - Sigma - 3.avi,True,False,object_aggregation,number,1.0641789180226624,False,True
heico__2159019,0022 - Heico - Sigma - 3.avi,True,False,object_aggregation,number,1.0181544008664787,False,False
heico__2150169,0022 - Heico - Sigma - 3.avi,True,False,object_identification,fo_class,1.0807644329033792,False,True
heico__2159021,0022 - Heico - Sigma - 3.avi,True,False,object_aggregation,number,1.0345413270406425,False,False
heico__2159023,0022 - Heico - Sigma - 3.avi,True,False,object_aggregation,number,1.0756868969183415,False,False
heico__2159024,0022 - Heico - Sigma - 3.avi,True,False,object_aggregation,number,1.0203684950247407,False,False
heico__2159025,0022 - Heico - Sigma - 3.avi,True,False,object_aggregation,number,1.0085162171162665,False,False
heico__2159026,0022 - Heico - Sigma - 3.avi,True,False,object_aggregation,number,1.047005402855575,False,False
heico__2159027,0022 - Heico - Sigma - 3.avi,True,False,object_aggregation,number,1.0425367860589176,False,False
heico__2156557,0022 - Heico - Sigma - 3.avi,True,False,object_aggregation,number,1.0614414550364017,False,False
heico__2178591,0022 - Heico - Sigma - 3.avi,True,False,object_aggregation,binary,1.0201111161150038,False,True
heico__2150183,0022 - Heico - Sigma - 3.avi,True,False,object_identification,fo_class,1.1119941398501396,False,False
heico__2148146,0022 - Heico - Sigma - 3.avi,True,False,object_identification,fo_class,1.008415857097134,False,True
heico__2150188,0022 - Heico - Sigma - 3.avi,True,False,object_identification,fo_class,0.9988631219603121,False,True
heico__2165418,0022 - Heico - Sigma - 3.avi,True,False,object_aggregation,binary,1.0606961569283158,False,False
heico__2137872,0022 - Heico - Sigma - 3.avi,True,False,object_identification,fo_class,1.131553368177265,False,True
heico__2159046,0022 - Heico - Sigma - 3.avi,True,False,object_aggregation,number,1.0090993649791926,False,False
heico__2137873,0022 - Heico - Sigma - 3.avi,True,False,object_identification,fo_class,1.1676083118654788,False,True
heico__2157075,0022 - Heico - Sigma - 3.avi,True,False,object_aggregation,number,1.0886675829533488,False,False
heico__2178600,0022 - Heico - Sigma - 3.avi,True,False,object_aggregation,binary,1.04304795502685,False,True
heico__2178604,0022 - Heico - Sigma - 3.avi,True,False,object_aggregation,binary,1.0792721579782665,False,True
heico__2177087,0022 - Heico - Sigma - 3.avi,True,False,spatial_localization_camera,open_ended,1.2801581812091172,False,True
heico__2157098,0022 - Heico - Sigma - 3.avi,True,False,object_aggregation,number,1.040115712210536,False,True
heico__2165451,0022 - Heico - Sigma - 3.avi,True,False,object_aggregation,binary,1.0600501189474016,False,True
heico__2165464,0022 - Heico - Sigma - 3.avi,True,False,object_aggregation,binary,1.0285538928583264,False,True
heico__2150301,0022 - Heico - Sigma - 3.avi,True,False,object_identification,fo_class,1.112936947029084,False,False
heico__2196889,0022 - Heico - Sigma - 3.avi,True,False,spatial_localization_camera,fo_class,1.1249727059621364,False,False
heico__2196892,0022 - Heico - Sigma - 3.avi,True,False,spatial_localization_camera,fo_class,1.0892403810285032,False,False
heico__2196895,0022 - Heico - Sigma - 3.avi,True,False,spatial_localization_camera,fo_class,1.0485346300993115,False,False
heico__2157201,0022 - Heico - Sigma - 3.avi,True,False,object_aggregation,number,1.0241727838292718,False,False
heico__2150322,0022 - Heico - Sigma - 3.avi,True,False,object_identification,fo_class,1.192493325099349,False,True
heico__2196898,0022 - Heico - Sigma - 3.avi,True,False,spatial_localization_camera,fo_class,1.0546354639809579,False,False
heico__2137918,0022 - Heico - Sigma - 3.avi,True,False,object_identification,fo_class,1.1539962380193174,False,True
heico__2196899,0022 - Heico - Sigma - 3.avi,True,False,spatial_localization_camera,fo_class,1.1447591620963067,False,True
heico__2165516,0022 - Heico - Sigma - 3.avi,True,False,object_aggregation,binary,1.0121387771796435,False,True
heico__2148236,0022 - Heico - Sigma - 3.avi,True,False,object_identification,fo_class,1.1787104920949787,False,True
heico__2150350,0022 - Heico - Sigma - 3.avi,True,False,object_identification,fo_class,1.1413970219437033,False,True
heico__2156732,0022 - Heico - Sigma - 3.avi,True,False,object_aggregation,number,1.104335140902549,False,True
heico__2150354,0022 - Heico - Sigma - 3.avi,True,False,object_identification,fo_class,1.2164141510147601,False,True
heico__2178670,0022 - Heico - Sigma - 3.avi,True,False,object_aggregation,binary,1.1003446611575782,False,True
heico__2159124,0022 - Heico - Sigma - 3.avi,True,False,object_aggregation,number,1.0458291969262064,False,False
heico__2156739,0022 - Heico - Sigma - 3.avi,True,False,object_aggregation,number,1.037160410080105,False,True
heico__2157240,0022 - Heico - Sigma - 3.avi,True,False,object_aggregation,number,1.017320703016594,False,False
heico__2156741,0022 - Heico - Sigma - 3.avi,True,False,object_aggregation,number,1.0886573630850762,False,False
heico__2156749,0022 - Heico - Sigma - 3.avi,True,False,object_aggregation,number,1.009486383991316,False,True
heico__2150372,0022 - Heico - Sigma - 3.avi,True,False,object_identification,fo_class,1.047482811845839,False,False
heico__2157270,0022 - Heico - Sigma - 3.avi,True,False,object_aggregation,number,0.9639835159759969,False,False
heico__2148256,0022 - Heico - Sigma - 3.avi,True,False,object_identification,fo_class,1.1192016710992903,False,True
heico__2150392,0022 - Heico - Sigma - 3.avi,True,False,object_identification,fo_class,1.109264177037403,False,True
heico__2159143,0022 - Heico - Sigma - 3.avi,True,False,object_aggregation,number,0.9724561630282551,False,False
heico__2156777,0022 - Heico - Sigma - 3.avi,True,False,object_aggregation,number,1.000339498044923,False,False
heico__2165623,0022 - Heico - Sigma - 3.avi,True,False,object_aggregation,binary,1.070750880986452,False,True
heico__2159147,0022 - Heico - Sigma - 3.avi,True,False,object_aggregation,number,1.0295900800265372,False,False
heico__2156780,0022 - Heico - Sigma - 3.avi,True,False,object_aggregation,number,1.0010383061598986,False,False
heico__2159151,0022 - Heico - Sigma - 3.avi,True,False,object_aggregation,number,1.0679111878853291,False,False
heico__2159152,0022 - Heico - Sigma - 3.avi,True,False,object_aggregation,number,1.0192523279692978,False,True
heico__2165104,0022 - Heico - Sigma - 3.avi,True,False,object_aggregation,binary,1.0127484949771315,False,True
heico__2150430,0022 - Heico - Sigma - 3.avi,True,False,object_identification,fo_class,1.1118250810541213,False,False
heico__2184371,0022 - Heico - Sigma - 3.avi,True,False,object_identification,fo_class,1.0501269150990993,False,True
heico__2158784,0022 - Heico - Sigma - 3.avi,True,False,object_aggregation,number,1.236874477006495,False,True
heico__2158794,0022 - Heico - Sigma - 3.avi,True,False,object_aggregation,number,1.0693463941570371,False,True
heico__2184374,0022 - Heico - Sigma - 3.avi,True,False,object_identification,fo_class,1.0671282201074064,False,True
heico__2157276,0022 - Heico - Sigma - 3.avi,True,False,object_aggregation,number,1.0239678651560098,False,True
heico__2177196,0022 - Heico - Sigma - 3.avi,True,False,spatial_localization_camera,open_ended,1.2786459859926254,False,True
heico__2159153,0022 - Heico - Sigma - 3.avi,True,False,object_aggregation,number,1.0409156898967922,False,True
heico__2159154,0022 - Heico - Sigma - 3.avi,True,False,object_aggregation,number,1.006403781939298,False,True
heico__2156575,0022 - Heico - Sigma - 3.avi,True,False,object_aggregation,number,1.013572733150795,False,True
heico__2196903,0022 - Heico - Sigma - 3.avi,True,False,spatial_localization_camera,fo_class,1.1165879778563976,False,True
heico__2156491,0022 - Heico - Sigma - 3.avi,True,False,object_aggregation,number,1.0641384380869567,False,False
heico__2196904,0022 - Heico - Sigma - 3.avi,True,False,spatial_localization_camera,fo_class,1.0733916929457337,False,True
heico__2184410,0022 - Heico - Sigma - 3.avi,True,False,object_identification,fo_class,1.0893327409867197,False,True
heico__2156924,0022 - Heico - Sigma - 3.avi,True,False,object_aggregation,number,1.0320174740627408,False,True
heico__2184009,0022 - Heico - Sigma - 3.avi,True,False,object_identification,fo_class,1.0598014190327376,False,False
heico__2157015,0022 - Heico - Sigma - 3.avi,True,False,object_aggregation,number,0.9527494360227138,False,True
heico__2196905,0022 - Heico - Sigma - 3.avi,True,False,spatial_localization_camera,fo_class,1.0541316049639136,False,False
heico__2156447,0022 - Heico - Sigma - 3.avi,True,False,object_aggregation,number,1.0275741259101778,False,True
heico__2178715,0022 - Heico - Sigma - 3.avi,True,False,object_aggregation,binary,1.009945873171091,False,True
heico__2156566,0022 - Heico - Sigma - 3.avi,True,False,object_aggregation,number,1.0200833650305867,False,True
heico__2137995,0022 - Heico - Sigma - 3.avi,True,False,object_identification,fo_class,1.1693097080569714,False,True
heico__2165496,0022 - Heico - Sigma - 3.avi,True,False,object_aggregation,binary,1.0182391600683331,False,True
heico__2157280,0022 - Heico - Sigma - 3.avi,True,False,object_aggregation,number,1.0040731290355325,False,False
heico__2178721,0022 - Heico - Sigma - 3.avi,True,False,object_aggregation,binary,1.0675101589877158,False,False
heico__2150271,0022 - Heico - Sigma - 3.avi,True,False,object_identification,fo_class,1.1051773778162897,False,False
heico__2165413,0022 - Heico - Sigma - 3.avi,True,False,object_aggregation,binary,1.0149195389822125,False,False
heico__2156525,0022 - Heico - Sigma - 3.avi,True,False,object_aggregation,number,1.0003649189602584,False,True
heico__2165665,0022 - Heico - Sigma - 3.avi,True,False,object_aggregation,binary,1.0003595079760998,False,True
heico__2196906,0022 - Heico - Sigma - 3.avi,True,False,spatial_localization_camera,fo_class,1.052898327820003,False,False
heico__2138004,0022 - Heico - Sigma - 3.avi,True,False,object_identification,fo_class,1.1089838379994035,False,True
heico__2150393,0022 - Heico - Sigma - 3.avi,True,False,object_identification,fo_class,1.084317164029926,False,False
heico__2196910,0022 - Heico - Sigma - 3.avi,True,False,spatial_localization_camera,fo_class,1.088435112964362,False,False
heico__2150497,0022 - Heico - Sigma - 3.avi,True,False,object_identification,fo_class,1.1092506279237568,False,False
heico__2178730,0022 - Heico - Sigma - 3.avi,True,False,object_aggregation,binary,1.044434780953452,False,False
heico__2150342,0022 - Heico - Sigma - 3.avi,True,False,object_identification,fo_class,1.1307005810085684,False,True
heico__2156983,0022 - Heico - Sigma - 3.avi,True,False,object_aggregation,number,1.0604218081571162,False,True
heico__2156490,0022 - Heico - Sigma - 3.avi,True,False,object_aggregation,number,1.0390952839516103,False,True
heico__2164924,0022 - Heico - Sigma - 3.avi,True,False,object_aggregation,binary,1.0599466899875551,False,True
heico__2148455,0022 - Heico - Sigma - 3.avi,True,False,object_identification,fo_class,1.0280286939814687,False,False
heico__2148456,0022 - Heico - Sigma - 3.avi,True,False,object_identification,fo_class,1.1395743270404637,False,True
heico__2177281,0022 - Heico - Sigma - 3.avi,True,False,spatial_localization_camera,open_ended,1.3336026680190116,False,True
heico__2138014,0022 - Heico - Sigma - 3.avi,True,False,object_identification,fo_class,1.2224348350428045,False,True
heico__2148459,0022 - Heico - Sigma - 3.avi,True,False,object_identification,fo_class,1.0252261620480567,False,True
heico__2150046,0022 - Heico - Sigma - 3.avi,True,False,object_identification,fo_class,1.0439350518863648,False,True
heico__2150260,0022 - Heico - Sigma - 3.avi,True,False,object_identification,fo_class,1.092587242135778,False,True
heico__2681988,0022 - Heico - Sigma - 3.avi,True,False,spatial_localization_situs,open_ended,1.1452443308662623,False,True
heico__2150172,0022 - Heico - Sigma - 3.avi,True,False,object_identification,fo_class,1.1262004629243165,False,True
heico__2157319,0022 - Heico - Sigma - 3.avi,True,False,object_aggregation,number,0.9915350519586354,False,True
heico__2148129,0022 - Heico - Sigma - 3.avi,True,False,object_identification,fo_class,1.049811086151749,False,True
heico__2158779,0022 - Heico - Sigma - 3.avi,True,False,object_aggregation,number,1.1189276508521289,False,True
heico__2164812,0022 - Heico - Sigma - 3.avi,True,False,object_aggregation,binary,1.011263590073213,False,True
heico__2156823,0022 - Heico - Sigma - 3.avi,True,False,object_aggregation,number,1.0116471780929714,False,False
heico__2157359,0022 - Heico - Sigma - 3.avi,True,False,object_aggregation,number,1.0708131801802665,False,True
heico__2156811,0022 - Heico - Sigma - 3.avi,True,False,object_aggregation,number,1.0288082920014858,False,True
heico__2150063,0022 - Heico - Sigma - 3.avi,True,False,object_identification,fo_class,1.1824768318329006,False,False
heico__2184038,0022 - Heico - Sigma - 3.avi,True,False,object_identification,fo_class,1.0266816180665046,False,False
heico__2158823,0022 - Heico - Sigma - 3.avi,True,False,object_aggregation,number,0.9919278009328991,False,True
heico__2165689,0022 - Heico - Sigma - 3.avi,True,False,object_aggregation,binary,1.0366304419003427,False,False
heico__2148501,0022 - Heico - Sigma - 3.avi,True,False,object_identification,fo_class,1.0884281729813665,False,True
heico__2177363,0022 - Heico - Sigma - 3.avi,True,False,spatial_localization_camera,open_ended,1.3233331050723791,False,True
heico__2177378,0022 - Heico - Sigma - 3.avi,True,False,spatial_localization_camera,open_ended,1.3016943540424109,False,True
heico__2184066,0022 - Heico - Sigma - 3.avi,True,False,object_identification,fo_class,1.0852695908397436,False,True
heico__2683728,0022 - Heico - Sigma - 3.avi,True,False,spatial_localization_camera,open_ended,1.3132705730386078,False,True
heico__2156427,0022 - Heico - Sigma - 3.avi,True,False,object_aggregation,number,1.0576321550179273,False,True
heico__2177496,0022 - Heico - Sigma - 3.avi,True,False,spatial_localization_camera,open_ended,1.2736815290991217,False,True
heico__2164809,0022 - Heico - Sigma - 3.avi,True,False,object_aggregation,binary,1.0276887549553066,False,True
heico__2157315,0022 - Heico - Sigma - 3.avi,True,False,object_aggregation,number,0.9919087609741837,False,True
heico__2184467,0022 - Heico - Sigma - 3.avi,True,False,object_identification,fo_class,1.1437815851531923,False,True
heico__2164945,0022 - Heico - Sigma - 3.avi,True,False,object_aggregation,binary,1.035529115004465,False,True
heico__2184479,0022 - Heico - Sigma - 3.avi,True,False,object_identification,fo_class,1.008708385983482,False,False
heico__2156821,0022 - Heico - Sigma - 3.avi,True,False,object_aggregation,number,1.0809355231467634,False,True
heico__2150255,0022 - Heico - Sigma - 3.avi,True,False,object_identification,fo_class,1.0749378590844572,False,True
heico__2148465,0022 - Heico - Sigma - 3.avi,True,False,object_identification,fo_class,1.081911280984059,False,True
heico__2148498,0022 - Heico - Sigma - 3.avi,True,False,object_identification,fo_class,1.1005024700425565,False,True
heico__2150437,0022 - Heico - Sigma - 3.avi,True,False,object_identification,fo_class,1.0920180140528828,False,False
heico__2177332,0022 - Heico - Sigma - 3.avi,True,False,spatial_localization_camera,open_ended,1.2617292900104076,False,True
heico__2681989,0022 - Heico - Sigma - 3.avi,True,False,spatial_localization_situs,open_ended,1.0745092809665948,False,False
heico__2178740,0022 - Heico - Sigma - 3.avi,True,False,object_aggregation,binary,1.0332837509922683,False,True
heico__2681485,0022 - Heico - Sigma - 3.avi,True,False,spatial_localization_situs,open_ended,1.1220992130693048,False,True
heico__2138018,0022 - Heico - Sigma - 3.avi,True,False,object_identification,fo_class,1.1607287800870836,False,True
heico__2150105,0022 - Heico - Sigma - 3.avi,True,False,object_identification,fo_class,1.1405645238701254,False,True
heico__2157149,0022 - Heico - Sigma - 3.avi,True,False,object_aggregation,number,0.9885255098342896,False,True
heico__2156416,0022 - Heico - Sigma - 3.avi,True,False,object_aggregation,number,1.0514025120064616,False,True
heico__2178753,0022 - Heico - Sigma - 3.avi,True,False,object_aggregation,binary,1.0471494731027633,False,True
heico__2156684,0022 - Heico - Sigma - 3.avi,True,False,object_aggregation,number,1.0870246768463403,False,True
heico__2157120,0022 - Heico - Sigma - 3.avi,True,False,object_aggregation,number,1.1013652589172125,False,True
heico__2150371,0022 - Heico - Sigma - 3.avi,True,False,object_identification,fo_class,1.179576548980549,False,True
heico__2159214,0022 - Heico - Sigma - 3.avi,True,False,object_aggregation,number,1.0333999099675566,False,True
heico__2165653,0022 - Heico - Sigma - 3.avi,True,False,object_aggregation,binary,1.0915535551030189,False,True
heico__2196918,0022 - Heico - Sigma - 3.avi,True,False,spatial_localization_camera,fo_class,1.1164418279659003,False,True
heico__2150177,0022 - Heico - Sigma - 3.avi,True,False,object_identification,fo_class,1.282438405090943,False,True
heico__2157361,0022 - Heico - Sigma - 3.avi,True,False,object_aggregation,number,1.3891368310432881,False,True
heico__2165532,0022 - Heico - Sigma - 3.avi,True,False,object_aggregation,binary,1.118002374889329,False,True
heico__2156888,0022 - Heico - Sigma - 3.avi,True,False,object_aggregation,number,1.057267925934866,False,False
heico__2165637,0022 - Heico - Sigma - 3.avi,True,False,object_aggregation,binary,1.0319592538289726,False,False
heico__2178777,0022 - Heico - Sigma - 3.avi,True,False,object_aggregation,binary,1.092310342937708,False,True
heico__2196919,0022 - Heico - Sigma - 3.avi,True,False,spatial_localization_camera,fo_class,1.146191539010033,False,True
heico__2138057,0022 - Heico - Sigma - 3.avi,True,False,object_identification,fo_class,1.155199975008145,False,True
heico__2138058,0022 - Heico - Sigma - 3.avi,True,False,object_identification,fo_class,1.1384993600659072,False,True
heico__2184478,0022 - Heico - Sigma - 3.avi,True,False,object_identification,fo_class,1.3086699252016842,False,False
heico__2184229,0022 - Heico - Sigma - 3.avi,True,False,object_identification,fo_class,1.1729805471841246,False,True
heico__2150019,0022 - Heico - Sigma - 3.avi,True,False,object_identification,fo_class,1.0696151028387249,False,True
heico__2184458,0022 - Heico - Sigma - 3.avi,True,False,object_identification,fo_class,1.018014530884102,False,True
heico__2156762,0022 - Heico - Sigma - 3.avi,True,False,object_aggregation,number,1.0822927500121295,False,True
heico__2148143,0022 - Heico - Sigma - 3.avi,True,False,object_identification,fo_class,1.0172684229910374,False,True
heico__2196931,0022 - Heico - Sigma - 3.avi,True,False,spatial_localization_camera,fo_class,1.0196217871271074,False,True
heico__2196933,0022 - Heico - Sigma - 3.avi,True,False,spatial_localization_camera,fo_class,1.0929103509988636,False,True
heico__2681990,0022 - Heico - Sigma - 3.avi,True,False,spatial_localization_situs,open_ended,1.1670652329921722,False,False
heico__2148104,0022 - Heico - Sigma - 3.avi,True,False,object_identification,fo_class,1.012479196069762,False,True
heico__2184111,0022 - Heico - Sigma - 3.avi,True,False,object_identification,fo_class,1.0075768989045173,False,True
heico__2148201,0022 - Heico - Sigma - 3.avi,True,False,object_identification,fo_class,1.1383381099440157,False,False
heico__2150006,0022 - Heico - Sigma - 3.avi,True,False,object_identification,fo_class,1.0998582229949534,False,False
heico__2159265,0022 - Heico - Sigma - 3.avi,True,False,object_aggregation,number,1.037413459038362,False,False
heico__2148458,0022 - Heico - Sigma - 3.avi,True,False,object_identification,fo_class,1.0161100460682064,False,True
heico__2150184,0022 - Heico - Sigma - 3.avi,True,False,object_identification,fo_class,1.0010476768948138,False,True
heico__2148030,0022 - Heico - Sigma - 3.avi,True,False,object_identification,fo_class,1.0818457698915154,False,True
heico__2150246,0022 - Heico - Sigma - 3.avi,True,False,object_identification,fo_class,1.0200892260763794,False,True
heico__2157357,0022 - Heico - Sigma - 3.avi,True,False,object_aggregation,number,1.0109905200079083,False,True
heico__2148085,0022 - Heico - Sigma - 3.avi,True,False,object_identification,fo_class,1.0078950878232718,False,True
heico__2156646,0022 - Heico - Sigma - 3.avi,True,False,object_aggregation,number,0.9804410620126873,False,True
heico__2148221,0022 - Heico - Sigma - 3.avi,True,False,object_identification,fo_class,1.0182848300319165,False,True
heico__2184230,0022 - Heico - Sigma - 3.avi,True,False,object_identification,fo_class,1.0658364039845765,False,True
heico__2150017,0022 - Heico - Sigma - 3.avi,True,False,object_identification,fo_class,1.00704466085881,False,True
heico__2165316,0022 - Heico - Sigma - 3.avi,True,False,object_aggregation,binary,1.0089863250032067,False,True
heico__2159328,0022 - Heico - Sigma - 3.avi,True,False,object_aggregation,number,1.0126696559600532,False,True
heico__2178805,0022 - Heico - Sigma - 3.avi,True,False,object_aggregation,binary,1.0586667219176888,False,True
heico__2159338,0022 - Heico - Sigma - 3.avi,True,False,object_aggregation,number,1.0435372029896826,False,True
heico__2178810,0022 - Heico - Sigma - 3.avi,True,False,object_aggregation,binary,1.0852907220833004,False,True
heico__2159352,0022 - Heico - Sigma - 3.avi,True,False,object_aggregation,number,1.0113284790422767,False,False
heico__2159353,0022 - Heico - Sigma - 3.avi,True,False,object_aggregation,number,1.070807569893077,False,True
heico__2178823,0022 - Heico - Sigma - 3.avi,True,False,object_aggregation,binary,1.0173602330032736,False,True
heico__2159356,0022 - Heico - Sigma - 3.avi,True,False,object_aggregation,number,1.0227555078454316,False,True
heico__2159358,0022 - Heico - Sigma - 3.avi,True,False,object_aggregation,number,0.9879418418277055,False,False
heico__2156579,0022 - Heico - Sigma - 3.avi,True,False,object_aggregation,number,1.001088926102966,False,True
heico__2178838,0022 - Heico - Sigma - 3.avi,True,False,object_aggregation,binary,1.0584076640661806,False,True
heico__2159373,0022 - Heico - Sigma - 3.avi,True,False,object_aggregation,number,1.0183838901575655,False,False
heico__2159377,0022 - Heico - Sigma - 3.avi,True,False,object_aggregation,number,1.0023425929248333,False,True
heico__2196935,0022 - Heico - Sigma - 3.avi,True,False,spatial_localization_camera,fo_class,0.9933955569285899,False,True
heico__2164973,0022 - Heico - Sigma - 3.avi,True,False,object_aggregation,binary,1.0155190480872989,False,True
heico__2156441,0022 - Heico - Sigma - 3.avi,True,False,object_aggregation,number,1.0701320911757648,False,False
heico__2681991,0022 - Heico - Sigma - 3.avi,True,False,spatial_localization_situs,open_ended,1.2345318528823555,False,True
heico__2156773,0022 - Heico - Sigma - 3.avi,True,False,object_aggregation,number,1.0067703118547797,False,False
heico__2165687,0022 - Heico - Sigma - 3.avi,True,False,object_aggregation,binary,1.0088206650689244,False,False
heico__2178855,0022 - Heico - Sigma - 3.avi,True,False,object_aggregation,binary,1.0708577898330986,False,True
heico__2159399,0022 - Heico - Sigma - 3.avi,True,False,object_aggregation,number,0.9988098628818989,False,False
heico__2156623,0022 - Heico - Sigma - 3.avi,True,False,object_aggregation,number,1.0107027010526508,False,False
heico__2159400,0022 - Heico - Sigma - 3.avi,True,False,object_aggregation,number,1.0890194210223854,False,True
heico__2159404,0022 - Heico - Sigma - 3.avi,True,False,object_aggregation,number,1.0005367579869926,False,False
heico__2159405,0022 - Heico - Sigma - 3.avi,True,False,object_aggregation,number,1.0084912260062993,False,True
heico__2156880,0022 - Heico - Sigma - 3.avi,True,False,object_aggregation,number,1.0488491591531783,False,False
heico__2150279,0022 - Heico - Sigma - 3.avi,True,False,object_identification,fo_class,1.0314496050123125,False,False
heico__2159409,0022 - Heico - Sigma - 3.avi,True,False,object_aggregation,number,1.0230118581093848,False,False
heico__2178874,0022 - Heico - Sigma - 3.avi,True,False,object_aggregation,binary,1.009589154040441,False,False
heico__2159412,0022 - Heico - Sigma - 3.avi,True,False,object_aggregation,number,1.0278396350331604,False,True
heico__2165267,0022 - Heico - Sigma - 3.avi,True,False,object_aggregation,binary,1.0307857871521264,False,True
heico__2159414,0022 - Heico - Sigma - 3.avi,True,False,object_aggregation,number,1.0278652249835432,False,False
heico__2159417,0022 - Heico - Sigma - 3.avi,True,False,object_aggregation,number,1.0836721360683441,False,True
heico__2159418,0022 - Heico - Sigma - 3.avi,True,False,object_aggregation,number,1.0300925390329212,False,True
heico__2159419,0022 - Heico - Sigma - 3.avi,True,False,object_aggregation,number,1.0546677529346198,False,True
heico__2156446,0022 - Heico - Sigma - 3.avi,True,False,object_aggregation,number,1.0331713811028749,False,True
heico__2159421,0022 - Heico - Sigma - 3.avi,True,False,object_aggregation,number,1.0667917400132865,False,False
heico__2159422,0022 - Heico - Sigma - 3.avi,True,False,object_aggregation,number,1.0530744181014597,False,False
heico__2159423,0022 - Heico - Sigma - 3.avi,True,False,object_aggregation,number,1.0606454268563539,False,False
heico__2196940,0022 - Heico - Sigma - 3.avi,True,False,spatial_localization_camera,fo_class,1.0173966130241752,False,True
heico__2159435,0022 - Heico - Sigma - 3.avi,True,False,object_aggregation,number,1.0133877031039447,False,False
heico__2156650,0022 - Heico - Sigma - 3.avi,True,False,object_aggregation,number,1.077494443161413,False,False
heico__2177109,0022 - Heico - Sigma - 3.avi,True,False,spatial_localization_camera,open_ended,1.6629503990989178,False,False
heico__2196943,0022 - Heico - Sigma - 3.avi,True,False,spatial_localization_camera,fo_class,1.0390192058403045,False,True
heico__2184348,0022 - Heico - Sigma - 3.avi,True,False,object_identification,fo_class,1.0068582608364522,False,True
heico__2156505,0022 - Heico - Sigma - 3.avi,True,False,object_aggregation,number,1.1009026390966028,False,True
heico__2184349,0022 - Heico - Sigma - 3.avi,True,False,object_identification,fo_class,1.0902939680963755,False,True
heico__2681992,0022 - Heico - Sigma - 3.avi,True,False,spatial_localization_situs,open_ended,1.2415956251788884,False,True
heico__2681993,0022 - Heico - Sigma - 3.avi,True,False,spatial_localization_situs,open_ended,1.2626649080775678,False,True
heico__2138131,0022 - Heico - Sigma - 3.avi,True,False,object_identification,fo_class,1.1194396109785885,False,True
heico__2156785,0022 - Heico - Sigma - 3.avi,True,False,object_aggregation,number,1.077127733035013,False,False
heico__2156819,0022 - Heico - Sigma - 3.avi,True,False,object_aggregation,number,1.0096710331272334,False,False
heico__2156498,0022 - Heico - Sigma - 3.avi,True,False,object_aggregation,number,1.0200060862116516,False,False
heico__2157193,0022 - Heico - Sigma - 3.avi,True,False,object_aggregation,number,1.0652991549577564,False,False
heico__2148440,0022 - Heico - Sigma - 3.avi,True,False,object_identification,fo_class,1.096358791925013,False,True
heico__2165570,0022 - Heico - Sigma - 3.avi,True,False,object_aggregation,binary,1.2002224249299616,False,True
heico__2156536,0022 - Heico - Sigma - 3.avi,True,False,object_aggregation,number,1.0162040661089122,False,False
heico__2157272,0022 - Heico - Sigma - 3.avi,True,False,object_aggregation,number,1.0549047430977225,False,False
heico__2184042,0022 - Heico - Sigma - 3.avi,True,False,object_identification,fo_class,1.0362494830042124,False,False
heico__2148180,0022 - Heico - Sigma - 3.avi,True,False,object_identification,fo_class,1.1023185160011053,False,True
heico__2177388,0022 - Heico - Sigma - 3.avi,True,False,spatial_localization_camera,open_ended,1.301149434875697,False,True
heico__2184232,0022 - Heico - Sigma - 3.avi,True,False,object_identification,fo_class,1.0263134590350091,False,True
heico__2148075,0022 - Heico - Sigma - 3.avi,True,False,object_identification,fo_class,1.0706239300779998,False,True
heico__2150466,0022 - Heico - Sigma - 3.avi,True,False,object_identification,fo_class,1.1211873160209507,False,True
heico__2138165,0022 - Heico - Sigma - 3.avi,True,False,object_identification,fo_class,1.1111878021620214,False,True
heico__2148251,0022 - Heico - Sigma - 3.avi,True,False,object_identification,fo_class,1.0374978091567755,False,True
heico__2184236,0022 - Heico - Sigma - 3.avi,True,False,object_identification,fo_class,1.049913696013391,False,True
heico__2148218,0022 - Heico - Sigma - 3.avi,True,False,object_identification,fo_class,1.0082386180292815,False,True
heico__2184238,0022 - Heico - Sigma - 3.avi,True,False,object_identification,fo_class,1.0022482729982585,False,True
heico__2178947,0022 - Heico - Sigma - 3.avi,True,False,object_aggregation,binary,1.0601592489983886,False,True
heico__2150405,0022 - Heico - Sigma - 3.avi,True,False,object_identification,fo_class,1.1318351170048118,False,True
heico__2184243,0022 - Heico - Sigma - 3.avi,True,False,object_identification,fo_class,1.0696988028939813,False,True
heico__2196972,0022 - Heico - Sigma - 3.avi,True,False,spatial_localization_camera,fo_class,1.082604369148612,False,True
heico__2158389,0022 - Heico - Sigma - 3.avi,True,False,object_aggregation,number,1.0463842949829996,False,True
heico__2156549,0022 - Heico - Sigma - 3.avi,True,False,object_aggregation,number,1.0598793199751526,False,True
heico__2138180,0022 - Heico - Sigma - 3.avi,True,False,object_identification,fo_class,1.1317683870438486,False,True
heico__2196975,0022 - Heico - Sigma - 3.avi,True,False,spatial_localization_camera,fo_class,1.1244529369287193,False,True
heico__2157134,0022 - Heico - Sigma - 3.avi,True,False,object_aggregation,number,1.0308251569513232,False,False
heico__2159245,0022 - Heico - Sigma - 3.avi,True,False,object_aggregation,number,1.040205892175436,False,False
heico__2196976,0022 - Heico - Sigma - 3.avi,True,False,spatial_localization_camera,fo_class,1.0698719818610698,False,True
heico__2196977,0022 - Heico - Sigma - 3.avi,True,False,spatial_localization_camera,fo_class,1.0967599109280854,False,True
heico__2196978,0022 - Heico - Sigma - 3.avi,True,False,spatial_localization_camera,fo_class,1.1022963859140873,False,True
heico__2681994,0022 - Heico - Sigma - 3.avi,True,False,spatial_localization_situs,open_ended,1.1551186249125749,False,False
heico__2148365,0022 - Heico - Sigma - 3.avi,True,False,object_identification,fo_class,1.105143898865208,False,True
heico__2157380,0022 - Heico - Sigma - 3.avi,True,False,object_aggregation,number,1.0526875178329647,False,True
heico__2150133,0022 - Heico - Sigma - 3.avi,True,False,object_identification,fo_class,1.1314512290991843,False,False
heico__2150285,0022 - Heico - Sigma - 3.avi,True,False,object_identification,fo_class,1.1908784490078688,False,False
heico__2156476,0022 - Heico - Sigma - 3.avi,True,False,object_aggregation,number,1.0780364610254765,False,False
heico__2157358,0022 - Heico - Sigma - 3.avi,True,False,object_aggregation,number,1.0178783319424838,False,True
heico__2196979,0022 - Heico - Sigma - 3.avi,True,False,spatial_localization_camera,fo_class,1.091439544921741,False,False
heico__2150478,0022 - Heico - Sigma - 3.avi,True,False,object_identification,fo_class,1.0188667089678347,False,True
heico__2150408,0022 - Heico - Sigma - 3.avi,True,False,object_identification,fo_class,1.0703549010213464,False,True
heico__2150025,0022 - Heico - Sigma - 3.avi,True,False,object_identification,fo_class,1.0195873470511287,False,True
heico__2196980,0022 - Heico - Sigma - 3.avi,True,False,spatial_localization_camera,fo_class,1.0707080410793424,False,False
heico__2156430,0022 - Heico - Sigma - 3.avi,True,False,object_aggregation,number,1.020228065084666,False,True
heico__2184147,0022 - Heico - Sigma - 3.avi,True,False,object_identification,fo_class,1.0201835948973894,False,True
heico__2178970,0022 - Heico - Sigma - 3.avi,True,False,object_aggregation,binary,1.000724968034774,False,False
heico__2196981,0022 - Heico - Sigma - 3.avi,True,False,spatial_localization_camera,fo_class,1.058896621922031,False,False
heico__2184429,0022 - Heico - Sigma - 3.avi,True,False,object_identification,fo_class,1.0291773609351367,False,False
heico__2681995,0022 - Heico - Sigma - 3.avi,True,False,spatial_localization_situs,open_ended,1.1223994919564575,False,False
heico__2148351,0022 - Heico - Sigma - 3.avi,True,False,object_identification,fo_class,1.103784262901172,False,True
heico__2156412,0022 - Heico - Sigma - 3.avi,True,False,object_aggregation,number,1.0557831809855998,False,True
heico__2156999,0022 - Heico - Sigma - 3.avi,True,False,object_aggregation,number,1.0164389649871737,False,True
heico__2184480,0022 - Heico - Sigma - 3.avi,True,False,object_identification,fo_class,1.1283002570271492,False,True
heico__2158521,0022 - Heico - Sigma - 3.avi,True,False,object_aggregation,number,1.0438367021270096,False,True
heico__2177347,0022 - Heico - Sigma - 3.avi,True,False,spatial_localization_camera,open_ended,1.3198461548890918,False,True
heico__2178971,0022 - Heico - Sigma - 3.avi,True,False,object_aggregation,binary,1.0193098580930382,False,True
heico__2158519,0022 - Heico - Sigma - 3.avi,True,False,object_aggregation,number,1.0613230948802084,False,True
heico__2178972,0022 - Heico - Sigma - 3.avi,True,False,object_aggregation,binary,1.0283393440768123,False,True
heico__2138195,0022 - Heico - Sigma - 3.avi,True,False,object_identification,fo_class,1.1829586911480874,False,True
heico__2196982,0022 - Heico - Sigma - 3.avi,True,False,spatial_localization_camera,fo_class,1.0731882331892848,False,False
heico__2178973,0022 - Heico - Sigma - 3.avi,True,False,object_aggregation,binary,1.0264057889580727,False,False
heico__2177278,0022 - Heico - Sigma - 3.avi,True,False,spatial_localization_camera,open_ended,1.2877754310611635,False,True
heico__2165044,0022 - Heico - Sigma - 3.avi,True,False,object_aggregation,binary,1.0417339878622442,False,True
heico__2681997,0022 - Heico - Sigma - 3.avi,True,False,spatial_localization_situs,open_ended,1.1547815271187574,False,False
heico__2681996,0022 - Heico - Sigma - 3.avi,True,False,spatial_localization_situs,open_ended,1.0893806600943208,False,False
heico__2158765,0022 - Heico - Sigma - 3.avi,True,False,object_aggregation,number,1.0535147860646248,False,True
heico__2681998,0022 - Heico - Sigma - 3.avi,True,False,spatial_localization_situs,open_ended,1.127367298817262,False,False
heico__2156750,0022 - Heico - Sigma - 3.avi,True,False,object_aggregation,number,1.0454806780908257,False,True
heico__2184297,0022 - Heico - Sigma - 3.avi,True,False,object_identification,fo_class,1.0732874739915133,False,True
heico__2156908,0022 - Heico - Sigma - 3.avi,True,False,object_aggregation,number,1.0430587839800864,False,True
heico__2150135,0022 - Heico - Sigma - 3.avi,True,False,object_identification,fo_class,1.2139262179844081,False,False
heico__2148244,0022 - Heico - Sigma - 3.avi,True,False,object_identification,fo_class,1.1259505830239505,False,True
heico__2150262,0022 - Heico - Sigma - 3.avi,True,False,object_identification,fo_class,1.2429879000410438,False,False
heico__2148199,0022 - Heico - Sigma - 3.avi,True,False,object_identification,fo_class,1.028386274119839,False,False
heico__2184172,0022 - Heico - Sigma - 3.avi,True,False,object_identification,fo_class,1.1168737169355154,False,False
heico__2177479,0022 - Heico - Sigma - 3.avi,True,False,spatial_localization_camera,open_ended,1.266110799042508,False,True
heico__2148248,0022 - Heico - Sigma - 3.avi,True,False,object_identification,fo_class,1.1423762789927423,False,True
heico__2150397,0022 - Heico - Sigma - 3.avi,True,False,object_identification,fo_class,1.0733403228223324,False,False
heico__2157114,0022 - Heico - Sigma - 3.avi,True,False,object_aggregation,number,1.1899317719507962,False,True
heico__2148096,0022 - Heico - Sigma - 3.avi,True,False,object_identification,fo_class,1.091743174009025,False,False
heico__2150254,0022 - Heico - Sigma - 3.avi,True,False,object_identification,fo_class,1.0644435670692474,False,False
heico__2156816,0022 - Heico - Sigma - 3.avi,True,False,object_aggregation,number,1.054652283899486,False,True
heico__2164736,0022 - Heico - Sigma - 3.avi,True,False,object_aggregation,binary,1.0818165210075676,False,True
heico__2158740,0022 - Heico - Sigma - 3.avi,True,False,object_aggregation,number,1.0198835260234773,False,True
heico__2148168,0022 - Heico - Sigma - 3.avi,True,False,object_identification,fo_class,1.1249987247865647,False,True
heico__2150055,0022 - Heico - Sigma - 3.avi,True,False,object_identification,fo_class,1.0864739590324461,False,True
heico__2150299,0022 - Heico - Sigma - 3.avi,True,False,object_identification,fo_class,1.1634113620966673,False,False
heico__2150356,0022 - Heico - Sigma - 3.avi,True,False,object_identification,fo_class,1.004035399062559,False,False
heico__2204215,0022 - Heico - Sigma - 3.avi,True,False,spatial_localization_camera,multiple_choice,1.0758897869382054,False,True
heico__2184152,0022 - Heico - Sigma - 3.avi,True,False,object_identification,fo_class,1.0785898899193853,False,True
heico__2148102,0022 - Heico - Sigma - 3.avi,True,False,object_identification,fo_class,1.090065629221499,False,True
heico__2148372,0022 - Heico - Sigma - 3.avi,True,False,object_identification,fo_class,1.0909926968161017,False,True
heico__2204216,0022 - Heico - Sigma - 3.avi,True,False,spatial_localization_camera,multiple_choice,1.06218709400855,False,True
heico__2184269,0022 - Heico - Sigma - 3.avi,True,False,object_identification,fo_class,1.0776373019907624,False,True
heico__2150465,0022 - Heico - Sigma - 3.avi,True,False,object_identification,fo_class,1.312551453942433,False,False
heico__2156431,0022 - Heico - Sigma - 3.avi,True,False,object_aggregation,number,1.0206574040930718,False,False
heico__2148073,0022 - Heico - Sigma - 3.avi,True,False,object_identification,fo_class,1.2032945270184427,False,False
heico__2204217,0022 - Heico - Sigma - 3.avi,True,False,spatial_localization_camera,multiple_choice,1.0647749961353838,False,True
heico__2150138,0022 - Heico - Sigma - 3.avi,True,False,object_identification,fo_class,1.1421034401282668,False,False
heico__2148184,0022 - Heico - Sigma - 3.avi,True,False,object_identification,fo_class,1.1092656468972564,False,True
heico__2148475,0022 - Heico - Sigma - 3.avi,True,False,object_identification,fo_class,1.1720344200730324,False,False
heico__2148195,0022 - Heico - Sigma - 3.avi,True,False,object_identification,fo_class,1.0645438868086785,False,True
heico__2681488,0022 - Heico - Sigma - 3.avi,True,False,spatial_localization_camera,open_ended,1.089574599871412,False,False
heico__2204218,0022 - Heico - Sigma - 3.avi,True,False,spatial_localization_camera,multiple_choice,1.080122304847464,False,False
heico__2184336,0022 - Heico - Sigma - 3.avi,True,False,object_identification,fo_class,1.176630567992106,False,False
heico__2150159,0022 - Heico - Sigma - 3.avi,True,False,object_identification,fo_class,1.0865051581058651,False,True
heico__2148007,0022 - Heico - Sigma - 3.avi,True,False,object_identification,fo_class,1.0774304629303515,False,True
heico__2148217,0022 - Heico - Sigma - 3.avi,True,False,object_identification,fo_class,1.391695813043043,False,True
heico__2150163,0022 - Heico - Sigma - 3.avi,True,False,object_identification,fo_class,1.180087307933718,False,True
heico__2157344,0022 - Heico - Sigma - 3.avi,True,False,object_aggregation,number,1.1340723109897226,False,True
heico__2184431,0022 - Heico - Sigma - 3.avi,True,False,object_identification,fo_class,1.0838019060902297,False,True
heico__2204219,0022 - Heico - Sigma - 3.avi,True,False,spatial_localization_camera,multiple_choice,1.0992679041810334,False,True
heico__2204220,0022 - Heico - Sigma - 3.avi,True,False,spatial_localization_camera,multiple_choice,1.0830110770184547,False,True
heico__2184034,0022 - Heico - Sigma - 3.avi,True,False,object_identification,fo_class,1.0517776620108634,False,True
heico__2148308,0022 - Heico - Sigma - 3.avi,True,False,object_identification,fo_class,1.0481691900640726,False,True
heico__2150180,0022 - Heico - Sigma - 3.avi,True,False,object_identification,fo_class,1.0297331498004496,False,True
heico__2148379,0022 - Heico - Sigma - 3.avi,True,False,object_identification,fo_class,1.1698230160400271,False,True
heico__2184086,0022 - Heico - Sigma - 3.avi,True,False,object_identification,fo_class,1.2800039809662849,False,False
heico__2204221,0022 - Heico - Sigma - 3.avi,True,False,spatial_localization_camera,multiple_choice,1.330460157012567,False,False
heico__2150481,0022 - Heico - Sigma - 3.avi,True,False,object_identification,fo_class,1.0202472750097513,False,False
heico__2204222,0022 - Heico - Sigma - 3.avi,True,False,spatial_localization_camera,multiple_choice,1.0784233899321407,False,False
heico__2184079,0022 - Heico - Sigma - 3.avi,True,False,object_identification,fo_class,0.9859808669425547,False,False
heico__2204223,0022 - Heico - Sigma - 3.avi,True,False,spatial_localization_camera,multiple_choice,1.0349518558941782,False,True
heico__2204224,0022 - Heico - Sigma - 3.avi,True,False,spatial_localization_camera,multiple_choice,1.0793906168546528,False,True
heico__2184211,0022 - Heico - Sigma - 3.avi,True,False,object_identification,fo_class,1.0752453580498695,False,True
heico__2150252,0022 - Heico - Sigma - 3.avi,True,False,object_identification,fo_class,1.0447765800636262,False,True
heico__2158957,0022 - Heico - Sigma - 3.avi,True,False,object_aggregation,number,1.0237736760172993,False,True
heico__2164786,0022 - Heico - Sigma - 3.avi,True,False,object_aggregation,binary,1.0067090010270476,False,True
heico__2148127,0022 - Heico - Sigma - 3.avi,True,False,object_identification,fo_class,1.1379381311126053,False,True
heico__2150476,0022 - Heico - Sigma - 3.avi,True,False,object_identification,fo_class,1.1018817170988768,False,True
heico__2148470,0022 - Heico - Sigma - 3.avi,True,False,object_identification,fo_class,1.0389113060664386,False,True
heico__2150154,0022 - Heico - Sigma - 3.avi,True,False,object_identification,fo_class,1.2905472631100565,False,True
heico__2150040,0022 - Heico - Sigma - 3.avi,True,False,object_identification,fo_class,1.0799763260874897,False,True
heico__2177273,0022 - Heico - Sigma - 3.avi,True,False,spatial_localization_camera,open_ended,2.0936636079568416,False,False
heico__2204225,0022 - Heico - Sigma - 3.avi,True,False,spatial_localization_camera,multiple_choice,1.0973040889948606,False,True
heico__2148047,0022 - Heico - Sigma - 3.avi,True,False,object_identification,fo_class,1.1112866830080748,False,True
heico__2150503,0022 - Heico - Sigma - 3.avi,True,False,object_identification,fo_class,1.0888392329216003,False,True
heico__2219531,0023 - Heico - Sigma - 4.avi,True,False,object_identification,fo_class,1.0858438001014292,False,False
heico__2227364,0023 - Heico - Sigma - 4.avi,True,False,object_aggregation,number,1.1031472040340304,False,True
heico__2250729,0023 - Heico - Sigma - 4.avi,True,False,object_identification,fo_class,1.0952264049556106,False,True
heico__2244532,0023 - Heico - Sigma - 4.avi,True,False,spatial_localization_camera,open_ended,1.2961091680917889,False,True
heico__2226865,0023 - Heico - Sigma - 4.avi,True,False,object_aggregation,number,1.0367659009061754,False,True
heico__2228865,0023 - Heico - Sigma - 4.avi,True,False,object_aggregation,number,1.0196080370806158,False,True
heico__2228868,0023 - Heico - Sigma - 4.avi,True,False,object_aggregation,number,1.0622014929540455,False,True
heico__2233594,0023 - Heico - Sigma - 4.avi,True,False,object_aggregation,binary,1.0303937380667776,False,True
heico__2221682,0023 - Heico - Sigma - 4.avi,True,False,object_identification,fo_class,1.1176868448965251,False,True
heico__2227369,0023 - Heico - Sigma - 4.avi,True,False,object_aggregation,number,1.0608525071293116,False,True
heico__2221684,0023 - Heico - Sigma - 4.avi,True,False,object_identification,fo_class,1.0854179009329528,False,False
heico__2219543,0023 - Heico - Sigma - 4.avi,True,False,object_identification,fo_class,1.0806240539532155,False,True
heico__2226873,0023 - Heico - Sigma - 4.avi,True,False,object_aggregation,number,1.0441758120432496,False,True
heico__2681979,0023 - Heico - Sigma - 4.avi,True,False,spatial_localization_situs,open_ended,1.3034471590071917,False,True
heico__2233600,0023 - Heico - Sigma - 4.avi,True,False,object_aggregation,binary,1.087296596961096,False,True
heico__2250767,0023 - Heico - Sigma - 4.avi,True,False,object_identification,fo_class,1.0761795449070632,False,True
heico__2233671,0023 - Heico - Sigma - 4.avi,True,False,object_aggregation,binary,1.031942473957315,False,True
heico__2244558,0023 - Heico - Sigma - 4.avi,True,False,spatial_localization_camera,open_ended,1.6845328910276294,False,True
heico__2219647,0023 - Heico - Sigma - 4.avi,True,False,object_identification,fo_class,1.016023307107389,False,False
heico__2244559,0023 - Heico - Sigma - 4.avi,True,False,spatial_localization_camera,open_ended,1.350579733029008,False,True
heico__2219728,0023 - Heico - Sigma - 4.avi,True,False,object_identification,fo_class,1.0946768561843783,False,True
heico__2227077,0023 - Heico - Sigma - 4.avi,True,False,object_aggregation,number,1.0358914837706834,False,True
heico__2227601,0023 - Heico - Sigma - 4.avi,True,False,object_aggregation,number,1.029298901092261,False,True
heico__2221927,0023 - Heico - Sigma - 4.avi,True,False,object_identification,fo_class,1.0705734009388834,False,False
heico__2234352,0023 - Heico - Sigma - 4.avi,True,False,object_aggregation,binary,1.0193292871117592,False,True
heico__2222028,0023 - Heico - Sigma - 4.avi,True,False,object_identification,fo_class,1.1739648750517517,False,False
heico__2229231,0023 - Heico - Sigma - 4.avi,True,False,object_aggregation,number,1.0251542718615383,False,False
heico__2227262,0023 - Heico - Sigma - 4.avi,True,False,object_aggregation,number,1.0806247838772833,False,True
heico__2250779,0023 - Heico - Sigma - 4.avi,True,False,object_identification,fo_class,1.074529720004648,False,True
heico__2227314,0023 - Heico - Sigma - 4.avi,True,False,object_aggregation,number,1.0362731630448252,False,False
heico__2681785,0023 - Heico - Sigma - 4.avi,True,False,object_attributes,open_ended,1.1774149250704795,False,False
heico__2234542,0023 - Heico - Sigma - 4.avi,True,False,object_aggregation,binary,1.0321547538042068,False,True
heico__2234543,0023 - Heico - Sigma - 4.avi,True,False,object_aggregation,binary,1.0709052290767431,False,True
heico__2245746,0023 - Heico - Sigma - 4.avi,True,False,object_aggregation,binary,1.0276083459611982,False,True
heico__2211480,0023 - Heico - Sigma - 4.avi,True,False,object_identification,fo_class,1.1763115278445184,False,True
heico__2227323,0023 - Heico - Sigma - 4.avi,True,False,object_aggregation,number,1.0354639450088143,False,False
heico__2222143,0023 - Heico - Sigma - 4.avi,True,False,object_identification,fo_class,1.0807233941741288,False,True
heico__2219993,0023 - Heico - Sigma - 4.avi,True,False,object_identification,fo_class,1.008858754998073,False,True
heico__2219994,0023 - Heico - Sigma - 4.avi,True,False,object_identification,fo_class,1.0710465700831264,False,True
heico__2211484,0023 - Heico - Sigma - 4.avi,True,False,object_identification,fo_class,1.149766619084403,False,True
heico__2227835,0023 - Heico - Sigma - 4.avi,True,False,object_aggregation,number,1.049785806098953,False,True
heico__2234561,0023 - Heico - Sigma - 4.avi,True,False,object_aggregation,binary,1.0406089308671653,False,False
heico__2245753,0023 - Heico - Sigma - 4.avi,True,False,object_aggregation,binary,1.0705613309983164,False,True
heico__2227836,0023 - Heico - Sigma - 4.avi,True,False,object_aggregation,number,1.09866448584944,False,False
heico__2222151,0023 - Heico - Sigma - 4.avi,True,False,object_identification,fo_class,1.1086545288562775,False,False
heico__2222157,0023 - Heico - Sigma - 4.avi,True,False,object_identification,fo_class,1.0293451310135424,False,False
heico__2245758,0023 - Heico - Sigma - 4.avi,True,False,object_aggregation,binary,1.0524884690530598,False,False
heico__2222158,0023 - Heico - Sigma - 4.avi,True,False,object_identification,fo_class,1.1380431400611997,False,True
heico__2250791,0023 - Heico - Sigma - 4.avi,True,False,object_identification,fo_class,1.1267239411827177,False,False
heico__2227857,0023 - Heico - Sigma - 4.avi,True,False,object_aggregation,number,1.0558016400318593,False,True
heico__2262194,0023 - Heico - Sigma - 4.avi,True,False,spatial_localization_camera,fo_class,1.0735008041374385,False,True
heico__2211496,0023 - Heico - Sigma - 4.avi,True,False,object_identification,fo_class,1.1563612408936024,False,True
heico__2219885,0023 - Heico - Sigma - 4.avi,True,False,object_identification,fo_class,1.0514589920639992,False,False
heico__2262204,0023 - Heico - Sigma - 4.avi,True,False,spatial_localization_camera,fo_class,1.01764071197249,False,True
heico__2229431,0023 - Heico - Sigma - 4.avi,True,False,object_aggregation,number,1.007583828875795,False,False
heico__2222168,0023 - Heico - Sigma - 4.avi,True,False,object_identification,fo_class,1.201576951192692,False,True
heico__2227141,0023 - Heico - Sigma - 4.avi,True,False,object_aggregation,number,1.0695649741683155,False,True
heico__2221989,0023 - Heico - Sigma - 4.avi,True,False,object_identification,fo_class,1.1412299119401723,False,True
heico__2227843,0023 - Heico - Sigma - 4.avi,True,False,object_aggregation,number,1.0193805571179837,False,True
heico__2227051,0023 - Heico - Sigma - 4.avi,True,False,object_aggregation,number,1.040593191049993,False,True
heico__2211523,0023 - Heico - Sigma - 4.avi,True,False,object_identification,fo_class,1.1495553301647305,False,True
heico__2262220,0023 - Heico - Sigma - 4.avi,True,False,spatial_localization_camera,fo_class,1.0604823681060225,False,True
heico__2262222,0023 - Heico - Sigma - 4.avi,True,False,spatial_localization_camera,fo_class,1.030327257933095,False,True
heico__2234147,0023 - Heico - Sigma - 4.avi,True,False,object_aggregation,binary,0.9997886400669813,False,True
heico__2234459,0023 - Heico - Sigma - 4.avi,True,False,object_aggregation,binary,1.0595095800235868,False,False
heico__2262224,0023 - Heico - Sigma - 4.avi,True,False,spatial_localization_camera,fo_class,1.0949563458561897,False,False
heico__2245798,0023 - Heico - Sigma - 4.avi,True,False,object_aggregation,binary,1.0337518190499395,False,True
heico__2227699,0023 - Heico - Sigma - 4.avi,True,False,object_aggregation,number,1.0191857679747045,False,True
heico__2227564,0023 - Heico - Sigma - 4.avi,True,False,object_aggregation,number,1.000671787885949,False,True
heico__2245802,0023 - Heico - Sigma - 4.avi,True,False,object_aggregation,binary,0.9917479411233217,False,True
heico__2211535,0023 - Heico - Sigma - 4.avi,True,False,object_identification,fo_class,1.1184664929751307,False,True
heico__2221686,0023 - Heico - Sigma - 4.avi,True,False,object_identification,fo_class,1.1375266120303422,False,False
heico__2221712,0023 - Heico - Sigma - 4.avi,True,False,object_identification,fo_class,1.1435220460407436,False,False
heico__2226969,0023 - Heico - Sigma - 4.avi,True,False,object_aggregation,number,1.0710090489592403,False,False
heico__2222095,0023 - Heico - Sigma - 4.avi,True,False,object_identification,fo_class,1.1290391150396317,False,True
heico__2262230,0023 - Heico - Sigma - 4.avi,True,False,spatial_localization_camera,fo_class,1.1246512858197093,False,False
heico__2227240,0023 - Heico - Sigma - 4.avi,True,False,object_aggregation,number,0.9899850068613887,False,False
heico__2211540,0023 - Heico - Sigma - 4.avi,True,False,object_identification,fo_class,1.167888651136309,False,True
heico__2219914,0023 - Heico - Sigma - 4.avi,True,False,object_identification,fo_class,1.0609015170484781,False,True
heico__2211542,0023 - Heico - Sigma - 4.avi,True,False,object_identification,fo_class,1.1382741900160909,False,True
heico__2262232,0023 - Heico - Sigma - 4.avi,True,False,spatial_localization_camera,fo_class,1.0623040727805346,False,False
heico__2227398,0023 - Heico - Sigma - 4.avi,True,False,object_aggregation,number,1.0329898910131305,False,True
heico__2245809,0023 - Heico - Sigma - 4.avi,True,False,object_aggregation,binary,1.011183710070327,False,True
heico__2220028,0023 - Heico - Sigma - 4.avi,True,False,object_identification,fo_class,1.0191203989088535,False,True
heico__2229468,0023 - Heico - Sigma - 4.avi,True,False,object_aggregation,number,0.9927002480253577,False,False
heico__2245810,0023 - Heico - Sigma - 4.avi,True,False,object_aggregation,binary,1.0078273890540004,False,False
heico__2244592,0023 - Heico - Sigma - 4.avi,True,False,spatial_localization_camera,open_ended,1.6622101608663797,False,False
heico__2250726,0023 - Heico - Sigma - 4.avi,True,False,object_identification,fo_class,1.0996495739091188,False,True
heico__2250808,0023 - Heico - Sigma - 4.avi,True,False,object_identification,fo_class,1.0723148458637297,False,True
heico__2211544,0023 - Heico - Sigma - 4.avi,True,False,object_identification,fo_class,1.1317725968547165,False,True
heico__2219777,0023 - Heico - Sigma - 4.avi,True,False,object_identification,fo_class,1.014119961997494,False,False
heico__2250809,0023 - Heico - Sigma - 4.avi,True,False,object_identification,fo_class,1.0806069038808346,False,False
heico__2262235,0023 - Heico - Sigma - 4.avi,True,False,spatial_localization_camera,fo_class,1.019984076032415,False,True
heico__2234534,0023 - Heico - Sigma - 4.avi,True,False,object_aggregation,binary,1.0114324179012328,False,True
heico__2681980,0023 - Heico - Sigma - 4.avi,True,False,spatial_localization_situs,open_ended,1.3064394611865282,False,True
heico__2681981,0023 - Heico - Sigma - 4.avi,True,False,spatial_localization_situs,open_ended,1.263303535990417,False,True
heico__2227217,0023 - Heico - Sigma - 4.avi,True,False,object_aggregation,number,1.1097922059707344,False,True
heico__2234452,0023 - Heico - Sigma - 4.avi,True,False,object_aggregation,binary,1.0197053970769048,False,True
heico__2227155,0023 - Heico - Sigma - 4.avi,True,False,object_aggregation,number,1.0698314930777997,False,True
heico__2229479,0023 - Heico - Sigma - 4.avi,True,False,object_aggregation,number,1.100185491843149,False,False
heico__2244595,0023 - Heico - Sigma - 4.avi,True,False,spatial_localization_camera,open_ended,1.6908042537979782,False,True
heico__2229483,0023 - Heico - Sigma - 4.avi,True,False,object_aggregation,number,1.0270378368441015,False,True
heico__2227272,0023 - Heico - Sigma - 4.avi,True,False,object_aggregation,number,1.0819448311813176,False,True
heico__2226970,0023 - Heico - Sigma - 4.avi,True,False,object_aggregation,number,1.009970982093364,False,False
heico__2221809,0023 - Heico - Sigma - 4.avi,True,False,object_identification,fo_class,1.1848027158994228,False,False
heico__2229492,0023 - Heico - Sigma - 4.avi,True,False,object_aggregation,number,1.105321187991649,False,False
heico__2229498,0023 - Heico - Sigma - 4.avi,True,False,object_aggregation,number,1.106378654949367,False,False
heico__2227047,0023 - Heico - Sigma - 4.avi,True,False,object_aggregation,number,1.1128196879290044,False,False
heico__2229501,0023 - Heico - Sigma - 4.avi,True,False,object_aggregation,number,1.211638143984601,False,False
heico__2229507,0023 - Heico - Sigma - 4.avi,True,False,object_aggregation,number,1.0988967248704284,False,False
heico__2227715,0023 - Heico - Sigma - 4.avi,True,False,object_aggregation,number,1.1011485799681395,False,True
heico__2229523,0023 - Heico - Sigma - 4.avi,True,False,object_aggregation,number,1.1019063568674028,False,False
heico__2219582,0023 - Heico - Sigma - 4.avi,True,False,object_identification,fo_class,0.9973377559799701,False,True
heico__2234287,0023 - Heico - Sigma - 4.avi,True,False,object_aggregation,binary,1.0932673800271004,False,True
heico__2219696,0023 - Heico - Sigma - 4.avi,True,False,object_identification,fo_class,1.2319976498838514,False,False
heico__2229541,0023 - Heico - Sigma - 4.avi,True,False,object_aggregation,number,1.181678774068132,False,False
heico__2219717,0023 - Heico - Sigma - 4.avi,True,False,object_identification,fo_class,1.1631013040896505,False,True
heico__2227320,0023 - Heico - Sigma - 4.avi,True,False,object_aggregation,number,1.2219347159843892,False,True
heico__2229553,0023 - Heico - Sigma - 4.avi,True,False,object_aggregation,number,1.0872183260507882,False,False
heico__2245856,0023 - Heico - Sigma - 4.avi,True,False,object_aggregation,binary,1.0801032660529017,False,False
heico__2227140,0023 - Heico - Sigma - 4.avi,True,False,object_aggregation,number,1.0390601349063218,False,False
heico__2245858,0023 - Heico - Sigma - 4.avi,True,False,object_aggregation,binary,1.1090519281569868,False,False
heico__2227277,0023 - Heico - Sigma - 4.avi,True,False,object_aggregation,number,1.046950944000855,False,False
heico__2229565,0023 - Heico - Sigma - 4.avi,True,False,object_aggregation,number,1.0314622148871422,False,False
heico__2229570,0023 - Heico - Sigma - 4.avi,True,False,object_aggregation,number,1.0217118610162288,False,False
heico__2229573,0023 - Heico - Sigma - 4.avi,True,False,object_aggregation,number,1.0808571740053594,False,False
heico__2250681,0023 - Heico - Sigma - 4.avi,True,False,object_identification,fo_class,1.1009023489896208,False,True
heico__2229592,0023 - Heico - Sigma - 4.avi,True,False,object_aggregation,number,1.0992984841577709,False,False
heico__2229593,0023 - Heico - Sigma - 4.avi,True,False,object_aggregation,number,1.1165785279590636,False,True
heico__2245892,0023 - Heico - Sigma - 4.avi,True,False,object_aggregation,binary,1.082560698967427,False,True
heico__2229601,0023 - Heico - Sigma - 4.avi,True,False,object_aggregation,number,1.0995132741518319,False,False
heico__2227174,0023 - Heico - Sigma - 4.avi,True,False,object_aggregation,number,1.1966089140623808,False,False
heico__2227205,0023 - Heico - Sigma - 4.avi,True,False,object_aggregation,number,1.4138998438138515,False,True
heico__2227252,0023 - Heico - Sigma - 4.avi,True,False,object_aggregation,number,1.1823474019765854,False,False
heico__2250743,0023 - Heico - Sigma - 4.avi,True,False,object_identification,fo_class,1.207183106103912,False,True
heico__2227348,0023 - Heico - Sigma - 4.avi,True,False,object_aggregation,number,1.172366188839078,False,False
heico__2226972,0023 - Heico - Sigma - 4.avi,True,False,object_aggregation,number,1.1106923331972212,False,False
heico__2229620,0023 - Heico - Sigma - 4.avi,True,False,object_aggregation,number,1.1380171510390937,False,False
heico__2250692,0023 - Heico - Sigma - 4.avi,True,False,object_identification,fo_class,1.169664696091786,False,True
heico__2229624,0023 - Heico - Sigma - 4.avi,True,False,object_aggregation,number,1.121774423867464,False,False
heico__2250693,0023 - Heico - Sigma - 4.avi,True,False,object_identification,fo_class,1.1696218370925635,False,True
heico__2229625,0023 - Heico - Sigma - 4.avi,True,False,object_aggregation,number,1.1311727189458907,False,False
heico__2229629,0023 - Heico - Sigma - 4.avi,True,False,object_aggregation,number,1.3695851629599929,False,False
heico__2227352,0023 - Heico - Sigma - 4.avi,True,False,object_aggregation,number,1.302185351960361,False,False
heico__2229636,0023 - Heico - Sigma - 4.avi,True,False,object_aggregation,number,1.1132494271732867,False,True
heico__2226989,0023 - Heico - Sigma - 4.avi,True,False,object_aggregation,number,1.082272909116,False,True
heico__2229637,0023 - Heico - Sigma - 4.avi,True,False,object_aggregation,number,1.0101719829253852,False,False
heico__2229638,0023 - Heico - Sigma - 4.avi,True,False,object_aggregation,number,1.108749828999862,False,False
heico__2222091,0023 - Heico - Sigma - 4.avi,True,False,object_identification,fo_class,1.080854004016146,False,True
heico__2227237,0023 - Heico - Sigma - 4.avi,True,False,object_aggregation,number,1.0168377740774304,False,False
heico__2226897,0023 - Heico - Sigma - 4.avi,True,False,object_aggregation,number,1.0830310171004385,False,False
heico__2227066,0023 - Heico - Sigma - 4.avi,True,False,object_aggregation,number,1.0173111229669303,False,False
heico__2229646,0023 - Heico - Sigma - 4.avi,True,False,object_aggregation,number,1.072849784977734,False,False
heico__2226881,0023 - Heico - Sigma - 4.avi,True,False,object_aggregation,number,1.0270806171465665,False,False
heico__2227002,0023 - Heico - Sigma - 4.avi,True,False,object_aggregation,number,1.073643411975354,False,False
heico__2227675,0023 - Heico - Sigma - 4.avi,True,False,object_aggregation,number,1.0467319248709828,False,True
heico__2229656,0023 - Heico - Sigma - 4.avi,True,False,object_aggregation,number,0.9922662100289017,False,False
heico__2229668,0023 - Heico - Sigma - 4.avi,True,False,object_aggregation,number,0.998131784144789,False,False
heico__2227189,0023 - Heico - Sigma - 4.avi,True,False,object_aggregation,number,1.074040361912921,False,False
heico__2229669,0023 - Heico - Sigma - 4.avi,True,False,object_aggregation,number,1.027090416988358,False,False
heico__2245963,0023 - Heico - Sigma - 4.avi,True,False,object_aggregation,binary,0.9895126670598984,False,True
heico__2227156,0023 - Heico - Sigma - 4.avi,True,False,object_aggregation,number,1.0199749458115548,False,False
heico__2227183,0023 - Heico - Sigma - 4.avi,True,False,object_aggregation,number,0.9909410730469972,False,False
heico__2245968,0023 - Heico - Sigma - 4.avi,True,False,object_aggregation,binary,0.9990166621282697,False,True
heico__2229680,0023 - Heico - Sigma - 4.avi,True,False,object_aggregation,number,1.0003270481247455,False,False
heico__2229681,0023 - Heico - Sigma - 4.avi,True,False,object_aggregation,number,1.000253499019891,False,False
heico__2227089,0023 - Heico - Sigma - 4.avi,True,False,object_aggregation,number,1.0080721981357783,False,False
heico__2229694,0023 - Heico - Sigma - 4.avi,True,False,object_aggregation,number,1.0527291379403323,False,False
heico__2226930,0023 - Heico - Sigma - 4.avi,True,False,object_aggregation,number,1.0197281970176846,False,False
heico__2229697,0023 - Heico - Sigma - 4.avi,True,False,object_aggregation,number,1.006431951886043,False,False
heico__2227056,0023 - Heico - Sigma - 4.avi,True,False,object_aggregation,number,1.014184420928359,False,False
heico__2227247,0023 - Heico - Sigma - 4.avi,True,False,object_aggregation,number,0.9986524530686438,False,False
heico__2229718,0023 - Heico - Sigma - 4.avi,True,False,object_aggregation,number,0.9993831308092922,False,False
heico__2229727,0023 - Heico - Sigma - 4.avi,True,False,object_aggregation,number,1.0012150460388511,False,False
heico__2227006,0023 - Heico - Sigma - 4.avi,True,False,object_aggregation,number,1.0004326780326664,False,False
heico__2229729,0023 - Heico - Sigma - 4.avi,True,False,object_aggregation,number,1.0611278058495373,False,False
heico__2229730,0023 - Heico - Sigma - 4.avi,True,False,object_aggregation,number,1.0183469299227,False,False
heico__2226959,0023 - Heico - Sigma - 4.avi,True,False,object_aggregation,number,0.9907519540283829,False,False
heico__2229735,0023 - Heico - Sigma - 4.avi,True,False,object_aggregation,number,1.0182107910513878,False,False
heico__2229739,0023 - Heico - Sigma - 4.avi,True,False,object_aggregation,number,1.0122245869133621,False,False
heico__2229740,0023 - Heico - Sigma - 4.avi,True,False,object_aggregation,number,0.9983543728012592,False,False
heico__2227332,0023 - Heico - Sigma - 4.avi,True,False,object_aggregation,number,1.0002508990000933,False,False
heico__2229742,0023 - Heico - Sigma - 4.avi,True,False,object_aggregation,number,0.9896091569680721,False,False
heico__2227161,0023 - Heico - Sigma - 4.avi,True,False,object_aggregation,number,0.9992283808533102,False,False
heico__2229744,0023 - Heico - Sigma - 4.avi,True,False,object_aggregation,number,1.0803387749474496,False,False
heico__2229745,0023 - Heico - Sigma - 4.avi,True,False,object_aggregation,number,1.0101427019108087,False,False
heico__2227110,0023 - Heico - Sigma - 4.avi,True,False,object_aggregation,number,1.000292319105938,False,False
heico__2229748,0023 - Heico - Sigma - 4.avi,True,False,object_aggregation,number,1.0223622089251876,False,False
heico__2227308,0023 - Heico - Sigma - 4.avi,True,False,object_aggregation,number,0.9989314121194184,False,False
heico__2222084,0023 - Heico - Sigma - 4.avi,True,False,object_identification,fo_class,1.051840651081875,False,True
heico__2227288,0023 - Heico - Sigma - 4.avi,True,False,object_aggregation,number,1.0260803401470184,False,False
heico__2229757,0023 - Heico - Sigma - 4.avi,True,False,object_aggregation,number,1.0012051961384714,False,False
heico__2226859,0023 - Heico - Sigma - 4.avi,True,False,object_aggregation,number,0.9983258240390569,False,False
heico__2226933,0023 - Heico - Sigma - 4.avi,True,False,object_aggregation,number,1.0017441438976675,False,False
heico__2222067,0023 - Heico - Sigma - 4.avi,True,False,object_identification,fo_class,1.0076192589476705,False,True
heico__2226941,0023 - Heico - Sigma - 4.avi,True,False,object_aggregation,number,1.003913848893717,False,False
heico__2227045,0023 - Heico - Sigma - 4.avi,True,False,object_aggregation,number,1.0167388850823045,False,False
heico__2229766,0023 - Heico - Sigma - 4.avi,True,False,object_aggregation,number,0.9919326500967145,False,False
heico__2226951,0023 - Heico - Sigma - 4.avi,True,False,object_aggregation,number,1.0074733200017363,False,False
heico__2229772,0023 - Heico - Sigma - 4.avi,True,False,object_aggregation,number,1.0616209441795945,False,False
heico__2229773,0023 - Heico - Sigma - 4.avi,True,False,object_aggregation,number,1.0164973449427634,False,False
heico__2227123,0023 - Heico - Sigma - 4.avi,True,False,object_aggregation,number,1.0727482850197703,False,True
heico__2229777,0023 - Heico - Sigma - 4.avi,True,False,object_aggregation,number,1.0190447389613837,False,True
heico__2229781,0023 - Heico - Sigma - 4.avi,True,False,object_aggregation,number,1.0001916789915413,False,False
heico__2226875,0023 - Heico - Sigma - 4.avi,True,False,object_aggregation,number,0.9994975500740111,False,False
heico__2227278,0023 - Heico - Sigma - 4.avi,True,False,object_aggregation,number,1.000177748966962,False,True
heico__2226866,0023 - Heico - Sigma - 4.avi,True,False,object_aggregation,number,1.0011115360539407,False,False
heico__2227188,0023 - Heico - Sigma - 4.avi,True,False,object_aggregation,number,1.0199528459925205,False,False
heico__2229795,0023 - Heico - Sigma - 4.avi,True,False,object_aggregation,number,1.002202923875302,False,False
heico__2221850,0023 - Heico - Sigma - 4.avi,True,False,object_identification,fo_class,1.2244972689077258,False,False
heico__2226982,0023 - Heico - Sigma - 4.avi,True,False,object_aggregation,number,0.974121788982302,False,False
heico__2229799,0023 - Heico - Sigma - 4.avi,True,False,object_aggregation,number,1.0004567380528897,False,False
heico__2229807,0023 - Heico - Sigma - 4.avi,True,False,object_aggregation,number,1.0584993129596114,False,False
heico__2226968,0023 - Heico - Sigma - 4.avi,True,False,object_aggregation,number,1.0287990618962795,False,False
heico__2229810,0023 - Heico - Sigma - 4.avi,True,False,object_aggregation,number,1.0858222099486738,False,False
heico__2229811,0023 - Heico - Sigma - 4.avi,True,False,object_aggregation,number,1.026597699150443,False,False
heico__2226943,0023 - Heico - Sigma - 4.avi,True,False,object_aggregation,number,1.086666147923097,False,False
heico__2227144,0023 - Heico - Sigma - 4.avi,True,False,object_aggregation,number,1.0627853509504348,False,False
heico__2229815,0023 - Heico - Sigma - 4.avi,True,False,object_aggregation,number,1.0385152569506317,False,False
heico__2229817,0023 - Heico - Sigma - 4.avi,True,False,object_aggregation,number,1.063099900027737,False,False
heico__2227164,0023 - Heico - Sigma - 4.avi,True,False,object_aggregation,number,1.027355276979506,False,False
heico__2229818,0023 - Heico - Sigma - 4.avi,True,False,object_aggregation,number,1.000366108957678,False,False
heico__2229819,0023 - Heico - Sigma - 4.avi,True,False,object_aggregation,number,1.0081827170215547,False,False
heico__2229820,0023 - Heico - Sigma - 4.avi,True,False,object_aggregation,number,1.02019273606129,False,False
heico__2229821,0023 - Heico - Sigma - 4.avi,True,False,object_aggregation,number,0.9813056089915335,False,False
heico__2229822,0023 - Heico - Sigma - 4.avi,True,False,object_aggregation,number,0.9803053929936141,False,False
heico__2229824,0023 - Heico - Sigma - 4.avi,True,False,object_aggregation,number,1.0188364589121193,False,False
heico__2229826,0023 - Heico - Sigma - 4.avi,True,False,object_aggregation,number,1.0901678879745305,False,False
heico__2229828,0023 - Heico - Sigma - 4.avi,True,False,object_aggregation,number,1.081235133111477,False,False
heico__2229829,0023 - Heico - Sigma - 4.avi,True,False,object_aggregation,number,1.0185303599573672,False,False
heico__2229831,0023 - Heico - Sigma - 4.avi,True,False,object_aggregation,number,1.0013609658926725,False,False
heico__2227130,0023 - Heico - Sigma - 4.avi,True,False,object_aggregation,number,0.9910785928368568,False,False
heico__2246119,0023 - Heico - Sigma - 4.avi,True,False,object_aggregation,binary,1.008605597075075,False,True
heico__2227209,0023 - Heico - Sigma - 4.avi,True,False,object_aggregation,number,0.980133491801098,False,False
heico__2229833,0023 - Heico - Sigma - 4.avi,True,False,object_aggregation,number,1.020206555025652,False,False
heico__2229834,0023 - Heico - Sigma - 4.avi,True,False,object_aggregation,number,0.9906198240350932,False,False
heico__2229835,0023 - Heico - Sigma - 4.avi,True,False,object_aggregation,number,0.9998709200881422,False,False
heico__2227322,0023 - Heico - Sigma - 4.avi,True,False,object_aggregation,number,1.0266196480952203,False,False
heico__2229837,0023 - Heico - Sigma - 4.avi,True,False,object_aggregation,number,1.0705902110785246,False,False
heico__2229838,0023 - Heico - Sigma - 4.avi,True,False,object_aggregation,number,1.0182731898967177,False,False
heico__2226902,0023 - Heico - Sigma - 4.avi,True,False,object_aggregation,number,1.0011488369200379,False,False
heico__2229839,0023 - Heico - Sigma - 4.avi,True,False,object_aggregation,number,1.0218612409662455,False,False
heico__2227050,0023 - Heico - Sigma - 4.avi,True,False,object_aggregation,number,1.0625572118442506,False,False
heico__2229840,0023 - Heico - Sigma - 4.avi,True,False,object_aggregation,number,1.0165351550094783,False,False
heico__2227225,0023 - Heico - Sigma - 4.avi,True,False,object_aggregation,number,1.0108754399698228,False,False
heico__2229841,0023 - Heico - Sigma - 4.avi,True,False,object_aggregation,number,0.9982057141605765,False,False
heico__2229842,0023 - Heico - Sigma - 4.avi,True,False,object_aggregation,number,1.002446383005008,False,False
heico__2229843,0023 - Heico - Sigma - 4.avi,True,False,object_aggregation,number,1.0058520939201117,False,False
heico__2226878,0023 - Heico - Sigma - 4.avi,True,False,object_aggregation,number,1.0497567660640925,False,False
heico__2229844,0023 - Heico - Sigma - 4.avi,True,False,object_aggregation,number,1.0319936641026288,False,False
heico__2229846,0023 - Heico - Sigma - 4.avi,True,False,object_aggregation,number,1.0109247299842536,False,False
heico__2229847,0023 - Heico - Sigma - 4.avi,True,False,object_aggregation,number,1.0797764561139047,False,False
heico__2219754,0023 - Heico - Sigma - 4.avi,True,False,object_identification,fo_class,1.0194591770414263,False,True
heico__2250751,0023 - Heico - Sigma - 4.avi,True,False,object_identification,fo_class,0.9901794260367751,False,True
heico__2221910,0023 - Heico - Sigma - 4.avi,True,False,object_identification,fo_class,1.1788405710831285,False,False
heico__2211547,0023 - Heico - Sigma - 4.avi,True,False,object_identification,fo_class,1.1982593699358404,False,False
heico__2246139,0023 - Heico - Sigma - 4.avi,True,False,object_aggregation,binary,1.0223251299466938,False,True
heico__2222142,0023 - Heico - Sigma - 4.avi,True,False,object_identification,fo_class,1.0333450201433152,False,True
heico__2219738,0023 - Heico - Sigma - 4.avi,True,False,object_identification,fo_class,1.032904061023146,False,False
heico__2681982,0023 - Heico - Sigma - 4.avi,True,False,spatial_localization_situs,open_ended,1.1926359150093049,False,True
heico__2681983,0023 - Heico - Sigma - 4.avi,True,False,spatial_localization_situs,open_ended,1.3104772299993783,False,True
heico__2246147,0023 - Heico - Sigma - 4.avi,True,False,object_aggregation,binary,1.0290631619282067,False,True
heico__2227248,0023 - Heico - Sigma - 4.avi,True,False,object_aggregation,number,1.000182898947969,False,False
heico__2227357,0023 - Heico - Sigma - 4.avi,True,False,object_aggregation,number,0.9917374909855425,False,False
heico__2250815,0023 - Heico - Sigma - 4.avi,True,False,object_identification,fo_class,1.008505516918376,False,True
heico__2227191,0023 - Heico - Sigma - 4.avi,True,False,object_aggregation,number,1.0116942080203444,False,False
heico__2234150,0023 - Heico - Sigma - 4.avi,True,False,object_aggregation,binary,1.020990493008867,False,True
heico__2244620,0023 - Heico - Sigma - 4.avi,True,False,spatial_localization_camera,open_ended,1.6583241908811033,False,True
heico__2221871,0023 - Heico - Sigma - 4.avi,True,False,object_identification,fo_class,1.0089472450781614,False,True
heico__2250754,0023 - Heico - Sigma - 4.avi,True,False,object_identification,fo_class,1.011765947798267,False,True
heico__2227324,0023 - Heico - Sigma - 4.avi,True,False,object_aggregation,number,1.0094348238781095,False,False
heico__2229581,0023 - Heico - Sigma - 4.avi,True,False,object_aggregation,number,1.0480065708979964,False,False
heico__2219951,0023 - Heico - Sigma - 4.avi,True,False,object_identification,fo_class,1.0304687081370503,False,True
heico__2219668,0023 - Heico - Sigma - 4.avi,True,False,object_identification,fo_class,1.0711623600218445,False,True
heico__2246182,0023 - Heico - Sigma - 4.avi,True,False,object_aggregation,binary,1.0296028601005673,False,True
heico__2229778,0023 - Heico - Sigma - 4.avi,True,False,object_aggregation,number,1.0923807621002197,False,True
heico__2229399,0023 - Heico - Sigma - 4.avi,True,False,object_aggregation,number,0.9993256209418178,False,False
heico__2246190,0023 - Heico - Sigma - 4.avi,True,False,object_aggregation,binary,1.018082220805809,False,True
heico__2221792,0023 - Heico - Sigma - 4.avi,True,False,object_identification,fo_class,1.0083729571197182,False,True
heico__2227254,0023 - Heico - Sigma - 4.avi,True,False,object_aggregation,number,1.0535604569595307,False,False
heico__2246196,0023 - Heico - Sigma - 4.avi,True,False,object_aggregation,binary,1.0266011180356145,False,False
heico__2262237,0023 - Heico - Sigma - 4.avi,True,False,spatial_localization_camera,fo_class,1.0521379299461842,False,False
heico__2262239,0023 - Heico - Sigma - 4.avi,True,False,spatial_localization_camera,fo_class,1.1672655718866736,False,False
heico__2221818,0023 - Heico - Sigma - 4.avi,True,False,object_identification,fo_class,1.2392639110330492,False,False
heico__2234088,0023 - Heico - Sigma - 4.avi,True,False,object_aggregation,binary,1.026671377941966,False,False
heico__2262243,0023 - Heico - Sigma - 4.avi,True,False,spatial_localization_camera,fo_class,1.072917414130643,False,False
heico__2262244,0023 - Heico - Sigma - 4.avi,True,False,spatial_localization_camera,fo_class,1.0715988180600107,False,False
heico__2262245,0023 - Heico - Sigma - 4.avi,True,False,spatial_localization_camera,fo_class,1.0950802061706781,False,True
heico__2262246,0023 - Heico - Sigma - 4.avi,True,False,spatial_localization_camera,fo_class,1.0452681579627097,False,True
heico__2229670,0023 - Heico - Sigma - 4.avi,True,False,object_aggregation,number,1.0308910470921546,False,True
heico__2262249,0023 - Heico - Sigma - 4.avi,True,False,spatial_localization_camera,fo_class,1.0566690480336547,False,False
heico__2246219,0023 - Heico - Sigma - 4.avi,True,False,object_aggregation,binary,1.0267412681132555,False,True
heico__2227309,0023 - Heico - Sigma - 4.avi,True,False,object_aggregation,number,1.01727346284315,False,False
heico__2221992,0023 - Heico - Sigma - 4.avi,True,False,object_identification,fo_class,1.1945427199825644,False,False
heico__2221756,0023 - Heico - Sigma - 4.avi,True,False,object_identification,fo_class,1.0711096588056535,False,False
heico__2227340,0023 - Heico - Sigma - 4.avi,True,False,object_aggregation,number,1.0364127620123327,False,False
heico__2227291,0023 - Heico - Sigma - 4.avi,True,False,object_aggregation,number,1.0177389921154827,False,True
heico__2229752,0023 - Heico - Sigma - 4.avi,True,False,object_aggregation,number,1.0615018750540912,False,True
heico__2681790,0023 - Heico - Sigma - 4.avi,True,False,object_attributes,open_ended,1.1418252799194306,False,False
heico__2229830,0023 - Heico - Sigma - 4.avi,True,False,object_aggregation,number,1.0583775939885527,False,False
heico__2234145,0023 - Heico - Sigma - 4.avi,True,False,object_aggregation,binary,1.316697953036055,False,False
heico__2227213,0023 - Heico - Sigma - 4.avi,True,False,object_aggregation,number,1.0807383640203625,False,False
heico__2227482,0023 - Heico - Sigma - 4.avi,True,False,object_aggregation,number,1.028634951915592,False,False
heico__2221883,0023 - Heico - Sigma - 4.avi,True,False,object_identification,fo_class,1.2253809380345047,False,False
heico__2211575,0023 - Heico - Sigma - 4.avi,True,False,object_identification,fo_class,1.1496113201137632,False,True
heico__2227235,0023 - Heico - Sigma - 4.avi,True,False,object_aggregation,number,1.015624217921868,False,False
heico__2229787,0023 - Heico - Sigma - 4.avi,True,False,object_aggregation,number,1.292711827903986,False,False
heico__2227365,0023 - Heico - Sigma - 4.avi,True,False,object_aggregation,number,1.0899156089872122,False,False
heico__2227284,0023 - Heico - Sigma - 4.avi,True,False,object_aggregation,number,1.0311687260400504,False,False
heico__2229491,0023 - Heico - Sigma - 4.avi,True,False,object_aggregation,number,1.067202600184828,False,False
heico__2681984,0023 - Heico - Sigma - 4.avi,True,False,spatial_localization_situs,open_ended,1.253398071974516,False,True
heico__2229725,0023 - Heico - Sigma - 4.avi,True,False,object_aggregation,number,1.0484285599086434,False,False
heico__2229408,0023 - Heico - Sigma - 4.avi,True,False,object_aggregation,number,1.02872235304676,False,False
heico__2262254,0023 - Heico - Sigma - 4.avi,True,False,spatial_localization_camera,fo_class,1.1294114431366324,False,False
heico__2222123,0023 - Heico - Sigma - 4.avi,True,False,object_identification,fo_class,1.0948480758816004,False,False
heico__2227795,0023 - Heico - Sigma - 4.avi,True,False,object_aggregation,number,1.0462097360286862,False,True
heico__2234202,0023 - Heico - Sigma - 4.avi,True,False,object_aggregation,binary,1.0165389550384134,False,False
heico__2250760,0023 - Heico - Sigma - 4.avi,True,False,object_identification,fo_class,1.241525414865464,False,False
heico__2262256,0023 - Heico - Sigma - 4.avi,True,False,spatial_localization_camera,fo_class,1.072412725072354,False,True
heico__2229645,0023 - Heico - Sigma - 4.avi,True,False,object_aggregation,number,1.0915641149040312,False,False
heico__2229452,0023 - Heico - Sigma - 4.avi,True,False,object_aggregation,number,1.0873556260485202,False,False
heico__2222153,0023 - Heico - Sigma - 4.avi,True,False,object_identification,fo_class,1.0089644859544933,False,False
heico__2229470,0023 - Heico - Sigma - 4.avi,True,False,object_aggregation,number,1.0975228981114924,False,False
heico__2226885,0023 - Heico - Sigma - 4.avi,True,False,object_aggregation,number,1.0840607050340623,False,False
heico__2221908,0023 - Heico - Sigma - 4.avi,True,False,object_identification,fo_class,1.1416391010861844,False,True
heico__2211602,0023 - Heico - Sigma - 4.avi,True,False,object_identification,fo_class,1.2464631309267133,False,False
heico__2229591,0023 - Heico - Sigma - 4.avi,True,False,object_aggregation,number,1.1026388048194349,False,False
heico__2229415,0023 - Heico - Sigma - 4.avi,True,False,object_aggregation,number,1.1192732111085206,False,True
heico__2245959,0023 - Heico - Sigma - 4.avi,True,False,object_aggregation,binary,1.0274456958286464,False,False
heico__2227177,0023 - Heico - Sigma - 4.avi,True,False,object_aggregation,number,1.0800046261865646,False,False
heico__2227545,0023 - Heico - Sigma - 4.avi,True,False,object_aggregation,number,1.065274635097012,False,False
heico__2234576,0023 - Heico - Sigma - 4.avi,True,False,object_aggregation,binary,1.036303612170741,False,True
heico__2227280,0023 - Heico - Sigma - 4.avi,True,False,object_aggregation,number,1.0118984170258045,False,False
heico__2262260,0023 - Heico - Sigma - 4.avi,True,False,spatial_localization_camera,fo_class,1.0070391208864748,False,True
heico__2262261,0023 - Heico - Sigma - 4.avi,True,False,spatial_localization_camera,fo_class,0.9930170080624521,False,False
heico__2219964,0023 - Heico - Sigma - 4.avi,True,False,object_identification,fo_class,0.9997861599549651,False,True
heico__2250763,0023 - Heico - Sigma - 4.avi,True,False,object_identification,fo_class,1.0002389079891145,False,True
heico__2244629,0023 - Heico - Sigma - 4.avi,True,False,spatial_localization_camera,open_ended,1.2891003279946744,False,True
heico__2262265,0023 - Heico - Sigma - 4.avi,True,False,spatial_localization_camera,fo_class,1.0670108699705452,False,False
heico__2227082,0023 - Heico - Sigma - 4.avi,True,False,object_aggregation,number,1.0423680359963328,False,False
heico__2221991,0023 - Heico - Sigma - 4.avi,True,False,object_identification,fo_class,1.1131029569078237,False,False
heico__2250866,0023 - Heico - Sigma - 4.avi,True,False,object_identification,fo_class,1.0440238320734352,False,True
heico__2226887,0023 - Heico - Sigma - 4.avi,True,False,object_aggregation,number,1.0321913030929863,False,False
heico__2219551,0023 - Heico - Sigma - 4.avi,True,False,object_identification,fo_class,1.0679529279004782,False,True
heico__2228952,0023 - Heico - Sigma - 4.avi,True,False,object_aggregation,number,1.0234996469225734,False,True
heico__2227552,0023 - Heico - Sigma - 4.avi,True,False,object_aggregation,number,1.0083200568333268,False,True
heico__2250902,0023 - Heico - Sigma - 4.avi,True,False,object_identification,fo_class,1.0671142099890858,False,True
heico__2250911,0023 - Heico - Sigma - 4.avi,True,False,object_identification,fo_class,1.0892578610219061,False,True
heico__2250913,0023 - Heico - Sigma - 4.avi,True,False,object_identification,fo_class,1.0821028198115528,False,True
heico__2244724,0023 - Heico - Sigma - 4.avi,True,False,spatial_localization_camera,open_ended,1.2640777239575982,False,True
heico__2227315,0023 - Heico - Sigma - 4.avi,True,False,object_aggregation,number,1.0681640370748937,False,True
heico__2233748,0023 - Heico - Sigma - 4.avi,True,False,object_aggregation,binary,1.0274664659518749,False,True
heico__2227384,0023 - Heico - Sigma - 4.avi,True,False,object_aggregation,number,1.0990487849339843,False,True
heico__2219642,0023 - Heico - Sigma - 4.avi,True,False,object_identification,fo_class,1.1487973320763558,False,False
heico__2219594,0023 - Heico - Sigma - 4.avi,True,False,object_identification,fo_class,1.1297940218355507,False,True
heico__2221877,0023 - Heico - Sigma - 4.avi,True,False,object_identification,fo_class,1.1062664759811014,False,False
heico__2229265,0023 - Heico - Sigma - 4.avi,True,False,object_aggregation,number,1.1191508611664176,False,False
heico__2681985,0023 - Heico - Sigma - 4.avi,True,False,spatial_localization_situs,open_ended,1.2027856579516083,False,False
heico__2681986,0023 - Heico - Sigma - 4.avi,True,False,spatial_localization_situs,open_ended,1.3329799799248576,False,True
heico__2227210,0023 - Heico - Sigma - 4.avi,True,False,object_aggregation,number,1.0865039378404617,False,True
heico__2234450,0023 - Heico - Sigma - 4.avi,True,False,object_aggregation,binary,1.0764672448858619,False,True
heico__2227786,0023 - Heico - Sigma - 4.avi,True,False,object_aggregation,number,1.111708820797503,False,True
heico__2221743,0023 - Heico - Sigma - 4.avi,True,False,object_identification,fo_class,1.1517637039069086,False,True
heico__2219715,0023 - Heico - Sigma - 4.avi,True,False,object_identification,fo_class,1.1206343970261514,False,False
heico__2229273,0023 - Heico - Sigma - 4.avi,True,False,object_aggregation,number,1.0279709750320762,False,True
heico__2244739,0023 - Heico - Sigma - 4.avi,True,False,spatial_localization_camera,open_ended,1.4106333418749273,False,True
heico__2219948,0023 - Heico - Sigma - 4.avi,True,False,object_identification,fo_class,1.3249277118593454,False,True
heico__2219695,0023 - Heico - Sigma - 4.avi,True,False,object_identification,fo_class,1.2195615128148347,False,True
heico__2221988,0023 - Heico - Sigma - 4.avi,True,False,object_identification,fo_class,1.102704294025898,False,True
heico__2221780,0023 - Heico - Sigma - 4.avi,True,False,object_identification,fo_class,1.1110904128290713,False,True
heico__2221949,0023 - Heico - Sigma - 4.avi,True,False,object_identification,fo_class,1.0883057028986514,False,True
heico__2219569,0023 - Heico - Sigma - 4.avi,True,False,object_identification,fo_class,1.1501815591473132,False,True
heico__2222024,0023 - Heico - Sigma - 4.avi,True,False,object_identification,fo_class,1.136608443921432,False,True
heico__2221884,0023 - Heico - Sigma - 4.avi,True,False,object_identification,fo_class,1.0982614669483155,False,True
heico__2244740,0023 - Heico - Sigma - 4.avi,True,False,spatial_localization_camera,open_ended,1.3723457350861281,False,True
heico__2229366,0023 - Heico - Sigma - 4.avi,True,False,object_aggregation,number,1.0719816270284355,False,True
heico__2219641,0023 - Heico - Sigma - 4.avi,True,False,object_identification,fo_class,1.095179065130651,False,True
heico__2219873,0023 - Heico - Sigma - 4.avi,True,False,object_identification,fo_class,1.080070875119418,False,True
heico__2222020,0023 - Heico - Sigma - 4.avi,True,False,object_identification,fo_class,1.0808784840628505,False,True
heico__2219907,0023 - Heico - Sigma - 4.avi,True,False,object_identification,fo_class,1.0914639150723815,False,True
heico__2227450,0023 - Heico - Sigma - 4.avi,True,False,object_aggregation,number,1.0445528798736632,False,True
heico__2222083,0023 - Heico - Sigma - 4.avi,True,False,object_identification,fo_class,1.01881989906542,False,False
heico__2219817,0023 - Heico - Sigma - 4.avi,True,False,object_identification,fo_class,1.0656849041115493,False,True
heico__2250718,0023 - Heico - Sigma - 4.avi,True,False,object_identification,fo_class,1.0891444808803499,False,True
heico__2267080,0023 - Heico - Sigma - 4.avi,True,False,spatial_localization_camera,multiple_choice,1.1048884191550314,False,False
heico__2219712,0023 - Heico - Sigma - 4.avi,True,False,object_identification,fo_class,1.0505926739424467,False,False
heico__2234079,0023 - Heico - Sigma - 4.avi,True,False,object_aggregation,binary,0.9907168338540941,False,True
heico__2222060,0023 - Heico - Sigma - 4.avi,True,False,object_identification,fo_class,1.1451727419625968,False,True
heico__2219689,0023 - Heico - Sigma - 4.avi,True,False,object_identification,fo_class,1.0713727390393615,False,True
heico__2221841,0023 - Heico - Sigma - 4.avi,True,False,object_identification,fo_class,1.1203771869186312,False,True
heico__2681795,0023 - Heico - Sigma - 4.avi,True,False,object_attributes,open_ended,1.1204589779954404,False,True
heico__2222033,0023 - Heico - Sigma - 4.avi,True,False,object_identification,fo_class,1.0968747402075678,False,True
heico__2219862,0023 - Heico - Sigma - 4.avi,True,False,object_identification,fo_class,1.106513074832037,False,True
heico__2250719,0023 - Heico - Sigma - 4.avi,True,False,object_identification,fo_class,1.0778125619981438,False,False
heico__2222108,0023 - Heico - Sigma - 4.avi,True,False,object_identification,fo_class,1.0888420618139207,False,False
heico__2267081,0023 - Heico - Sigma - 4.avi,True,False,spatial_localization_camera,multiple_choice,1.0995502630248666,False,True
heico__2267082,0023 - Heico - Sigma - 4.avi,True,False,spatial_localization_camera,multiple_choice,1.0381033378653228,False,False
heico__2250720,0023 - Heico - Sigma - 4.avi,True,False,object_identification,fo_class,1.2177326779346913,False,False
heico__2227032,0023 - Heico - Sigma - 4.avi,True,False,object_aggregation,number,1.0168092651292682,False,True
heico__2219643,0023 - Heico - Sigma - 4.avi,True,False,object_identification,fo_class,1.0707606701180339,False,False
heico__2294168,0024 - Heico - Sigma - 5.avi,True,False,object_identification,fo_class,1.1811254820786417,False,True
heico__2345241,0024 - Heico - Sigma - 5.avi,True,False,spatial_localization_camera,open_ended,1.3322027281392366,False,True
heico__2294186,0024 - Heico - Sigma - 5.avi,True,False,object_identification,fo_class,1.1562714881729335,False,True
heico__2681951,0024 - Heico - Sigma - 5.avi,True,False,spatial_localization_situs,open_ended,1.286504828138277,False,False
heico__2298273,0024 - Heico - Sigma - 5.avi,True,False,object_identification,fo_class,1.1892449010629207,False,False
heico__2309882,0024 - Heico - Sigma - 5.avi,True,False,object_aggregation,number,1.078906669979915,False,True
heico__2298290,0024 - Heico - Sigma - 5.avi,True,False,object_identification,fo_class,1.132975619053468,False,False
heico__2308705,0024 - Heico - Sigma - 5.avi,True,False,object_aggregation,number,1.0473767728544772,False,True
heico__2359306,0024 - Heico - Sigma - 5.avi,True,False,object_identification,fo_class,1.0834930879063904,False,True
heico__2309931,0024 - Heico - Sigma - 5.avi,True,False,object_aggregation,number,1.0328608499839902,False,True
heico__2308226,0024 - Heico - Sigma - 5.avi,True,False,object_aggregation,number,1.0216849700082093,False,False
heico__2319955,0024 - Heico - Sigma - 5.avi,True,False,object_aggregation,binary,1.060199538944289,False,True
heico__2321487,0024 - Heico - Sigma - 5.avi,True,False,object_aggregation,binary,1.0308091160841286,False,True
heico__2345353,0024 - Heico - Sigma - 5.avi,True,False,spatial_localization_camera,open_ended,1.2917816631961614,False,True
heico__2308278,0024 - Heico - Sigma - 5.avi,True,False,object_aggregation,number,1.0176039510406554,False,False
heico__2359364,0024 - Heico - Sigma - 5.avi,True,False,object_identification,fo_class,1.07937345886603,False,True
heico__2681952,0024 - Heico - Sigma - 5.avi,True,False,spatial_localization_situs,open_ended,1.224260020069778,False,False
heico__2308839,0024 - Heico - Sigma - 5.avi,True,False,object_aggregation,number,0.9969020439311862,False,True
heico__2359403,0024 - Heico - Sigma - 5.avi,True,False,object_identification,fo_class,1.0650483469944447,False,True
heico__2298476,0024 - Heico - Sigma - 5.avi,True,False,object_identification,fo_class,1.02281119604595,False,False
heico__2308377,0024 - Heico - Sigma - 5.avi,True,False,object_aggregation,number,1.0204337928444147,False,False
heico__2310096,0024 - Heico - Sigma - 5.avi,True,False,object_aggregation,number,1.0506346940528601,False,True
heico__2681953,0024 - Heico - Sigma - 5.avi,True,False,spatial_localization_situs,open_ended,1.2635107678361237,False,False
heico__2308887,0024 - Heico - Sigma - 5.avi,True,False,object_aggregation,number,1.0382093959487975,False,True
heico__2345427,0024 - Heico - Sigma - 5.avi,True,False,spatial_localization_camera,open_ended,1.3205200689844787,False,False
heico__2308919,0024 - Heico - Sigma - 5.avi,True,False,object_aggregation,number,1.0193588158581406,False,True
heico__2681954,0024 - Heico - Sigma - 5.avi,True,False,spatial_localization_situs,open_ended,1.2299015650060028,False,False
heico__2298529,0024 - Heico - Sigma - 5.avi,True,False,object_identification,fo_class,1.0238154840189964,False,False
heico__2294456,0024 - Heico - Sigma - 5.avi,True,False,object_identification,fo_class,1.0355705139227211,False,False
heico__2298536,0024 - Heico - Sigma - 5.avi,True,False,object_identification,fo_class,1.0116122460458428,False,False
heico__2298537,0024 - Heico - Sigma - 5.avi,True,False,object_identification,fo_class,1.2145226360298693,False,False
heico__2320143,0024 - Heico - Sigma - 5.avi,True,False,object_aggregation,binary,0.9838327888865024,False,False
heico__2383186,0024 - Heico - Sigma - 5.avi,True,False,spatial_localization_camera,fo_class,1.1286369399167597,False,True
heico__2346732,0024 - Heico - Sigma - 5.avi,True,False,object_aggregation,binary,0.9790642010048032,False,True
heico__2278501,0024 - Heico - Sigma - 5.avi,True,False,object_identification,fo_class,1.1130913209635764,False,False
heico__2278502,0024 - Heico - Sigma - 5.avi,True,False,object_identification,fo_class,1.2074866138864309,False,False
heico__2383187,0024 - Heico - Sigma - 5.avi,True,False,spatial_localization_camera,fo_class,1.0317024430260062,False,False
heico__2294459,0024 - Heico - Sigma - 5.avi,True,False,object_identification,fo_class,1.0955663670320064,False,True
heico__2320147,0024 - Heico - Sigma - 5.avi,True,False,object_aggregation,binary,1.114718205993995,False,False
heico__2278503,0024 - Heico - Sigma - 5.avi,True,False,object_identification,fo_class,1.1218922878615558,False,False
heico__2298541,0024 - Heico - Sigma - 5.avi,True,False,object_identification,fo_class,1.1197910229675472,False,False
heico__2383188,0024 - Heico - Sigma - 5.avi,True,False,spatial_localization_camera,fo_class,0.9960527569055557,False,False
heico__2278505,0024 - Heico - Sigma - 5.avi,True,False,object_identification,fo_class,1.1604844969697297,False,False
heico__2383190,0024 - Heico - Sigma - 5.avi,True,False,spatial_localization_camera,fo_class,1.133215457899496,False,False
heico__2308435,0024 - Heico - Sigma - 5.avi,True,False,object_aggregation,number,1.0540715649258345,False,True
heico__2346737,0024 - Heico - Sigma - 5.avi,True,False,object_aggregation,binary,1.015619105193764,False,True
heico__2383191,0024 - Heico - Sigma - 5.avi,True,False,spatial_localization_camera,fo_class,1.017923119943589,False,False
heico__2383192,0024 - Heico - Sigma - 5.avi,True,False,spatial_localization_camera,fo_class,1.1056653000414371,False,False
heico__2278507,0024 - Heico - Sigma - 5.avi,True,False,object_identification,fo_class,1.3790770459454507,False,False
heico__2308939,0024 - Heico - Sigma - 5.avi,True,False,object_aggregation,number,1.0344803060870618,False,True
heico__2346740,0024 - Heico - Sigma - 5.avi,True,False,object_aggregation,binary,1.071797258919105,False,True
heico__2681447,0024 - Heico - Sigma - 5.avi,True,False,spatial_localization_situs,open_ended,1.1182504878379405,False,False
heico__2278510,0024 - Heico - Sigma - 5.avi,True,False,object_identification,fo_class,1.3615081219468266,False,False
heico__2681955,0024 - Heico - Sigma - 5.avi,True,False,spatial_localization_situs,open_ended,1.257481612963602,False,False
heico__2308440,0024 - Heico - Sigma - 5.avi,True,False,object_aggregation,number,1.070592442061752,False,False
heico__2298550,0024 - Heico - Sigma - 5.avi,True,False,object_identification,fo_class,1.193400161108002,False,False
heico__2298554,0024 - Heico - Sigma - 5.avi,True,False,object_identification,fo_class,1.2323592391330749,False,False
heico__2294466,0024 - Heico - Sigma - 5.avi,True,False,object_identification,fo_class,1.1289435089565814,False,True
heico__2298562,0024 - Heico - Sigma - 5.avi,True,False,object_identification,fo_class,1.4172386662103236,False,False
heico__2294485,0024 - Heico - Sigma - 5.avi,True,False,object_identification,fo_class,1.3006393210962415,False,False
heico__2320189,0024 - Heico - Sigma - 5.avi,True,False,object_aggregation,binary,1.1470160919707268,False,True
heico__2359207,0024 - Heico - Sigma - 5.avi,True,False,object_identification,fo_class,1.1369474590756,False,True
heico__2359208,0024 - Heico - Sigma - 5.avi,True,False,object_identification,fo_class,1.0253625200130045,False,False
heico__2308483,0024 - Heico - Sigma - 5.avi,True,False,object_aggregation,number,1.029110439820215,False,False
heico__2359209,0024 - Heico - Sigma - 5.avi,True,False,object_identification,fo_class,1.0579031049273908,False,False
heico__2294506,0024 - Heico - Sigma - 5.avi,True,False,object_identification,fo_class,1.0777185130864382,False,False
heico__2359210,0024 - Heico - Sigma - 5.avi,True,False,object_identification,fo_class,1.15090840193443,False,False
heico__2294517,0024 - Heico - Sigma - 5.avi,True,False,object_identification,fo_class,1.1676430080551654,False,False
heico__2359415,0024 - Heico - Sigma - 5.avi,True,False,object_identification,fo_class,1.104517953004688,False,True
heico__2345443,0024 - Heico - Sigma - 5.avi,True,False,spatial_localization_camera,open_ended,1.3118283520452678,False,True
heico__2681956,0024 - Heico - Sigma - 5.avi,True,False,spatial_localization_situs,open_ended,1.2458506729453802,False,True
heico__2310782,0024 - Heico - Sigma - 5.avi,True,False,object_aggregation,number,1.2834601460490376,False,True
heico__2310783,0024 - Heico - Sigma - 5.avi,True,False,object_aggregation,number,1.3718213641550392,False,True
heico__2308517,0024 - Heico - Sigma - 5.avi,True,False,object_aggregation,number,1.322509384015575,False,True
heico__2310784,0024 - Heico - Sigma - 5.avi,True,False,object_aggregation,number,1.3908926739823073,False,True
heico__2310785,0024 - Heico - Sigma - 5.avi,True,False,object_aggregation,number,1.3844689521938562,False,True
heico__2310786,0024 - Heico - Sigma - 5.avi,True,False,object_aggregation,number,1.300112621858716,False,True
heico__2346746,0024 - Heico - Sigma - 5.avi,True,False,object_aggregation,binary,1.037964197108522,False,True
heico__2308520,0024 - Heico - Sigma - 5.avi,True,False,object_aggregation,number,1.0624117231927812,False,False
heico__2346747,0024 - Heico - Sigma - 5.avi,True,False,object_aggregation,binary,1.014200089033693,False,True
heico__2310787,0024 - Heico - Sigma - 5.avi,True,False,object_aggregation,number,1.0145813080016524,False,False
heico__2346748,0024 - Heico - Sigma - 5.avi,True,False,object_aggregation,binary,1.0294473799876869,False,True
heico__2310788,0024 - Heico - Sigma - 5.avi,True,False,object_aggregation,number,1.0318159630987793,False,False
heico__2310789,0024 - Heico - Sigma - 5.avi,True,False,object_aggregation,number,1.0272524550091475,False,True
heico__2346749,0024 - Heico - Sigma - 5.avi,True,False,object_aggregation,binary,1.0636648298241198,False,True
heico__2310790,0024 - Heico - Sigma - 5.avi,True,False,object_aggregation,number,1.036223472096026,False,True
heico__2346751,0024 - Heico - Sigma - 5.avi,True,False,object_aggregation,binary,1.089715831913054,False,True
heico__2310791,0024 - Heico - Sigma - 5.avi,True,False,object_aggregation,number,1.0193573550786823,False,False
heico__2310792,0024 - Heico - Sigma - 5.avi,True,False,object_aggregation,number,1.0568282578606158,False,False
heico__2298634,0024 - Heico - Sigma - 5.avi,True,False,object_identification,fo_class,1.1172696300782263,False,True
heico__2294534,0024 - Heico - Sigma - 5.avi,True,False,object_identification,fo_class,1.030226267175749,False,True
heico__2359417,0024 - Heico - Sigma - 5.avi,True,False,object_identification,fo_class,1.0689480560831726,False,True
heico__2298635,0024 - Heico - Sigma - 5.avi,True,False,object_identification,fo_class,1.0180435590445995,False,True
heico__2359418,0024 - Heico - Sigma - 5.avi,True,False,object_identification,fo_class,1.01032520015724,False,True
heico__2359419,0024 - Heico - Sigma - 5.avi,True,False,object_identification,fo_class,1.000073716044426,False,True
heico__2294537,0024 - Heico - Sigma - 5.avi,True,False,object_identification,fo_class,1.056264738785103,False,False
heico__2294538,0024 - Heico - Sigma - 5.avi,True,False,object_identification,fo_class,1.0237433940637857,False,True
heico__2298640,0024 - Heico - Sigma - 5.avi,True,False,object_identification,fo_class,1.0196185049135238,False,True
heico__2294542,0024 - Heico - Sigma - 5.avi,True,False,object_identification,fo_class,1.0088228341192007,False,True
heico__2298642,0024 - Heico - Sigma - 5.avi,True,False,object_identification,fo_class,1.0441944801714271,False,True
heico__2359420,0024 - Heico - Sigma - 5.avi,True,False,object_identification,fo_class,1.0443685709033161,False,True
heico__2359421,0024 - Heico - Sigma - 5.avi,True,False,object_identification,fo_class,1.0914965269621462,False,True
heico__2320591,0024 - Heico - Sigma - 5.avi,True,False,object_aggregation,binary,1.0821587909013033,False,False
heico__2298643,0024 - Heico - Sigma - 5.avi,True,False,object_identification,fo_class,1.0168379829265177,False,True
heico__2310803,0024 - Heico - Sigma - 5.avi,True,False,object_aggregation,number,1.011957295006141,False,True
heico__2310804,0024 - Heico - Sigma - 5.avi,True,False,object_aggregation,number,1.0025108789559454,False,True
heico__2346754,0024 - Heico - Sigma - 5.avi,True,False,object_aggregation,binary,1.0665163530502468,False,True
heico__2308538,0024 - Heico - Sigma - 5.avi,True,False,object_aggregation,number,1.0193152860738337,False,True
heico__2310805,0024 - Heico - Sigma - 5.avi,True,False,object_aggregation,number,1.0125098028220236,False,False
heico__2310806,0024 - Heico - Sigma - 5.avi,True,False,object_aggregation,number,0.9985107609536499,False,True
heico__2359422,0024 - Heico - Sigma - 5.avi,True,False,object_identification,fo_class,1.0012075428385288,False,True
heico__2359423,0024 - Heico - Sigma - 5.avi,True,False,object_identification,fo_class,1.06536176498048,False,True
heico__2298653,0024 - Heico - Sigma - 5.avi,True,False,object_identification,fo_class,1.0224285479635,False,True
heico__2310813,0024 - Heico - Sigma - 5.avi,True,False,object_aggregation,number,1.0230242360848933,False,False
heico__2294551,0024 - Heico - Sigma - 5.avi,True,False,object_identification,fo_class,0.9892170049715787,False,True
heico__2294553,0024 - Heico - Sigma - 5.avi,True,False,object_identification,fo_class,0.9982322310097516,False,True
heico__2294556,0024 - Heico - Sigma - 5.avi,True,False,object_identification,fo_class,1.0709260809235275,False,False
heico__2311139,0024 - Heico - Sigma - 5.avi,True,False,object_aggregation,number,1.0183090479113162,False,False
heico__2681448,0024 - Heico - Sigma - 5.avi,True,False,object_attributes,open_ended,1.1243829319719225,False,False
heico__2294560,0024 - Heico - Sigma - 5.avi,True,False,object_identification,fo_class,0.9868676599580795,False,False
heico__2294561,0024 - Heico - Sigma - 5.avi,True,False,object_identification,fo_class,1.0712750309612602,False,False
heico__2298665,0024 - Heico - Sigma - 5.avi,True,False,object_identification,fo_class,1.0164465939160436,False,False
heico__2294563,0024 - Heico - Sigma - 5.avi,True,False,object_identification,fo_class,1.046415994875133,False,False
heico__2359424,0024 - Heico - Sigma - 5.avi,True,False,object_identification,fo_class,1.0264120970387012,False,False
heico__2394931,0024 - Heico - Sigma - 5.avi,True,False,spatial_localization_camera,multiple_choice,1.0817028128076345,False,True
heico__2345465,0024 - Heico - Sigma - 5.avi,True,False,spatial_localization_camera,open_ended,1.6885647750459611,False,False
heico__2359425,0024 - Heico - Sigma - 5.avi,True,False,object_identification,fo_class,1.0468000241089612,False,False
heico__2394932,0024 - Heico - Sigma - 5.avi,True,False,spatial_localization_camera,multiple_choice,1.1484561581164598,False,False
heico__2359426,0024 - Heico - Sigma - 5.avi,True,False,object_identification,fo_class,1.0846046460792422,False,False
heico__2298670,0024 - Heico - Sigma - 5.avi,True,False,object_identification,fo_class,1.0445837089791894,False,False
heico__2359427,0024 - Heico - Sigma - 5.avi,True,False,object_identification,fo_class,1.0327863909769803,False,False
heico__2394934,0024 - Heico - Sigma - 5.avi,True,False,spatial_localization_camera,multiple_choice,1.119655323913321,False,False
heico__2359428,0024 - Heico - Sigma - 5.avi,True,False,object_identification,fo_class,1.0631251311860979,False,False
heico__2394935,0024 - Heico - Sigma - 5.avi,True,False,spatial_localization_camera,multiple_choice,1.0715306990314275,False,False
heico__2294568,0024 - Heico - Sigma - 5.avi,True,False,object_identification,fo_class,1.0278614540584385,False,False
heico__2359429,0024 - Heico - Sigma - 5.avi,True,False,object_identification,fo_class,1.017379991011694,False,False
heico__2394936,0024 - Heico - Sigma - 5.avi,True,False,spatial_localization_camera,multiple_choice,1.076562775997445,False,False
heico__2359430,0024 - Heico - Sigma - 5.avi,True,False,object_identification,fo_class,1.0229892360512167,False,False
heico__2394937,0024 - Heico - Sigma - 5.avi,True,False,spatial_localization_camera,multiple_choice,1.075950468191877,False,False
heico__2394920,0024 - Heico - Sigma - 5.avi,True,False,spatial_localization_camera,multiple_choice,1.0723610070999712,False,True
heico__2394938,0024 - Heico - Sigma - 5.avi,True,False,spatial_localization_camera,multiple_choice,1.1000443550292403,False,True
heico__2309066,0024 - Heico - Sigma - 5.avi,True,False,object_aggregation,number,1.0335212489590049,False,False
heico__2278511,0024 - Heico - Sigma - 5.avi,True,False,object_identification,fo_class,1.194881587056443,False,False
heico__2359201,0024 - Heico - Sigma - 5.avi,True,False,object_identification,fo_class,1.034574446035549,False,False
heico__2359431,0024 - Heico - Sigma - 5.avi,True,False,object_identification,fo_class,1.07864894089289,False,False
heico__2308566,0024 - Heico - Sigma - 5.avi,True,False,object_aggregation,number,1.0103391490411013,False,False
heico__2681450,0024 - Heico - Sigma - 5.avi,True,False,spatial_localization_situs,open_ended,1.1111559860873967,False,False
heico__2278512,0024 - Heico - Sigma - 5.avi,True,False,object_identification,fo_class,1.246581151848659,False,False
heico__2394939,0024 - Heico - Sigma - 5.avi,True,False,spatial_localization_camera,multiple_choice,1.0973603420425206,False,False
heico__2308567,0024 - Heico - Sigma - 5.avi,True,False,object_aggregation,number,1.0370520290452987,False,True
heico__2321531,0024 - Heico - Sigma - 5.avi,True,False,object_aggregation,binary,1.007020268123597,False,False
heico__2278513,0024 - Heico - Sigma - 5.avi,True,False,object_identification,fo_class,1.246075342874974,False,False
heico__2394940,0024 - Heico - Sigma - 5.avi,True,False,spatial_localization_camera,multiple_choice,1.081745013128966,False,False
heico__2321791,0024 - Heico - Sigma - 5.avi,True,False,object_aggregation,binary,1.0538186358753592,False,False
heico__2309069,0024 - Heico - Sigma - 5.avi,True,False,object_aggregation,number,1.01785495900549,False,False
heico__2278517,0024 - Heico - Sigma - 5.avi,True,False,object_identification,fo_class,1.3059092171024531,False,False
heico__2294577,0024 - Heico - Sigma - 5.avi,True,False,object_identification,fo_class,1.1732074241153896,False,True
heico__2310912,0024 - Heico - Sigma - 5.avi,True,False,object_aggregation,number,1.032985009951517,False,True
heico__2346764,0024 - Heico - Sigma - 5.avi,True,False,object_aggregation,binary,1.00136306299828,False,True
heico__2394941,0024 - Heico - Sigma - 5.avi,True,False,spatial_localization_camera,multiple_choice,1.0557478000409901,False,False
heico__2278519,0024 - Heico - Sigma - 5.avi,True,False,object_identification,fo_class,1.4340432619210333,False,False
heico__2308603,0024 - Heico - Sigma - 5.avi,True,False,object_aggregation,number,1.0072107480373234,False,True
heico__2298711,0024 - Heico - Sigma - 5.avi,True,False,object_identification,fo_class,1.2858034188393503,False,True
heico__2309103,0024 - Heico - Sigma - 5.avi,True,False,object_aggregation,number,1.0181396990083158,False,True
heico__2394942,0024 - Heico - Sigma - 5.avi,True,False,spatial_localization_camera,multiple_choice,1.0607822069432586,False,False
heico__2298712,0024 - Heico - Sigma - 5.avi,True,False,object_identification,fo_class,1.3001430919393897,False,True
heico__2681451,0024 - Heico - Sigma - 5.avi,True,False,object_attributes,open_ended,1.1730015049688518,False,True
heico__2321526,0024 - Heico - Sigma - 5.avi,True,False,object_aggregation,binary,1.0440978209953755,False,True
heico__2346766,0024 - Heico - Sigma - 5.avi,True,False,object_aggregation,binary,1.0903246600646526,False,True
heico__2278520,0024 - Heico - Sigma - 5.avi,True,False,object_identification,fo_class,1.407272692071274,False,False
heico__2278521,0024 - Heico - Sigma - 5.avi,True,False,object_identification,fo_class,1.4006965889129788,False,False
heico__2298714,0024 - Heico - Sigma - 5.avi,True,False,object_identification,fo_class,1.2864696369506419,False,True
heico__2309106,0024 - Heico - Sigma - 5.avi,True,False,object_aggregation,number,1.022309749154374,False,True
heico__2278522,0024 - Heico - Sigma - 5.avi,True,False,object_identification,fo_class,1.4175958749838173,False,False
heico__2278523,0024 - Heico - Sigma - 5.avi,True,False,object_identification,fo_class,1.3957725821528584,False,False
heico__2298716,0024 - Heico - Sigma - 5.avi,True,False,object_identification,fo_class,1.1194461139384657,False,False
heico__2681452,0024 - Heico - Sigma - 5.avi,True,False,object_attributes,open_ended,1.1077077749650925,False,False
heico__2278524,0024 - Heico - Sigma - 5.avi,True,False,object_identification,fo_class,1.257576382951811,False,False
heico__2278525,0024 - Heico - Sigma - 5.avi,True,False,object_identification,fo_class,1.4729425208643079,False,False
heico__2278526,0024 - Heico - Sigma - 5.avi,True,False,object_identification,fo_class,1.6286926330067217,False,False
heico__2346772,0024 - Heico - Sigma - 5.avi,True,False,object_aggregation,binary,1.0837113170418888,False,True
heico__2298569,0024 - Heico - Sigma - 5.avi,True,False,object_identification,fo_class,1.3161640900652856,False,False
heico__2294616,0024 - Heico - Sigma - 5.avi,True,False,object_identification,fo_class,1.193623780971393,False,True
heico__2308766,0024 - Heico - Sigma - 5.avi,True,False,object_aggregation,number,1.0271062848623842,False,False
heico__2308573,0024 - Heico - Sigma - 5.avi,True,False,object_aggregation,number,1.06239147298038,False,False
heico__2298497,0024 - Heico - Sigma - 5.avi,True,False,object_identification,fo_class,1.6137296631932259,False,False
heico__2294626,0024 - Heico - Sigma - 5.avi,True,False,object_identification,fo_class,1.1257743968162686,False,True
heico__2298504,0024 - Heico - Sigma - 5.avi,True,False,object_identification,fo_class,1.1717766381334513,False,True
heico__2294640,0024 - Heico - Sigma - 5.avi,True,False,object_identification,fo_class,1.1260626469738781,False,True
heico__2298686,0024 - Heico - Sigma - 5.avi,True,False,object_identification,fo_class,1.1718155480921268,False,True
heico__2681957,0024 - Heico - Sigma - 5.avi,True,False,spatial_localization_situs,open_ended,1.3043973399326205,False,True
heico__2298265,0024 - Heico - Sigma - 5.avi,True,False,object_identification,fo_class,1.081781062996015,False,True
heico__2321268,0024 - Heico - Sigma - 5.avi,True,False,object_aggregation,binary,1.0232193758711219,False,True
heico__2308527,0024 - Heico - Sigma - 5.avi,True,False,object_aggregation,number,1.068349617999047,False,False
heico__2294226,0024 - Heico - Sigma - 5.avi,True,False,object_identification,fo_class,1.0967640441376716,False,True
heico__2345478,0024 - Heico - Sigma - 5.avi,True,False,spatial_localization_camera,open_ended,1.30282022501342,False,True
heico__2320760,0024 - Heico - Sigma - 5.avi,True,False,object_aggregation,binary,1.1163087119348347,False,False
heico__2308856,0024 - Heico - Sigma - 5.avi,True,False,object_aggregation,number,1.0972318020649254,False,False
heico__2359441,0024 - Heico - Sigma - 5.avi,True,False,object_identification,fo_class,1.0292859298642725,False,False
heico__2359446,0024 - Heico - Sigma - 5.avi,True,False,object_identification,fo_class,1.0700850829016417,False,False
heico__2294431,0024 - Heico - Sigma - 5.avi,True,False,object_identification,fo_class,1.168802215019241,False,False
heico__2294528,0024 - Heico - Sigma - 5.avi,True,False,object_identification,fo_class,1.0863724409136921,False,False
heico__2298486,0024 - Heico - Sigma - 5.avi,True,False,object_identification,fo_class,1.0336618579458445,False,False
heico__2681958,0024 - Heico - Sigma - 5.avi,True,False,spatial_localization_situs,open_ended,1.2497125240042806,False,False
heico__2394921,0024 - Heico - Sigma - 5.avi,True,False,spatial_localization_camera,multiple_choice,1.11624029208906,False,True
heico__2294302,0024 - Heico - Sigma - 5.avi,True,False,object_identification,fo_class,1.1005938041489571,False,False
heico__2359151,0024 - Heico - Sigma - 5.avi,True,False,object_identification,fo_class,1.5186403109692037,False,False
heico__2359152,0024 - Heico - Sigma - 5.avi,True,False,object_identification,fo_class,1.0899241322185844,False,False
heico__2394922,0024 - Heico - Sigma - 5.avi,True,False,spatial_localization_camera,multiple_choice,1.1045911929104477,False,True
heico__2298717,0024 - Heico - Sigma - 5.avi,True,False,object_identification,fo_class,1.200090322876349,False,False
heico__2359153,0024 - Heico - Sigma - 5.avi,True,False,object_identification,fo_class,1.0324331121519208,False,False
heico__2394923,0024 - Heico - Sigma - 5.avi,True,False,spatial_localization_camera,multiple_choice,1.1861493489705026,False,False
heico__2298461,0024 - Heico - Sigma - 5.avi,True,False,object_identification,fo_class,1.0317328239325434,False,False
heico__2294171,0024 - Heico - Sigma - 5.avi,True,False,object_identification,fo_class,1.0796205981168896,False,False
heico__2310984,0024 - Heico - Sigma - 5.avi,True,False,object_aggregation,number,1.0301889169495553,False,False
heico__2359154,0024 - Heico - Sigma - 5.avi,True,False,object_identification,fo_class,1.1282882811501622,False,False
heico__2394924,0024 - Heico - Sigma - 5.avi,True,False,spatial_localization_camera,multiple_choice,1.0976563210133463,False,False
heico__2394925,0024 - Heico - Sigma - 5.avi,True,False,spatial_localization_camera,multiple_choice,1.2191200042143464,False,False
heico__2359155,0024 - Heico - Sigma - 5.avi,True,False,object_identification,fo_class,1.0829525899607688,False,False
heico__2394926,0024 - Heico - Sigma - 5.avi,True,False,spatial_localization_camera,multiple_choice,1.1066426169127226,False,True
heico__2359156,0024 - Heico - Sigma - 5.avi,True,False,object_identification,fo_class,1.0953923671040684,False,False
heico__2394927,0024 - Heico - Sigma - 5.avi,True,False,spatial_localization_camera,multiple_choice,1.1972446609288454,False,False
heico__2359157,0024 - Heico - Sigma - 5.avi,True,False,object_identification,fo_class,1.2274386018980294,False,False
heico__2359158,0024 - Heico - Sigma - 5.avi,True,False,object_identification,fo_class,1.409923864994198,False,False
heico__2394928,0024 - Heico - Sigma - 5.avi,True,False,spatial_localization_camera,multiple_choice,1.2857989491894841,False,False
heico__2345517,0024 - Heico - Sigma - 5.avi,True,False,spatial_localization_camera,open_ended,1.5456368401646614,False,True
heico__2394929,0024 - Heico - Sigma - 5.avi,True,False,spatial_localization_camera,multiple_choice,1.258789350045845,False,False
heico__2359159,0024 - Heico - Sigma - 5.avi,True,False,object_identification,fo_class,1.225679447175935,False,False
heico__2394930,0024 - Heico - Sigma - 5.avi,True,False,spatial_localization_camera,multiple_choice,1.4815534169320017,False,False
heico__2359160,0024 - Heico - Sigma - 5.avi,True,False,object_identification,fo_class,1.33481600205414,False,False
heico__2311000,0024 - Heico - Sigma - 5.avi,True,False,object_aggregation,number,1.4048426791559905,False,False
heico__2298488,0024 - Heico - Sigma - 5.avi,True,False,object_identification,fo_class,1.5498388689011335,False,False
heico__2298659,0024 - Heico - Sigma - 5.avi,True,False,object_identification,fo_class,1.6326164328493178,False,False
heico__2294167,0024 - Heico - Sigma - 5.avi,True,False,object_identification,fo_class,1.1442889091558754,False,False
heico__2294421,0024 - Heico - Sigma - 5.avi,True,False,object_identification,fo_class,1.0979920900426805,False,False
heico__2308364,0024 - Heico - Sigma - 5.avi,True,False,object_aggregation,number,1.0533535568974912,False,True
heico__2321624,0024 - Heico - Sigma - 5.avi,True,False,object_aggregation,binary,1.0095994409639388,False,False
heico__2321818,0024 - Heico - Sigma - 5.avi,True,False,object_aggregation,binary,0.9998607970774174,False,False
heico__2298259,0024 - Heico - Sigma - 5.avi,True,False,object_identification,fo_class,1.3594966169912368,False,False
heico__2294604,0024 - Heico - Sigma - 5.avi,True,False,object_identification,fo_class,1.1448980669956654,False,True
heico__2345547,0024 - Heico - Sigma - 5.avi,True,False,spatial_localization_camera,open_ended,1.4092131371144205,False,True
heico__2294275,0024 - Heico - Sigma - 5.avi,True,False,object_identification,fo_class,1.1653895841445774,False,True
heico__2298518,0024 - Heico - Sigma - 5.avi,True,False,object_identification,fo_class,1.293229189934209,False,False
heico__2308914,0024 - Heico - Sigma - 5.avi,True,False,object_aggregation,number,1.139550562016666,False,False
heico__2298350,0024 - Heico - Sigma - 5.avi,True,False,object_identification,fo_class,1.4797942829318345,False,False
heico__2308681,0024 - Heico - Sigma - 5.avi,True,False,object_aggregation,number,1.110992176225409,False,False
heico__2308551,0024 - Heico - Sigma - 5.avi,True,False,object_aggregation,number,1.1085853830445558,False,False
heico__2294166,0024 - Heico - Sigma - 5.avi,True,False,object_identification,fo_class,1.0828708088956773,False,True
heico__2308585,0024 - Heico - Sigma - 5.avi,True,False,object_aggregation,number,1.0064997600857168,False,True
heico__2359462,0024 - Heico - Sigma - 5.avi,True,False,object_identification,fo_class,1.083144489908591,False,True
heico__2345562,0024 - Heico - Sigma - 5.avi,True,False,spatial_localization_camera,open_ended,1.2993065938353539,False,True
heico__2310267,0024 - Heico - Sigma - 5.avi,True,False,object_aggregation,number,1.0156922349706292,False,True
heico__2309041,0024 - Heico - Sigma - 5.avi,True,False,object_aggregation,number,1.0710222509223968,False,True
heico__2320815,0024 - Heico - Sigma - 5.avi,True,False,object_aggregation,binary,1.0394539330154657,False,True
heico__2298543,0024 - Heico - Sigma - 5.avi,True,False,object_identification,fo_class,1.1146929268725216,False,True
heico__2294246,0024 - Heico - Sigma - 5.avi,True,False,object_identification,fo_class,1.1107116769999266,False,True
heico__2298345,0024 - Heico - Sigma - 5.avi,True,False,object_identification,fo_class,1.086725709028542,False,False
heico__2294492,0024 - Heico - Sigma - 5.avi,True,False,object_identification,fo_class,0.9961899570189416,False,False
heico__2298223,0024 - Heico - Sigma - 5.avi,True,False,object_identification,fo_class,1.0517172908876091,False,False
heico__2298509,0024 - Heico - Sigma - 5.avi,True,False,object_identification,fo_class,1.1523533179424703,False,False
heico__2294346,0024 - Heico - Sigma - 5.avi,True,False,object_identification,fo_class,0.989344643894583,False,False
heico__2298304,0024 - Heico - Sigma - 5.avi,True,False,object_identification,fo_class,1.1193670039065182,False,False
heico__2359161,0024 - Heico - Sigma - 5.avi,True,False,object_identification,fo_class,1.0577246460597962,False,False
heico__2294207,0024 - Heico - Sigma - 5.avi,True,False,object_identification,fo_class,1.0642325677908957,False,False
heico__2681960,0024 - Heico - Sigma - 5.avi,True,False,spatial_localization_situs,open_ended,1.2413330760318786,False,False
heico__2681959,0024 - Heico - Sigma - 5.avi,True,False,spatial_localization_situs,open_ended,1.2382480441592634,False,True
heico__2298496,0024 - Heico - Sigma - 5.avi,True,False,object_identification,fo_class,1.0976977008394897,False,False
heico__2321483,0024 - Heico - Sigma - 5.avi,True,False,object_aggregation,binary,0.9803081171121448,False,True
heico__2359519,0024 - Heico - Sigma - 5.avi,True,False,object_identification,fo_class,1.056200760183856,False,True
heico__2294158,0024 - Heico - Sigma - 5.avi,True,False,object_identification,fo_class,1.0792238891590387,False,True
heico__2319952,0024 - Heico - Sigma - 5.avi,True,False,object_aggregation,binary,1.0136957899667323,False,False
heico__2346776,0024 - Heico - Sigma - 5.avi,True,False,object_aggregation,binary,1.048986367881298,False,True
heico__2298252,0024 - Heico - Sigma - 5.avi,True,False,object_identification,fo_class,1.061366305919364,False,False
heico__2383197,0024 - Heico - Sigma - 5.avi,True,False,spatial_localization_camera,fo_class,1.0288693509064615,False,False
heico__2298343,0024 - Heico - Sigma - 5.avi,True,False,object_identification,fo_class,1.1375645871739835,False,False
heico__2308347,0024 - Heico - Sigma - 5.avi,True,False,object_aggregation,number,0.9751702109351754,False,True
heico__2383199,0024 - Heico - Sigma - 5.avi,True,False,spatial_localization_camera,fo_class,1.113075191155076,False,True
heico__2278535,0024 - Heico - Sigma - 5.avi,True,False,object_identification,fo_class,1.1041921940632164,False,False
heico__2383200,0024 - Heico - Sigma - 5.avi,True,False,spatial_localization_camera,fo_class,1.1071060560643673,False,True
heico__2308741,0024 - Heico - Sigma - 5.avi,True,False,object_aggregation,number,1.0299097781535238,False,True
heico__2383206,0024 - Heico - Sigma - 5.avi,True,False,spatial_localization_camera,fo_class,1.023852744139731,False,False
heico__2278543,0024 - Heico - Sigma - 5.avi,True,False,object_identification,fo_class,1.1127703818492591,False,False
heico__2359163,0024 - Heico - Sigma - 5.avi,True,False,object_identification,fo_class,1.0783700519241393,False,False
heico__2298463,0024 - Heico - Sigma - 5.avi,True,False,object_identification,fo_class,1.127806182950735,False,False
heico__2294544,0024 - Heico - Sigma - 5.avi,True,False,object_identification,fo_class,1.0242755629587919,False,False
heico__2359202,0024 - Heico - Sigma - 5.avi,True,False,object_identification,fo_class,1.0330103300511837,False,True
heico__2319946,0024 - Heico - Sigma - 5.avi,True,False,object_aggregation,binary,1.0321992121171206,False,False
heico__2308411,0024 - Heico - Sigma - 5.avi,True,False,object_aggregation,number,1.0714115598239005,False,False
heico__2298431,0024 - Heico - Sigma - 5.avi,True,False,object_identification,fo_class,1.1328418189659715,False,False
heico__2359203,0024 - Heico - Sigma - 5.avi,True,False,object_identification,fo_class,1.033771017799154,False,False
heico__2298597,0024 - Heico - Sigma - 5.avi,True,False,object_identification,fo_class,1.0441201110370457,False,False
heico__2298539,0024 - Heico - Sigma - 5.avi,True,False,object_identification,fo_class,1.1119423441123217,False,False
heico__2294512,0024 - Heico - Sigma - 5.avi,True,False,object_identification,fo_class,1.0604444879572839,False,False
heico__2383211,0024 - Heico - Sigma - 5.avi,True,False,spatial_localization_camera,fo_class,1.0906804699916393,False,False
heico__2308564,0024 - Heico - Sigma - 5.avi,True,False,object_aggregation,number,1.0206612818874419,False,False
heico__2681458,0024 - Heico - Sigma - 5.avi,True,False,spatial_localization_situs,open_ended,1.1371801481582224,False,True
heico__2346798,0024 - Heico - Sigma - 5.avi,True,False,object_aggregation,binary,1.0093079020734876,False,True
heico__2346801,0024 - Heico - Sigma - 5.avi,True,False,object_aggregation,binary,1.001664801966399,False,True
heico__2298264,0024 - Heico - Sigma - 5.avi,True,False,object_identification,fo_class,1.1541281729005277,False,False
heico__2298437,0024 - Heico - Sigma - 5.avi,True,False,object_identification,fo_class,1.13442910509184,False,False
heico__2278563,0024 - Heico - Sigma - 5.avi,True,False,object_identification,fo_class,1.1175226191990077,False,False
heico__2298353,0024 - Heico - Sigma - 5.avi,True,False,object_identification,fo_class,1.1020745998248458,False,False
heico__2278568,0024 - Heico - Sigma - 5.avi,True,False,object_identification,fo_class,1.153984832810238,False,False
heico__2320123,0024 - Heico - Sigma - 5.avi,True,False,object_aggregation,binary,1.0092289028689265,False,False
heico__2308537,0024 - Heico - Sigma - 5.avi,True,False,object_aggregation,number,1.1970415010582656,False,False
heico__2308631,0024 - Heico - Sigma - 5.avi,True,False,object_aggregation,number,1.2018224990461022,False,True
heico__2681460,0024 - Heico - Sigma - 5.avi,True,False,object_identification,open_ended,1.2270431129727513,False,True
heico__2681962,0024 - Heico - Sigma - 5.avi,True,False,spatial_localization_situs,open_ended,1.1666933300439268,False,True
heico__2308782,0024 - Heico - Sigma - 5.avi,True,False,object_aggregation,number,1.011881886050105,False,False
heico__2278578,0024 - Heico - Sigma - 5.avi,True,False,object_identification,fo_class,1.1203387309797108,False,False
heico__2278579,0024 - Heico - Sigma - 5.avi,True,False,object_identification,fo_class,1.1124539929442108,False,False
heico__2346829,0024 - Heico - Sigma - 5.avi,True,False,object_aggregation,binary,1.0450665780808777,False,False
heico__2310247,0024 - Heico - Sigma - 5.avi,True,False,object_aggregation,number,1.041333818808198,False,False
heico__2309899,0024 - Heico - Sigma - 5.avi,True,False,object_aggregation,number,1.0787582099437714,False,False
heico__2346830,0024 - Heico - Sigma - 5.avi,True,False,object_aggregation,binary,1.0227414569817483,False,False
heico__2310084,0024 - Heico - Sigma - 5.avi,True,False,object_aggregation,number,1.0873948079533875,False,False
heico__2346831,0024 - Heico - Sigma - 5.avi,True,False,object_aggregation,binary,1.0810033141169697,False,False
heico__2346832,0024 - Heico - Sigma - 5.avi,True,False,object_aggregation,binary,1.0113602669443935,False,False
heico__2309929,0024 - Heico - Sigma - 5.avi,True,False,object_aggregation,number,1.0265927468426526,False,False
heico__2346834,0024 - Heico - Sigma - 5.avi,True,False,object_aggregation,binary,1.0011228129733354,False,False
heico__2309930,0024 - Heico - Sigma - 5.avi,True,False,object_aggregation,number,1.0637762199621648,False,False
heico__2345425,0024 - Heico - Sigma - 5.avi,True,False,spatial_localization_camera,open_ended,1.3856076078955084,False,True
heico__2298556,0024 - Heico - Sigma - 5.avi,True,False,object_identification,fo_class,1.1546451521571726,False,False
heico__2310159,0024 - Heico - Sigma - 5.avi,True,False,object_aggregation,number,1.0570765568409115,False,True
heico__2359465,0024 - Heico - Sigma - 5.avi,True,False,object_identification,fo_class,1.075048290193081,False,True
heico__2681963,0024 - Heico - Sigma - 5.avi,True,False,spatial_localization_situs,open_ended,1.266795638948679,False,False
heico__2298538,0024 - Heico - Sigma - 5.avi,True,False,object_identification,fo_class,1.1604729369282722,False,False
heico__2309063,0024 - Heico - Sigma - 5.avi,True,False,object_aggregation,number,0.9993915178347379,False,True
heico__2681964,0024 - Heico - Sigma - 5.avi,True,False,spatial_localization_situs,open_ended,1.2306312341243029,False,False
heico__2294523,0024 - Heico - Sigma - 5.avi,True,False,object_identification,fo_class,1.1252441690303385,False,False
heico__2298578,0024 - Heico - Sigma - 5.avi,True,False,object_identification,fo_class,1.1100570391863585,False,True
heico__2298622,0024 - Heico - Sigma - 5.avi,True,False,object_identification,fo_class,1.0899154210928828,False,True
heico__2308192,0024 - Heico - Sigma - 5.avi,True,False,object_aggregation,number,1.041843137005344,False,False
heico__2359174,0024 - Heico - Sigma - 5.avi,True,False,object_identification,fo_class,1.0870493489783257,False,True
heico__2310562,0024 - Heico - Sigma - 5.avi,True,False,object_aggregation,number,1.032728540012613,False,False
heico__2294435,0024 - Heico - Sigma - 5.avi,True,False,object_identification,fo_class,1.0678022298961878,False,True
heico__2294233,0024 - Heico - Sigma - 5.avi,True,False,object_identification,fo_class,1.0988087479490787,False,True
heico__2359215,0024 - Heico - Sigma - 5.avi,True,False,object_identification,fo_class,1.0438576410524547,False,False
heico__2298436,0024 - Heico - Sigma - 5.avi,True,False,object_identification,fo_class,1.1824854100123048,False,False
heico__2359222,0024 - Heico - Sigma - 5.avi,True,False,object_identification,fo_class,1.0728672959376127,False,False
heico__2298709,0024 - Heico - Sigma - 5.avi,True,False,object_identification,fo_class,1.0894573419354856,False,False
heico__2294281,0024 - Heico - Sigma - 5.avi,True,False,object_identification,fo_class,1.0814314240124077,False,False
heico__2294312,0024 - Heico - Sigma - 5.avi,True,False,object_identification,fo_class,1.0385388049762696,False,False
heico__2359223,0024 - Heico - Sigma - 5.avi,True,False,object_identification,fo_class,1.08027273719199,False,False
heico__2359224,0024 - Heico - Sigma - 5.avi,True,False,object_identification,fo_class,1.0717194790486246,False,False
heico__2298340,0024 - Heico - Sigma - 5.avi,True,False,object_identification,fo_class,1.1005046230275184,False,False
heico__2294545,0024 - Heico - Sigma - 5.avi,True,False,object_identification,fo_class,1.1097612499725074,False,False
heico__2359225,0024 - Heico - Sigma - 5.avi,True,False,object_identification,fo_class,1.0997490950394422,False,False
heico__2308943,0024 - Heico - Sigma - 5.avi,True,False,object_aggregation,number,0.9744254029355943,False,False
heico__2298246,0024 - Heico - Sigma - 5.avi,True,False,object_identification,fo_class,1.1247070808894932,False,False
heico__2278587,0024 - Heico - Sigma - 5.avi,True,False,object_identification,fo_class,1.1663637920282781,False,True
heico__2308602,0024 - Heico - Sigma - 5.avi,True,False,object_aggregation,number,1.0834470679983497,False,True
heico__2298284,0024 - Heico - Sigma - 5.avi,True,False,object_identification,fo_class,1.2626220900565386,False,True
heico__2294614,0024 - Heico - Sigma - 5.avi,True,False,object_identification,fo_class,1.1879645350854844,False,True
heico__2294224,0024 - Heico - Sigma - 5.avi,True,False,object_identification,fo_class,1.1285200398415327,False,False
heico__2383216,0024 - Heico - Sigma - 5.avi,True,False,spatial_localization_camera,fo_class,1.1304880660027266,False,True
heico__2278588,0024 - Heico - Sigma - 5.avi,True,False,object_identification,fo_class,1.2119666920043528,False,True
heico__2278589,0024 - Heico - Sigma - 5.avi,True,False,object_identification,fo_class,1.2975759680848569,False,True
heico__2383217,0024 - Heico - Sigma - 5.avi,True,False,spatial_localization_camera,fo_class,1.1630301808472723,False,False
heico__2298474,0024 - Heico - Sigma - 5.avi,True,False,object_identification,fo_class,1.0794997378252447,False,False
heico__2383218,0024 - Heico - Sigma - 5.avi,True,False,spatial_localization_camera,fo_class,1.217165919020772,False,False
heico__2359231,0024 - Heico - Sigma - 5.avi,True,False,object_identification,fo_class,1.1979389989282936,False,True
heico__2320480,0024 - Heico - Sigma - 5.avi,True,False,object_aggregation,binary,1.149920763913542,False,True
heico__2278590,0024 - Heico - Sigma - 5.avi,True,False,object_identification,fo_class,1.2931056509260088,False,True
heico__2308728,0024 - Heico - Sigma - 5.avi,True,False,object_aggregation,number,1.1783292898908257,False,False
heico__2278591,0024 - Heico - Sigma - 5.avi,True,False,object_identification,fo_class,1.1867571079637855,False,False
heico__2298606,0024 - Heico - Sigma - 5.avi,True,False,object_identification,fo_class,1.1198078931774944,False,False
heico__2383219,0024 - Heico - Sigma - 5.avi,True,False,spatial_localization_camera,fo_class,1.093808262143284,False,True
heico__2383220,0024 - Heico - Sigma - 5.avi,True,False,spatial_localization_camera,fo_class,1.1903704581782222,False,True
heico__2278592,0024 - Heico - Sigma - 5.avi,True,False,object_identification,fo_class,1.2552543899510056,False,False
heico__2308757,0024 - Heico - Sigma - 5.avi,True,False,object_aggregation,number,1.2443627580069005,False,False
heico__2298602,0024 - Heico - Sigma - 5.avi,True,False,object_identification,fo_class,1.2036386339459568,False,True
heico__2278593,0024 - Heico - Sigma - 5.avi,True,False,object_identification,fo_class,1.2085575310047716,False,True
heico__2320705,0024 - Heico - Sigma - 5.avi,True,False,object_aggregation,binary,1.085448222933337,False,True
heico__2294249,0024 - Heico - Sigma - 5.avi,True,False,object_identification,fo_class,1.0313522350043058,False,True
heico__2294555,0024 - Heico - Sigma - 5.avi,True,False,object_identification,fo_class,1.078872530022636,False,True
heico__2298573,0024 - Heico - Sigma - 5.avi,True,False,object_identification,fo_class,1.0095694412011653,False,True
heico__2278594,0024 - Heico - Sigma - 5.avi,True,False,object_identification,fo_class,1.1300366171635687,False,True
heico__2346847,0024 - Heico - Sigma - 5.avi,True,False,object_aggregation,binary,0.981772803934291,False,True
heico__2278595,0024 - Heico - Sigma - 5.avi,True,False,object_identification,fo_class,1.1910183469299227,False,True
heico__2278596,0024 - Heico - Sigma - 5.avi,True,False,object_identification,fo_class,1.1602315369527787,False,True
heico__2278597,0024 - Heico - Sigma - 5.avi,True,False,object_identification,fo_class,1.1514330410864204,False,True
heico__2298546,0024 - Heico - Sigma - 5.avi,True,False,object_identification,fo_class,1.1761642459314317,False,True
heico__2346850,0024 - Heico - Sigma - 5.avi,True,False,object_aggregation,binary,1.0209227909799665,False,True
heico__2278598,0024 - Heico - Sigma - 5.avi,True,False,object_identification,fo_class,1.1888507530093193,False,True
heico__2298697,0024 - Heico - Sigma - 5.avi,True,False,object_identification,fo_class,1.191377776209265,False,True
heico__2308871,0024 - Heico - Sigma - 5.avi,True,False,object_aggregation,number,1.001827351981774,False,False
heico__2278599,0024 - Heico - Sigma - 5.avi,True,False,object_identification,fo_class,1.129193329019472,False,True
heico__2308233,0024 - Heico - Sigma - 5.avi,True,False,object_aggregation,number,0.9971022238023579,False,False
heico__2278600,0024 - Heico - Sigma - 5.avi,True,False,object_identification,fo_class,1.159698128933087,False,True
heico__2298247,0024 - Heico - Sigma - 5.avi,True,False,object_identification,fo_class,1.130993904080242,False,True
heico__2278601,0024 - Heico - Sigma - 5.avi,True,False,object_identification,fo_class,1.1727279650513083,False,True
heico__2320414,0024 - Heico - Sigma - 5.avi,True,False,object_aggregation,binary,1.1088331518694758,False,True
heico__2278602,0024 - Heico - Sigma - 5.avi,True,False,object_identification,fo_class,1.1296454570256174,False,True
heico__2359381,0024 - Heico - Sigma - 5.avi,True,False,object_identification,fo_class,1.0598731699865311,False,False
heico__2298333,0024 - Heico - Sigma - 5.avi,True,False,object_identification,fo_class,1.0284938721451908,False,False
heico__2294547,0024 - Heico - Sigma - 5.avi,True,False,object_identification,fo_class,1.1261332570575178,False,True
heico__2345721,0024 - Heico - Sigma - 5.avi,True,False,spatial_localization_camera,open_ended,1.309983525890857,False,True
heico__2321311,0024 - Heico - Sigma - 5.avi,True,False,object_aggregation,binary,1.0444026701152325,False,True
heico__2359243,0024 - Heico - Sigma - 5.avi,True,False,object_identification,fo_class,1.0645811180584133,False,True
heico__2413967,0025 - Heico - Sigma - 6.avi,True,False,object_aggregation,binary,1.0651091870386153,False,True
heico__2405861,0025 - Heico - Sigma - 6.avi,True,False,object_identification,fo_class,1.0185593171045184,False,True
heico__2405184,0025 - Heico - Sigma - 6.avi,True,False,object_identification,fo_class,1.0894236830063164,False,True
heico__2405185,0025 - Heico - Sigma - 6.avi,True,False,object_identification,fo_class,1.0930875330232084,False,True
heico__2405862,0025 - Heico - Sigma - 6.avi,True,False,object_identification,fo_class,1.1840799050405622,False,False
heico__2413968,0025 - Heico - Sigma - 6.avi,True,False,object_aggregation,binary,1.0458755770232528,False,True
heico__2411102,0025 - Heico - Sigma - 6.avi,True,False,object_aggregation,number,1.0587332719005644,False,False
heico__2413969,0025 - Heico - Sigma - 6.avi,True,False,object_aggregation,binary,1.1119195341598243,False,True
heico__2405863,0025 - Heico - Sigma - 6.avi,True,False,object_identification,fo_class,1.2566676158457994,False,False
heico__2405186,0025 - Heico - Sigma - 6.avi,True,False,object_identification,fo_class,1.0791626588907093,False,True
heico__2409749,0025 - Heico - Sigma - 6.avi,True,False,object_aggregation,number,1.0718045788817108,False,False
heico__2409547,0025 - Heico - Sigma - 6.avi,True,False,object_aggregation,number,1.0972134920302778,False,False
heico__2405187,0025 - Heico - Sigma - 6.avi,True,False,object_identification,fo_class,1.0318020430859178,False,True
heico__2405864,0025 - Heico - Sigma - 6.avi,True,False,object_identification,fo_class,1.051545182010159,False,True
heico__2411104,0025 - Heico - Sigma - 6.avi,True,False,object_aggregation,number,1.111287984997034,False,False
heico__2409548,0025 - Heico - Sigma - 6.avi,True,False,object_aggregation,number,1.09317936305888,False,False
heico__2405188,0025 - Heico - Sigma - 6.avi,True,False,object_identification,fo_class,1.050458232872188,False,True
heico__2409751,0025 - Heico - Sigma - 6.avi,True,False,object_aggregation,number,1.0629631620831788,False,True
heico__2405189,0025 - Heico - Sigma - 6.avi,True,False,object_identification,fo_class,1.0217243689112365,False,True
heico__2409752,0025 - Heico - Sigma - 6.avi,True,False,object_aggregation,number,1.0783453918993473,False,True
heico__2409549,0025 - Heico - Sigma - 6.avi,True,False,object_aggregation,number,1.0303277268540114,False,True
heico__2413972,0025 - Heico - Sigma - 6.avi,True,False,object_aggregation,binary,1.0514680119231343,False,True
heico__2409550,0025 - Heico - Sigma - 6.avi,True,False,object_aggregation,number,1.0386285749264061,False,True
heico__2405190,0025 - Heico - Sigma - 6.avi,True,False,object_identification,fo_class,1.3908385748509318,False,True
heico__2409753,0025 - Heico - Sigma - 6.avi,True,False,object_aggregation,number,1.3826011961791664,False,True
heico__2413973,0025 - Heico - Sigma - 6.avi,True,False,object_aggregation,binary,1.2172477887943387,False,True
heico__2409551,0025 - Heico - Sigma - 6.avi,True,False,object_aggregation,number,1.0812263342086226,False,False
heico__2411107,0025 - Heico - Sigma - 6.avi,True,False,object_aggregation,number,1.0363586209714413,False,False
heico__2409754,0025 - Heico - Sigma - 6.avi,True,False,object_aggregation,number,1.0722935679368675,False,True
heico__2405868,0025 - Heico - Sigma - 6.avi,True,False,object_identification,fo_class,1.089877380989492,False,True
heico__2405191,0025 - Heico - Sigma - 6.avi,True,False,object_identification,fo_class,1.0320520428940654,False,True
heico__2405192,0025 - Heico - Sigma - 6.avi,True,False,object_identification,fo_class,1.0541306040249765,False,True
heico__2411108,0025 - Heico - Sigma - 6.avi,True,False,object_aggregation,number,1.0247222820762545,False,False
heico__2413975,0025 - Heico - Sigma - 6.avi,True,False,object_aggregation,binary,1.0800727969035506,False,True
heico__2409552,0025 - Heico - Sigma - 6.avi,True,False,object_aggregation,number,1.0512503830250353,False,True
heico__2405869,0025 - Heico - Sigma - 6.avi,True,False,object_identification,fo_class,1.2355258599855006,False,False
heico__2409756,0025 - Heico - Sigma - 6.avi,True,False,object_aggregation,number,1.0521935699507594,False,True
heico__2405870,0025 - Heico - Sigma - 6.avi,True,False,object_identification,fo_class,1.0880598458461463,False,True
heico__2411109,0025 - Heico - Sigma - 6.avi,True,False,object_aggregation,number,1.0832584188319743,False,False
heico__2405193,0025 - Heico - Sigma - 6.avi,True,False,object_identification,fo_class,1.029213699977845,False,True
heico__2409554,0025 - Heico - Sigma - 6.avi,True,False,object_aggregation,number,1.0603796690702438,False,True
heico__2405871,0025 - Heico - Sigma - 6.avi,True,False,object_identification,fo_class,1.1976800689008087,False,False
heico__2411110,0025 - Heico - Sigma - 6.avi,True,False,object_aggregation,number,1.0434058730024844,False,False
heico__2405194,0025 - Heico - Sigma - 6.avi,True,False,object_identification,fo_class,1.068662306992337,False,True
heico__2405195,0025 - Heico - Sigma - 6.avi,True,False,object_identification,fo_class,1.0125329340808094,False,True
heico__2413978,0025 - Heico - Sigma - 6.avi,True,False,object_aggregation,binary,1.0177145199850202,False,True
heico__2405872,0025 - Heico - Sigma - 6.avi,True,False,object_identification,fo_class,1.0001759361475706,False,True
heico__2409555,0025 - Heico - Sigma - 6.avi,True,False,object_aggregation,number,1.0697264049667865,False,False
heico__2405873,0025 - Heico - Sigma - 6.avi,True,False,object_identification,fo_class,1.0304075160529464,False,True
heico__2411112,0025 - Heico - Sigma - 6.avi,True,False,object_aggregation,number,1.0843114461749792,False,False
heico__2405196,0025 - Heico - Sigma - 6.avi,True,False,object_identification,fo_class,1.023122695973143,False,True
heico__2409556,0025 - Heico - Sigma - 6.avi,True,False,object_aggregation,number,1.0615051849745214,False,True
heico__2405874,0025 - Heico - Sigma - 6.avi,True,False,object_identification,fo_class,1.0304343169555068,False,True
heico__2409760,0025 - Heico - Sigma - 6.avi,True,False,object_aggregation,number,1.0588469330687076,False,True
heico__2413980,0025 - Heico - Sigma - 6.avi,True,False,object_aggregation,binary,1.03984983288683,False,True
heico__2405197,0025 - Heico - Sigma - 6.avi,True,False,object_identification,fo_class,1.0698498231358826,False,True
heico__2409557,0025 - Heico - Sigma - 6.avi,True,False,object_aggregation,number,1.0395662931259722,False,True
heico__2411113,0025 - Heico - Sigma - 6.avi,True,False,object_aggregation,number,1.0004106860142201,False,False
heico__2409558,0025 - Heico - Sigma - 6.avi,True,False,object_aggregation,number,1.0705155320465565,False,True
heico__2411114,0025 - Heico - Sigma - 6.avi,True,False,object_aggregation,number,1.0187903069891036,False,False
heico__2409761,0025 - Heico - Sigma - 6.avi,True,False,object_aggregation,number,1.0602840490173548,False,True
heico__2405875,0025 - Heico - Sigma - 6.avi,True,False,object_identification,fo_class,1.2085946509614587,False,False
heico__2405198,0025 - Heico - Sigma - 6.avi,True,False,object_identification,fo_class,1.1448241078760475,False,False
heico__2409762,0025 - Heico - Sigma - 6.avi,True,False,object_aggregation,number,1.0475162719376385,False,True
heico__2405876,0025 - Heico - Sigma - 6.avi,True,False,object_identification,fo_class,1.054075935157016,False,True
heico__2413982,0025 - Heico - Sigma - 6.avi,True,False,object_aggregation,binary,0.9851434950251132,False,True
heico__2405200,0025 - Heico - Sigma - 6.avi,True,False,object_identification,fo_class,1.0810787538066506,False,True
heico__2413983,0025 - Heico - Sigma - 6.avi,True,False,object_aggregation,binary,1.00871881400235,False,True
heico__2409560,0025 - Heico - Sigma - 6.avi,True,False,object_aggregation,number,1.0808564249891788,False,True
heico__2405877,0025 - Heico - Sigma - 6.avi,True,False,object_identification,fo_class,1.0388240651227534,False,True
heico__2411116,0025 - Heico - Sigma - 6.avi,True,False,object_aggregation,number,1.0745780309662223,False,False
heico__2405201,0025 - Heico - Sigma - 6.avi,True,False,object_identification,fo_class,1.0246243721339852,False,True
heico__2409764,0025 - Heico - Sigma - 6.avi,True,False,object_aggregation,number,1.0473232730291784,False,True
heico__2411117,0025 - Heico - Sigma - 6.avi,True,False,object_aggregation,number,1.0449086390435696,False,False
heico__2405878,0025 - Heico - Sigma - 6.avi,True,False,object_identification,fo_class,1.0804075559135526,False,True
heico__2413984,0025 - Heico - Sigma - 6.avi,True,False,object_aggregation,binary,1.017893258947879,False,True
heico__2405879,0025 - Heico - Sigma - 6.avi,True,False,object_identification,fo_class,1.062784283189103,False,True
heico__2413985,0025 - Heico - Sigma - 6.avi,True,False,object_aggregation,binary,1.0181304491125047,False,True
heico__2411118,0025 - Heico - Sigma - 6.avi,True,False,object_aggregation,number,1.0277617229148746,False,False
heico__2405880,0025 - Heico - Sigma - 6.avi,True,False,object_identification,fo_class,1.0633253210689873,False,True
heico__2409766,0025 - Heico - Sigma - 6.avi,True,False,object_aggregation,number,1.0175746211316437,False,True
heico__2411119,0025 - Heico - Sigma - 6.avi,True,False,object_aggregation,number,1.0824360910337418,False,False
heico__2413987,0025 - Heico - Sigma - 6.avi,True,False,object_aggregation,binary,1.0277262039016932,False,True
heico__2405881,0025 - Heico - Sigma - 6.avi,True,False,object_identification,fo_class,1.2925085220485926,False,True
heico__2409767,0025 - Heico - Sigma - 6.avi,True,False,object_aggregation,number,1.4900930849835277,False,True
heico__2411120,0025 - Heico - Sigma - 6.avi,True,False,object_aggregation,number,1.2293000069912523,False,True
heico__2405204,0025 - Heico - Sigma - 6.avi,True,False,object_identification,fo_class,1.0610143272206187,False,True
heico__2413988,0025 - Heico - Sigma - 6.avi,True,False,object_aggregation,binary,1.036950970068574,False,True
heico__2409565,0025 - Heico - Sigma - 6.avi,True,False,object_aggregation,number,1.0707790618762374,False,True
heico__2409768,0025 - Heico - Sigma - 6.avi,True,False,object_aggregation,number,1.081127115059644,False,True
heico__2411121,0025 - Heico - Sigma - 6.avi,True,False,object_aggregation,number,1.0383731359615922,False,False
heico__2405883,0025 - Heico - Sigma - 6.avi,True,False,object_identification,fo_class,1.0718672380317003,False,True
heico__2409566,0025 - Heico - Sigma - 6.avi,True,False,object_aggregation,number,1.0185914679896086,False,True
heico__2411122,0025 - Heico - Sigma - 6.avi,True,False,object_aggregation,number,1.0808870350010693,False,False
heico__2409770,0025 - Heico - Sigma - 6.avi,True,False,object_aggregation,number,1.0191064060200006,False,True
heico__2405207,0025 - Heico - Sigma - 6.avi,True,False,object_identification,fo_class,1.089999461080879,False,True
heico__2405884,0025 - Heico - Sigma - 6.avi,True,False,object_identification,fo_class,1.0293758700136095,False,True
heico__2409568,0025 - Heico - Sigma - 6.avi,True,False,object_aggregation,number,1.0688113460782915,False,True
heico__2409771,0025 - Heico - Sigma - 6.avi,True,False,object_aggregation,number,1.0252045311499387,False,True
heico__2405885,0025 - Heico - Sigma - 6.avi,True,False,object_identification,fo_class,1.055067241890356,False,True
heico__2405886,0025 - Heico - Sigma - 6.avi,True,False,object_identification,fo_class,1.0863877201918513,False,False
heico__2409569,0025 - Heico - Sigma - 6.avi,True,False,object_aggregation,number,1.0428053750656545,False,True
heico__2405209,0025 - Heico - Sigma - 6.avi,True,False,object_identification,fo_class,1.1385734039358795,False,False
heico__2409773,0025 - Heico - Sigma - 6.avi,True,False,object_aggregation,number,1.025908597977832,False,True
heico__2405210,0025 - Heico - Sigma - 6.avi,True,False,object_identification,fo_class,1.0556737009901553,False,True
heico__2411126,0025 - Heico - Sigma - 6.avi,True,False,object_aggregation,number,1.0617865349631757,False,False
heico__2405211,0025 - Heico - Sigma - 6.avi,True,False,object_identification,fo_class,1.0191583058331162,False,True
heico__2409774,0025 - Heico - Sigma - 6.avi,True,False,object_aggregation,number,1.0203922030050308,False,True
heico__2405888,0025 - Heico - Sigma - 6.avi,True,False,object_identification,fo_class,1.0216623598244041,False,True
heico__2411128,0025 - Heico - Sigma - 6.avi,True,False,object_aggregation,number,1.0377011878881603,False,False
heico__2409775,0025 - Heico - Sigma - 6.avi,True,False,object_aggregation,number,1.0185161079280078,False,True
heico__2413995,0025 - Heico - Sigma - 6.avi,True,False,object_aggregation,binary,1.2833850751630962,False,True
heico__2409572,0025 - Heico - Sigma - 6.avi,True,False,object_aggregation,number,1.0378477880731225,False,True
heico__2405212,0025 - Heico - Sigma - 6.avi,True,False,object_identification,fo_class,1.0620863139629364,False,True
heico__2413996,0025 - Heico - Sigma - 6.avi,True,False,object_aggregation,binary,1.017954088980332,False,True
heico__2409573,0025 - Heico - Sigma - 6.avi,True,False,object_aggregation,number,1.0566471291240305,False,True
heico__2405213,0025 - Heico - Sigma - 6.avi,True,False,object_identification,fo_class,1.0259617581032217,False,True
heico__2405214,0025 - Heico - Sigma - 6.avi,True,False,object_identification,fo_class,1.0170640319120139,False,True
heico__2405891,0025 - Heico - Sigma - 6.avi,True,False,object_identification,fo_class,1.0914860269986093,False,True
heico__2409574,0025 - Heico - Sigma - 6.avi,True,False,object_aggregation,number,1.0201569239143282,False,False
heico__2405892,0025 - Heico - Sigma - 6.avi,True,False,object_identification,fo_class,1.0159108638763428,False,True
heico__2411131,0025 - Heico - Sigma - 6.avi,True,False,object_aggregation,number,0.9847102470230311,False,False
heico__2405216,0025 - Heico - Sigma - 6.avi,True,False,object_identification,fo_class,1.0696628938894719,False,True
heico__2413999,0025 - Heico - Sigma - 6.avi,True,False,object_aggregation,binary,1.0304018468596041,False,True
heico__2409576,0025 - Heico - Sigma - 6.avi,True,False,object_aggregation,number,1.0597428700421005,False,False
heico__2405893,0025 - Heico - Sigma - 6.avi,True,False,object_identification,fo_class,1.092498764861375,False,True
heico__2405894,0025 - Heico - Sigma - 6.avi,True,False,object_identification,fo_class,1.0262702668551356,False,True
heico__2405217,0025 - Heico - Sigma - 6.avi,True,False,object_identification,fo_class,1.000887623988092,False,True
heico__2414000,0025 - Heico - Sigma - 6.avi,True,False,object_aggregation,binary,1.0195382959209383,False,True
heico__2409781,0025 - Heico - Sigma - 6.avi,True,False,object_aggregation,number,1.0602432789746672,False,True
heico__2405895,0025 - Heico - Sigma - 6.avi,True,False,object_identification,fo_class,1.0176730710081756,False,True
heico__2405218,0025 - Heico - Sigma - 6.avi,True,False,object_identification,fo_class,1.0237550840247422,False,True
heico__2414001,0025 - Heico - Sigma - 6.avi,True,False,object_aggregation,binary,1.0531204568687826,False,True
heico__2411134,0025 - Heico - Sigma - 6.avi,True,False,object_aggregation,number,1.0323481319937855,False,False
heico__2411135,0025 - Heico - Sigma - 6.avi,True,False,object_aggregation,number,1.0843623459804803,False,False
heico__2405219,0025 - Heico - Sigma - 6.avi,True,False,object_identification,fo_class,1.0278649230021983,False,True
heico__2409579,0025 - Heico - Sigma - 6.avi,True,False,object_aggregation,number,1.0606610979884863,False,False
heico__2405896,0025 - Heico - Sigma - 6.avi,True,False,object_identification,fo_class,1.0408016298897564,False,True
heico__2411136,0025 - Heico - Sigma - 6.avi,True,False,object_aggregation,number,1.0514808821026236,False,False
heico__2405897,0025 - Heico - Sigma - 6.avi,True,False,object_identification,fo_class,1.0476968109142035,False,True
heico__2405220,0025 - Heico - Sigma - 6.avi,True,False,object_identification,fo_class,1.069987463997677,False,True
heico__2414004,0025 - Heico - Sigma - 6.avi,True,False,object_aggregation,binary,1.0242537530139089,False,True
heico__2405221,0025 - Heico - Sigma - 6.avi,True,False,object_identification,fo_class,1.166220171842724,False,True
heico__2409784,0025 - Heico - Sigma - 6.avi,True,False,object_aggregation,number,1.2198125219438225,False,True
heico__2405898,0025 - Heico - Sigma - 6.avi,True,False,object_identification,fo_class,1.368860712973401,False,True
heico__2409785,0025 - Heico - Sigma - 6.avi,True,False,object_aggregation,number,1.2595954979769886,False,True
heico__2414005,0025 - Heico - Sigma - 6.avi,True,False,object_aggregation,binary,1.043608752079308,False,True
heico__2405222,0025 - Heico - Sigma - 6.avi,True,False,object_identification,fo_class,1.1044737428892404,False,False
heico__2405899,0025 - Heico - Sigma - 6.avi,True,False,object_identification,fo_class,1.0244400731753558,False,True
heico__2409583,0025 - Heico - Sigma - 6.avi,True,False,object_aggregation,number,1.0115226958878338,False,True
heico__2409786,0025 - Heico - Sigma - 6.avi,True,False,object_aggregation,number,1.0845530650112778,False,True
heico__2405223,0025 - Heico - Sigma - 6.avi,True,False,object_identification,fo_class,1.030356187140569,False,True
heico__2405900,0025 - Heico - Sigma - 6.avi,True,False,object_identification,fo_class,1.0609335470944643,False,True
heico__2414006,0025 - Heico - Sigma - 6.avi,True,False,object_aggregation,binary,1.0313858140725642,False,True
heico__2405902,0025 - Heico - Sigma - 6.avi,True,False,object_identification,fo_class,1.2101510979700834,False,False
heico__2405225,0025 - Heico - Sigma - 6.avi,True,False,object_identification,fo_class,1.0447936991695315,False,True
heico__2405226,0025 - Heico - Sigma - 6.avi,True,False,object_identification,fo_class,1.0995685360394418,False,False
heico__2405903,0025 - Heico - Sigma - 6.avi,True,False,object_identification,fo_class,1.16375851794146,False,False
heico__2411142,0025 - Heico - Sigma - 6.avi,True,False,object_aggregation,number,0.9697819361463189,False,False
heico__2405904,0025 - Heico - Sigma - 6.avi,True,False,object_identification,fo_class,1.0114800860174,False,True
heico__2405227,0025 - Heico - Sigma - 6.avi,True,False,object_identification,fo_class,1.0550284630153328,False,True
heico__2405228,0025 - Heico - Sigma - 6.avi,True,False,object_identification,fo_class,1.0334399389103055,False,True
heico__2405905,0025 - Heico - Sigma - 6.avi,True,False,object_identification,fo_class,1.066866691922769,False,True
heico__2409588,0025 - Heico - Sigma - 6.avi,True,False,object_aggregation,number,1.0956967959646136,False,False
heico__2409792,0025 - Heico - Sigma - 6.avi,True,False,object_aggregation,number,1.0372648590710014,False,True
heico__2405906,0025 - Heico - Sigma - 6.avi,True,False,object_identification,fo_class,1.0668121022172272,False,True
heico__2405229,0025 - Heico - Sigma - 6.avi,True,False,object_identification,fo_class,1.044284869916737,False,True
heico__2405907,0025 - Heico - Sigma - 6.avi,True,False,object_identification,fo_class,1.0799260879866779,False,True
heico__2405230,0025 - Heico - Sigma - 6.avi,True,False,object_identification,fo_class,1.1544192130677402,False,False
heico__2409793,0025 - Heico - Sigma - 6.avi,True,False,object_aggregation,number,1.0440780711360276,False,True
heico__2405908,0025 - Heico - Sigma - 6.avi,True,False,object_identification,fo_class,1.0208706718403846,False,True
heico__2405231,0025 - Heico - Sigma - 6.avi,True,False,object_identification,fo_class,1.0898540411144495,False,True
heico__2409591,0025 - Heico - Sigma - 6.avi,True,False,object_aggregation,number,1.0806040959432721,False,False
heico__2405232,0025 - Heico - Sigma - 6.avi,True,False,object_identification,fo_class,1.038388455985114,False,True
heico__2405909,0025 - Heico - Sigma - 6.avi,True,False,object_identification,fo_class,1.1639436080586165,False,True
heico__2414015,0025 - Heico - Sigma - 6.avi,True,False,object_aggregation,binary,1.0835897580254823,False,True
heico__2405233,0025 - Heico - Sigma - 6.avi,True,False,object_identification,fo_class,1.033564317971468,False,True
heico__2405910,0025 - Heico - Sigma - 6.avi,True,False,object_identification,fo_class,1.2674767668358982,False,False
heico__2405234,0025 - Heico - Sigma - 6.avi,True,False,object_identification,fo_class,1.043811112176627,False,True
heico__2405911,0025 - Heico - Sigma - 6.avi,True,False,object_identification,fo_class,1.113829419016838,False,True
heico__2405235,0025 - Heico - Sigma - 6.avi,True,False,object_identification,fo_class,1.1201548320241272,False,False
heico__2405912,0025 - Heico - Sigma - 6.avi,True,False,object_identification,fo_class,1.2033358248881996,False,False
heico__2411151,0025 - Heico - Sigma - 6.avi,True,False,object_aggregation,number,1.0427211648784578,False,False
heico__2409798,0025 - Heico - Sigma - 6.avi,True,False,object_aggregation,number,1.0065646790899336,False,True
heico__2405236,0025 - Heico - Sigma - 6.avi,True,False,object_identification,fo_class,1.2480965480208397,False,False
heico__2405913,0025 - Heico - Sigma - 6.avi,True,False,object_identification,fo_class,1.1481900389771909,False,False
heico__2409596,0025 - Heico - Sigma - 6.avi,True,False,object_aggregation,number,1.0248606109526008,False,False
heico__2410950,0025 - Heico - Sigma - 6.avi,True,False,object_aggregation,number,1.0524032800458372,False,True
heico__2410951,0025 - Heico - Sigma - 6.avi,True,False,object_aggregation,number,1.0283098320942372,False,True
heico__2414021,0025 - Heico - Sigma - 6.avi,True,False,object_aggregation,binary,1.0807318550068885,False,False
heico__2405238,0025 - Heico - Sigma - 6.avi,True,False,object_identification,fo_class,1.2577905531506985,False,True
heico__2405916,0025 - Heico - Sigma - 6.avi,True,False,object_identification,fo_class,1.103424046188593,False,True
heico__2409599,0025 - Heico - Sigma - 6.avi,True,False,object_aggregation,number,1.0578251951374114,False,True
heico__2410953,0025 - Heico - Sigma - 6.avi,True,False,object_aggregation,number,1.0814710238482803,False,True
heico__2414023,0025 - Heico - Sigma - 6.avi,True,False,object_aggregation,binary,1.0298897279426455,False,True
heico__2409601,0025 - Heico - Sigma - 6.avi,True,False,object_aggregation,number,1.361921849893406,False,True
heico__2405244,0025 - Heico - Sigma - 6.avi,True,False,object_identification,fo_class,1.2883360229898244,False,True
heico__2414027,0025 - Heico - Sigma - 6.avi,True,False,object_aggregation,binary,1.4217752038966864,False,True
heico__2405246,0025 - Heico - Sigma - 6.avi,True,False,object_identification,fo_class,1.3772420899476856,False,True
heico__2405248,0025 - Heico - Sigma - 6.avi,True,False,object_identification,fo_class,1.5579840680584311,False,False
heico__2409811,0025 - Heico - Sigma - 6.avi,True,False,object_aggregation,number,1.5483483341522515,False,False
heico__2405925,0025 - Heico - Sigma - 6.avi,True,False,object_identification,fo_class,1.6307507071178406,False,False
heico__2414032,0025 - Heico - Sigma - 6.avi,True,False,object_aggregation,binary,1.484196431003511,False,True
heico__2405250,0025 - Heico - Sigma - 6.avi,True,False,object_identification,fo_class,1.1541583240032196,False,True
heico__2414033,0025 - Heico - Sigma - 6.avi,True,False,object_aggregation,binary,1.0449187189806253,False,True
heico__2405927,0025 - Heico - Sigma - 6.avi,True,False,object_identification,fo_class,1.0855560030322522,False,True
heico__2409817,0025 - Heico - Sigma - 6.avi,True,False,object_aggregation,number,1.0439270520582795,False,False
heico__2405933,0025 - Heico - Sigma - 6.avi,True,False,object_identification,fo_class,1.1585858319886029,False,True
heico__2409616,0025 - Heico - Sigma - 6.avi,True,False,object_aggregation,number,1.042025025933981,False,False
heico__2409819,0025 - Heico - Sigma - 6.avi,True,False,object_aggregation,number,1.0595883908681571,False,False
heico__2405257,0025 - Heico - Sigma - 6.avi,True,False,object_identification,fo_class,1.096673343097791,False,True
heico__2409618,0025 - Heico - Sigma - 6.avi,True,False,object_aggregation,number,1.0422079861164093,False,False
heico__2432598,0025 - Heico - Sigma - 6.avi,True,False,spatial_localization_camera,multiple_choice,1.1123458228539675,False,False
heico__2420111,0025 - Heico - Sigma - 6.avi,True,False,spatial_localization_camera,open_ended,1.339368369197473,False,True
heico__2423384,0025 - Heico - Sigma - 6.avi,True,False,object_identification,fo_class,1.0473148529417813,False,False
heico__2405258,0025 - Heico - Sigma - 6.avi,True,False,object_identification,fo_class,1.0563937888946384,False,False
heico__2432599,0025 - Heico - Sigma - 6.avi,True,False,spatial_localization_camera,multiple_choice,1.0895142632070929,False,True
heico__2423385,0025 - Heico - Sigma - 6.avi,True,False,object_identification,fo_class,1.1099441880360246,False,True
heico__2420112,0025 - Heico - Sigma - 6.avi,True,False,spatial_localization_camera,open_ended,1.3695807710755616,False,True
heico__2414042,0025 - Heico - Sigma - 6.avi,True,False,object_aggregation,binary,1.0365872711408883,False,False
heico__2432600,0025 - Heico - Sigma - 6.avi,True,False,spatial_localization_camera,multiple_choice,1.0960768349468708,False,True
heico__2420113,0025 - Heico - Sigma - 6.avi,True,False,spatial_localization_camera,open_ended,1.3243169491179287,False,True
heico__2423386,0025 - Heico - Sigma - 6.avi,True,False,object_identification,fo_class,1.0169061818160117,False,False
heico__2410975,0025 - Heico - Sigma - 6.avi,True,False,object_aggregation,number,1.0618910240009427,False,False
heico__2409825,0025 - Heico - Sigma - 6.avi,True,False,object_aggregation,number,1.040789240039885,False,True
heico__2681431,0025 - Heico - Sigma - 6.avi,True,False,object_identification,open_ended,1.1820303010754287,False,True
heico__2420114,0025 - Heico - Sigma - 6.avi,True,False,spatial_localization_camera,open_ended,1.3698607089463621,False,True
heico__2405943,0025 - Heico - Sigma - 6.avi,True,False,object_identification,fo_class,1.093749111983925,False,True
heico__2423387,0025 - Heico - Sigma - 6.avi,True,False,object_identification,fo_class,1.1442014889325947,False,False
heico__2432601,0025 - Heico - Sigma - 6.avi,True,False,spatial_localization_camera,multiple_choice,1.1246383611578494,False,False
heico__2410980,0025 - Heico - Sigma - 6.avi,True,False,object_aggregation,number,1.0540811950340867,False,False
heico__2420115,0025 - Heico - Sigma - 6.avi,True,False,spatial_localization_camera,open_ended,1.287405545823276,False,False
heico__2405945,0025 - Heico - Sigma - 6.avi,True,False,object_identification,fo_class,1.0880253659561276,False,True
heico__2405946,0025 - Heico - Sigma - 6.avi,True,False,object_identification,fo_class,1.2165547900367528,False,False
heico__2405271,0025 - Heico - Sigma - 6.avi,True,False,object_identification,fo_class,1.183006658218801,False,True
heico__2414054,0025 - Heico - Sigma - 6.avi,True,False,object_aggregation,binary,1.127146514132619,False,False
heico__2405272,0025 - Heico - Sigma - 6.avi,True,False,object_identification,fo_class,1.099137508077547,False,True
heico__2410985,0025 - Heico - Sigma - 6.avi,True,False,object_aggregation,number,1.0302569079212844,False,True
heico__2420116,0025 - Heico - Sigma - 6.avi,True,False,spatial_localization_camera,open_ended,1.4061053551267833,False,True
heico__2405275,0025 - Heico - Sigma - 6.avi,True,False,object_identification,fo_class,1.1090055310633034,False,True
heico__2420117,0025 - Heico - Sigma - 6.avi,True,False,spatial_localization_camera,open_ended,1.3907415450084955,False,True
heico__2414059,0025 - Heico - Sigma - 6.avi,True,False,object_aggregation,binary,1.0623285840265453,False,False
heico__2405276,0025 - Heico - Sigma - 6.avi,True,False,object_identification,fo_class,1.0775738630909473,False,True
heico__2432602,0025 - Heico - Sigma - 6.avi,True,False,spatial_localization_camera,multiple_choice,1.1077919048257172,False,True
heico__2423388,0025 - Heico - Sigma - 6.avi,True,False,object_identification,fo_class,1.1002665138803422,False,True
heico__2420118,0025 - Heico - Sigma - 6.avi,True,False,spatial_localization_camera,open_ended,1.3826093960087746,False,True
heico__2405277,0025 - Heico - Sigma - 6.avi,True,False,object_identification,fo_class,1.0966404639184475,False,True
heico__2432603,0025 - Heico - Sigma - 6.avi,True,False,spatial_localization_camera,multiple_choice,1.0990407881326973,False,True
heico__2423393,0025 - Heico - Sigma - 6.avi,True,False,object_identification,fo_class,1.0929306528996676,False,True
heico__2420119,0025 - Heico - Sigma - 6.avi,True,False,spatial_localization_camera,open_ended,1.3800867130048573,False,True
heico__2414061,0025 - Heico - Sigma - 6.avi,True,False,object_aggregation,binary,1.0721382480114698,False,True
heico__2410991,0025 - Heico - Sigma - 6.avi,True,False,object_aggregation,number,1.0204151128418744,False,False
heico__2409841,0025 - Heico - Sigma - 6.avi,True,False,object_aggregation,number,1.0250553409568965,False,False
heico__2409639,0025 - Heico - Sigma - 6.avi,True,False,object_aggregation,number,1.0463409849908203,False,False
heico__2405280,0025 - Heico - Sigma - 6.avi,True,False,object_identification,fo_class,1.0167422730010003,False,False
heico__2405281,0025 - Heico - Sigma - 6.avi,True,False,object_identification,fo_class,1.1371357480529696,False,True
heico__2410995,0025 - Heico - Sigma - 6.avi,True,False,object_aggregation,number,1.0541192640084773,False,False
heico__2405959,0025 - Heico - Sigma - 6.avi,True,False,object_identification,fo_class,1.392912910087034,False,False
heico__2410996,0025 - Heico - Sigma - 6.avi,True,False,object_aggregation,number,1.4006762788631022,False,False
heico__2405284,0025 - Heico - Sigma - 6.avi,True,False,object_identification,fo_class,1.142037184908986,False,True
heico__2405286,0025 - Heico - Sigma - 6.avi,True,False,object_identification,fo_class,1.132745869923383,False,True
heico__2409647,0025 - Heico - Sigma - 6.avi,True,False,object_aggregation,number,1.0414008579682559,False,False
heico__2414070,0025 - Heico - Sigma - 6.avi,True,False,object_aggregation,binary,1.0195681450422853,False,False
heico__2405288,0025 - Heico - Sigma - 6.avi,True,False,object_identification,fo_class,1.102638877928257,False,True
heico__2405289,0025 - Heico - Sigma - 6.avi,True,False,object_identification,fo_class,1.1048026019707322,False,True
heico__2409852,0025 - Heico - Sigma - 6.avi,True,False,object_aggregation,number,1.0635130009613931,False,False
heico__2405967,0025 - Heico - Sigma - 6.avi,True,False,object_identification,fo_class,1.0565007680561393,False,True
heico__2411005,0025 - Heico - Sigma - 6.avi,True,False,object_aggregation,number,1.0442017009481788,False,False
heico__2414075,0025 - Heico - Sigma - 6.avi,True,False,object_aggregation,binary,1.0087190540507436,False,True
heico__2414076,0025 - Heico - Sigma - 6.avi,True,False,object_aggregation,binary,1.0891380531247705,False,True
heico__2409654,0025 - Heico - Sigma - 6.avi,True,False,object_aggregation,number,1.0212415009737015,False,True
heico__2405295,0025 - Heico - Sigma - 6.avi,True,False,object_identification,fo_class,1.0662861629389226,False,True
heico__2409860,0025 - Heico - Sigma - 6.avi,True,False,object_aggregation,number,1.0347433150745928,False,True
heico__2405297,0025 - Heico - Sigma - 6.avi,True,False,object_identification,fo_class,1.1815613419748843,False,False
heico__2423389,0025 - Heico - Sigma - 6.avi,True,False,object_identification,fo_class,1.1189056460279971,False,False
heico__2432604,0025 - Heico - Sigma - 6.avi,True,False,spatial_localization_camera,multiple_choice,1.1440298198722303,False,True
heico__2420120,0025 - Heico - Sigma - 6.avi,True,False,spatial_localization_camera,open_ended,1.3054450578056276,False,True
heico__2405977,0025 - Heico - Sigma - 6.avi,True,False,object_identification,fo_class,1.1067890769336373,False,False
heico__2414084,0025 - Heico - Sigma - 6.avi,True,False,object_aggregation,binary,1.0232320760842413,False,True
heico__2405978,0025 - Heico - Sigma - 6.avi,True,False,object_identification,fo_class,1.1291287078056484,False,False
heico__2405980,0025 - Heico - Sigma - 6.avi,True,False,object_identification,fo_class,1.1270212549716234,False,False
heico__2405304,0025 - Heico - Sigma - 6.avi,True,False,object_identification,fo_class,1.0779853018466383,False,False
heico__2405982,0025 - Heico - Sigma - 6.avi,True,False,object_identification,fo_class,1.0422483959700912,False,False
heico__2414088,0025 - Heico - Sigma - 6.avi,True,False,object_aggregation,binary,1.0518251608591527,False,True
heico__2405984,0025 - Heico - Sigma - 6.avi,True,False,object_identification,fo_class,1.037756117992103,False,True
heico__2409667,0025 - Heico - Sigma - 6.avi,True,False,object_aggregation,number,1.0329427500255406,False,True
heico__2405307,0025 - Heico - Sigma - 6.avi,True,False,object_identification,fo_class,1.056471518939361,False,True
heico__2405309,0025 - Heico - Sigma - 6.avi,True,False,object_identification,fo_class,1.0806354151573032,False,True
heico__2411022,0025 - Heico - Sigma - 6.avi,True,False,object_aggregation,number,1.053403037134558,False,True
heico__2414093,0025 - Heico - Sigma - 6.avi,True,False,object_aggregation,binary,1.0106774079613388,False,False
heico__2405311,0025 - Heico - Sigma - 6.avi,True,False,object_identification,fo_class,1.1453091269358993,False,True
heico__2409671,0025 - Heico - Sigma - 6.avi,True,False,object_aggregation,number,1.0543270939961076,False,False
heico__2405989,0025 - Heico - Sigma - 6.avi,True,False,object_identification,fo_class,1.0753030898049474,False,True
heico__2420121,0025 - Heico - Sigma - 6.avi,True,False,spatial_localization_camera,open_ended,1.370228037936613,False,True
heico__2405317,0025 - Heico - Sigma - 6.avi,True,False,object_identification,fo_class,1.0857289228588343,False,True
heico__2414100,0025 - Heico - Sigma - 6.avi,True,False,object_aggregation,binary,1.058422232978046,False,False
heico__2409678,0025 - Heico - Sigma - 6.avi,True,False,object_aggregation,number,1.0113188968971372,False,False
heico__2405319,0025 - Heico - Sigma - 6.avi,True,False,object_identification,fo_class,1.264625475043431,False,True
heico__2405996,0025 - Heico - Sigma - 6.avi,True,False,object_identification,fo_class,1.110708937048912,False,True
heico__2405997,0025 - Heico - Sigma - 6.avi,True,False,object_identification,fo_class,1.0993633358739316,False,True
heico__2409680,0025 - Heico - Sigma - 6.avi,True,False,object_aggregation,number,1.0240691429935396,False,False
heico__2405321,0025 - Heico - Sigma - 6.avi,True,False,object_identification,fo_class,1.075302089098841,False,True
heico__2405999,0025 - Heico - Sigma - 6.avi,True,False,object_identification,fo_class,1.1031432070303708,False,True
heico__2405322,0025 - Heico - Sigma - 6.avi,True,False,object_identification,fo_class,1.0874254181981087,False,True
heico__2409885,0025 - Heico - Sigma - 6.avi,True,False,object_aggregation,number,1.1261821871157736,False,False
heico__2409886,0025 - Heico - Sigma - 6.avi,True,False,object_aggregation,number,1.024838011013344,False,False
heico__2406000,0025 - Heico - Sigma - 6.avi,True,False,object_identification,fo_class,1.1985239570494741,False,False
heico__2405324,0025 - Heico - Sigma - 6.avi,True,False,object_identification,fo_class,1.1151334859896451,False,True
heico__2414107,0025 - Heico - Sigma - 6.avi,True,False,object_aggregation,binary,0.9970378640573472,False,False
heico__2411037,0025 - Heico - Sigma - 6.avi,True,False,object_aggregation,number,0.9922171169891953,False,True
heico__2409887,0025 - Heico - Sigma - 6.avi,True,False,object_aggregation,number,1.1079035138245672,False,False
heico__2406003,0025 - Heico - Sigma - 6.avi,True,False,object_identification,fo_class,1.292717961128801,False,False
heico__2405326,0025 - Heico - Sigma - 6.avi,True,False,object_identification,fo_class,1.053564737085253,False,True
heico__2411039,0025 - Heico - Sigma - 6.avi,True,False,object_aggregation,number,1.046606884105131,False,True
heico__2405328,0025 - Heico - Sigma - 6.avi,True,False,object_identification,fo_class,1.1099826188292354,False,True
heico__2405329,0025 - Heico - Sigma - 6.avi,True,False,object_identification,fo_class,1.4252311349846423,False,True
heico__2405330,0025 - Heico - Sigma - 6.avi,True,False,object_identification,fo_class,1.408110599964857,False,True
heico__2406007,0025 - Heico - Sigma - 6.avi,True,False,object_identification,fo_class,1.168413866776973,False,True
heico__2406010,0025 - Heico - Sigma - 6.avi,True,False,object_identification,fo_class,1.11297740903683,False,True
heico__2420122,0025 - Heico - Sigma - 6.avi,True,False,spatial_localization_camera,open_ended,1.3152389819733799,False,True
heico__2409696,0025 - Heico - Sigma - 6.avi,True,False,object_aggregation,number,1.0474662820342928,False,True
heico__2406013,0025 - Heico - Sigma - 6.avi,True,False,object_identification,fo_class,1.1271261440124363,False,True
heico__2420123,0025 - Heico - Sigma - 6.avi,True,False,spatial_localization_camera,open_ended,1.255078149959445,False,True
heico__2405337,0025 - Heico - Sigma - 6.avi,True,False,object_identification,fo_class,1.0921546649187803,False,True
heico__2409900,0025 - Heico - Sigma - 6.avi,True,False,object_aggregation,number,1.0248621518258005,False,True
heico__2406017,0025 - Heico - Sigma - 6.avi,True,False,object_identification,fo_class,1.3666907181032002,False,True
heico__2409701,0025 - Heico - Sigma - 6.avi,True,False,object_aggregation,number,1.0341577571816742,False,False
heico__2409904,0025 - Heico - Sigma - 6.avi,True,False,object_aggregation,number,1.080539335962385,False,False
heico__2409905,0025 - Heico - Sigma - 6.avi,True,False,object_aggregation,number,1.0189671360421926,False,False
heico__2406019,0025 - Heico - Sigma - 6.avi,True,False,object_identification,fo_class,1.1367782289162278,False,True
heico__2406020,0025 - Heico - Sigma - 6.avi,True,False,object_identification,fo_class,1.1139064389280975,False,True
heico__2406021,0025 - Heico - Sigma - 6.avi,True,False,object_identification,fo_class,1.086025240831077,False,True
heico__2405344,0025 - Heico - Sigma - 6.avi,True,False,object_identification,fo_class,1.0997732861433178,False,True
heico__2411058,0025 - Heico - Sigma - 6.avi,True,False,object_aggregation,number,1.0448814190458506,False,True
heico__2405346,0025 - Heico - Sigma - 6.avi,True,False,object_identification,fo_class,1.0864346500020474,False,True
heico__2406023,0025 - Heico - Sigma - 6.avi,True,False,object_identification,fo_class,1.079445559065789,False,True
heico__2409910,0025 - Heico - Sigma - 6.avi,True,False,object_aggregation,number,1.1351391628850251,False,False
heico__2411060,0025 - Heico - Sigma - 6.avi,True,False,object_aggregation,number,1.0297923889011145,False,True
heico__2414131,0025 - Heico - Sigma - 6.avi,True,False,object_aggregation,binary,1.058091334067285,False,False
heico__2420124,0025 - Heico - Sigma - 6.avi,True,False,spatial_localization_camera,open_ended,1.3098087769467384,False,True
heico__2414132,0025 - Heico - Sigma - 6.avi,True,False,object_aggregation,binary,1.1187280861195177,False,True
heico__2406026,0025 - Heico - Sigma - 6.avi,True,False,object_identification,fo_class,1.1823335888329893,False,False
heico__2409709,0025 - Heico - Sigma - 6.avi,True,False,object_aggregation,number,1.3151661229785532,False,True
heico__2432605,0025 - Heico - Sigma - 6.avi,True,False,spatial_localization_camera,multiple_choice,1.3433208488859236,False,True
heico__2420125,0025 - Heico - Sigma - 6.avi,True,False,spatial_localization_camera,open_ended,1.5972476250026375,False,True
heico__2423390,0025 - Heico - Sigma - 6.avi,True,False,object_identification,fo_class,1.2384482040069997,False,True
heico__2406028,0025 - Heico - Sigma - 6.avi,True,False,object_identification,fo_class,1.2804725239984691,False,True
heico__2405352,0025 - Heico - Sigma - 6.avi,True,False,object_identification,fo_class,1.3085725598502904,False,True
heico__2409713,0025 - Heico - Sigma - 6.avi,True,False,object_aggregation,number,1.2463433521334082,False,False
heico__2405353,0025 - Heico - Sigma - 6.avi,True,False,object_identification,fo_class,1.2638605770189315,False,True
heico__2681433,0025 - Heico - Sigma - 6.avi,True,False,object_attributes,open_ended,1.271860425826162,False,False
heico__2405354,0025 - Heico - Sigma - 6.avi,True,False,object_identification,fo_class,1.2949308950919658,False,True
heico__2406033,0025 - Heico - Sigma - 6.avi,True,False,object_identification,fo_class,1.1964796229731292,False,True
heico__2409920,0025 - Heico - Sigma - 6.avi,True,False,object_aggregation,number,1.0279262529220432,False,False
heico__2432606,0025 - Heico - Sigma - 6.avi,True,False,spatial_localization_camera,multiple_choice,1.0887509749736637,False,True
heico__2423394,0025 - Heico - Sigma - 6.avi,True,False,object_identification,fo_class,1.0115272160619497,False,False
heico__2405358,0025 - Heico - Sigma - 6.avi,True,False,object_identification,fo_class,1.0887469241861254,False,True
heico__2420126,0025 - Heico - Sigma - 6.avi,True,False,spatial_localization_camera,open_ended,1.7175122608896345,False,False
heico__2406035,0025 - Heico - Sigma - 6.avi,True,False,object_identification,fo_class,1.2126934409607202,False,False
heico__2411072,0025 - Heico - Sigma - 6.avi,True,False,object_aggregation,number,1.0056670010089874,False,True
heico__2409924,0025 - Heico - Sigma - 6.avi,True,False,object_aggregation,number,0.9982681509573013,False,False
heico__2405363,0025 - Heico - Sigma - 6.avi,True,False,object_identification,fo_class,1.0583251141943038,False,True
heico__2406041,0025 - Heico - Sigma - 6.avi,True,False,object_identification,fo_class,1.0788365800399333,False,True
heico__2406044,0025 - Heico - Sigma - 6.avi,True,False,object_identification,fo_class,1.0535128470510244,False,False
heico__2409930,0025 - Heico - Sigma - 6.avi,True,False,object_aggregation,number,1.017848689109087,False,True
heico__2411080,0025 - Heico - Sigma - 6.avi,True,False,object_aggregation,number,1.0724964570254087,False,False
heico__2405367,0025 - Heico - Sigma - 6.avi,True,False,object_identification,fo_class,1.0275071549694985,False,False
heico__2406046,0025 - Heico - Sigma - 6.avi,True,False,object_identification,fo_class,1.0772863540332764,False,True
heico__2411082,0025 - Heico - Sigma - 6.avi,True,False,object_aggregation,number,1.0223555979318917,False,True
heico__2423391,0025 - Heico - Sigma - 6.avi,True,False,object_identification,fo_class,1.1387133139651269,False,True
heico__2432607,0025 - Heico - Sigma - 6.avi,True,False,spatial_localization_camera,multiple_choice,1.3115875718649477,False,True
heico__2414154,0025 - Heico - Sigma - 6.avi,True,False,object_aggregation,binary,1.251574708148837,False,True
heico__2406048,0025 - Heico - Sigma - 6.avi,True,False,object_identification,fo_class,1.1564096680376679,False,True
heico__2420127,0025 - Heico - Sigma - 6.avi,True,False,spatial_localization_camera,open_ended,1.3435949478298426,False,True
heico__2409731,0025 - Heico - Sigma - 6.avi,True,False,object_aggregation,number,1.0119241948705167,False,True
heico__2423392,0025 - Heico - Sigma - 6.avi,True,False,object_identification,fo_class,1.1253908490762115,False,True
heico__2432608,0025 - Heico - Sigma - 6.avi,True,False,spatial_localization_camera,multiple_choice,1.0377751879859716,False,True
heico__2420128,0025 - Heico - Sigma - 6.avi,True,False,spatial_localization_camera,open_ended,1.2964236608240753,False,True
heico__2409732,0025 - Heico - Sigma - 6.avi,True,False,object_aggregation,number,1.0284591920208186,False,True
heico__2406050,0025 - Heico - Sigma - 6.avi,True,False,object_identification,fo_class,1.1229829650837928,False,True
heico__2414156,0025 - Heico - Sigma - 6.avi,True,False,object_aggregation,binary,1.004462945042178,False,False
heico__2406051,0025 - Heico - Sigma - 6.avi,True,False,object_identification,fo_class,1.0408804691396654,False,True
heico__2406052,0025 - Heico - Sigma - 6.avi,True,False,object_identification,fo_class,1.0782583819236606,False,True
heico__2405376,0025 - Heico - Sigma - 6.avi,True,False,object_identification,fo_class,1.0996386660262942,False,True
heico__2406053,0025 - Heico - Sigma - 6.avi,True,False,object_identification,fo_class,1.0889805238693953,False,True
heico__2409737,0025 - Heico - Sigma - 6.avi,True,False,object_aggregation,number,1.044459159951657,False,True
heico__2411091,0025 - Heico - Sigma - 6.avi,True,False,object_aggregation,number,1.0393451729323715,False,True
heico__2405379,0025 - Heico - Sigma - 6.avi,True,False,object_identification,fo_class,1.1176749190781265,False,True
heico__2409942,0025 - Heico - Sigma - 6.avi,True,False,object_aggregation,number,1.0448397789150476,False,True
heico__2409740,0025 - Heico - Sigma - 6.avi,True,False,object_aggregation,number,1.0072746479418129,False,True
heico__2406057,0025 - Heico - Sigma - 6.avi,True,False,object_identification,fo_class,1.067409269977361,False,True
heico__2432609,0025 - Heico - Sigma - 6.avi,True,False,spatial_localization_camera,multiple_choice,1.0888379539828748,False,True
heico__2423395,0025 - Heico - Sigma - 6.avi,True,False,object_identification,fo_class,1.137811386026442,False,False
heico__2406058,0025 - Heico - Sigma - 6.avi,True,False,object_identification,fo_class,1.1387529438361526,False,False
heico__2420129,0025 - Heico - Sigma - 6.avi,True,False,spatial_localization_camera,open_ended,1.349091273965314,False,False
heico__2406059,0025 - Heico - Sigma - 6.avi,True,False,object_identification,fo_class,1.098488989053294,False,True
heico__2409945,0025 - Heico - Sigma - 6.avi,True,False,object_aggregation,number,1.041420228080824,False,True
heico__2406062,0025 - Heico - Sigma - 6.avi,True,False,object_identification,fo_class,1.1117035339120775,False,True
heico__2405385,0025 - Heico - Sigma - 6.avi,True,False,object_identification,fo_class,1.0962758550886065,False,True
heico__2411099,0025 - Heico - Sigma - 6.avi,True,False,object_aggregation,number,0.9932982539758086,False,False
heico__2452350,0026 - Heico - Sigma - 7.avi,True,False,object_identification,fo_class,1.3270323108881712,False,False
heico__2458338,0026 - Heico - Sigma - 7.avi,True,False,object_aggregation,number,1.049285558052361,False,True
heico__2457840,0026 - Heico - Sigma - 7.avi,True,False,object_aggregation,number,1.0704359619412571,False,True
heico__2450811,0026 - Heico - Sigma - 7.avi,True,False,object_identification,fo_class,1.0851352140307426,False,True
heico__2465707,0026 - Heico - Sigma - 7.avi,True,False,object_aggregation,binary,1.0316345929168165,False,True
heico__2476717,0026 - Heico - Sigma - 7.avi,True,False,spatial_localization_camera,open_ended,1.3038023128174245,False,True
heico__2457843,0026 - Heico - Sigma - 7.avi,True,False,object_aggregation,number,1.0614895450416952,False,True
heico__2459731,0026 - Heico - Sigma - 7.avi,True,False,object_aggregation,number,1.0479532210156322,False,True
heico__2452359,0026 - Heico - Sigma - 7.avi,True,False,object_identification,fo_class,1.1267921349499375,False,True
heico__2465709,0026 - Heico - Sigma - 7.avi,True,False,object_aggregation,binary,1.0438760221004486,False,True
heico__2465713,0026 - Heico - Sigma - 7.avi,True,False,object_aggregation,binary,1.0891548430081457,False,True
heico__2457851,0026 - Heico - Sigma - 7.avi,True,False,object_aggregation,number,1.0294204198289663,False,True
heico__2450821,0026 - Heico - Sigma - 7.avi,True,False,object_identification,fo_class,1.126503345090896,False,True
heico__2476718,0026 - Heico - Sigma - 7.avi,True,False,spatial_localization_camera,open_ended,1.3336275049950927,False,True
heico__2459743,0026 - Heico - Sigma - 7.avi,True,False,object_aggregation,number,1.038640874903649,False,True
heico__2465721,0026 - Heico - Sigma - 7.avi,True,False,object_aggregation,binary,1.0824800808914006,False,True
heico__2457857,0026 - Heico - Sigma - 7.avi,True,False,object_aggregation,number,1.0291621601209044,False,True
heico__2458360,0026 - Heico - Sigma - 7.avi,True,False,object_aggregation,number,1.088560214964673,False,True
heico__2458361,0026 - Heico - Sigma - 7.avi,True,False,object_aggregation,number,1.0912084081210196,False,True
heico__2459749,0026 - Heico - Sigma - 7.avi,True,False,object_aggregation,number,1.2889224810060114,False,True
heico__2450832,0026 - Heico - Sigma - 7.avi,True,False,object_identification,fo_class,1.086130040930584,False,True
heico__2452380,0026 - Heico - Sigma - 7.avi,True,False,object_identification,fo_class,1.089736721944064,False,True
heico__2459754,0026 - Heico - Sigma - 7.avi,True,False,object_aggregation,number,1.0430064441170543,False,True
heico__2458367,0026 - Heico - Sigma - 7.avi,True,False,object_aggregation,number,1.0721238281112164,False,True
heico__2452386,0026 - Heico - Sigma - 7.avi,True,False,object_identification,fo_class,1.429548182990402,False,False
heico__2450840,0026 - Heico - Sigma - 7.avi,True,False,object_identification,fo_class,1.350200351094827,False,True
heico__2457894,0026 - Heico - Sigma - 7.avi,True,False,object_aggregation,number,1.115587503882125,False,True
heico__2452424,0026 - Heico - Sigma - 7.avi,True,False,object_identification,fo_class,1.1430037231184542,False,False
heico__2476755,0026 - Heico - Sigma - 7.avi,True,False,spatial_localization_camera,open_ended,1.3523158859461546,False,True
heico__2482746,0026 - Heico - Sigma - 7.avi,True,False,object_identification,fo_class,1.165613072924316,False,True
heico__2465804,0026 - Heico - Sigma - 7.avi,True,False,object_aggregation,binary,1.0642023689579219,False,True
heico__2482767,0026 - Heico - Sigma - 7.avi,True,False,object_identification,fo_class,1.2563956261146814,False,True
heico__2450954,0026 - Heico - Sigma - 7.avi,True,False,object_identification,fo_class,1.098887467989698,False,True
heico__2458506,0026 - Heico - Sigma - 7.avi,True,False,object_aggregation,number,1.0632938710041344,False,True
heico__2452547,0026 - Heico - Sigma - 7.avi,True,False,object_identification,fo_class,1.0957223461009562,False,False
heico__2482900,0026 - Heico - Sigma - 7.avi,True,False,object_identification,fo_class,1.121104430174455,False,True
heico__2482901,0026 - Heico - Sigma - 7.avi,True,False,object_identification,fo_class,1.1080719430465251,False,True
heico__2476834,0026 - Heico - Sigma - 7.avi,True,False,spatial_localization_camera,open_ended,1.2569770449772477,False,True
heico__2476845,0026 - Heico - Sigma - 7.avi,True,False,spatial_localization_camera,open_ended,1.6933668139390647,False,True
heico__2452629,0026 - Heico - Sigma - 7.avi,True,False,object_identification,fo_class,1.0053825820796192,False,False
heico__2466012,0026 - Heico - Sigma - 7.avi,True,False,object_aggregation,binary,1.020264623919502,False,True
heico__2451160,0026 - Heico - Sigma - 7.avi,True,False,object_identification,fo_class,1.0781448720954359,False,False
heico__2482785,0026 - Heico - Sigma - 7.avi,True,False,object_identification,fo_class,1.0663399130571634,False,True
heico__2460103,0026 - Heico - Sigma - 7.avi,True,False,object_aggregation,number,1.044134410796687,False,False
heico__2466597,0026 - Heico - Sigma - 7.avi,True,False,object_aggregation,binary,1.0710589201189578,False,False
heico__2482815,0026 - Heico - Sigma - 7.avi,True,False,object_identification,fo_class,1.0472202529199421,False,False
heico__2476915,0026 - Heico - Sigma - 7.avi,True,False,spatial_localization_camera,open_ended,1.3435561289079487,False,True
heico__2458266,0026 - Heico - Sigma - 7.avi,True,False,object_aggregation,number,1.0491598478984088,False,False
heico__2451250,0026 - Heico - Sigma - 7.avi,True,False,object_identification,fo_class,1.1121865829918534,False,True
heico__2458307,0026 - Heico - Sigma - 7.avi,True,False,object_aggregation,number,0.9887408749200404,False,True
heico__2458507,0026 - Heico - Sigma - 7.avi,True,False,object_aggregation,number,1.0166698228567839,False,True
heico__2458634,0026 - Heico - Sigma - 7.avi,True,False,object_aggregation,number,0.9895203029736876,False,False
heico__2495327,0026 - Heico - Sigma - 7.avi,True,False,spatial_localization_camera,fo_class,1.060038189869374,False,True
heico__2459746,0026 - Heico - Sigma - 7.avi,True,False,object_aggregation,number,1.0321535118855536,False,True
heico__2478131,0026 - Heico - Sigma - 7.avi,True,False,object_aggregation,binary,1.0597352900076658,False,True
heico__2457937,0026 - Heico - Sigma - 7.avi,True,False,object_aggregation,number,1.0478550510015339,False,True
heico__2466279,0026 - Heico - Sigma - 7.avi,True,False,object_aggregation,binary,1.0516703817993402,False,True
heico__2495332,0026 - Heico - Sigma - 7.avi,True,False,spatial_localization_camera,fo_class,1.1051291211042553,False,False
heico__2466482,0026 - Heico - Sigma - 7.avi,True,False,object_aggregation,binary,1.0354232038371265,False,True
heico__2495333,0026 - Heico - Sigma - 7.avi,True,False,spatial_localization_camera,fo_class,1.110660316888243,False,False
heico__2457984,0026 - Heico - Sigma - 7.avi,True,False,object_aggregation,number,1.0699593438766897,False,False
heico__2460351,0026 - Heico - Sigma - 7.avi,True,False,object_aggregation,number,1.0889500929042697,False,True
heico__2458004,0026 - Heico - Sigma - 7.avi,True,False,object_aggregation,number,1.0194481760263443,False,False
heico__2460352,0026 - Heico - Sigma - 7.avi,True,False,object_aggregation,number,1.0821194320451468,False,True
heico__2458661,0026 - Heico - Sigma - 7.avi,True,False,object_aggregation,number,1.0290836300700903,False,True
heico__2460353,0026 - Heico - Sigma - 7.avi,True,False,object_aggregation,number,1.0705644621048123,False,True
heico__2458246,0026 - Heico - Sigma - 7.avi,True,False,object_aggregation,number,1.017625920008868,False,False
heico__2460354,0026 - Heico - Sigma - 7.avi,True,False,object_aggregation,number,1.0819319018628448,False,True
heico__2458000,0026 - Heico - Sigma - 7.avi,True,False,object_aggregation,number,1.0179666602052748,False,True
heico__2460355,0026 - Heico - Sigma - 7.avi,True,False,object_aggregation,number,1.0850630539935082,False,False
heico__2681436,0026 - Heico - Sigma - 7.avi,True,False,spatial_localization_situs,open_ended,1.136796098900959,False,True
heico__2460356,0026 - Heico - Sigma - 7.avi,True,False,object_aggregation,number,1.0667644110508263,False,False
heico__2460357,0026 - Heico - Sigma - 7.avi,True,False,object_aggregation,number,1.0116395158693194,False,False
heico__2457917,0026 - Heico - Sigma - 7.avi,True,False,object_aggregation,number,1.081806352827698,False,False
heico__2458790,0026 - Heico - Sigma - 7.avi,True,False,object_aggregation,number,1.0177955499384552,False,True
heico__2460358,0026 - Heico - Sigma - 7.avi,True,False,object_aggregation,number,1.0902684901375324,False,True
heico__2460359,0026 - Heico - Sigma - 7.avi,True,False,object_aggregation,number,1.0194464358501136,False,False
heico__2460360,0026 - Heico - Sigma - 7.avi,True,False,object_aggregation,number,1.072088017128408,False,False
heico__2460362,0026 - Heico - Sigma - 7.avi,True,False,object_aggregation,number,1.0184833980165422,False,False
heico__2460363,0026 - Heico - Sigma - 7.avi,True,False,object_aggregation,number,1.0118282160256058,False,False
heico__2452534,0026 - Heico - Sigma - 7.avi,True,False,object_identification,fo_class,1.1655111538711935,False,True
heico__2466317,0026 - Heico - Sigma - 7.avi,True,False,object_aggregation,binary,1.107310475083068,False,True
heico__2460365,0026 - Heico - Sigma - 7.avi,True,False,object_aggregation,number,1.4149683220312,False,True
heico__2478156,0026 - Heico - Sigma - 7.avi,True,False,object_aggregation,binary,1.311496461974457,False,True
heico__2478158,0026 - Heico - Sigma - 7.avi,True,False,object_aggregation,binary,1.0884593159426004,False,True
heico__2441164,0026 - Heico - Sigma - 7.avi,True,False,object_identification,fo_class,1.2042785219382495,False,True
heico__2458410,0026 - Heico - Sigma - 7.avi,True,False,object_aggregation,number,1.0778000629507005,False,False
heico__2441171,0026 - Heico - Sigma - 7.avi,True,False,object_identification,fo_class,1.1118158441968262,False,True
heico__2452441,0026 - Heico - Sigma - 7.avi,True,False,object_identification,fo_class,1.1288521001115441,False,True
heico__2458137,0026 - Heico - Sigma - 7.avi,True,False,object_aggregation,number,0.9895308229606599,False,False
heico__2495336,0026 - Heico - Sigma - 7.avi,True,False,spatial_localization_camera,fo_class,1.1147293669637293,False,False
heico__2495338,0026 - Heico - Sigma - 7.avi,True,False,spatial_localization_camera,fo_class,1.095790205989033,False,False
heico__2495339,0026 - Heico - Sigma - 7.avi,True,False,spatial_localization_camera,fo_class,1.1042071441188455,False,False
heico__2478178,0026 - Heico - Sigma - 7.avi,True,False,object_aggregation,binary,0.9903090209700167,False,True
heico__2452403,0026 - Heico - Sigma - 7.avi,True,False,object_identification,fo_class,1.143391682067886,False,True
heico__2452405,0026 - Heico - Sigma - 7.avi,True,False,object_identification,fo_class,1.1419032951816916,False,True
heico__2495346,0026 - Heico - Sigma - 7.avi,True,False,spatial_localization_camera,fo_class,1.1340091759338975,False,False
heico__2451187,0026 - Heico - Sigma - 7.avi,True,False,object_identification,fo_class,1.0881146960891783,False,True
heico__2478190,0026 - Heico - Sigma - 7.avi,True,False,object_aggregation,binary,0.994277941994369,False,True
heico__2495348,0026 - Heico - Sigma - 7.avi,True,False,spatial_localization_camera,fo_class,1.0557585700880736,False,True
heico__2466378,0026 - Heico - Sigma - 7.avi,True,False,object_aggregation,binary,1.0233818350825459,False,True
heico__2458158,0026 - Heico - Sigma - 7.avi,True,False,object_aggregation,number,1.0714467100333422,False,False
heico__2466566,0026 - Heico - Sigma - 7.avi,True,False,object_aggregation,binary,1.0487317889928818,False,True
heico__2441199,0026 - Heico - Sigma - 7.avi,True,False,object_identification,fo_class,1.1042858040891588,False,True
heico__2495350,0026 - Heico - Sigma - 7.avi,True,False,spatial_localization_camera,fo_class,1.0506529440172017,False,True
heico__2458149,0026 - Heico - Sigma - 7.avi,True,False,object_aggregation,number,1.0250848298892379,False,True
heico__2495351,0026 - Heico - Sigma - 7.avi,True,False,spatial_localization_camera,fo_class,1.1368641089648008,False,True
heico__2495352,0026 - Heico - Sigma - 7.avi,True,False,spatial_localization_camera,fo_class,1.049077537842095,False,True
heico__2458569,0026 - Heico - Sigma - 7.avi,True,False,object_aggregation,number,1.0147402482107282,False,False
heico__2478199,0026 - Heico - Sigma - 7.avi,True,False,object_aggregation,binary,1.0802309371065348,False,True
heico__2452739,0026 - Heico - Sigma - 7.avi,True,False,object_identification,fo_class,1.131035683909431,False,True
heico__2466253,0026 - Heico - Sigma - 7.avi,True,False,object_aggregation,binary,1.0795962188858539,False,True
heico__2452671,0026 - Heico - Sigma - 7.avi,True,False,object_identification,fo_class,1.102751757018268,False,True
heico__2458816,0026 - Heico - Sigma - 7.avi,True,False,object_aggregation,number,1.0176880559884012,False,True
heico__2441210,0026 - Heico - Sigma - 7.avi,True,False,object_identification,fo_class,1.181207352085039,False,True
heico__2495357,0026 - Heico - Sigma - 7.avi,True,False,spatial_localization_camera,fo_class,1.0745700779370964,False,True
heico__2495358,0026 - Heico - Sigma - 7.avi,True,False,spatial_localization_camera,fo_class,1.0985889758449048,False,True
heico__2482859,0026 - Heico - Sigma - 7.avi,True,False,object_identification,fo_class,1.0999391430523247,False,False
heico__2495360,0026 - Heico - Sigma - 7.avi,True,False,spatial_localization_camera,fo_class,1.0460389719810337,False,False
heico__2452448,0026 - Heico - Sigma - 7.avi,True,False,object_identification,fo_class,1.1634684579912573,False,True
heico__2458548,0026 - Heico - Sigma - 7.avi,True,False,object_aggregation,number,1.023834120016545,False,True
heico__2482860,0026 - Heico - Sigma - 7.avi,True,False,object_identification,fo_class,1.1233826619572937,False,False
heico__2495361,0026 - Heico - Sigma - 7.avi,True,False,spatial_localization_camera,fo_class,1.1143566248938441,False,True
heico__2441223,0026 - Heico - Sigma - 7.avi,True,False,object_identification,fo_class,1.1545600809622556,False,True
heico__2441227,0026 - Heico - Sigma - 7.avi,True,False,object_identification,fo_class,1.11991322087124,False,True
heico__2482861,0026 - Heico - Sigma - 7.avi,True,False,object_identification,fo_class,1.1112746130675077,False,False
heico__2495371,0026 - Heico - Sigma - 7.avi,True,False,spatial_localization_camera,fo_class,1.1131515591405332,False,True
heico__2441237,0026 - Heico - Sigma - 7.avi,True,False,object_identification,fo_class,1.1324688480235636,False,True
heico__2478232,0026 - Heico - Sigma - 7.avi,True,False,object_aggregation,binary,1.031071431003511,False,True
heico__2458104,0026 - Heico - Sigma - 7.avi,True,False,object_aggregation,number,1.098414566833526,False,False
heico__2458613,0026 - Heico - Sigma - 7.avi,True,False,object_aggregation,number,1.0832910749595612,False,True
heico__2452614,0026 - Heico - Sigma - 7.avi,True,False,object_identification,fo_class,1.1393708710093051,False,True
heico__2495373,0026 - Heico - Sigma - 7.avi,True,False,spatial_localization_camera,fo_class,1.124595858855173,False,True
heico__2495374,0026 - Heico - Sigma - 7.avi,True,False,spatial_localization_camera,fo_class,1.101145758992061,False,True
heico__2495375,0026 - Heico - Sigma - 7.avi,True,False,spatial_localization_camera,fo_class,1.0967745010275394,False,True
heico__2495376,0026 - Heico - Sigma - 7.avi,True,False,spatial_localization_camera,fo_class,1.0243953978642821,False,True
heico__2466206,0026 - Heico - Sigma - 7.avi,True,False,object_aggregation,binary,1.0507847901899368,False,False
heico__2482862,0026 - Heico - Sigma - 7.avi,True,False,object_identification,fo_class,1.0413318939972669,False,True
heico__2441248,0026 - Heico - Sigma - 7.avi,True,False,object_identification,fo_class,1.208299612160772,False,False
heico__2482863,0026 - Heico - Sigma - 7.avi,True,False,object_identification,fo_class,1.0304174029733986,False,True
heico__2495384,0026 - Heico - Sigma - 7.avi,True,False,spatial_localization_camera,fo_class,1.655283065047115,False,True
heico__2458063,0026 - Heico - Sigma - 7.avi,True,False,object_aggregation,number,1.3389816840644926,False,False
heico__2458416,0026 - Heico - Sigma - 7.avi,True,False,object_aggregation,number,1.0899283178150654,False,True
heico__2452468,0026 - Heico - Sigma - 7.avi,True,False,object_identification,fo_class,1.2198151329066604,False,False
heico__2466451,0026 - Heico - Sigma - 7.avi,True,False,object_aggregation,binary,1.1859279698692262,False,False
heico__2459891,0026 - Heico - Sigma - 7.avi,True,False,object_aggregation,number,1.0117151311133057,False,True
heico__2458148,0026 - Heico - Sigma - 7.avi,True,False,object_aggregation,number,1.0815454400144517,False,True
heico__2457842,0026 - Heico - Sigma - 7.avi,True,False,object_aggregation,number,1.0178619651123881,False,False
heico__2476994,0026 - Heico - Sigma - 7.avi,True,False,spatial_localization_camera,open_ended,1.3718627679627389,False,True
heico__2451020,0026 - Heico - Sigma - 7.avi,True,False,object_identification,fo_class,1.038945620879531,False,False
heico__2450984,0026 - Heico - Sigma - 7.avi,True,False,object_identification,fo_class,1.1253845861647278,False,True
heico__2450977,0026 - Heico - Sigma - 7.avi,True,False,object_identification,fo_class,1.0445925160311162,False,False
heico__2495386,0026 - Heico - Sigma - 7.avi,True,False,spatial_localization_camera,fo_class,1.0295370349194854,False,True
heico__2441254,0026 - Heico - Sigma - 7.avi,True,False,object_identification,fo_class,1.247287271078676,False,False
heico__2452443,0026 - Heico - Sigma - 7.avi,True,False,object_identification,fo_class,1.1649172650650144,False,True
heico__2466649,0026 - Heico - Sigma - 7.avi,True,False,object_aggregation,binary,1.0413690339773893,False,True
heico__2452510,0026 - Heico - Sigma - 7.avi,True,False,object_identification,fo_class,1.2108574151061475,False,True
heico__2458556,0026 - Heico - Sigma - 7.avi,True,False,object_aggregation,number,1.0246026278473437,False,True
heico__2478252,0026 - Heico - Sigma - 7.avi,True,False,object_aggregation,binary,1.0717052058316767,False,True
heico__2441259,0026 - Heico - Sigma - 7.avi,True,False,object_identification,fo_class,1.1395225799642503,False,True
heico__2495391,0026 - Heico - Sigma - 7.avi,True,False,spatial_localization_camera,fo_class,1.1267202130984515,False,False
heico__2466422,0026 - Heico - Sigma - 7.avi,True,False,object_aggregation,binary,1.0252118159551173,False,True
heico__2478254,0026 - Heico - Sigma - 7.avi,True,False,object_aggregation,binary,1.0480088670738041,False,True
heico__2441262,0026 - Heico - Sigma - 7.avi,True,False,object_identification,fo_class,1.1806759140454233,False,True
heico__2460466,0026 - Heico - Sigma - 7.avi,True,False,object_aggregation,number,1.0992507438641042,False,False
heico__2458488,0026 - Heico - Sigma - 7.avi,True,False,object_aggregation,number,1.0901063280180097,False,False
heico__2441263,0026 - Heico - Sigma - 7.avi,True,False,object_identification,fo_class,1.185811190167442,False,False
heico__2460467,0026 - Heico - Sigma - 7.avi,True,False,object_aggregation,number,1.0324442880228162,False,False
heico__2458802,0026 - Heico - Sigma - 7.avi,True,False,object_aggregation,number,1.0805720721837133,False,False
heico__2452409,0026 - Heico - Sigma - 7.avi,True,False,object_identification,fo_class,1.0293616361450404,False,False
heico__2478258,0026 - Heico - Sigma - 7.avi,True,False,object_aggregation,binary,1.0713730659335852,False,False
heico__2452738,0026 - Heico - Sigma - 7.avi,True,False,object_identification,fo_class,1.1978332188446075,False,False
heico__2441265,0026 - Heico - Sigma - 7.avi,True,False,object_identification,fo_class,1.2084421918261796,False,False
heico__2466162,0026 - Heico - Sigma - 7.avi,True,False,object_aggregation,binary,1.0223526740446687,False,True
heico__2495396,0026 - Heico - Sigma - 7.avi,True,False,spatial_localization_camera,fo_class,1.0932887189555913,False,True
heico__2452466,0026 - Heico - Sigma - 7.avi,True,False,object_identification,fo_class,1.2560182090383023,False,False
heico__2478261,0026 - Heico - Sigma - 7.avi,True,False,object_aggregation,binary,1.0522332459222525,False,False
heico__2495397,0026 - Heico - Sigma - 7.avi,True,False,spatial_localization_camera,fo_class,1.0700912999454886,False,True
heico__2466374,0026 - Heico - Sigma - 7.avi,True,False,object_aggregation,binary,1.0181683339178562,False,False
heico__2477002,0026 - Heico - Sigma - 7.avi,True,False,spatial_localization_camera,open_ended,1.7535202109720558,False,True
heico__2457911,0026 - Heico - Sigma - 7.avi,True,False,object_aggregation,number,1.044892295030877,False,False
heico__2441268,0026 - Heico - Sigma - 7.avi,True,False,object_identification,fo_class,1.2510344421025366,False,False
heico__2441270,0026 - Heico - Sigma - 7.avi,True,False,object_identification,fo_class,1.201460279058665,False,False
heico__2478264,0026 - Heico - Sigma - 7.avi,True,False,object_aggregation,binary,1.0494095040485263,False,False
heico__2495400,0026 - Heico - Sigma - 7.avi,True,False,spatial_localization_camera,fo_class,1.1665475100744516,False,False
heico__2478265,0026 - Heico - Sigma - 7.avi,True,False,object_aggregation,binary,1.0333695351146162,False,False
heico__2458461,0026 - Heico - Sigma - 7.avi,True,False,object_aggregation,number,1.0820245190989226,False,False
heico__2466624,0026 - Heico - Sigma - 7.avi,True,False,object_aggregation,binary,1.0277530390303582,False,False
heico__2495402,0026 - Heico - Sigma - 7.avi,True,False,spatial_localization_camera,fo_class,1.0731312020216137,False,True
heico__2458751,0026 - Heico - Sigma - 7.avi,True,False,object_aggregation,number,1.0174777759239078,False,False
heico__2452389,0026 - Heico - Sigma - 7.avi,True,False,object_identification,fo_class,1.0797480950132012,False,False
heico__2466232,0026 - Heico - Sigma - 7.avi,True,False,object_aggregation,binary,1.032482597976923,False,False
heico__2478268,0026 - Heico - Sigma - 7.avi,True,False,object_aggregation,binary,1.054502059938386,False,False
heico__2458642,0026 - Heico - Sigma - 7.avi,True,False,object_aggregation,number,1.0427706700284034,False,False
heico__2466432,0026 - Heico - Sigma - 7.avi,True,False,object_aggregation,binary,1.0601181059610099,False,False
heico__2458436,0026 - Heico - Sigma - 7.avi,True,False,object_aggregation,number,1.048154606949538,False,True
heico__2482969,0026 - Heico - Sigma - 7.avi,True,False,object_identification,fo_class,1.154569671023637,False,False
heico__2452558,0026 - Heico - Sigma - 7.avi,True,False,object_identification,fo_class,1.4400671520270407,False,True
heico__2458195,0026 - Heico - Sigma - 7.avi,True,False,object_aggregation,number,1.287783496081829,False,False
heico__2495406,0026 - Heico - Sigma - 7.avi,True,False,spatial_localization_camera,fo_class,1.090528666973114,False,True
heico__2466383,0026 - Heico - Sigma - 7.avi,True,False,object_aggregation,binary,1.088180213002488,False,False
heico__2458144,0026 - Heico - Sigma - 7.avi,True,False,object_aggregation,number,1.0106221039313823,False,False
heico__2458536,0026 - Heico - Sigma - 7.avi,True,False,object_aggregation,number,1.002062306040898,False,True
heico__2458239,0026 - Heico - Sigma - 7.avi,True,False,object_aggregation,number,1.0065753241069615,False,False
heico__2452656,0026 - Heico - Sigma - 7.avi,True,False,object_identification,fo_class,1.0632393679115921,False,False
heico__2482976,0026 - Heico - Sigma - 7.avi,True,False,object_identification,fo_class,1.1033909742254764,False,True
heico__2482978,0026 - Heico - Sigma - 7.avi,True,False,object_identification,fo_class,1.0328249069862068,False,False
heico__2482980,0026 - Heico - Sigma - 7.avi,True,False,object_identification,fo_class,1.0213820359203964,False,False
heico__2482981,0026 - Heico - Sigma - 7.avi,True,False,object_identification,fo_class,1.1167685890104622,False,True
heico__2452450,0026 - Heico - Sigma - 7.avi,True,False,object_identification,fo_class,1.2190480141434819,False,False
heico__2452600,0026 - Heico - Sigma - 7.avi,True,False,object_identification,fo_class,1.032916015945375,False,True
heico__2450910,0026 - Heico - Sigma - 7.avi,True,False,object_identification,fo_class,1.0215874661225826,False,True
heico__2452515,0026 - Heico - Sigma - 7.avi,True,False,object_identification,fo_class,1.0528392139822245,False,True
heico__2451236,0026 - Heico - Sigma - 7.avi,True,False,object_identification,fo_class,1.094421497080475,False,True
heico__2451219,0026 - Heico - Sigma - 7.avi,True,False,object_identification,fo_class,1.0378372110426426,False,True
heico__2450837,0026 - Heico - Sigma - 7.avi,True,False,object_identification,fo_class,1.059777945978567,False,True
heico__2451038,0026 - Heico - Sigma - 7.avi,True,False,object_identification,fo_class,1.040976595133543,False,True
heico__2450828,0026 - Heico - Sigma - 7.avi,True,False,object_identification,fo_class,1.0138443859759718,False,True
heico__2460498,0026 - Heico - Sigma - 7.avi,True,False,object_aggregation,number,1.0556109470780939,False,True
heico__2452800,0026 - Heico - Sigma - 7.avi,True,False,object_identification,fo_class,1.0333461051341146,False,True
heico__2450908,0026 - Heico - Sigma - 7.avi,True,False,object_identification,fo_class,1.0812948008533567,False,True
heico__2460500,0026 - Heico - Sigma - 7.avi,True,False,object_aggregation,number,1.034145412966609,False,False
heico__2458198,0026 - Heico - Sigma - 7.avi,True,False,object_aggregation,number,1.0650712829083204,False,True
heico__2460504,0026 - Heico - Sigma - 7.avi,True,False,object_aggregation,number,1.0197022501379251,False,False
heico__2458321,0026 - Heico - Sigma - 7.avi,True,False,object_aggregation,number,1.0891831810586154,False,False
heico__2478282,0026 - Heico - Sigma - 7.avi,True,False,object_aggregation,binary,1.0106431129388511,False,True
heico__2458108,0026 - Heico - Sigma - 7.avi,True,False,object_aggregation,number,1.088900811970234,False,False
heico__2460511,0026 - Heico - Sigma - 7.avi,True,False,object_aggregation,number,1.0220314438920468,False,True
heico__2458014,0026 - Heico - Sigma - 7.avi,True,False,object_aggregation,number,1.0528220639098436,False,False
heico__2452632,0026 - Heico - Sigma - 7.avi,True,False,object_identification,fo_class,1.0364187071099877,False,True
heico__2458142,0026 - Heico - Sigma - 7.avi,True,False,object_aggregation,number,1.082238978939131,False,False
heico__2478290,0026 - Heico - Sigma - 7.avi,True,False,object_aggregation,binary,1.0156025108881295,False,True
heico__2457936,0026 - Heico - Sigma - 7.avi,True,False,object_aggregation,number,1.0916070840321481,False,True
heico__2460517,0026 - Heico - Sigma - 7.avi,True,False,object_aggregation,number,1.0284690980333835,False,True
heico__2458061,0026 - Heico - Sigma - 7.avi,True,False,object_aggregation,number,1.0443084060680121,False,False
heico__2478295,0026 - Heico - Sigma - 7.avi,True,False,object_aggregation,binary,1.049775362946093,False,True
heico__2458037,0026 - Heico - Sigma - 7.avi,True,False,object_aggregation,number,1.0767886319663376,False,True
heico__2478296,0026 - Heico - Sigma - 7.avi,True,False,object_aggregation,binary,1.021468746010214,False,False
heico__2452390,0026 - Heico - Sigma - 7.avi,True,False,object_identification,fo_class,1.083766414085403,False,True
heico__2451046,0026 - Heico - Sigma - 7.avi,True,False,object_identification,fo_class,1.0763725941069424,False,True
heico__2452809,0026 - Heico - Sigma - 7.avi,True,False,object_identification,fo_class,1.3079754440113902,False,False
heico__2457891,0026 - Heico - Sigma - 7.avi,True,False,object_aggregation,number,1.0396585089620203,False,False
heico__2482867,0026 - Heico - Sigma - 7.avi,True,False,object_identification,fo_class,1.0627093790099025,False,True
heico__2458256,0026 - Heico - Sigma - 7.avi,True,False,object_aggregation,number,1.1072044840548187,False,False
heico__2478299,0026 - Heico - Sigma - 7.avi,True,False,object_aggregation,binary,1.0237624789588153,False,True
heico__2457855,0026 - Heico - Sigma - 7.avi,True,False,object_aggregation,number,1.0678433859720826,False,True
heico__2478300,0026 - Heico - Sigma - 7.avi,True,False,object_aggregation,binary,1.0311852309387177,False,True
heico__2452539,0026 - Heico - Sigma - 7.avi,True,False,object_identification,fo_class,1.2238077220972627,False,False
heico__2478303,0026 - Heico - Sigma - 7.avi,True,False,object_aggregation,binary,1.034562001004815,False,True
heico__2482868,0026 - Heico - Sigma - 7.avi,True,False,object_identification,fo_class,1.031366570852697,False,True
heico__2482869,0026 - Heico - Sigma - 7.avi,True,False,object_identification,fo_class,1.0653915021102875,False,True
heico__2482870,0026 - Heico - Sigma - 7.avi,True,False,object_identification,fo_class,1.0329908158164471,False,True
heico__2460538,0026 - Heico - Sigma - 7.avi,True,False,object_aggregation,number,1.0645060748793185,False,True
heico__2451218,0026 - Heico - Sigma - 7.avi,True,False,object_identification,fo_class,1.1022463359404355,False,True
heico__2460541,0026 - Heico - Sigma - 7.avi,True,False,object_aggregation,number,1.0440196781419218,False,True
heico__2478309,0026 - Heico - Sigma - 7.avi,True,False,object_aggregation,binary,1.0707920780405402,False,True
heico__2452460,0026 - Heico - Sigma - 7.avi,True,False,object_identification,fo_class,1.3217017881106585,False,True
heico__2460543,0026 - Heico - Sigma - 7.avi,True,False,object_aggregation,number,1.2949758779723197,False,True
heico__2478312,0026 - Heico - Sigma - 7.avi,True,False,object_aggregation,binary,1.1841719951480627,False,True
heico__2460544,0026 - Heico - Sigma - 7.avi,True,False,object_aggregation,number,1.01755379489623,False,False
heico__2458081,0026 - Heico - Sigma - 7.avi,True,False,object_aggregation,number,1.0699513310100883,False,True
heico__2460545,0026 - Heico - Sigma - 7.avi,True,False,object_aggregation,number,1.029827503953129,False,True
heico__2478314,0026 - Heico - Sigma - 7.avi,True,False,object_aggregation,binary,1.0809900020249188,False,True
heico__2452846,0026 - Heico - Sigma - 7.avi,True,False,object_identification,fo_class,1.0309323810506612,False,True
heico__2478315,0026 - Heico - Sigma - 7.avi,True,False,object_aggregation,binary,1.0080328099429607,False,True
heico__2457973,0026 - Heico - Sigma - 7.avi,True,False,object_aggregation,number,1.051488087978214,False,True
heico__2460548,0026 - Heico - Sigma - 7.avi,True,False,object_aggregation,number,1.0275980799924582,False,False
heico__2460549,0026 - Heico - Sigma - 7.avi,True,False,object_aggregation,number,1.012994207907468,False,False
heico__2458189,0026 - Heico - Sigma - 7.avi,True,False,object_aggregation,number,1.0538171818479896,False,False
heico__2482872,0026 - Heico - Sigma - 7.avi,True,False,object_identification,fo_class,1.0341925229877234,False,True
heico__2460550,0026 - Heico - Sigma - 7.avi,True,False,object_aggregation,number,1.0187923519406468,False,False
heico__2457992,0026 - Heico - Sigma - 7.avi,True,False,object_aggregation,number,1.0810637220274657,False,False
heico__2460551,0026 - Heico - Sigma - 7.avi,True,False,object_aggregation,number,1.0908894462045282,False,False
heico__2458028,0026 - Heico - Sigma - 7.avi,True,False,object_aggregation,number,1.0074578719213605,False,False
heico__2460552,0026 - Heico - Sigma - 7.avi,True,False,object_aggregation,number,1.0829712559934705,False,False
heico__2460553,0026 - Heico - Sigma - 7.avi,True,False,object_aggregation,number,1.0170728780794889,False,False
heico__2458187,0026 - Heico - Sigma - 7.avi,True,False,object_aggregation,number,1.0932258509565145,False,False
heico__2452514,0026 - Heico - Sigma - 7.avi,True,False,object_identification,fo_class,1.0907815070822835,False,True
heico__2457953,0026 - Heico - Sigma - 7.avi,True,False,object_aggregation,number,1.0175518461037427,False,True
heico__2478323,0026 - Heico - Sigma - 7.avi,True,False,object_aggregation,binary,1.3094182000495493,False,True
heico__2460555,0026 - Heico - Sigma - 7.avi,True,False,object_aggregation,number,1.0717742261476815,False,True
heico__2458458,0026 - Heico - Sigma - 7.avi,True,False,object_aggregation,number,1.031382670858875,False,True
heico__2452463,0026 - Heico - Sigma - 7.avi,True,False,object_identification,fo_class,1.0578195510897785,False,True
heico__2460557,0026 - Heico - Sigma - 7.avi,True,False,object_aggregation,number,1.0298167241271585,False,True
heico__2452487,0026 - Heico - Sigma - 7.avi,True,False,object_identification,fo_class,1.0808671619743109,False,True
heico__2482873,0026 - Heico - Sigma - 7.avi,True,False,object_identification,fo_class,1.0399211179465055,False,True
heico__2460561,0026 - Heico - Sigma - 7.avi,True,False,object_aggregation,number,1.0601867160294205,False,True
heico__2458257,0026 - Heico - Sigma - 7.avi,True,False,object_aggregation,number,1.1906572480220348,False,False
heico__2452692,0026 - Heico - Sigma - 7.avi,True,False,object_identification,fo_class,1.028616966912523,False,True
heico__2458555,0026 - Heico - Sigma - 7.avi,True,False,object_aggregation,number,1.080927861854434,False,True
heico__2460564,0026 - Heico - Sigma - 7.avi,True,False,object_aggregation,number,1.0301445429213345,False,True
heico__2460565,0026 - Heico - Sigma - 7.avi,True,False,object_aggregation,number,1.0687016530428082,False,True
heico__2478332,0026 - Heico - Sigma - 7.avi,True,False,object_aggregation,binary,1.0197258410044014,False,True
heico__2460566,0026 - Heico - Sigma - 7.avi,True,False,object_aggregation,number,1.0817294889129698,False,False
heico__2450914,0026 - Heico - Sigma - 7.avi,True,False,object_identification,fo_class,1.0284501079004258,False,True
heico__2457952,0026 - Heico - Sigma - 7.avi,True,False,object_aggregation,number,1.049726472934708,False,False
heico__2452837,0026 - Heico - Sigma - 7.avi,True,False,object_identification,fo_class,1.1633542280178517,False,False
heico__2451183,0026 - Heico - Sigma - 7.avi,True,False,object_identification,fo_class,1.123830541037023,False,True
heico__2458049,0026 - Heico - Sigma - 7.avi,True,False,object_aggregation,number,1.0432480189483613,False,False
heico__2465961,0026 - Heico - Sigma - 7.avi,True,False,object_aggregation,binary,1.029653524979949,False,True
heico__2477021,0026 - Heico - Sigma - 7.avi,True,False,spatial_localization_camera,open_ended,1.339710082160309,False,True
heico__2477027,0026 - Heico - Sigma - 7.avi,True,False,spatial_localization_camera,open_ended,1.3315140430349857,False,True
heico__2466407,0026 - Heico - Sigma - 7.avi,True,False,object_aggregation,binary,1.0784066589549184,False,False
heico__2478333,0026 - Heico - Sigma - 7.avi,True,False,object_aggregation,binary,1.0407934649847448,False,True
heico__2460568,0026 - Heico - Sigma - 7.avi,True,False,object_aggregation,number,1.054801549995318,False,True
heico__2452840,0026 - Heico - Sigma - 7.avi,True,False,object_identification,fo_class,1.2683414861094207,False,False
heico__2482700,0026 - Heico - Sigma - 7.avi,True,False,object_identification,fo_class,1.0269220820628107,False,False
heico__2477030,0026 - Heico - Sigma - 7.avi,True,False,spatial_localization_camera,open_ended,1.3238125331699848,False,True
heico__2482701,0026 - Heico - Sigma - 7.avi,True,False,object_identification,fo_class,1.0315320601221174,False,False
heico__2465955,0026 - Heico - Sigma - 7.avi,True,False,object_aggregation,binary,1.0949793749023229,False,True
heico__2452400,0026 - Heico - Sigma - 7.avi,True,False,object_identification,fo_class,1.077792949974537,False,False
heico__2458324,0026 - Heico - Sigma - 7.avi,True,False,object_aggregation,number,1.0920069329440594,False,True
heico__2681950,0026 - Heico - Sigma - 7.avi,True,False,spatial_localization_situs,open_ended,1.3094612210988998,False,True
heico__2482985,0026 - Heico - Sigma - 7.avi,True,False,object_identification,fo_class,1.0192284320946783,False,False
heico__2477032,0026 - Heico - Sigma - 7.avi,True,False,spatial_localization_camera,open_ended,1.4907155211549252,False,True
heico__2466095,0026 - Heico - Sigma - 7.avi,True,False,object_aggregation,binary,1.3014846809674054,False,True
heico__2458431,0026 - Heico - Sigma - 7.avi,True,False,object_aggregation,number,1.1970225910190493,False,True
heico__2451248,0026 - Heico - Sigma - 7.avi,True,False,object_identification,fo_class,1.0805748130660504,False,False
heico__2452382,0026 - Heico - Sigma - 7.avi,True,False,object_identification,fo_class,1.1405870369635522,False,False
heico__2451272,0026 - Heico - Sigma - 7.avi,True,False,object_identification,fo_class,1.118822723859921,False,True
heico__2452381,0026 - Heico - Sigma - 7.avi,True,False,object_identification,fo_class,1.084990540985018,False,False
heico__2458041,0026 - Heico - Sigma - 7.avi,True,False,object_aggregation,number,1.0658551510423422,False,True
heico__2451007,0026 - Heico - Sigma - 7.avi,True,False,object_identification,fo_class,1.0755037958733737,False,True
heico__2482874,0026 - Heico - Sigma - 7.avi,True,False,object_identification,fo_class,1.1144572449848056,False,True
heico__2452373,0026 - Heico - Sigma - 7.avi,True,False,object_identification,fo_class,1.0167920079547912,False,True
heico__2482875,0026 - Heico - Sigma - 7.avi,True,False,object_identification,fo_class,1.3122150329872966,False,True
heico__2482876,0026 - Heico - Sigma - 7.avi,True,False,object_identification,fo_class,1.0702427090145648,False,True
heico__2451240,0026 - Heico - Sigma - 7.avi,True,False,object_identification,fo_class,1.018813972827047,False,False
heico__2452750,0026 - Heico - Sigma - 7.avi,True,False,object_identification,fo_class,1.138997512171045,False,True
heico__2450897,0026 - Heico - Sigma - 7.avi,True,False,object_identification,fo_class,1.0885034119710326,False,True
heico__2501088,0026 - Heico - Sigma - 7.avi,True,False,spatial_localization_camera,multiple_choice,1.1000425219535828,False,True
heico__2482877,0026 - Heico - Sigma - 7.avi,True,False,object_identification,fo_class,1.1212713178247213,False,True
heico__2452807,0026 - Heico - Sigma - 7.avi,True,False,object_identification,fo_class,1.1938091290649027,False,False
heico__2501089,0026 - Heico - Sigma - 7.avi,True,False,spatial_localization_camera,multiple_choice,1.0851162208709866,False,True
heico__2452617,0026 - Heico - Sigma - 7.avi,True,False,object_identification,fo_class,1.11007462721318,False,True
heico__2458628,0026 - Heico - Sigma - 7.avi,True,False,object_aggregation,number,1.0277219291310757,False,False
heico__2451058,0026 - Heico - Sigma - 7.avi,True,False,object_identification,fo_class,1.0910829459317029,False,True
heico__2482986,0026 - Heico - Sigma - 7.avi,True,False,object_identification,fo_class,1.1113877529278398,False,True
heico__2452705,0026 - Heico - Sigma - 7.avi,True,False,object_identification,fo_class,1.0320919479709119,False,False
heico__2681442,0026 - Heico - Sigma - 7.avi,True,False,spatial_localization_situs,open_ended,1.1382072430569679,False,True
heico__2452480,0026 - Heico - Sigma - 7.avi,True,False,object_identification,fo_class,1.1013346589170396,False,True
heico__2460241,0026 - Heico - Sigma - 7.avi,True,False,object_aggregation,number,1.049644683022052,False,True
heico__2450900,0026 - Heico - Sigma - 7.avi,True,False,object_identification,fo_class,1.0782810689415783,False,True
heico__2458008,0026 - Heico - Sigma - 7.avi,True,False,object_aggregation,number,1.0317070388700813,False,False
heico__2482992,0026 - Heico - Sigma - 7.avi,True,False,object_identification,fo_class,1.1370842370670289,False,True
heico__2452628,0026 - Heico - Sigma - 7.avi,True,False,object_identification,fo_class,0.9768190409522504,False,False
heico__2482993,0026 - Heico - Sigma - 7.avi,True,False,object_identification,fo_class,1.0673182369209826,False,False
heico__2458684,0026 - Heico - Sigma - 7.avi,True,False,object_aggregation,number,1.0277480599470437,False,True
heico__2451137,0026 - Heico - Sigma - 7.avi,True,False,object_identification,fo_class,1.055850146105513,False,False
heico__2482999,0026 - Heico - Sigma - 7.avi,True,False,object_identification,fo_class,1.102717615896836,False,True
heico__2501105,0026 - Heico - Sigma - 7.avi,True,False,spatial_localization_camera,multiple_choice,1.0883627331349999,False,True
heico__2682289,0026 - Heico - Sigma - 7.avi,True,False,object_attributes,open_ended,1.368769307155162,False,True
heico__2452471,0026 - Heico - Sigma - 7.avi,True,False,object_identification,fo_class,1.1026305151171982,False,True
heico__2483002,0026 - Heico - Sigma - 7.avi,True,False,object_identification,fo_class,0.9842757319565862,False,False
heico__2501106,0026 - Heico - Sigma - 7.avi,True,False,spatial_localization_camera,multiple_choice,1.0634058478754014,False,False
heico__2452670,0026 - Heico - Sigma - 7.avi,True,False,object_identification,fo_class,1.035892988089472,False,False
heico__2483005,0026 - Heico - Sigma - 7.avi,True,False,object_identification,fo_class,1.0604758649133146,False,False
heico__2452597,0026 - Heico - Sigma - 7.avi,True,False,object_identification,fo_class,1.0285347569733858,False,False
heico__2483007,0026 - Heico - Sigma - 7.avi,True,False,object_identification,fo_class,1.0815857299603522,False,False
heico__2501113,0026 - Heico - Sigma - 7.avi,True,False,spatial_localization_camera,multiple_choice,1.0851914111990482,False,True
heico__2501116,0026 - Heico - Sigma - 7.avi,True,False,spatial_localization_camera,multiple_choice,1.1583205820061266,False,True
heico__2501117,0026 - Heico - Sigma - 7.avi,True,False,spatial_localization_camera,multiple_choice,1.043004720006138,False,True
heico__2501118,0026 - Heico - Sigma - 7.avi,True,False,spatial_localization_camera,multiple_choice,1.0987192948814481,False,True
heico__2483014,0026 - Heico - Sigma - 7.avi,True,False,object_identification,fo_class,1.1006490208674222,False,True
heico__2483016,0026 - Heico - Sigma - 7.avi,True,False,object_identification,fo_class,1.1083384610246867,False,True
heico__2450844,0026 - Heico - Sigma - 7.avi,True,False,object_identification,fo_class,1.0915782439988106,False,True
heico__2501121,0026 - Heico - Sigma - 7.avi,True,False,spatial_localization_camera,multiple_choice,1.0885441319551319,False,True
heico__2501122,0026 - Heico - Sigma - 7.avi,True,False,spatial_localization_camera,multiple_choice,1.0910148660186678,False,True
heico__2501125,0026 - Heico - Sigma - 7.avi,True,False,spatial_localization_camera,multiple_choice,1.0900177378207445,False,True
heico__2450902,0026 - Heico - Sigma - 7.avi,True,False,object_identification,fo_class,1.0860396488569677,False,True
heico__2452574,0026 - Heico - Sigma - 7.avi,True,False,object_identification,fo_class,1.1344186628703028,False,True
heico__2681443,0026 - Heico - Sigma - 7.avi,True,False,spatial_localization_camera,open_ended,1.1079979420173913,False,True
heico__2452727,0026 - Heico - Sigma - 7.avi,True,False,object_identification,fo_class,1.101555889006704,False,True
heico__2451131,0026 - Heico - Sigma - 7.avi,True,False,object_identification,fo_class,1.448024651966989,False,True
heico__2460291,0026 - Heico - Sigma - 7.avi,True,False,object_aggregation,number,1.3751095400657505,False,False
heico__2477088,0026 - Heico - Sigma - 7.avi,True,False,spatial_localization_camera,open_ended,1.5996634990442544,False,True
heico__2477089,0026 - Heico - Sigma - 7.avi,True,False,spatial_localization_camera,open_ended,1.2937282910570502,False,True
heico__2501131,0026 - Heico - Sigma - 7.avi,True,False,spatial_localization_camera,multiple_choice,1.0845944930333644,False,True
heico__2450935,0026 - Heico - Sigma - 7.avi,True,False,object_identification,fo_class,1.0303821018896997,False,False
heico__2451054,0026 - Heico - Sigma - 7.avi,True,False,object_identification,fo_class,1.1277041910216212,False,True
heico__2451266,0026 - Heico - Sigma - 7.avi,True,False,object_identification,fo_class,1.0751927071250975,False,False
heico__2483034,0026 - Heico - Sigma - 7.avi,True,False,object_identification,fo_class,1.1404171870090067,False,True
heico__2451116,0026 - Heico - Sigma - 7.avi,True,False,object_identification,fo_class,1.0964410118758678,False,True
heico__2501139,0026 - Heico - Sigma - 7.avi,True,False,spatial_localization_camera,multiple_choice,1.1089637288823724,False,True
heico__2483038,0026 - Heico - Sigma - 7.avi,True,False,object_identification,fo_class,1.1084494011010975,False,True
heico__2501144,0026 - Heico - Sigma - 7.avi,True,False,spatial_localization_camera,multiple_choice,1.1118429920170456,False,True
heico__2460306,0026 - Heico - Sigma - 7.avi,True,False,object_aggregation,number,1.0323820170015097,False,True
heico__2483041,0026 - Heico - Sigma - 7.avi,True,False,object_identification,fo_class,1.1374082760885358,False,True
heico__2452805,0026 - Heico - Sigma - 7.avi,True,False,object_identification,fo_class,1.0999844521284103,False,True
heico__2501149,0026 - Heico - Sigma - 7.avi,True,False,spatial_localization_camera,multiple_choice,1.1002222017850727,False,True
heico__2450919,0026 - Heico - Sigma - 7.avi,True,False,object_identification,fo_class,1.0988789058756083,False,True
heico__2483047,0026 - Heico - Sigma - 7.avi,True,False,object_identification,fo_class,1.0885384019929916,False,True
heico__2501152,0026 - Heico - Sigma - 7.avi,True,False,spatial_localization_camera,multiple_choice,1.0524683350231498,False,True
heico__2452530,0026 - Heico - Sigma - 7.avi,True,False,object_identification,fo_class,1.0894405799917877,False,True
heico__2466670,0026 - Heico - Sigma - 7.avi,True,False,object_aggregation,binary,1.0328335659578443,False,True
heico__2452419,0026 - Heico - Sigma - 7.avi,True,False,object_identification,fo_class,1.1371372470166534,False,True
heico__2451268,0026 - Heico - Sigma - 7.avi,True,False,object_identification,fo_class,1.1011767589952797,False,True
heico__2501160,0026 - Heico - Sigma - 7.avi,True,False,spatial_localization_camera,multiple_choice,1.4059685610700399,False,True
heico__2451079,0026 - Heico - Sigma - 7.avi,True,False,object_identification,fo_class,1.2837733768392354,False,True
heico__2501161,0026 - Heico - Sigma - 7.avi,True,False,spatial_localization_camera,multiple_choice,1.3379504969343543,False,True
heico__2538846,0027 - Heico - Sigma - 8.avi,True,False,object_aggregation,number,1.328370912000537,False,True
heico__2547370,0027 - Heico - Sigma - 8.avi,True,False,object_aggregation,binary,1.3248748700134456,False,True
heico__2537351,0027 - Heico - Sigma - 8.avi,True,False,object_aggregation,number,1.2903502399567515,False,True
heico__2524799,0027 - Heico - Sigma - 8.avi,True,False,object_identification,fo_class,1.3164630820974708,False,True
heico__2546877,0027 - Heico - Sigma - 8.avi,True,False,object_aggregation,binary,1.2137717080768198,False,True
heico__2528805,0027 - Heico - Sigma - 8.avi,True,False,object_identification,fo_class,1.533689719857648,False,False
heico__2569409,0027 - Heico - Sigma - 8.avi,True,False,object_identification,fo_class,1.3175504088867456,False,True
heico__2528817,0027 - Heico - Sigma - 8.avi,True,False,object_identification,fo_class,1.4507051350083202,False,False
heico__2536872,0027 - Heico - Sigma - 8.avi,True,False,object_aggregation,number,1.2003100018482655,False,True
heico__2524823,0027 - Heico - Sigma - 8.avi,True,False,object_identification,fo_class,1.3814334939233959,False,True
heico__2528824,0027 - Heico - Sigma - 8.avi,True,False,object_identification,fo_class,1.5194273970555514,False,False
heico__2538877,0027 - Heico - Sigma - 8.avi,True,False,object_aggregation,number,1.3050714209675789,False,True
heico__2536885,0027 - Heico - Sigma - 8.avi,True,False,object_aggregation,number,1.3750810709316283,False,True
heico__2561928,0027 - Heico - Sigma - 8.avi,True,False,spatial_localization_camera,open_ended,1.3785349109675735,False,True
heico__2537387,0027 - Heico - Sigma - 8.avi,True,False,object_aggregation,number,1.047550399089232,False,True
heico__2561930,0027 - Heico - Sigma - 8.avi,True,False,spatial_localization_camera,open_ended,1.3621469140052795,False,True
heico__2569411,0027 - Heico - Sigma - 8.avi,True,False,object_identification,fo_class,1.0913567850366235,False,True
heico__2569412,0027 - Heico - Sigma - 8.avi,True,False,object_identification,fo_class,1.1110664838925004,False,True
heico__2524837,0027 - Heico - Sigma - 8.avi,True,False,object_identification,fo_class,1.0876009550411254,False,True
heico__2537410,0027 - Heico - Sigma - 8.avi,True,False,object_aggregation,number,1.0449199450667948,False,True
heico__2528864,0027 - Heico - Sigma - 8.avi,True,False,object_identification,fo_class,1.1927887429483235,False,False
heico__2569437,0027 - Heico - Sigma - 8.avi,True,False,object_identification,fo_class,1.134676442015916,False,True
heico__2537027,0027 - Heico - Sigma - 8.avi,True,False,object_aggregation,number,1.0558027469087392,False,True
heico__2561969,0027 - Heico - Sigma - 8.avi,True,False,spatial_localization_camera,open_ended,1.3117781248874962,False,True
heico__2528987,0027 - Heico - Sigma - 8.avi,True,False,object_identification,fo_class,1.1322464579716325,False,True
heico__2528988,0027 - Heico - Sigma - 8.avi,True,False,object_identification,fo_class,1.1193490428850055,False,True
heico__2547566,0027 - Heico - Sigma - 8.avi,True,False,object_aggregation,binary,1.0357222689781338,False,True
heico__2569332,0027 - Heico - Sigma - 8.avi,True,False,object_identification,fo_class,1.072447014041245,False,True
heico__2525043,0027 - Heico - Sigma - 8.avi,True,False,object_identification,fo_class,1.0856498491484672,False,True
heico__2548119,0027 - Heico - Sigma - 8.avi,True,False,object_aggregation,binary,1.0409691350068897,False,True
heico__2539107,0027 - Heico - Sigma - 8.avi,True,False,object_aggregation,number,1.018836532952264,False,False
heico__2561999,0027 - Heico - Sigma - 8.avi,True,False,spatial_localization_camera,open_ended,1.2924774140119553,False,True
heico__2537125,0027 - Heico - Sigma - 8.avi,True,False,object_aggregation,number,1.0185592230409384,False,True
heico__2537646,0027 - Heico - Sigma - 8.avi,True,False,object_aggregation,number,1.0097672268748283,False,True
heico__2681965,0027 - Heico - Sigma - 8.avi,True,False,spatial_localization_situs,open_ended,1.2132554799318314,False,True
heico__2681966,0027 - Heico - Sigma - 8.avi,True,False,spatial_localization_situs,open_ended,1.2683866759762168,False,True
heico__2569457,0027 - Heico - Sigma - 8.avi,True,False,object_identification,fo_class,1.1192733529023826,False,True
heico__2681967,0027 - Heico - Sigma - 8.avi,True,False,spatial_localization_situs,open_ended,1.2617436139844358,False,True
heico__2539222,0027 - Heico - Sigma - 8.avi,True,False,object_aggregation,number,1.0154316111002117,False,True
heico__2525169,0027 - Heico - Sigma - 8.avi,True,False,object_identification,fo_class,1.127138442127034,False,True
heico__2525193,0027 - Heico - Sigma - 8.avi,True,False,object_identification,fo_class,1.1106841848231852,False,True
heico__2537827,0027 - Heico - Sigma - 8.avi,True,False,object_aggregation,number,1.0218090650159866,False,True
heico__2525117,0027 - Heico - Sigma - 8.avi,True,False,object_identification,fo_class,1.096532311057672,False,True
heico__2681968,0027 - Heico - Sigma - 8.avi,True,False,spatial_localization_situs,open_ended,1.2654917840845883,False,False
heico__2529285,0027 - Heico - Sigma - 8.avi,True,False,object_identification,fo_class,1.1163796400651336,False,True
heico__2537757,0027 - Heico - Sigma - 8.avi,True,False,object_aggregation,number,1.06140649295412,False,True
heico__2536936,0027 - Heico - Sigma - 8.avi,True,False,object_aggregation,number,1.0797522149514407,False,True
heico__2539042,0027 - Heico - Sigma - 8.avi,True,False,object_aggregation,number,1.031122140120715,False,True
heico__2569511,0027 - Heico - Sigma - 8.avi,True,False,object_identification,fo_class,1.128710359102115,False,True
heico__2547825,0027 - Heico - Sigma - 8.avi,True,False,object_aggregation,binary,1.0527762840501964,False,True
heico__2529218,0027 - Heico - Sigma - 8.avi,True,False,object_identification,fo_class,1.1845309031195939,False,False
heico__2539187,0027 - Heico - Sigma - 8.avi,True,False,object_aggregation,number,1.0147563628852367,False,True
heico__2562105,0027 - Heico - Sigma - 8.avi,True,False,spatial_localization_camera,open_ended,1.2802996959071606,False,True
heico__2528877,0027 - Heico - Sigma - 8.avi,True,False,object_identification,fo_class,1.2222424559295177,False,False
heico__2525093,0027 - Heico - Sigma - 8.avi,True,False,object_identification,fo_class,1.0618937211111188,False,True
heico__2525114,0027 - Heico - Sigma - 8.avi,True,False,object_identification,fo_class,1.1005423511378467,False,True
heico__2537061,0027 - Heico - Sigma - 8.avi,True,False,object_aggregation,number,1.0245504879858345,False,True
heico__2569348,0027 - Heico - Sigma - 8.avi,True,False,object_identification,fo_class,1.0942804468795657,False,True
heico__2586621,0027 - Heico - Sigma - 8.avi,True,False,spatial_localization_camera,fo_class,1.1362496190704405,False,False
heico__2528971,0027 - Heico - Sigma - 8.avi,True,False,object_identification,fo_class,1.4038170960266143,False,False
heico__2563192,0027 - Heico - Sigma - 8.avi,True,False,object_aggregation,binary,1.0564332250505686,False,True
heico__2586622,0027 - Heico - Sigma - 8.avi,True,False,spatial_localization_camera,fo_class,1.1398140089586377,False,False
heico__2537785,0027 - Heico - Sigma - 8.avi,True,False,object_aggregation,number,1.0597330571617931,False,True
heico__2586623,0027 - Heico - Sigma - 8.avi,True,False,spatial_localization_camera,fo_class,1.1404575479682535,False,False
heico__2586624,0027 - Heico - Sigma - 8.avi,True,False,spatial_localization_camera,fo_class,1.1205345990601927,False,False
heico__2681464,0027 - Heico - Sigma - 8.avi,True,False,object_attributes,open_ended,1.2177247880026698,False,False
heico__2586625,0027 - Heico - Sigma - 8.avi,True,False,spatial_localization_camera,fo_class,1.1611720339860767,False,False
heico__2528823,0027 - Heico - Sigma - 8.avi,True,False,object_identification,fo_class,1.1914895859081298,False,False
heico__2540073,0027 - Heico - Sigma - 8.avi,True,False,object_aggregation,number,1.0091440968681127,False,True
heico__2511921,0027 - Heico - Sigma - 8.avi,True,False,object_identification,fo_class,1.3965745950117707,False,False
heico__2586626,0027 - Heico - Sigma - 8.avi,True,False,spatial_localization_camera,fo_class,1.1314251611474901,False,False
heico__2586627,0027 - Heico - Sigma - 8.avi,True,False,spatial_localization_camera,fo_class,1.143475699936971,False,False
heico__2586628,0027 - Heico - Sigma - 8.avi,True,False,spatial_localization_camera,fo_class,1.1267554729711264,False,False
heico__2681465,0027 - Heico - Sigma - 8.avi,True,False,object_attributes,open_ended,1.2380593449342996,False,False
heico__2536973,0027 - Heico - Sigma - 8.avi,True,False,object_aggregation,number,1.032791217090562,False,False
heico__2540077,0027 - Heico - Sigma - 8.avi,True,False,object_aggregation,number,1.0179070848971605,False,False
heico__2586629,0027 - Heico - Sigma - 8.avi,True,False,spatial_localization_camera,fo_class,1.1949528059922159,False,False
heico__2511924,0027 - Heico - Sigma - 8.avi,True,False,object_identification,fo_class,1.5211967520881444,False,False
heico__2529100,0027 - Heico - Sigma - 8.avi,True,False,object_identification,fo_class,1.116270501166582,False,True
heico__2562123,0027 - Heico - Sigma - 8.avi,True,False,spatial_localization_camera,open_ended,1.3293721890076995,False,True
heico__2548051,0027 - Heico - Sigma - 8.avi,True,False,object_aggregation,binary,1.0392478888388723,False,True
heico__2511926,0027 - Heico - Sigma - 8.avi,True,False,object_identification,fo_class,1.2124966410920024,False,True
heico__2537108,0027 - Heico - Sigma - 8.avi,True,False,object_aggregation,number,1.0092047578655183,False,False
heico__2563204,0027 - Heico - Sigma - 8.avi,True,False,object_aggregation,binary,1.0593067980371416,False,True
heico__2563205,0027 - Heico - Sigma - 8.avi,True,False,object_aggregation,binary,1.0191886911634356,False,True
heico__2563206,0027 - Heico - Sigma - 8.avi,True,False,object_aggregation,binary,1.0716267458628863,False,False
heico__2528961,0027 - Heico - Sigma - 8.avi,True,False,object_identification,fo_class,1.03826525202021,False,False
heico__2537482,0027 - Heico - Sigma - 8.avi,True,False,object_aggregation,number,1.071657826192677,False,False
heico__2586630,0027 - Heico - Sigma - 8.avi,True,False,spatial_localization_camera,fo_class,1.0837777450215071,False,False
heico__2563210,0027 - Heico - Sigma - 8.avi,True,False,object_aggregation,binary,1.1058821768965572,False,True
heico__2537806,0027 - Heico - Sigma - 8.avi,True,False,object_aggregation,number,1.0391315100714564,False,True
heico__2536988,0027 - Heico - Sigma - 8.avi,True,False,object_aggregation,number,1.0722094338852912,False,False
heico__2547436,0027 - Heico - Sigma - 8.avi,True,False,object_aggregation,binary,1.0283315079286695,False,True
heico__2540088,0027 - Heico - Sigma - 8.avi,True,False,object_aggregation,number,1.1013190490193665,False,False
heico__2537775,0027 - Heico - Sigma - 8.avi,True,False,object_aggregation,number,1.070071570109576,False,False
heico__2529200,0027 - Heico - Sigma - 8.avi,True,False,object_identification,fo_class,1.0292060261126608,False,False
heico__2537721,0027 - Heico - Sigma - 8.avi,True,False,object_aggregation,number,1.0012437880504876,False,False
heico__2547933,0027 - Heico - Sigma - 8.avi,True,False,object_aggregation,binary,1.004489819984883,False,False
heico__2511941,0027 - Heico - Sigma - 8.avi,True,False,object_identification,fo_class,1.1937021799385548,False,True
heico__2540096,0027 - Heico - Sigma - 8.avi,True,False,object_aggregation,number,1.0724125341512263,False,True
heico__2537566,0027 - Heico - Sigma - 8.avi,True,False,object_aggregation,number,1.0882813131902367,False,False
heico__2563223,0027 - Heico - Sigma - 8.avi,True,False,object_aggregation,binary,1.0312604799401015,False,False
heico__2540101,0027 - Heico - Sigma - 8.avi,True,False,object_aggregation,number,1.0684814639389515,False,False
heico__2528962,0027 - Heico - Sigma - 8.avi,True,False,object_identification,fo_class,1.0466510811820626,False,False
heico__2537336,0027 - Heico - Sigma - 8.avi,True,False,object_aggregation,number,1.061497932067141,False,False
heico__2511947,0027 - Heico - Sigma - 8.avi,True,False,object_identification,fo_class,1.1881692740134895,False,False
heico__2569522,0027 - Heico - Sigma - 8.avi,True,False,object_identification,fo_class,1.0973316901363432,False,True
heico__2569525,0027 - Heico - Sigma - 8.avi,True,False,object_identification,fo_class,1.0889141508378088,False,True
heico__2525056,0027 - Heico - Sigma - 8.avi,True,False,object_identification,fo_class,1.0908535760827363,False,True
heico__2537339,0027 - Heico - Sigma - 8.avi,True,False,object_aggregation,number,0.9728383719921112,False,False
heico__2537532,0027 - Heico - Sigma - 8.avi,True,False,object_aggregation,number,0.9991493229754269,False,True
heico__2548106,0027 - Heico - Sigma - 8.avi,True,False,object_aggregation,binary,1.052428315160796,False,True
heico__2537403,0027 - Heico - Sigma - 8.avi,True,False,object_aggregation,number,1.0278886300511658,False,True
heico__2525204,0027 - Heico - Sigma - 8.avi,True,False,object_identification,fo_class,1.126705678878352,False,True
heico__2540107,0027 - Heico - Sigma - 8.avi,True,False,object_aggregation,number,1.0408541539218277,False,False
heico__2511954,0027 - Heico - Sigma - 8.avi,True,False,object_identification,fo_class,1.147888968931511,False,True
heico__2537440,0027 - Heico - Sigma - 8.avi,True,False,object_aggregation,number,0.9972144491039217,False,True
heico__2563233,0027 - Heico - Sigma - 8.avi,True,False,object_aggregation,binary,1.0701402199920267,False,True
heico__2528972,0027 - Heico - Sigma - 8.avi,True,False,object_identification,fo_class,1.1310803222004324,False,True
heico__2529073,0027 - Heico - Sigma - 8.avi,True,False,object_identification,fo_class,1.1839703349396586,False,False
heico__2563236,0027 - Heico - Sigma - 8.avi,True,False,object_aggregation,binary,1.086830586893484,False,False
heico__2528947,0027 - Heico - Sigma - 8.avi,True,False,object_identification,fo_class,1.2101406268775463,False,False
heico__2529192,0027 - Heico - Sigma - 8.avi,True,False,object_identification,fo_class,1.1998101740609854,False,False
heico__2537787,0027 - Heico - Sigma - 8.avi,True,False,object_aggregation,number,1.0174994859844446,False,False
heico__2529179,0027 - Heico - Sigma - 8.avi,True,False,object_identification,fo_class,1.1920427149161696,False,False
heico__2540116,0027 - Heico - Sigma - 8.avi,True,False,object_aggregation,number,1.01643022778444,False,False
heico__2537099,0027 - Heico - Sigma - 8.avi,True,False,object_aggregation,number,1.0620873509906232,False,False
heico__2563239,0027 - Heico - Sigma - 8.avi,True,False,object_aggregation,binary,1.018938162131235,False,True
heico__2528964,0027 - Heico - Sigma - 8.avi,True,False,object_identification,fo_class,1.0717706058640033,False,True
heico__2563240,0027 - Heico - Sigma - 8.avi,True,False,object_aggregation,binary,1.0952936639077961,False,True
heico__2563241,0027 - Heico - Sigma - 8.avi,True,False,object_aggregation,binary,1.0331051659304649,False,True
heico__2540118,0027 - Heico - Sigma - 8.avi,True,False,object_aggregation,number,1.080817941809073,False,False
heico__2536878,0027 - Heico - Sigma - 8.avi,True,False,object_aggregation,number,1.0206080679781735,False,False
heico__2540120,0027 - Heico - Sigma - 8.avi,True,False,object_aggregation,number,1.0794018160086125,False,False
heico__2528892,0027 - Heico - Sigma - 8.avi,True,False,object_identification,fo_class,1.1413817848078907,False,True
heico__2548134,0027 - Heico - Sigma - 8.avi,True,False,object_aggregation,binary,1.04446597606875,False,True
heico__2569526,0027 - Heico - Sigma - 8.avi,True,False,object_identification,fo_class,1.0438564780633897,False,True
heico__2537371,0027 - Heico - Sigma - 8.avi,True,False,object_aggregation,number,1.0705094391014427,False,False
heico__2511958,0027 - Heico - Sigma - 8.avi,True,False,object_identification,fo_class,1.1322242990136147,False,True
heico__2537611,0027 - Heico - Sigma - 8.avi,True,False,object_aggregation,number,1.071869304869324,False,True
heico__2548190,0027 - Heico - Sigma - 8.avi,True,False,object_aggregation,binary,1.208175292937085,False,True
heico__2563248,0027 - Heico - Sigma - 8.avi,True,False,object_aggregation,binary,1.0786274180281907,False,True
heico__2528872,0027 - Heico - Sigma - 8.avi,True,False,object_identification,fo_class,1.1331071669701487,False,True
heico__2563251,0027 - Heico - Sigma - 8.avi,True,False,object_aggregation,binary,1.0851773209869862,False,True
heico__2529157,0027 - Heico - Sigma - 8.avi,True,False,object_identification,fo_class,1.1202258400153369,False,True
heico__2537054,0027 - Heico - Sigma - 8.avi,True,False,object_aggregation,number,1.0551045890897512,False,False
heico__2563254,0027 - Heico - Sigma - 8.avi,True,False,object_aggregation,binary,1.0335776640567929,False,False
heico__2511966,0027 - Heico - Sigma - 8.avi,True,False,object_identification,fo_class,1.1832742071710527,False,True
heico__2511967,0027 - Heico - Sigma - 8.avi,True,False,object_identification,fo_class,1.1290636770427227,False,True
heico__2548140,0027 - Heico - Sigma - 8.avi,True,False,object_aggregation,binary,1.069655790925026,False,True
heico__2537692,0027 - Heico - Sigma - 8.avi,True,False,object_aggregation,number,1.0289722657762468,False,False
heico__2548294,0027 - Heico - Sigma - 8.avi,True,False,object_aggregation,binary,1.045539673184976,False,True
heico__2547942,0027 - Heico - Sigma - 8.avi,True,False,object_aggregation,binary,1.1248216989915818,False,True
heico__2539174,0027 - Heico - Sigma - 8.avi,True,False,object_aggregation,number,1.0175379160791636,False,True
heico__2511974,0027 - Heico - Sigma - 8.avi,True,False,object_identification,fo_class,1.1929998421110213,False,True
heico__2547905,0027 - Heico - Sigma - 8.avi,True,False,object_aggregation,binary,1.1191023830324411,False,True
heico__2537203,0027 - Heico - Sigma - 8.avi,True,False,object_aggregation,number,1.0698387410957366,False,True
heico__2569392,0027 - Heico - Sigma - 8.avi,True,False,object_identification,fo_class,1.019330320879817,False,False
heico__2525244,0027 - Heico - Sigma - 8.avi,True,False,object_identification,fo_class,1.111357802990824,False,False
heico__2529038,0027 - Heico - Sigma - 8.avi,True,False,object_identification,fo_class,1.0696863611228764,False,False
heico__2562128,0027 - Heico - Sigma - 8.avi,True,False,spatial_localization_camera,open_ended,1.6884534789714962,False,True
heico__2586631,0027 - Heico - Sigma - 8.avi,True,False,spatial_localization_camera,fo_class,1.0859941788949072,False,False
heico__2525216,0027 - Heico - Sigma - 8.avi,True,False,object_identification,fo_class,1.0994245640467852,False,False
heico__2536850,0027 - Heico - Sigma - 8.avi,True,False,object_aggregation,number,1.0371946750674397,False,False
heico__2562129,0027 - Heico - Sigma - 8.avi,True,False,spatial_localization_camera,open_ended,1.3084479230456054,False,True
heico__2681970,0027 - Heico - Sigma - 8.avi,True,False,spatial_localization_situs,open_ended,1.3634326700121164,False,True
heico__2537743,0027 - Heico - Sigma - 8.avi,True,False,object_aggregation,number,1.0524115159641951,False,True
heico__2539060,0027 - Heico - Sigma - 8.avi,True,False,object_aggregation,number,1.065765761071816,False,False
heico__2569527,0027 - Heico - Sigma - 8.avi,True,False,object_identification,fo_class,1.0725568430498242,False,False
heico__2569359,0027 - Heico - Sigma - 8.avi,True,False,object_identification,fo_class,1.0914460951462388,False,True
heico__2547668,0027 - Heico - Sigma - 8.avi,True,False,object_aggregation,binary,1.0245710080489516,False,True
heico__2562144,0027 - Heico - Sigma - 8.avi,True,False,spatial_localization_camera,open_ended,1.3013912308961153,False,True
heico__2525196,0027 - Heico - Sigma - 8.avi,True,False,object_identification,fo_class,1.0467171298805624,False,False
heico__2569374,0027 - Heico - Sigma - 8.avi,True,False,object_identification,fo_class,1.1285546889994293,False,False
heico__2525058,0027 - Heico - Sigma - 8.avi,True,False,object_identification,fo_class,1.045073624001816,False,True
heico__2524925,0027 - Heico - Sigma - 8.avi,True,False,object_identification,fo_class,1.0249653670471162,False,True
heico__2536914,0027 - Heico - Sigma - 8.avi,True,False,object_aggregation,number,1.0017648471985012,False,True
heico__2681971,0027 - Heico - Sigma - 8.avi,True,False,spatial_localization_situs,open_ended,1.1798696350306273,False,False
heico__2681972,0027 - Heico - Sigma - 8.avi,True,False,spatial_localization_situs,open_ended,1.3606265580747277,False,True
heico__2529138,0027 - Heico - Sigma - 8.avi,True,False,object_identification,fo_class,1.050721009960398,False,False
heico__2529048,0027 - Heico - Sigma - 8.avi,True,False,object_identification,fo_class,1.0004153908230364,False,True
heico__2524907,0027 - Heico - Sigma - 8.avi,True,False,object_identification,fo_class,1.0912928939796984,False,True
heico__2540157,0027 - Heico - Sigma - 8.avi,True,False,object_aggregation,number,1.0104398550465703,False,True
heico__2563270,0027 - Heico - Sigma - 8.avi,True,False,object_aggregation,binary,1.006780793890357,False,False
heico__2536852,0027 - Heico - Sigma - 8.avi,True,False,object_aggregation,number,1.0516248070634902,False,True
heico__2524795,0027 - Heico - Sigma - 8.avi,True,False,object_identification,fo_class,1.0194989710580558,False,True
heico__2528826,0027 - Heico - Sigma - 8.avi,True,False,object_identification,fo_class,1.0041302910540253,False,True
heico__2540160,0027 - Heico - Sigma - 8.avi,True,False,object_aggregation,number,1.0165660178754479,False,False
heico__2528968,0027 - Heico - Sigma - 8.avi,True,False,object_identification,fo_class,1.013722486095503,False,True
heico__2537254,0027 - Heico - Sigma - 8.avi,True,False,object_aggregation,number,1.0416939230635762,False,True
heico__2540163,0027 - Heico - Sigma - 8.avi,True,False,object_aggregation,number,1.0284049781039357,False,True
heico__2540164,0027 - Heico - Sigma - 8.avi,True,False,object_aggregation,number,1.005095137981698,False,True
heico__2540167,0027 - Heico - Sigma - 8.avi,True,False,object_aggregation,number,1.0865297468844801,False,True
heico__2537496,0027 - Heico - Sigma - 8.avi,True,False,object_aggregation,number,1.0219056049827486,False,True
heico__2540168,0027 - Heico - Sigma - 8.avi,True,False,object_aggregation,number,1.0572384928818792,False,False
heico__2537026,0027 - Heico - Sigma - 8.avi,True,False,object_aggregation,number,1.031466590007767,False,False
heico__2540169,0027 - Heico - Sigma - 8.avi,True,False,object_aggregation,number,1.0832523258868605,False,True
heico__2540170,0027 - Heico - Sigma - 8.avi,True,False,object_aggregation,number,1.0098856859840453,False,False
heico__2540171,0027 - Heico - Sigma - 8.avi,True,False,object_aggregation,number,1.0912658548913896,False,False
heico__2540172,0027 - Heico - Sigma - 8.avi,True,False,object_aggregation,number,1.028287759050727,False,False
heico__2563283,0027 - Heico - Sigma - 8.avi,True,False,object_aggregation,binary,1.0598243759013712,False,True
heico__2540173,0027 - Heico - Sigma - 8.avi,True,False,object_aggregation,number,1.0408473759889603,False,False
heico__2540174,0027 - Heico - Sigma - 8.avi,True,False,object_aggregation,number,1.086806075880304,False,False
heico__2537086,0027 - Heico - Sigma - 8.avi,True,False,object_aggregation,number,1.0832055360078812,False,False
heico__2563286,0027 - Heico - Sigma - 8.avi,True,False,object_aggregation,binary,1.0088393480982631,False,True
heico__2540175,0027 - Heico - Sigma - 8.avi,True,False,object_aggregation,number,1.02567844488658,False,False
heico__2540176,0027 - Heico - Sigma - 8.avi,True,False,object_aggregation,number,1.0484642060473561,False,False
heico__2540177,0027 - Heico - Sigma - 8.avi,True,False,object_aggregation,number,1.026212773984298,False,False
heico__2569375,0027 - Heico - Sigma - 8.avi,True,False,object_identification,fo_class,1.0090571569744498,False,True
heico__2540179,0027 - Heico - Sigma - 8.avi,True,False,object_aggregation,number,1.0255425060167909,False,False
heico__2569376,0027 - Heico - Sigma - 8.avi,True,False,object_identification,fo_class,1.0551003380678594,False,True
heico__2537058,0027 - Heico - Sigma - 8.avi,True,False,object_aggregation,number,1.0306668721605092,False,False
heico__2540181,0027 - Heico - Sigma - 8.avi,True,False,object_aggregation,number,1.0688750930130482,False,False
heico__2536969,0027 - Heico - Sigma - 8.avi,True,False,object_aggregation,number,1.0302509129978716,False,False
heico__2540182,0027 - Heico - Sigma - 8.avi,True,False,object_aggregation,number,1.0046230799052864,False,False
heico__2540183,0027 - Heico - Sigma - 8.avi,True,False,object_aggregation,number,0.99984245095402,False,False
heico__2540184,0027 - Heico - Sigma - 8.avi,True,False,object_aggregation,number,1.0497191029135138,False,False
heico__2569393,0027 - Heico - Sigma - 8.avi,True,False,object_identification,fo_class,1.0459070429205894,False,True
heico__2537251,0027 - Heico - Sigma - 8.avi,True,False,object_aggregation,number,1.0599710170645267,False,False
heico__2540188,0027 - Heico - Sigma - 8.avi,True,False,object_aggregation,number,1.0285221168305725,False,False
heico__2537110,0027 - Heico - Sigma - 8.avi,True,False,object_aggregation,number,1.011983740143478,False,False
heico__2540189,0027 - Heico - Sigma - 8.avi,True,False,object_aggregation,number,1.0739233398344368,False,False
heico__2540190,0027 - Heico - Sigma - 8.avi,True,False,object_aggregation,number,1.0143140950240195,False,False
heico__2569394,0027 - Heico - Sigma - 8.avi,True,False,object_identification,fo_class,1.082415317883715,False,True
heico__2569395,0027 - Heico - Sigma - 8.avi,True,False,object_identification,fo_class,1.0997461429797113,False,True
heico__2536986,0027 - Heico - Sigma - 8.avi,True,False,object_aggregation,number,1.112147310981527,False,False
heico__2569396,0027 - Heico - Sigma - 8.avi,True,False,object_identification,fo_class,1.0967394409235567,False,True
heico__2540195,0027 - Heico - Sigma - 8.avi,True,False,object_aggregation,number,1.3286875700578094,False,False
heico__2569397,0027 - Heico - Sigma - 8.avi,True,False,object_identification,fo_class,1.3714459300972521,False,True
heico__2569398,0027 - Heico - Sigma - 8.avi,True,False,object_identification,fo_class,1.5993064299691468,False,True
heico__2537250,0027 - Heico - Sigma - 8.avi,True,False,object_aggregation,number,1.2106124360579997,False,True
heico__2537301,0027 - Heico - Sigma - 8.avi,True,False,object_aggregation,number,1.3811716639902443,False,True
heico__2540201,0027 - Heico - Sigma - 8.avi,True,False,object_aggregation,number,1.017949755070731,False,False
heico__2540202,0027 - Heico - Sigma - 8.avi,True,False,object_aggregation,number,1.0159124499186873,False,False
heico__2537320,0027 - Heico - Sigma - 8.avi,True,False,object_aggregation,number,1.0508469899650663,False,False
heico__2540204,0027 - Heico - Sigma - 8.avi,True,False,object_aggregation,number,1.0325806769542396,False,False
heico__2529040,0027 - Heico - Sigma - 8.avi,True,False,object_identification,fo_class,1.0626006189268082,False,True
heico__2540207,0027 - Heico - Sigma - 8.avi,True,False,object_aggregation,number,1.0365037771407515,False,False
heico__2540208,0027 - Heico - Sigma - 8.avi,True,False,object_aggregation,number,1.1037841429933906,False,True
heico__2540209,0027 - Heico - Sigma - 8.avi,True,False,object_aggregation,number,1.0784956878051162,False,False
heico__2569400,0027 - Heico - Sigma - 8.avi,True,False,object_identification,fo_class,1.0178315350785851,False,True
heico__2569401,0027 - Heico - Sigma - 8.avi,True,False,object_identification,fo_class,1.072079764911905,False,True
heico__2540210,0027 - Heico - Sigma - 8.avi,True,False,object_aggregation,number,1.0287461769767106,False,False
heico__2540211,0027 - Heico - Sigma - 8.avi,True,False,object_aggregation,number,1.0323370969854295,False,False
heico__2540212,0027 - Heico - Sigma - 8.avi,True,False,object_aggregation,number,1.0343285729177296,False,False
heico__2540213,0027 - Heico - Sigma - 8.avi,True,False,object_aggregation,number,1.032197528053075,False,False
heico__2537268,0027 - Heico - Sigma - 8.avi,True,False,object_aggregation,number,1.0611846030224115,False,False
heico__2540214,0027 - Heico - Sigma - 8.avi,True,False,object_aggregation,number,1.0385233010165393,False,False
heico__2540218,0027 - Heico - Sigma - 8.avi,True,False,object_aggregation,number,1.073473400902003,False,False
heico__2563326,0027 - Heico - Sigma - 8.avi,True,False,object_aggregation,binary,1.035894219065085,False,True
heico__2569403,0027 - Heico - Sigma - 8.avi,True,False,object_identification,fo_class,1.0626961491070688,False,True
heico__2547518,0027 - Heico - Sigma - 8.avi,True,False,object_aggregation,binary,1.0401334869675338,False,True
heico__2536968,0027 - Heico - Sigma - 8.avi,True,False,object_aggregation,number,1.0696989810094237,False,True
heico__2525172,0027 - Heico - Sigma - 8.avi,True,False,object_identification,fo_class,1.0736305208411068,False,False
heico__2528812,0027 - Heico - Sigma - 8.avi,True,False,object_identification,fo_class,1.0944593970198184,False,True
heico__2539085,0027 - Heico - Sigma - 8.avi,True,False,object_aggregation,number,1.0623536501079798,False,True
heico__2562156,0027 - Heico - Sigma - 8.avi,True,False,spatial_localization_camera,open_ended,1.3399968910962343,False,True
heico__2536907,0027 - Heico - Sigma - 8.avi,True,False,object_aggregation,number,1.0457017731387168,False,False
heico__2540231,0027 - Heico - Sigma - 8.avi,True,False,object_aggregation,number,1.073868950130418,False,False
heico__2563338,0027 - Heico - Sigma - 8.avi,True,False,object_aggregation,binary,1.03938469896093,False,True
heico__2528874,0027 - Heico - Sigma - 8.avi,True,False,object_identification,fo_class,1.0692784418351948,False,True
heico__2537139,0027 - Heico - Sigma - 8.avi,True,False,object_aggregation,number,1.0312275509350002,False,True
heico__2540242,0027 - Heico - Sigma - 8.avi,True,False,object_aggregation,number,1.0109665228519589,False,False
heico__2528939,0027 - Heico - Sigma - 8.avi,True,False,object_identification,fo_class,1.1793180268723518,False,False
heico__2529141,0027 - Heico - Sigma - 8.avi,True,False,object_identification,fo_class,1.0808495720848441,False,True
heico__2524814,0027 - Heico - Sigma - 8.avi,True,False,object_identification,fo_class,1.0810570209287107,False,True
heico__2524951,0027 - Heico - Sigma - 8.avi,True,False,object_identification,fo_class,1.0278132299426943,False,True
heico__2563371,0027 - Heico - Sigma - 8.avi,True,False,object_aggregation,binary,1.0810626409947872,False,True
heico__2547906,0027 - Heico - Sigma - 8.avi,True,False,object_aggregation,binary,1.0439360979944468,False,False
heico__2537244,0027 - Heico - Sigma - 8.avi,True,False,object_aggregation,number,1.066066819941625,False,False
heico__2540281,0027 - Heico - Sigma - 8.avi,True,False,object_aggregation,number,1.0281505780294538,False,False
heico__2563390,0027 - Heico - Sigma - 8.avi,True,False,object_aggregation,binary,1.0771332317963243,False,True
heico__2529203,0027 - Heico - Sigma - 8.avi,True,False,object_identification,fo_class,1.1237364909611642,False,False
heico__2563395,0027 - Heico - Sigma - 8.avi,True,False,object_aggregation,binary,1.06829186482355,False,False
heico__2586632,0027 - Heico - Sigma - 8.avi,True,False,spatial_localization_camera,fo_class,1.0205613079015166,False,False
heico__2537188,0027 - Heico - Sigma - 8.avi,True,False,object_aggregation,number,1.0813789900857955,False,True
heico__2511982,0027 - Heico - Sigma - 8.avi,True,False,object_identification,fo_class,1.186138950055465,False,False
heico__2529270,0027 - Heico - Sigma - 8.avi,True,False,object_identification,fo_class,1.138632511952892,False,True
heico__2537829,0027 - Heico - Sigma - 8.avi,True,False,object_aggregation,number,1.0763877239078283,False,False
heico__2547922,0027 - Heico - Sigma - 8.avi,True,False,object_aggregation,binary,1.0168880170676857,False,True
heico__2548164,0027 - Heico - Sigma - 8.avi,True,False,object_aggregation,binary,1.0726401940919459,False,True
heico__2586633,0027 - Heico - Sigma - 8.avi,True,False,spatial_localization_camera,fo_class,1.0404857459943742,False,False
heico__2563398,0027 - Heico - Sigma - 8.avi,True,False,object_aggregation,binary,1.0767961728852242,False,False
heico__2511983,0027 - Heico - Sigma - 8.avi,True,False,object_identification,fo_class,1.1046915201004595,False,True
heico__2586634,0027 - Heico - Sigma - 8.avi,True,False,spatial_localization_camera,fo_class,1.025511325104162,False,False
heico__2511985,0027 - Heico - Sigma - 8.avi,True,False,object_identification,fo_class,1.1110691239591688,False,True
heico__2586635,0027 - Heico - Sigma - 8.avi,True,False,spatial_localization_camera,fo_class,1.0577336819842458,False,False
heico__2586636,0027 - Heico - Sigma - 8.avi,True,False,spatial_localization_camera,fo_class,1.0207406878471375,False,False
heico__2563401,0027 - Heico - Sigma - 8.avi,True,False,object_aggregation,binary,1.0716009559109807,False,True
heico__2537323,0027 - Heico - Sigma - 8.avi,True,False,object_aggregation,number,1.018873622175306,False,True
heico__2563402,0027 - Heico - Sigma - 8.avi,True,False,object_aggregation,binary,1.0707557380665094,False,False
heico__2586637,0027 - Heico - Sigma - 8.avi,True,False,spatial_localization_camera,fo_class,1.0846637720242143,False,True
heico__2537578,0027 - Heico - Sigma - 8.avi,True,False,object_aggregation,number,1.053656523115933,False,True
heico__2586638,0027 - Heico - Sigma - 8.avi,True,False,spatial_localization_camera,fo_class,1.0092355471570045,False,False
heico__2511989,0027 - Heico - Sigma - 8.avi,True,False,object_identification,fo_class,1.1120842809323221,False,True
heico__2536859,0027 - Heico - Sigma - 8.avi,True,False,object_aggregation,number,1.051738748094067,False,False
heico__2529169,0027 - Heico - Sigma - 8.avi,True,False,object_identification,fo_class,1.036940234946087,False,False
heico__2569378,0027 - Heico - Sigma - 8.avi,True,False,object_identification,fo_class,1.1039078929461539,False,True
heico__2681973,0027 - Heico - Sigma - 8.avi,True,False,spatial_localization_situs,open_ended,1.3259217469021678,False,True
heico__2562159,0027 - Heico - Sigma - 8.avi,True,False,spatial_localization_camera,open_ended,1.3298700079321861,False,False
heico__2569548,0027 - Heico - Sigma - 8.avi,True,False,object_identification,fo_class,1.087571494979784,False,False
heico__2537448,0027 - Heico - Sigma - 8.avi,True,False,object_aggregation,number,1.032856066012755,False,True
heico__2525276,0027 - Heico - Sigma - 8.avi,True,False,object_identification,fo_class,1.0706695078406483,False,False
heico__2539725,0027 - Heico - Sigma - 8.avi,True,False,object_aggregation,number,1.0405462270136923,False,True
heico__2528990,0027 - Heico - Sigma - 8.avi,True,False,object_identification,fo_class,1.0061740148812532,False,False
heico__2569549,0027 - Heico - Sigma - 8.avi,True,False,object_identification,fo_class,1.1013670889660716,False,False
heico__2547538,0027 - Heico - Sigma - 8.avi,True,False,object_aggregation,binary,1.0921400431543589,False,True
heico__2525119,0027 - Heico - Sigma - 8.avi,True,False,object_identification,fo_class,1.1276120508555323,False,False
heico__2525055,0027 - Heico - Sigma - 8.avi,True,False,object_identification,fo_class,1.0134307460393757,False,False
heico__2528956,0027 - Heico - Sigma - 8.avi,True,False,object_identification,fo_class,1.2020659178961068,False,True
heico__2525161,0027 - Heico - Sigma - 8.avi,True,False,object_identification,fo_class,1.0441529881209135,False,False
heico__2681974,0027 - Heico - Sigma - 8.avi,True,False,spatial_localization_situs,open_ended,1.2931187718641013,False,True
heico__2525017,0027 - Heico - Sigma - 8.avi,True,False,object_identification,fo_class,1.0278605590574443,False,False
heico__2539780,0027 - Heico - Sigma - 8.avi,True,False,object_aggregation,number,1.0909171858802438,False,False
heico__2569530,0027 - Heico - Sigma - 8.avi,True,False,object_identification,fo_class,1.129696706077084,False,False
heico__2569550,0027 - Heico - Sigma - 8.avi,True,False,object_identification,fo_class,1.0510018491186202,False,False
heico__2529017,0027 - Heico - Sigma - 8.avi,True,False,object_identification,fo_class,1.1207910489756614,False,False
heico__2681975,0027 - Heico - Sigma - 8.avi,True,False,spatial_localization_situs,open_ended,1.3445474088657647,False,True
heico__2569380,0027 - Heico - Sigma - 8.avi,True,False,object_identification,fo_class,1.1321917090099305,False,False
heico__2681470,0027 - Heico - Sigma - 8.avi,True,False,object_identification,open_ended,1.131974590010941,False,False
heico__2569532,0027 - Heico - Sigma - 8.avi,True,False,object_identification,fo_class,1.1906250580213964,False,False
heico__2569553,0027 - Heico - Sigma - 8.avi,True,False,object_identification,fo_class,1.0793864058796316,False,False
heico__2529084,0027 - Heico - Sigma - 8.avi,True,False,object_identification,fo_class,1.1408499660901725,False,False
heico__2537135,0027 - Heico - Sigma - 8.avi,True,False,object_aggregation,number,1.0399965778924525,False,False
heico__2537624,0027 - Heico - Sigma - 8.avi,True,False,object_aggregation,number,1.1015143189579248,False,True
heico__2529142,0027 - Heico - Sigma - 8.avi,True,False,object_identification,fo_class,1.1446150271221995,False,False
heico__2525279,0027 - Heico - Sigma - 8.avi,True,False,object_identification,fo_class,1.1266528631094843,False,True
heico__2681978,0027 - Heico - Sigma - 8.avi,True,False,spatial_localization_situs,open_ended,1.2614445150829852,False,True
heico__2681977,0027 - Heico - Sigma - 8.avi,True,False,spatial_localization_situs,open_ended,1.3557504899799824,False,True
heico__2562180,0027 - Heico - Sigma - 8.avi,True,False,spatial_localization_camera,open_ended,1.388210466131568,False,True
heico__2525171,0027 - Heico - Sigma - 8.avi,True,False,object_identification,fo_class,1.0415065039414912,False,False
heico__2529075,0027 - Heico - Sigma - 8.avi,True,False,object_identification,fo_class,1.2111307049635798,False,False
heico__2537141,0027 - Heico - Sigma - 8.avi,True,False,object_aggregation,number,1.0966093910392374,False,True
heico__2569405,0027 - Heico - Sigma - 8.avi,True,False,object_identification,fo_class,1.0588008889462799,False,False
heico__2529043,0027 - Heico - Sigma - 8.avi,True,False,object_identification,fo_class,1.1540145429316908,False,False
heico__2529053,0027 - Heico - Sigma - 8.avi,True,False,object_identification,fo_class,1.179461746942252,False,False
heico__2569406,0027 - Heico - Sigma - 8.avi,True,False,object_identification,fo_class,1.0273859000299126,False,False
heico__2569407,0027 - Heico - Sigma - 8.avi,True,False,object_identification,fo_class,1.1191769528668374,False,False
heico__2562186,0027 - Heico - Sigma - 8.avi,True,False,spatial_localization_camera,open_ended,1.3246649908833206,False,True
heico__2569388,0027 - Heico - Sigma - 8.avi,True,False,object_identification,fo_class,1.1868420268874615,False,True
heico__2525269,0027 - Heico - Sigma - 8.avi,True,False,object_identification,fo_class,1.1165656300727278,False,True
heico__2528952,0027 - Heico - Sigma - 8.avi,True,False,object_identification,fo_class,1.2710913999471813,False,False
heico__2529234,0027 - Heico - Sigma - 8.avi,True,False,object_identification,fo_class,1.0378415528684855,False,True
heico__2525015,0027 - Heico - Sigma - 8.avi,True,False,object_identification,fo_class,1.024919947143644,False,False
heico__2524922,0027 - Heico - Sigma - 8.avi,True,False,object_identification,fo_class,1.1225161240436137,False,True
heico__2569389,0027 - Heico - Sigma - 8.avi,True,False,object_identification,fo_class,1.1154598521534353,False,True
heico__2529194,0027 - Heico - Sigma - 8.avi,True,False,object_identification,fo_class,1.1008480407763273,False,True
heico__2525190,0027 - Heico - Sigma - 8.avi,True,False,object_identification,fo_class,1.107896951958537,False,True
heico__2524883,0027 - Heico - Sigma - 8.avi,True,False,object_identification,fo_class,1.0925673409365118,False,True
heico__2537476,0027 - Heico - Sigma - 8.avi,True,False,object_aggregation,number,1.0605827949475497,False,False
heico__2529011,0027 - Heico - Sigma - 8.avi,True,False,object_identification,fo_class,1.0796468548942357,False,False
heico__2525039,0027 - Heico - Sigma - 8.avi,True,False,object_identification,fo_class,1.0294473951216787,False,False
heico__2525290,0027 - Heico - Sigma - 8.avi,True,False,object_identification,fo_class,1.1176209070254117,False,True
heico__2525016,0027 - Heico - Sigma - 8.avi,True,False,object_identification,fo_class,1.0528076239861548,False,True
heico__2529175,0027 - Heico - Sigma - 8.avi,True,False,object_identification,fo_class,1.0740733798593283,False,False
heico__2525185,0027 - Heico - Sigma - 8.avi,True,False,object_identification,fo_class,1.0572307328693569,False,True
heico__2528851,0027 - Heico - Sigma - 8.avi,True,False,object_identification,fo_class,1.0668572180438787,False,True
heico__2595413,0027 - Heico - Sigma - 8.avi,True,False,spatial_localization_camera,multiple_choice,1.077654151013121,False,True
heico__2569408,0027 - Heico - Sigma - 8.avi,True,False,object_identification,fo_class,1.1545830611139536,False,False
heico__2528974,0027 - Heico - Sigma - 8.avi,True,False,object_identification,fo_class,1.1275591410230845,False,False
heico__2569390,0027 - Heico - Sigma - 8.avi,True,False,object_identification,fo_class,1.1450694659724832,False,False
heico__2595414,0027 - Heico - Sigma - 8.avi,True,False,spatial_localization_camera,multiple_choice,1.0913062249310315,False,True
heico__2528809,0027 - Heico - Sigma - 8.avi,True,False,object_identification,fo_class,1.0933817189652473,False,True
heico__2525274,0027 - Heico - Sigma - 8.avi,True,False,object_identification,fo_class,1.1547523909248412,False,False
heico__2524863,0027 - Heico - Sigma - 8.avi,True,False,object_identification,fo_class,1.1700305109843612,False,False
heico__2537047,0027 - Heico - Sigma - 8.avi,True,False,object_aggregation,number,1.0270822609309107,False,True
heico__2524933,0027 - Heico - Sigma - 8.avi,True,False,object_identification,fo_class,1.0721268649213016,False,False
heico__2525101,0027 - Heico - Sigma - 8.avi,True,False,object_identification,fo_class,1.075885894941166,False,True
heico__2528801,0027 - Heico - Sigma - 8.avi,True,False,object_identification,fo_class,1.0966791310347617,False,True
heico__2525180,0027 - Heico - Sigma - 8.avi,True,False,object_identification,fo_class,1.0900953779928386,False,True
heico__2529136,0027 - Heico - Sigma - 8.avi,True,False,object_identification,fo_class,1.0990505749359727,False,True
heico__2511990,0027 - Heico - Sigma - 8.avi,True,False,object_identification,fo_class,1.2158897321205586,False,True
heico__2563422,0027 - Heico - Sigma - 8.avi,True,False,object_aggregation,binary,1.04188577295281,False,False
heico__2528955,0027 - Heico - Sigma - 8.avi,True,False,object_identification,fo_class,1.1445536070968956,False,True
heico__2524827,0027 - Heico - Sigma - 8.avi,True,False,object_identification,fo_class,1.052370976191014,False,False
heico__2528854,0027 - Heico - Sigma - 8.avi,True,False,object_identification,fo_class,1.0829229070805013,False,False
heico__2539474,0027 - Heico - Sigma - 8.avi,True,False,object_aggregation,number,1.091391314053908,False,True
heico__2529184,0027 - Heico - Sigma - 8.avi,True,False,object_identification,fo_class,1.0873546358197927,False,True
heico__2529258,0027 - Heico - Sigma - 8.avi,True,False,object_identification,fo_class,1.0971354490611702,False,True
heico__2524835,0027 - Heico - Sigma - 8.avi,True,False,object_identification,fo_class,1.2194606040138751,False,False
heico__2525090,0027 - Heico - Sigma - 8.avi,True,False,object_identification,fo_class,1.1360540089663118,False,False
heico__2681473,0027 - Heico - Sigma - 8.avi,True,False,object_identification,open_ended,1.2265635351650417,False,False
heico__2525108,0027 - Heico - Sigma - 8.avi,True,False,object_identification,fo_class,1.1068011040333658,False,False
heico__2595415,0027 - Heico - Sigma - 8.avi,True,False,spatial_localization_camera,multiple_choice,1.1798215759918094,False,True
heico__2569554,0027 - Heico - Sigma - 8.avi,True,False,object_identification,fo_class,1.1762511550914496,False,False
heico__2529080,0027 - Heico - Sigma - 8.avi,True,False,object_identification,fo_class,1.133003137074411,False,True
heico__2528799,0027 - Heico - Sigma - 8.avi,True,False,object_identification,fo_class,1.0926133021712303,False,True
heico__2524888,0027 - Heico - Sigma - 8.avi,True,False,object_identification,fo_class,1.0991495149210095,False,True
heico__2529140,0027 - Heico - Sigma - 8.avi,True,False,object_identification,fo_class,1.0217527160421014,False,False
heico__2528859,0027 - Heico - Sigma - 8.avi,True,False,object_identification,fo_class,1.1762935838196427,False,True
heico__2681475,0027 - Heico - Sigma - 8.avi,True,False,object_attributes,open_ended,1.125673646805808,False,True
heico__2547301,0027 - Heico - Sigma - 8.avi,True,False,object_aggregation,binary,1.0525262348819524,False,True
heico__2525262,0027 - Heico - Sigma - 8.avi,True,False,object_identification,fo_class,1.1239099300000817,False,True
heico__2525053,0027 - Heico - Sigma - 8.avi,True,False,object_identification,fo_class,1.0254143259953707,False,False
heico__2525247,0027 - Heico - Sigma - 8.avi,True,False,object_identification,fo_class,1.1054980580229312,False,True
heico__2529228,0027 - Heico - Sigma - 8.avi,True,False,object_identification,fo_class,1.0875562650617212,False,True
heico__2524989,0027 - Heico - Sigma - 8.avi,True,False,object_identification,fo_class,1.1192384518217295,False,True
heico__2595416,0027 - Heico - Sigma - 8.avi,True,False,spatial_localization_camera,multiple_choice,1.0811949421186,False,True
heico__2569391,0027 - Heico - Sigma - 8.avi,True,False,object_identification,fo_class,1.0817252090200782,False,True
heico__2683729,0027 - Heico - Sigma - 8.avi,True,False,object_aggregation,number,1.0339688940439373,False,False
heico__2627186,0028 - Heico - Sigma - 9.avi,True,False,object_aggregation,number,1.0398407380562276,False,False
heico__2627190,0028 - Heico - Sigma - 9.avi,True,False,object_aggregation,number,1.080991901922971,False,True
heico__2618346,0028 - Heico - Sigma - 9.avi,True,False,object_identification,fo_class,1.0704115990083665,False,True
heico__2634801,0028 - Heico - Sigma - 9.avi,True,False,object_aggregation,binary,1.0307207219302654,False,True
heico__2657437,0028 - Heico - Sigma - 9.avi,True,False,object_identification,fo_class,1.1255236570723355,False,True
heico__2681912,0028 - Heico - Sigma - 9.avi,True,False,spatial_localization_situs,open_ended,1.2196055129170418,False,True
heico__2681911,0028 - Heico - Sigma - 9.avi,True,False,spatial_localization_situs,open_ended,1.2581807330716401,False,True
heico__2615667,0028 - Heico - Sigma - 9.avi,True,False,object_identification,fo_class,1.0704528889618814,False,True
heico__2618483,0028 - Heico - Sigma - 9.avi,True,False,object_identification,fo_class,1.1597466771490872,False,False
heico__2625535,0028 - Heico - Sigma - 9.avi,True,False,object_aggregation,number,0.979951943969354,False,True
heico__2625562,0028 - Heico - Sigma - 9.avi,True,False,object_aggregation,number,1.0016616769134998,False,True
heico__2681913,0028 - Heico - Sigma - 9.avi,True,False,spatial_localization_situs,open_ended,1.301541700027883,False,True
heico__2626107,0028 - Heico - Sigma - 9.avi,True,False,object_aggregation,number,1.0480601170565933,False,False
heico__2635042,0028 - Heico - Sigma - 9.avi,True,False,object_aggregation,binary,1.0265083329286426,False,True
heico__2615818,0028 - Heico - Sigma - 9.avi,True,False,object_identification,fo_class,1.1529174449387938,False,True
heico__2657485,0028 - Heico - Sigma - 9.avi,True,False,object_identification,fo_class,1.104590700007975,False,True
heico__2649485,0028 - Heico - Sigma - 9.avi,True,False,spatial_localization_camera,open_ended,1.320127910003066,False,True
heico__2649513,0028 - Heico - Sigma - 9.avi,True,False,spatial_localization_camera,open_ended,1.3121248038951308,False,True
heico__2626103,0028 - Heico - Sigma - 9.avi,True,False,object_aggregation,number,1.0888215207960457,False,True
heico__2681915,0028 - Heico - Sigma - 9.avi,True,False,spatial_localization_situs,open_ended,1.1501647930126637,False,False
heico__2681917,0028 - Heico - Sigma - 9.avi,True,False,spatial_localization_situs,open_ended,1.273919312050566,False,True
heico__2681916,0028 - Heico - Sigma - 9.avi,True,False,spatial_localization_situs,open_ended,1.311420365003869,False,False
heico__2657708,0028 - Heico - Sigma - 9.avi,True,False,object_identification,fo_class,1.1176900370046496,False,False
heico__2634943,0028 - Heico - Sigma - 9.avi,True,False,object_aggregation,binary,1.0684249340556562,False,True
heico__2626027,0028 - Heico - Sigma - 9.avi,True,False,object_aggregation,number,1.0986072761006653,False,True
heico__2615460,0028 - Heico - Sigma - 9.avi,True,False,object_identification,fo_class,1.074025209993124,False,True
heico__2681918,0028 - Heico - Sigma - 9.avi,True,False,spatial_localization_situs,open_ended,1.2512393009383231,False,False
heico__2681919,0028 - Heico - Sigma - 9.avi,True,False,spatial_localization_situs,open_ended,1.1943295882083476,False,True
heico__2615813,0028 - Heico - Sigma - 9.avi,True,False,object_identification,fo_class,1.0721024149097502,False,False
heico__2649650,0028 - Heico - Sigma - 9.avi,True,False,spatial_localization_camera,open_ended,1.2964445450343192,False,True
heico__2627549,0028 - Heico - Sigma - 9.avi,True,False,object_aggregation,number,1.0337014549877495,False,False
heico__2625411,0028 - Heico - Sigma - 9.avi,True,False,object_aggregation,number,1.0577784709166735,False,False
heico__2649674,0028 - Heico - Sigma - 9.avi,True,False,spatial_localization_camera,open_ended,1.3107565771788359,False,True
heico__2625709,0028 - Heico - Sigma - 9.avi,True,False,object_aggregation,number,1.0175851460080594,False,False
heico__2618500,0028 - Heico - Sigma - 9.avi,True,False,object_identification,fo_class,1.0668363580480218,False,True
heico__2636065,0028 - Heico - Sigma - 9.avi,True,False,object_aggregation,binary,1.0445367260836065,False,False
heico__2618403,0028 - Heico - Sigma - 9.avi,True,False,object_identification,fo_class,1.172764654038474,False,False
heico__2627500,0028 - Heico - Sigma - 9.avi,True,False,object_aggregation,number,1.0265108728781343,False,False
heico__2682601,0028 - Heico - Sigma - 9.avi,True,False,spatial_localization_situs,open_ended,1.2250856289174408,False,False
heico__2657636,0028 - Heico - Sigma - 9.avi,True,False,object_identification,fo_class,1.1045012709219009,False,True
heico__2626124,0028 - Heico - Sigma - 9.avi,True,False,object_aggregation,number,1.0428543300367892,False,True
heico__2627374,0028 - Heico - Sigma - 9.avi,True,False,object_aggregation,number,1.027827818877995,False,True
heico__2625397,0028 - Heico - Sigma - 9.avi,True,False,object_aggregation,number,1.0708480780012906,False,True
heico__2649751,0028 - Heico - Sigma - 9.avi,True,False,spatial_localization_camera,open_ended,1.3120738840661943,False,True
heico__2615448,0028 - Heico - Sigma - 9.avi,True,False,object_identification,fo_class,1.0992965039331466,False,False
heico__2649765,0028 - Heico - Sigma - 9.avi,True,False,spatial_localization_camera,open_ended,1.7565093929879367,False,True
heico__2657547,0028 - Heico - Sigma - 9.avi,True,False,object_identification,fo_class,1.0434245190117508,False,False
heico__2618667,0028 - Heico - Sigma - 9.avi,True,False,object_identification,fo_class,1.0195097508840263,False,False
heico__2626178,0028 - Heico - Sigma - 9.avi,True,False,object_aggregation,number,1.0695595720317215,False,True
heico__2625769,0028 - Heico - Sigma - 9.avi,True,False,object_aggregation,number,1.0184470529202372,False,False
heico__2626000,0028 - Heico - Sigma - 9.avi,True,False,object_aggregation,number,1.0916722738184035,False,True
heico__2618366,0028 - Heico - Sigma - 9.avi,True,False,object_identification,fo_class,1.2103728959336877,False,False
heico__2615899,0028 - Heico - Sigma - 9.avi,True,False,object_identification,fo_class,1.136864747153595,False,True
heico__2634966,0028 - Heico - Sigma - 9.avi,True,False,object_aggregation,binary,1.0531608639284968,False,True
heico__2657782,0028 - Heico - Sigma - 9.avi,True,False,object_identification,fo_class,1.1444449280388653,False,True
heico__2627170,0028 - Heico - Sigma - 9.avi,True,False,object_aggregation,number,1.0421751930844039,False,True
heico__2635711,0028 - Heico - Sigma - 9.avi,True,False,object_aggregation,binary,1.0198797499760985,False,True
heico__2657498,0028 - Heico - Sigma - 9.avi,True,False,object_identification,fo_class,1.138715032953769,False,True
heico__2618283,0028 - Heico - Sigma - 9.avi,True,False,object_identification,fo_class,1.2119195919949561,False,False
heico__2618514,0028 - Heico - Sigma - 9.avi,True,False,object_identification,fo_class,1.0873434760142118,False,True
heico__2626069,0028 - Heico - Sigma - 9.avi,True,False,object_aggregation,number,0.9848460799548775,False,True
heico__2615782,0028 - Heico - Sigma - 9.avi,True,False,object_identification,fo_class,1.0999478730373085,False,True
heico__2627153,0028 - Heico - Sigma - 9.avi,True,False,object_aggregation,number,1.0594534270931035,False,True
heico__2635267,0028 - Heico - Sigma - 9.avi,True,False,object_aggregation,binary,1.0289467270486057,False,True
heico__2627304,0028 - Heico - Sigma - 9.avi,True,False,object_aggregation,number,1.0719555648975074,False,True
heico__2615872,0028 - Heico - Sigma - 9.avi,True,False,object_identification,fo_class,1.0719745650421828,False,True
heico__2626235,0028 - Heico - Sigma - 9.avi,True,False,object_aggregation,number,1.0570050028618425,False,True
heico__2649707,0028 - Heico - Sigma - 9.avi,True,False,spatial_localization_camera,open_ended,1.3586774331051856,False,True
heico__2649772,0028 - Heico - Sigma - 9.avi,True,False,spatial_localization_camera,open_ended,1.3216432589106262,False,True
heico__2657811,0028 - Heico - Sigma - 9.avi,True,False,object_identification,fo_class,1.1554090389981866,False,True
heico__2681924,0028 - Heico - Sigma - 9.avi,True,False,spatial_localization_situs,open_ended,1.2878042161464691,False,False
heico__2681923,0028 - Heico - Sigma - 9.avi,True,False,spatial_localization_situs,open_ended,1.1433333109598607,False,False
heico__2625502,0028 - Heico - Sigma - 9.avi,True,False,object_aggregation,number,1.1041377808433026,False,True
heico__2625391,0028 - Heico - Sigma - 9.avi,True,False,object_aggregation,number,1.0280791090335697,False,False
heico__2681925,0028 - Heico - Sigma - 9.avi,True,False,spatial_localization_situs,open_ended,1.1271680120844394,False,False
heico__2681926,0028 - Heico - Sigma - 9.avi,True,False,spatial_localization_situs,open_ended,1.2755147879943252,False,False
heico__2634808,0028 - Heico - Sigma - 9.avi,True,False,object_aggregation,binary,1.098923915065825,False,True
heico__2681927,0028 - Heico - Sigma - 9.avi,True,False,spatial_localization_situs,open_ended,1.2776063031051308,False,False
heico__2635024,0028 - Heico - Sigma - 9.avi,True,False,object_aggregation,binary,1.0098084160126746,False,True
heico__2657846,0028 - Heico - Sigma - 9.avi,True,False,object_identification,fo_class,1.058396379929036,False,False
heico__2681928,0028 - Heico - Sigma - 9.avi,True,False,spatial_localization_situs,open_ended,1.2652973148506135,False,False
heico__2625472,0028 - Heico - Sigma - 9.avi,True,False,object_aggregation,number,0.9949992641340941,False,True
heico__2626035,0028 - Heico - Sigma - 9.avi,True,False,object_aggregation,number,1.0713219370227307,False,True
heico__2649752,0028 - Heico - Sigma - 9.avi,True,False,spatial_localization_camera,open_ended,1.290036329999566,False,True
heico__2615868,0028 - Heico - Sigma - 9.avi,True,False,object_identification,fo_class,1.076274663908407,False,True
heico__2657467,0028 - Heico - Sigma - 9.avi,True,False,object_identification,fo_class,1.0995123540051281,False,True
heico__2627537,0028 - Heico - Sigma - 9.avi,True,False,object_aggregation,number,1.015434490982443,False,True
heico__2618342,0028 - Heico - Sigma - 9.avi,True,False,object_identification,fo_class,1.1407411268446594,False,False
heico__2681929,0028 - Heico - Sigma - 9.avi,True,False,spatial_localization_situs,open_ended,1.2796003681141883,False,True
heico__2618706,0028 - Heico - Sigma - 9.avi,True,False,object_identification,fo_class,1.0079641500487924,False,False
heico__2625387,0028 - Heico - Sigma - 9.avi,True,False,object_aggregation,number,1.0630194190889597,False,True
heico__2657860,0028 - Heico - Sigma - 9.avi,True,False,object_identification,fo_class,1.0852948899846524,False,True
heico__2649576,0028 - Heico - Sigma - 9.avi,True,False,spatial_localization_camera,open_ended,1.3161023028660566,False,True
heico__2627309,0028 - Heico - Sigma - 9.avi,True,False,object_aggregation,number,1.0473571592010558,False,True
heico__2615820,0028 - Heico - Sigma - 9.avi,True,False,object_identification,fo_class,1.164096545893699,False,True
heico__2625828,0028 - Heico - Sigma - 9.avi,True,False,object_aggregation,number,1.0455001739319414,False,True
heico__2657499,0028 - Heico - Sigma - 9.avi,True,False,object_identification,fo_class,1.0617423709481955,False,True
heico__2673204,0028 - Heico - Sigma - 9.avi,True,False,spatial_localization_camera,fo_class,1.0284356880001724,False,True
heico__2604346,0028 - Heico - Sigma - 9.avi,True,False,object_identification,fo_class,1.1674624478910118,False,True
heico__2673205,0028 - Heico - Sigma - 9.avi,True,False,spatial_localization_camera,fo_class,1.0886728018522263,False,False
heico__2626086,0028 - Heico - Sigma - 9.avi,True,False,object_aggregation,number,1.031846049008891,False,True
heico__2604349,0028 - Heico - Sigma - 9.avi,True,False,object_identification,fo_class,1.1934053408913314,False,True
heico__2625468,0028 - Heico - Sigma - 9.avi,True,False,object_aggregation,number,1.0254392160568386,False,False
heico__2604353,0028 - Heico - Sigma - 9.avi,True,False,object_identification,fo_class,1.173561902018264,False,True
heico__2604354,0028 - Heico - Sigma - 9.avi,True,False,object_identification,fo_class,1.1121808800380677,False,True
heico__2635762,0028 - Heico - Sigma - 9.avi,True,False,object_aggregation,binary,1.0779203199781477,False,True
heico__2650843,0028 - Heico - Sigma - 9.avi,True,False,object_aggregation,binary,1.0263473230879754,False,True
heico__2650844,0028 - Heico - Sigma - 9.avi,True,False,object_aggregation,binary,1.062628329033032,False,True
heico__2618267,0028 - Heico - Sigma - 9.avi,True,False,object_identification,fo_class,1.1421630340628326,False,True
heico__2635918,0028 - Heico - Sigma - 9.avi,True,False,object_aggregation,binary,1.0520028159953654,False,True
heico__2635411,0028 - Heico - Sigma - 9.avi,True,False,object_aggregation,binary,1.0354299200698733,False,True
heico__2626163,0028 - Heico - Sigma - 9.avi,True,False,object_aggregation,number,1.070345798972994,False,True
heico__2618386,0028 - Heico - Sigma - 9.avi,True,False,object_identification,fo_class,1.1428092818241566,False,True
heico__2650849,0028 - Heico - Sigma - 9.avi,True,False,object_aggregation,binary,0.9967079998459667,False,True
heico__2628012,0028 - Heico - Sigma - 9.avi,True,False,object_aggregation,number,1.0678942049853504,False,True
heico__2625373,0028 - Heico - Sigma - 9.avi,True,False,object_aggregation,number,1.0201951290946454,False,False
heico__2628013,0028 - Heico - Sigma - 9.avi,True,False,object_aggregation,number,1.0888353320769966,False,False
heico__2625553,0028 - Heico - Sigma - 9.avi,True,False,object_aggregation,number,1.0125955580733716,False,False
heico__2628014,0028 - Heico - Sigma - 9.avi,True,False,object_aggregation,number,1.0793602759949863,False,True
heico__2650851,0028 - Heico - Sigma - 9.avi,True,False,object_aggregation,binary,1.0311407609842718,False,True
heico__2628015,0028 - Heico - Sigma - 9.avi,True,False,object_aggregation,number,1.0692296118941158,False,False
heico__2635955,0028 - Heico - Sigma - 9.avi,True,False,object_aggregation,binary,1.0309986111242324,False,True
heico__2618351,0028 - Heico - Sigma - 9.avi,True,False,object_identification,fo_class,1.183338567148894,False,True
heico__2625898,0028 - Heico - Sigma - 9.avi,True,False,object_aggregation,number,1.0954589741304517,False,False
heico__2673206,0028 - Heico - Sigma - 9.avi,True,False,spatial_localization_camera,fo_class,1.1394446899648756,False,True
heico__2681407,0028 - Heico - Sigma - 9.avi,True,False,object_identification,open_ended,1.1684989258646965,False,True
heico__2618668,0028 - Heico - Sigma - 9.avi,True,False,object_identification,fo_class,1.186556728091091,False,True
heico__2625424,0028 - Heico - Sigma - 9.avi,True,False,object_aggregation,number,1.0154246110469103,False,False
heico__2628035,0028 - Heico - Sigma - 9.avi,True,False,object_aggregation,number,1.0825735880061984,False,True
heico__2636134,0028 - Heico - Sigma - 9.avi,True,False,object_aggregation,binary,1.0392163500655442,False,False
heico__2628036,0028 - Heico - Sigma - 9.avi,True,False,object_aggregation,number,1.080196542898193,False,True
heico__2625701,0028 - Heico - Sigma - 9.avi,True,False,object_aggregation,number,1.0883445828221738,False,False
heico__2628038,0028 - Heico - Sigma - 9.avi,True,False,object_aggregation,number,1.019261390902102,False,True
heico__2625517,0028 - Heico - Sigma - 9.avi,True,False,object_aggregation,number,1.0819545600097626,False,False
heico__2650879,0028 - Heico - Sigma - 9.avi,True,False,object_aggregation,binary,1.0076725408434868,False,True
heico__2628048,0028 - Heico - Sigma - 9.avi,True,False,object_aggregation,number,1.2719171068165451,False,False
heico__2628051,0028 - Heico - Sigma - 9.avi,True,False,object_aggregation,number,1.019770260900259,False,True
heico__2635972,0028 - Heico - Sigma - 9.avi,True,False,object_aggregation,binary,1.09043769701384,False,True
heico__2626253,0028 - Heico - Sigma - 9.avi,True,False,object_aggregation,number,1.0186023029964417,False,True
heico__2625708,0028 - Heico - Sigma - 9.avi,True,False,object_aggregation,number,1.011323571903631,False,False
heico__2628059,0028 - Heico - Sigma - 9.avi,True,False,object_aggregation,number,0.9992673529777676,False,True
heico__2628060,0028 - Heico - Sigma - 9.avi,True,False,object_aggregation,number,1.0712743769399822,False,False
heico__2628062,0028 - Heico - Sigma - 9.avi,True,False,object_aggregation,number,1.0166030179243535,False,True
heico__2618720,0028 - Heico - Sigma - 9.avi,True,False,object_identification,fo_class,1.0836073651444167,False,True
heico__2628066,0028 - Heico - Sigma - 9.avi,True,False,object_aggregation,number,1.0089250979945064,False,True
heico__2650903,0028 - Heico - Sigma - 9.avi,True,False,object_aggregation,binary,1.0078744110651314,False,True
heico__2625515,0028 - Heico - Sigma - 9.avi,True,False,object_aggregation,number,1.0720376949757338,False,False
heico__2625706,0028 - Heico - Sigma - 9.avi,True,False,object_aggregation,number,1.1001052320934832,False,False
heico__2650913,0028 - Heico - Sigma - 9.avi,True,False,object_aggregation,binary,1.0284345077816397,False,True
heico__2628084,0028 - Heico - Sigma - 9.avi,True,False,object_aggregation,number,1.0807857818435878,False,False
heico__2628085,0028 - Heico - Sigma - 9.avi,True,False,object_aggregation,number,1.2014427499379963,False,False
heico__2628087,0028 - Heico - Sigma - 9.avi,True,False,object_aggregation,number,1.0080499809700996,False,False
heico__2626023,0028 - Heico - Sigma - 9.avi,True,False,object_aggregation,number,1.0214705660473555,False,True
heico__2628090,0028 - Heico - Sigma - 9.avi,True,False,object_aggregation,number,1.061490321997553,False,False
heico__2628091,0028 - Heico - Sigma - 9.avi,True,False,object_aggregation,number,1.0251914961263537,False,False
heico__2628094,0028 - Heico - Sigma - 9.avi,True,False,object_aggregation,number,1.0706505179405212,False,False
heico__2628095,0028 - Heico - Sigma - 9.avi,True,False,object_aggregation,number,1.020592668093741,False,False
heico__2618647,0028 - Heico - Sigma - 9.avi,True,False,object_identification,fo_class,1.0214062461163849,False,False
heico__2628100,0028 - Heico - Sigma - 9.avi,True,False,object_aggregation,number,1.0607027041260153,False,False
heico__2625764,0028 - Heico - Sigma - 9.avi,True,False,object_aggregation,number,1.039521109079942,False,False
heico__2650936,0028 - Heico - Sigma - 9.avi,True,False,object_aggregation,binary,1.0597670071292669,False,True
heico__2615854,0028 - Heico - Sigma - 9.avi,True,False,object_identification,fo_class,1.0986996260471642,False,True
heico__2618587,0028 - Heico - Sigma - 9.avi,True,False,object_identification,fo_class,1.2663067618850619,False,False
heico__2625543,0028 - Heico - Sigma - 9.avi,True,False,object_aggregation,number,0.9881297021638602,False,False
heico__2625461,0028 - Heico - Sigma - 9.avi,True,False,object_aggregation,number,0.9872192540206015,False,False
heico__2628113,0028 - Heico - Sigma - 9.avi,True,False,object_aggregation,number,1.01055176416412,False,False
heico__2628115,0028 - Heico - Sigma - 9.avi,True,False,object_aggregation,number,0.9883975521661341,False,True
heico__2625437,0028 - Heico - Sigma - 9.avi,True,False,object_aggregation,number,0.9994509620591998,False,False
heico__2628116,0028 - Heico - Sigma - 9.avi,True,False,object_aggregation,number,1.0132484568748623,False,False
heico__2628118,0028 - Heico - Sigma - 9.avi,True,False,object_aggregation,number,1.0483717960305512,False,False
heico__2628119,0028 - Heico - Sigma - 9.avi,True,False,object_aggregation,number,1.0901092279236764,False,False
heico__2625533,0028 - Heico - Sigma - 9.avi,True,False,object_aggregation,number,1.13620775914751,False,False
heico__2628121,0028 - Heico - Sigma - 9.avi,True,False,object_aggregation,number,1.1012507791165262,False,False
heico__2628123,0028 - Heico - Sigma - 9.avi,True,False,object_aggregation,number,1.0117786009795964,False,False
heico__2625676,0028 - Heico - Sigma - 9.avi,True,False,object_aggregation,number,1.0706589089240879,False,False
heico__2628128,0028 - Heico - Sigma - 9.avi,True,False,object_aggregation,number,1.038097821874544,False,False
heico__2625694,0028 - Heico - Sigma - 9.avi,True,False,object_aggregation,number,0.9918007729575038,False,False
heico__2628137,0028 - Heico - Sigma - 9.avi,True,False,object_aggregation,number,1.059281068155542,False,False
heico__2657591,0028 - Heico - Sigma - 9.avi,True,False,object_identification,fo_class,1.0395200389903039,False,True
heico__2657592,0028 - Heico - Sigma - 9.avi,True,False,object_identification,fo_class,1.0712936469353735,False,True
heico__2625853,0028 - Heico - Sigma - 9.avi,True,False,object_aggregation,number,1.0275225499644876,False,True
heico__2636026,0028 - Heico - Sigma - 9.avi,True,False,object_aggregation,binary,1.0613154619932175,False,True
heico__2625326,0028 - Heico - Sigma - 9.avi,True,False,object_aggregation,number,1.0285413078963757,False,False
heico__2625466,0028 - Heico - Sigma - 9.avi,True,False,object_aggregation,number,1.082816876936704,False,False
heico__2649406,0028 - Heico - Sigma - 9.avi,True,False,spatial_localization_camera,open_ended,1.2879051461350173,False,True
heico__2673207,0028 - Heico - Sigma - 9.avi,True,False,spatial_localization_camera,fo_class,1.0860547181218863,False,False
heico__2673208,0028 - Heico - Sigma - 9.avi,True,False,spatial_localization_camera,fo_class,1.0993323540315032,False,False
heico__2673209,0028 - Heico - Sigma - 9.avi,True,False,spatial_localization_camera,fo_class,1.1115269830916077,False,False
heico__2673210,0028 - Heico - Sigma - 9.avi,True,False,spatial_localization_camera,fo_class,1.079848115099594,False,False
heico__2673211,0028 - Heico - Sigma - 9.avi,True,False,spatial_localization_camera,fo_class,1.0933310089167207,False,False
heico__2673212,0028 - Heico - Sigma - 9.avi,True,False,spatial_localization_camera,fo_class,1.0994833139702678,False,False
heico__2604513,0028 - Heico - Sigma - 9.avi,True,False,object_identification,fo_class,1.172770394012332,False,True
heico__2673213,0028 - Heico - Sigma - 9.avi,True,False,spatial_localization_camera,fo_class,1.0642391149885952,False,False
heico__2673214,0028 - Heico - Sigma - 9.avi,True,False,spatial_localization_camera,fo_class,1.0981249071191996,False,False
heico__2673215,0028 - Heico - Sigma - 9.avi,True,False,spatial_localization_camera,fo_class,1.090037589194253,False,False
heico__2673218,0028 - Heico - Sigma - 9.avi,True,False,spatial_localization_camera,fo_class,1.090118417982012,False,False
heico__2673219,0028 - Heico - Sigma - 9.avi,True,False,spatial_localization_camera,fo_class,1.1197226508520544,False,False
heico__2626171,0028 - Heico - Sigma - 9.avi,True,False,object_aggregation,number,1.0148885929957032,False,False
heico__2625991,0028 - Heico - Sigma - 9.avi,True,False,object_aggregation,number,1.0006246799603105,False,False
heico__2625719,0028 - Heico - Sigma - 9.avi,True,False,object_aggregation,number,1.0173416258767247,False,False
heico__2625817,0028 - Heico - Sigma - 9.avi,True,False,object_aggregation,number,1.059696497162804,False,False
heico__2626033,0028 - Heico - Sigma - 9.avi,True,False,object_aggregation,number,1.0295304250903428,False,True
heico__2628230,0028 - Heico - Sigma - 9.avi,True,False,object_aggregation,number,1.0699789309874177,False,False
heico__2625561,0028 - Heico - Sigma - 9.avi,True,False,object_aggregation,number,1.0403670070227236,False,True
heico__2657581,0028 - Heico - Sigma - 9.avi,True,False,object_identification,fo_class,1.062486998969689,False,False
heico__2628235,0028 - Heico - Sigma - 9.avi,True,False,object_aggregation,number,1.0302980728447437,False,False
heico__2657506,0028 - Heico - Sigma - 9.avi,True,False,object_identification,fo_class,1.0804474530741572,False,True
heico__2628236,0028 - Heico - Sigma - 9.avi,True,False,object_aggregation,number,1.0182852938305587,False,False
heico__2625410,0028 - Heico - Sigma - 9.avi,True,False,object_aggregation,number,1.0820943389553577,False,True
heico__2657434,0028 - Heico - Sigma - 9.avi,True,False,object_identification,fo_class,1.0177724249660969,False,True
heico__2657596,0028 - Heico - Sigma - 9.avi,True,False,object_identification,fo_class,1.081828820053488,False,True
heico__2615700,0028 - Heico - Sigma - 9.avi,True,False,object_identification,fo_class,1.0590589279308915,False,True
heico__2657517,0028 - Heico - Sigma - 9.avi,True,False,object_identification,fo_class,1.0414317038375884,False,True
heico__2651083,0028 - Heico - Sigma - 9.avi,True,False,object_aggregation,binary,1.0292572660837322,False,False
heico__2618370,0028 - Heico - Sigma - 9.avi,True,False,object_identification,fo_class,1.070137029979378,False,True
heico__2651085,0028 - Heico - Sigma - 9.avi,True,False,object_aggregation,binary,1.0372112239710987,False,True
heico__2651089,0028 - Heico - Sigma - 9.avi,True,False,object_aggregation,binary,1.079448986100033,False,True
heico__2651090,0028 - Heico - Sigma - 9.avi,True,False,object_aggregation,binary,1.0127312578260899,False,True
heico__2618447,0028 - Heico - Sigma - 9.avi,True,False,object_identification,fo_class,1.0716939659323543,False,True
heico__2635936,0028 - Heico - Sigma - 9.avi,True,False,object_aggregation,binary,1.0089263981208205,False,True
heico__2625532,0028 - Heico - Sigma - 9.avi,True,False,object_aggregation,number,1.0199759900569916,False,True
heico__2625670,0028 - Heico - Sigma - 9.avi,True,False,object_aggregation,number,1.098410326987505,False,False
heico__2626108,0028 - Heico - Sigma - 9.avi,True,False,object_aggregation,number,1.0703541887924075,False,True
heico__2618580,0028 - Heico - Sigma - 9.avi,True,False,object_identification,fo_class,1.141501785023138,False,True
heico__2604605,0028 - Heico - Sigma - 9.avi,True,False,object_identification,fo_class,1.1718369459267706,False,True
heico__2635156,0028 - Heico - Sigma - 9.avi,True,False,object_aggregation,binary,1.0262683739420027,False,True
heico__2626067,0028 - Heico - Sigma - 9.avi,True,False,object_aggregation,number,1.0509414488915354,False,True
heico__2627433,0028 - Heico - Sigma - 9.avi,True,False,object_aggregation,number,1.0486146158073097,False,True
heico__2618391,0028 - Heico - Sigma - 9.avi,True,False,object_identification,fo_class,1.1250719570089132,False,False
heico__2618709,0028 - Heico - Sigma - 9.avi,True,False,object_identification,fo_class,1.0984101069625467,False,False
heico__2604632,0028 - Heico - Sigma - 9.avi,True,False,object_identification,fo_class,1.1491546449251473,False,True
heico__2628321,0028 - Heico - Sigma - 9.avi,True,False,object_aggregation,number,1.0202313389163464,False,False
heico__2628322,0028 - Heico - Sigma - 9.avi,True,False,object_aggregation,number,1.2811762129422277,False,True
heico__2625457,0028 - Heico - Sigma - 9.avi,True,False,object_aggregation,number,1.207443374907598,False,False
heico__2625463,0028 - Heico - Sigma - 9.avi,True,False,object_aggregation,number,1.1173742269165814,False,False
heico__2628333,0028 - Heico - Sigma - 9.avi,True,False,object_aggregation,number,1.092269331915304,False,False
heico__2651167,0028 - Heico - Sigma - 9.avi,True,False,object_aggregation,binary,1.0775940010789782,False,True
heico__2604654,0028 - Heico - Sigma - 9.avi,True,False,object_identification,fo_class,1.3927499749697745,False,False
heico__2625756,0028 - Heico - Sigma - 9.avi,True,False,object_aggregation,number,1.010729782981798,False,False
heico__2625525,0028 - Heico - Sigma - 9.avi,True,False,object_aggregation,number,1.0914708219934255,False,False
heico__2651185,0028 - Heico - Sigma - 9.avi,True,False,object_aggregation,binary,1.0170012689195573,False,True
heico__2625357,0028 - Heico - Sigma - 9.avi,True,False,object_aggregation,number,1.0813481321092695,False,False
heico__2625695,0028 - Heico - Sigma - 9.avi,True,False,object_aggregation,number,1.0085813021287322,False,False
heico__2681930,0028 - Heico - Sigma - 9.avi,True,False,spatial_localization_situs,open_ended,1.2425993198994547,False,True
heico__2682602,0028 - Heico - Sigma - 9.avi,True,False,spatial_localization_situs,open_ended,1.2115260111168027,False,False
heico__2625742,0028 - Heico - Sigma - 9.avi,True,False,object_aggregation,number,1.0395437108818442,False,False
heico__2681932,0028 - Heico - Sigma - 9.avi,True,False,spatial_localization_situs,open_ended,1.238770809955895,False,False
heico__2681933,0028 - Heico - Sigma - 9.avi,True,False,spatial_localization_situs,open_ended,1.2838596319779754,False,True
heico__2681935,0028 - Heico - Sigma - 9.avi,True,False,spatial_localization_situs,open_ended,1.1848217509686947,False,False
heico__2682603,0028 - Heico - Sigma - 9.avi,True,False,spatial_localization_situs,open_ended,1.3168015049304813,False,False
heico__2651202,0028 - Heico - Sigma - 9.avi,True,False,object_aggregation,binary,1.0022245289292186,False,False
heico__2618415,0028 - Heico - Sigma - 9.avi,True,False,object_identification,fo_class,1.1236926109995693,False,True
heico__2625550,0028 - Heico - Sigma - 9.avi,True,False,object_aggregation,number,1.0311882528476417,False,False
heico__2681936,0028 - Heico - Sigma - 9.avi,True,False,spatial_localization_situs,open_ended,1.2092749669682235,False,False
heico__2651217,0028 - Heico - Sigma - 9.avi,True,False,object_aggregation,binary,1.034432914108038,False,False
heico__2651225,0028 - Heico - Sigma - 9.avi,True,False,object_aggregation,binary,1.060716456035152,False,False
heico__2651229,0028 - Heico - Sigma - 9.avi,True,False,object_aggregation,binary,1.028363450895995,False,False
heico__2625345,0028 - Heico - Sigma - 9.avi,True,False,object_aggregation,number,1.018675155006349,False,False
heico__2625544,0028 - Heico - Sigma - 9.avi,True,False,object_aggregation,number,1.001500590937212,False,False
heico__2625339,0028 - Heico - Sigma - 9.avi,True,False,object_aggregation,number,1.062578609911725,False,True
heico__2681937,0028 - Heico - Sigma - 9.avi,True,False,spatial_localization_situs,open_ended,1.1391900710295886,False,False
heico__2651238,0028 - Heico - Sigma - 9.avi,True,False,object_aggregation,binary,1.1499120418448001,False,True
heico__2682604,0028 - Heico - Sigma - 9.avi,True,False,spatial_localization_situs,open_ended,1.264163242885843,False,False
heico__2649808,0028 - Heico - Sigma - 9.avi,True,False,spatial_localization_camera,open_ended,1.3263920010067523,False,True
heico__2615906,0028 - Heico - Sigma - 9.avi,True,False,object_identification,fo_class,1.0940484281163663,False,True
heico__2657573,0028 - Heico - Sigma - 9.avi,True,False,object_identification,fo_class,1.0610294048674405,False,True
heico__2681939,0028 - Heico - Sigma - 9.avi,True,False,spatial_localization_situs,open_ended,1.2784400160890073,False,True
heico__2625338,0028 - Heico - Sigma - 9.avi,True,False,object_aggregation,number,1.0848984830081463,False,True
heico__2681940,0028 - Heico - Sigma - 9.avi,True,False,spatial_localization_situs,open_ended,1.2521445339079946,False,False
heico__2682605,0028 - Heico - Sigma - 9.avi,True,False,spatial_localization_situs,open_ended,1.2728941407985985,False,True
heico__2634917,0028 - Heico - Sigma - 9.avi,True,False,object_aggregation,binary,1.1049650001805276,False,True
heico__2635737,0028 - Heico - Sigma - 9.avi,True,False,object_aggregation,binary,1.2721711120102555,False,True
heico__2604672,0028 - Heico - Sigma - 9.avi,True,False,object_identification,fo_class,1.1407110670115799,False,True
heico__2625465,0028 - Heico - Sigma - 9.avi,True,False,object_aggregation,number,1.0571742539759725,False,False
heico__2618385,0028 - Heico - Sigma - 9.avi,True,False,object_identification,fo_class,1.1427767009008676,False,True
heico__2651245,0028 - Heico - Sigma - 9.avi,True,False,object_aggregation,binary,1.0572153551038355,False,True
heico__2625734,0028 - Heico - Sigma - 9.avi,True,False,object_aggregation,number,1.1022971170023084,False,True
heico__2604679,0028 - Heico - Sigma - 9.avi,True,False,object_identification,fo_class,1.1202443700749427,False,True
heico__2625518,0028 - Heico - Sigma - 9.avi,True,False,object_aggregation,number,1.0638253770302981,False,False
heico__2636035,0028 - Heico - Sigma - 9.avi,True,False,object_aggregation,binary,1.0322051299735904,False,True
heico__2618590,0028 - Heico - Sigma - 9.avi,True,False,object_identification,fo_class,1.1583404599223286,False,True
heico__2635893,0028 - Heico - Sigma - 9.avi,True,False,object_aggregation,binary,1.0355620018672198,False,True
heico__2618348,0028 - Heico - Sigma - 9.avi,True,False,object_identification,fo_class,1.0168501299340278,False,False
heico__2635881,0028 - Heico - Sigma - 9.avi,True,False,object_aggregation,binary,1.0605378160253167,False,True
heico__2604707,0028 - Heico - Sigma - 9.avi,True,False,object_identification,fo_class,1.13193738902919,False,True
heico__2651279,0028 - Heico - Sigma - 9.avi,True,False,object_aggregation,binary,1.0879206350073218,False,True
heico__2628396,0028 - Heico - Sigma - 9.avi,True,False,object_aggregation,number,1.0094725890085101,False,False
heico__2651284,0028 - Heico - Sigma - 9.avi,True,False,object_aggregation,binary,1.05804039305076,False,True
heico__2625436,0028 - Heico - Sigma - 9.avi,True,False,object_aggregation,number,1.0415143559221178,False,False
heico__2618333,0028 - Heico - Sigma - 9.avi,True,False,object_identification,fo_class,1.1940923859365284,False,True
heico__2604718,0028 - Heico - Sigma - 9.avi,True,False,object_identification,fo_class,1.1296285660937428,False,True
heico__2625943,0028 - Heico - Sigma - 9.avi,True,False,object_aggregation,number,1.04613007302396,False,True
heico__2618414,0028 - Heico - Sigma - 9.avi,True,False,object_identification,fo_class,1.0971109711099416,False,True
heico__2618407,0028 - Heico - Sigma - 9.avi,True,False,object_identification,fo_class,1.1002271419856697,False,True
heico__2681943,0028 - Heico - Sigma - 9.avi,True,False,spatial_localization_situs,open_ended,1.277413679054007,False,True
heico__2615483,0028 - Heico - Sigma - 9.avi,True,False,object_identification,fo_class,1.1922888308763504,False,False
heico__2618736,0028 - Heico - Sigma - 9.avi,True,False,object_identification,fo_class,1.3168612660374492,False,False
heico__2657598,0028 - Heico - Sigma - 9.avi,True,False,object_identification,fo_class,1.0505406020674855,False,False
heico__2615752,0028 - Heico - Sigma - 9.avi,True,False,object_identification,fo_class,1.0854326509870589,False,False
heico__2625554,0028 - Heico - Sigma - 9.avi,True,False,object_aggregation,number,1.0035027749836445,False,False
heico__2615580,0028 - Heico - Sigma - 9.avi,True,False,object_identification,fo_class,1.0155784441158175,False,False
heico__2681412,0028 - Heico - Sigma - 9.avi,True,False,object_identification,open_ended,1.1511847788933665,False,True
heico__2604724,0028 - Heico - Sigma - 9.avi,True,False,object_identification,fo_class,1.1619358609896153,False,False
heico__2673222,0028 - Heico - Sigma - 9.avi,True,False,spatial_localization_camera,fo_class,1.114837824134156,False,True
heico__2604725,0028 - Heico - Sigma - 9.avi,True,False,object_identification,fo_class,1.2058174258563668,False,False
heico__2673223,0028 - Heico - Sigma - 9.avi,True,False,spatial_localization_camera,fo_class,1.1023654858581722,False,True
heico__2651294,0028 - Heico - Sigma - 9.avi,True,False,object_aggregation,binary,1.0380540750920773,False,True
heico__2604726,0028 - Heico - Sigma - 9.avi,True,False,object_identification,fo_class,1.1404290569480509,False,False
heico__2673224,0028 - Heico - Sigma - 9.avi,True,False,spatial_localization_camera,fo_class,1.1143921250477433,False,True
heico__2673225,0028 - Heico - Sigma - 9.avi,True,False,spatial_localization_camera,fo_class,1.098236087942496,False,True
heico__2604727,0028 - Heico - Sigma - 9.avi,True,False,object_identification,fo_class,1.086916466942057,False,False
heico__2657611,0028 - Heico - Sigma - 9.avi,True,False,object_identification,fo_class,1.11339428788051,False,True
heico__2625511,0028 - Heico - Sigma - 9.avi,True,False,object_aggregation,number,1.0456483450252563,False,False
heico__2604728,0028 - Heico - Sigma - 9.avi,True,False,object_identification,fo_class,1.1292027360759676,False,False
heico__2673226,0028 - Heico - Sigma - 9.avi,True,False,spatial_localization_camera,fo_class,1.1356385699473321,False,True
heico__2604729,0028 - Heico - Sigma - 9.avi,True,False,object_identification,fo_class,1.1460370919667184,False,False
heico__2604730,0028 - Heico - Sigma - 9.avi,True,False,object_identification,fo_class,1.2015519568230957,False,False
heico__2626257,0028 - Heico - Sigma - 9.avi,True,False,object_aggregation,number,1.1764747828710824,False,False
heico__2651299,0028 - Heico - Sigma - 9.avi,True,False,object_aggregation,binary,1.028719529043883,False,True
heico__2673227,0028 - Heico - Sigma - 9.avi,True,False,spatial_localization_camera,fo_class,1.139984087785706,False,True
heico__2604731,0028 - Heico - Sigma - 9.avi,True,False,object_identification,fo_class,1.152677325066179,False,False
heico__2673228,0028 - Heico - Sigma - 9.avi,True,False,spatial_localization_camera,fo_class,1.0768820450175554,False,True
heico__2604732,0028 - Heico - Sigma - 9.avi,True,False,object_identification,fo_class,1.1438434279989451,False,False
heico__2604733,0028 - Heico - Sigma - 9.avi,True,False,object_identification,fo_class,1.1197133008390665,False,False
heico__2625995,0028 - Heico - Sigma - 9.avi,True,False,object_aggregation,number,1.0501062129624188,False,False
heico__2673229,0028 - Heico - Sigma - 9.avi,True,False,spatial_localization_camera,fo_class,1.0642546468880028,False,True
heico__2604734,0028 - Heico - Sigma - 9.avi,True,False,object_identification,fo_class,1.130099373869598,False,False
heico__2673230,0028 - Heico - Sigma - 9.avi,True,False,spatial_localization_camera,fo_class,1.0780306898523122,False,True
heico__2651304,0028 - Heico - Sigma - 9.avi,True,False,object_aggregation,binary,1.0432642011437565,False,True
heico__2673231,0028 - Heico - Sigma - 9.avi,True,False,spatial_localization_camera,fo_class,1.0693882629275322,False,True
heico__2604735,0028 - Heico - Sigma - 9.avi,True,False,object_identification,fo_class,1.1420457928907126,False,False
heico__2635509,0028 - Heico - Sigma - 9.avi,True,False,object_aggregation,binary,1.0615787631832063,False,True
heico__2604736,0028 - Heico - Sigma - 9.avi,True,False,object_identification,fo_class,1.1385220820084214,False,False
heico__2657615,0028 - Heico - Sigma - 9.avi,True,False,object_identification,fo_class,1.1173265581019223,False,True
heico__2649480,0028 - Heico - Sigma - 9.avi,True,False,spatial_localization_camera,open_ended,1.3261068109422922,False,True
heico__2657616,0028 - Heico - Sigma - 9.avi,True,False,object_identification,fo_class,1.0828033480793238,False,True
heico__2651306,0028 - Heico - Sigma - 9.avi,True,False,object_aggregation,binary,1.043277450837195,False,True
heico__2628410,0028 - Heico - Sigma - 9.avi,True,False,object_aggregation,number,1.0285035900305957,False,True
heico__2604737,0028 - Heico - Sigma - 9.avi,True,False,object_identification,fo_class,1.186042118119076,False,True
heico__2628411,0028 - Heico - Sigma - 9.avi,True,False,object_aggregation,number,1.0878106739837676,False,True
heico__2625636,0028 - Heico - Sigma - 9.avi,True,False,object_aggregation,number,1.0257422470021993,False,False
heico__2604738,0028 - Heico - Sigma - 9.avi,True,False,object_identification,fo_class,1.1856729791034013,False,True
heico__2635935,0028 - Heico - Sigma - 9.avi,True,False,object_aggregation,binary,1.024897919036448,False,True
heico__2628412,0028 - Heico - Sigma - 9.avi,True,False,object_aggregation,number,1.0797048858366907,False,True
heico__2657620,0028 - Heico - Sigma - 9.avi,True,False,object_identification,fo_class,1.0571093449834734,False,True
heico__2618434,0028 - Heico - Sigma - 9.avi,True,False,object_identification,fo_class,1.1117711120750755,False,True
heico__2615670,0028 - Heico - Sigma - 9.avi,True,False,object_identification,fo_class,1.1085388311184943,False,True
heico__2615638,0028 - Heico - Sigma - 9.avi,True,False,object_identification,fo_class,1.0916441739536822,False,True
heico__2657623,0028 - Heico - Sigma - 9.avi,True,False,object_identification,fo_class,1.0879771651234478,False,True
heico__2618309,0028 - Heico - Sigma - 9.avi,True,False,object_identification,fo_class,1.1107334739062935,False,True
heico__2618375,0028 - Heico - Sigma - 9.avi,True,False,object_identification,fo_class,1.1008506808429956,False,True
heico__2615828,0028 - Heico - Sigma - 9.avi,True,False,object_identification,fo_class,1.1533170829061419,False,True
heico__2657455,0028 - Heico - Sigma - 9.avi,True,False,object_identification,fo_class,1.170428518904373,False,False
heico__2657733,0028 - Heico - Sigma - 9.avi,True,False,object_identification,fo_class,1.0082737831398845,False,False
heico__2615594,0028 - Heico - Sigma - 9.avi,True,False,object_identification,fo_class,1.1152127729728818,False,True
heico__2618631,0028 - Heico - Sigma - 9.avi,True,False,object_identification,fo_class,1.002919205930084,False,False
heico__2657630,0028 - Heico - Sigma - 9.avi,True,False,object_identification,fo_class,1.107605803059414,False,False
heico__2636068,0028 - Heico - Sigma - 9.avi,True,False,object_aggregation,binary,1.044894136954099,False,False
heico__2627838,0028 - Heico - Sigma - 9.avi,True,False,object_aggregation,number,1.1145768049173057,False,False
heico__2615928,0028 - Heico - Sigma - 9.avi,True,False,object_identification,fo_class,1.0702435409184545,False,True
heico__2618729,0028 - Heico - Sigma - 9.avi,True,False,object_identification,fo_class,1.1545834909193218,False,False
heico__2618493,0028 - Heico - Sigma - 9.avi,True,False,object_identification,fo_class,1.1821971468161792,False,False
heico__2615915,0028 - Heico - Sigma - 9.avi,True,False,object_identification,fo_class,1.006820156937465,False,False
heico__2657626,0028 - Heico - Sigma - 9.avi,True,False,object_identification,fo_class,1.1936624378431588,False,False
heico__2657628,0028 - Heico - Sigma - 9.avi,True,False,object_identification,fo_class,1.082723098108545,False,True
heico__2615795,0028 - Heico - Sigma - 9.avi,True,False,object_identification,fo_class,1.0237164918798953,False,False
heico__2657651,0028 - Heico - Sigma - 9.avi,True,False,object_identification,fo_class,1.145715532824397,False,False
heico__2618494,0028 - Heico - Sigma - 9.avi,True,False,object_identification,fo_class,1.0712793779093772,False,True
heico__2618355,0028 - Heico - Sigma - 9.avi,True,False,object_identification,fo_class,1.3338711510878056,False,False
heico__2615592,0028 - Heico - Sigma - 9.avi,True,False,object_identification,fo_class,1.087569436058402,False,True
heico__2657652,0028 - Heico - Sigma - 9.avi,True,False,object_identification,fo_class,1.1640780749730766,False,False
heico__2615920,0028 - Heico - Sigma - 9.avi,True,False,object_identification,fo_class,1.134595052106306,False,True
heico__2618327,0028 - Heico - Sigma - 9.avi,True,False,object_identification,fo_class,1.082881267881021,False,True
heico__2618401,0028 - Heico - Sigma - 9.avi,True,False,object_identification,fo_class,1.2194821499288082,False,False
heico__2618358,0028 - Heico - Sigma - 9.avi,True,False,object_identification,fo_class,1.0522472779266536,False,True
heico__2615550,0028 - Heico - Sigma - 9.avi,True,False,object_identification,fo_class,1.0640457968693227,False,True
heico__2618254,0028 - Heico - Sigma - 9.avi,True,False,object_identification,fo_class,1.0825827580410987,False,True
heico__2615514,0028 - Heico - Sigma - 9.avi,True,False,object_identification,fo_class,1.0997916229534894,False,True
heico__2618380,0028 - Heico - Sigma - 9.avi,True,False,object_identification,fo_class,1.0299044570419937,False,True
heico__2618371,0028 - Heico - Sigma - 9.avi,True,False,object_identification,fo_class,1.0992108138743788,False,True
heico__2657802,0028 - Heico - Sigma - 9.avi,True,False,object_identification,fo_class,1.0918236249126494,False,False
heico__2681388,0028 - Heico - Sigma - 9.avi,True,False,spatial_localization_camera,multiple_choice,1.1089681088924408,False,True
heico__2657446,0028 - Heico - Sigma - 9.avi,True,False,object_identification,fo_class,1.0322205901611596,False,False
heico__2681389,0028 - Heico - Sigma - 9.avi,True,False,spatial_localization_camera,multiple_choice,1.146020523039624,False,True
heico__2681390,0028 - Heico - Sigma - 9.avi,True,False,spatial_localization_camera,multiple_choice,1.1019021768588573,False,False
heico__2657466,0028 - Heico - Sigma - 9.avi,True,False,object_identification,fo_class,1.0895316610112786,False,False
heico__2681391,0028 - Heico - Sigma - 9.avi,True,False,spatial_localization_camera,multiple_choice,1.0992505340836942,False,False
heico__2618455,0028 - Heico - Sigma - 9.avi,True,False,object_identification,fo_class,1.105499598896131,False,True
heico__2657676,0028 - Heico - Sigma - 9.avi,True,False,object_identification,fo_class,1.086542387958616,False,True
heico__2681392,0028 - Heico - Sigma - 9.avi,True,False,spatial_localization_camera,multiple_choice,1.0479710889048874,False,True
heico__2618472,0028 - Heico - Sigma - 9.avi,True,False,object_identification,fo_class,1.079739895183593,False,True
heico__2615710,0028 - Heico - Sigma - 9.avi,True,False,object_identification,fo_class,1.0998204038478434,False,False
heico__2618502,0028 - Heico - Sigma - 9.avi,True,False,object_identification,fo_class,1.0984741770662367,False,True
heico__2615909,0028 - Heico - Sigma - 9.avi,True,False,object_identification,fo_class,1.1020886769983917,False,True
heico__2615727,0028 - Heico - Sigma - 9.avi,True,False,object_identification,fo_class,1.1090738291386515,False,True
heico__2618343,0028 - Heico - Sigma - 9.avi,True,False,object_identification,fo_class,1.1821391580160707,False,True
heico__2618610,0028 - Heico - Sigma - 9.avi,True,False,object_identification,fo_class,1.0432222608942538,False,False
heico__2625865,0028 - Heico - Sigma - 9.avi,True,False,object_aggregation,number,1.0999398031271994,False,True
heico__2615917,0028 - Heico - Sigma - 9.avi,True,False,object_identification,fo_class,1.1359586392063648,False,False
heico__2615891,0028 - Heico - Sigma - 9.avi,True,False,object_identification,fo_class,1.1002141619101167,False,True
heico__2681394,0029 - Heico - Sigma - 10.avi,True,False,object_attributes,open_ended,1.3370254430919886,False,True
heico__1975521,0029 - Heico - Sigma - 10.avi,True,False,object_identification,fo_class,1.1159282911103219,False,True
heico__1987223,0029 - Heico - Sigma - 10.avi,True,False,object_aggregation,binary,1.044431717833504,False,True
heico__1975540,0029 - Heico - Sigma - 10.avi,True,False,object_identification,fo_class,1.12332022190094,False,True
heico__1987227,0029 - Heico - Sigma - 10.avi,True,False,object_aggregation,binary,1.053946872940287,False,True
heico__2004188,0029 - Heico - Sigma - 10.avi,True,False,object_identification,fo_class,1.0838696351274848,False,True
heico__1982121,0029 - Heico - Sigma - 10.avi,True,False,object_aggregation,number,1.0251022391021252,False,True
heico__1980623,0029 - Heico - Sigma - 10.avi,True,False,object_aggregation,number,1.0810607220046222,False,True
heico__1980143,0029 - Heico - Sigma - 10.avi,True,False,object_aggregation,number,1.020113242091611,False,True
heico__1975594,0029 - Heico - Sigma - 10.avi,True,False,object_identification,fo_class,1.144349566893652,False,True
heico__2681395,0029 - Heico - Sigma - 10.avi,True,False,object_attributes,open_ended,1.1046094910707325,False,True
heico__2681910,0029 - Heico - Sigma - 10.avi,True,False,spatial_localization_situs,open_ended,1.3098382540047169,False,False
heico__2681396,0029 - Heico - Sigma - 10.avi,True,False,object_attributes,open_ended,1.2191776810213923,False,True
heico__1973568,0029 - Heico - Sigma - 10.avi,True,False,object_identification,fo_class,1.0777156909462065,False,True
heico__1998272,0029 - Heico - Sigma - 10.avi,True,False,spatial_localization_camera,open_ended,1.3050526059232652,False,True
heico__2021885,0029 - Heico - Sigma - 10.avi,True,False,spatial_localization_camera,multiple_choice,1.0960730130318552,False,True
heico__2021892,0029 - Heico - Sigma - 10.avi,True,False,spatial_localization_camera,multiple_choice,1.0981520880013704,False,True
heico__2021897,0029 - Heico - Sigma - 10.avi,True,False,spatial_localization_camera,multiple_choice,1.1121996010188013,False,True
heico__1975636,0029 - Heico - Sigma - 10.avi,True,False,object_identification,fo_class,1.154352640034631,False,False
heico__1973607,0029 - Heico - Sigma - 10.avi,True,False,object_identification,fo_class,1.104990639956668,False,True
heico__2004267,0029 - Heico - Sigma - 10.avi,True,False,object_identification,fo_class,1.1112176238093525,False,True
heico__2021924,0029 - Heico - Sigma - 10.avi,True,False,spatial_localization_camera,multiple_choice,1.1382229321170598,False,True
heico__1998316,0029 - Heico - Sigma - 10.avi,True,False,spatial_localization_camera,open_ended,1.3888365479651839,False,True
heico__2021925,0029 - Heico - Sigma - 10.avi,True,False,spatial_localization_camera,multiple_choice,1.1044280410278589,False,True
heico__1982214,0029 - Heico - Sigma - 10.avi,True,False,object_aggregation,number,1.0298514761961997,False,True
heico__1973635,0029 - Heico - Sigma - 10.avi,True,False,object_identification,fo_class,1.13711924594827,False,True
heico__1973640,0029 - Heico - Sigma - 10.avi,True,False,object_identification,fo_class,1.0529698058962822,False,False
heico__2021955,0029 - Heico - Sigma - 10.avi,True,False,spatial_localization_camera,multiple_choice,1.13669115700759,False,True
heico__1973653,0029 - Heico - Sigma - 10.avi,True,False,object_identification,fo_class,1.1116399331949651,False,True
heico__1980249,0029 - Heico - Sigma - 10.avi,True,False,object_aggregation,number,1.0729087139479816,False,False
heico__1975701,0029 - Heico - Sigma - 10.avi,True,False,object_identification,fo_class,1.1815095490310341,False,False
heico__1973667,0029 - Heico - Sigma - 10.avi,True,False,object_identification,fo_class,1.152146106120199,False,True
heico__1975708,0029 - Heico - Sigma - 10.avi,True,False,object_identification,fo_class,1.1512760990299284,False,False
heico__1980268,0029 - Heico - Sigma - 10.avi,True,False,object_aggregation,number,1.0923582830000669,False,False
heico__1982273,0029 - Heico - Sigma - 10.avi,True,False,object_aggregation,number,1.0109052560292184,False,False
heico__2021962,0029 - Heico - Sigma - 10.avi,True,False,spatial_localization_camera,multiple_choice,1.1376813841052353,False,True
heico__2021967,0029 - Heico - Sigma - 10.avi,True,False,spatial_localization_camera,multiple_choice,1.0994667841587216,False,True
heico__2004314,0029 - Heico - Sigma - 10.avi,True,False,object_identification,fo_class,1.203870051074773,False,True
heico__1998387,0029 - Heico - Sigma - 10.avi,True,False,spatial_localization_camera,open_ended,1.3331875931471586,False,True
heico__1987934,0029 - Heico - Sigma - 10.avi,True,False,object_aggregation,binary,1.108924529980868,False,False
heico__1980807,0029 - Heico - Sigma - 10.avi,True,False,object_aggregation,number,1.1064497360493988,False,True
heico__2004330,0029 - Heico - Sigma - 10.avi,True,False,object_identification,fo_class,1.0976303389761597,False,True
heico__1998396,0029 - Heico - Sigma - 10.avi,True,False,spatial_localization_camera,open_ended,1.362610416021198,False,True
heico__2004341,0029 - Heico - Sigma - 10.avi,True,False,object_identification,fo_class,1.4067649110220373,False,True
heico__2004346,0029 - Heico - Sigma - 10.avi,True,False,object_identification,fo_class,1.0640498171560466,False,False
heico__2004352,0029 - Heico - Sigma - 10.avi,True,False,object_identification,fo_class,1.060841185040772,False,False
heico__1980855,0029 - Heico - Sigma - 10.avi,True,False,object_aggregation,number,1.0303713448811322,False,False
heico__1973770,0029 - Heico - Sigma - 10.avi,True,False,object_identification,fo_class,1.14333863905631,False,True
heico__1973773,0029 - Heico - Sigma - 10.avi,True,False,object_identification,fo_class,1.0392961020115763,False,True
heico__2015523,0029 - Heico - Sigma - 10.avi,True,False,spatial_localization_camera,fo_class,1.0184022260364145,False,True
heico__1999550,0029 - Heico - Sigma - 10.avi,True,False,object_aggregation,binary,1.0693061330821365,False,True
heico__2015524,0029 - Heico - Sigma - 10.avi,True,False,spatial_localization_camera,fo_class,1.0917303450405598,False,False
heico__1987941,0029 - Heico - Sigma - 10.avi,True,False,object_aggregation,binary,1.035946249961853,False,True
heico__1980875,0029 - Heico - Sigma - 10.avi,True,False,object_aggregation,number,1.1061201870907098,False,True
heico__1998430,0029 - Heico - Sigma - 10.avi,True,False,spatial_localization_camera,open_ended,1.3492163107730448,False,True
heico__1975823,0029 - Heico - Sigma - 10.avi,True,False,object_identification,fo_class,1.0456643451470882,False,True
heico__2004363,0029 - Heico - Sigma - 10.avi,True,False,object_identification,fo_class,1.0604203359689564,False,True
heico__2004364,0029 - Heico - Sigma - 10.avi,True,False,object_identification,fo_class,1.0484795670490712,False,True
heico__2004368,0029 - Heico - Sigma - 10.avi,True,False,object_identification,fo_class,1.0648563550785184,False,True
heico__1988017,0029 - Heico - Sigma - 10.avi,True,False,object_aggregation,binary,1.0966278321575373,False,True
heico__2022013,0029 - Heico - Sigma - 10.avi,True,False,spatial_localization_camera,multiple_choice,1.174359117867425,False,True
heico__1964495,0029 - Heico - Sigma - 10.avi,True,False,object_identification,fo_class,1.1729787720832974,False,True
heico__1999563,0029 - Heico - Sigma - 10.avi,True,False,object_aggregation,binary,1.0622917411383241,False,True
heico__2015527,0029 - Heico - Sigma - 10.avi,True,False,spatial_localization_camera,fo_class,1.0090631309431046,False,True
heico__1964496,0029 - Heico - Sigma - 10.avi,True,False,object_identification,fo_class,1.1968546190764755,False,True
heico__1964498,0029 - Heico - Sigma - 10.avi,True,False,object_identification,fo_class,1.2144474140368402,False,True
heico__1973790,0029 - Heico - Sigma - 10.avi,True,False,object_identification,fo_class,1.1252740670461208,False,False
heico__1975846,0029 - Heico - Sigma - 10.avi,True,False,object_identification,fo_class,1.1784827169030905,False,True
heico__1980901,0029 - Heico - Sigma - 10.avi,True,False,object_aggregation,number,1.062168241944164,False,True
heico__1980407,0029 - Heico - Sigma - 10.avi,True,False,object_aggregation,number,1.104229171993211,False,True
heico__2015532,0029 - Heico - Sigma - 10.avi,True,False,spatial_localization_camera,fo_class,1.148561985930428,False,False
heico__1980910,0029 - Heico - Sigma - 10.avi,True,False,object_aggregation,number,1.0603669569827616,False,True
heico__1988045,0029 - Heico - Sigma - 10.avi,True,False,object_aggregation,binary,1.028031090972945,False,True
heico__2015537,0029 - Heico - Sigma - 10.avi,True,False,spatial_localization_camera,fo_class,1.0792456269264221,False,True
heico__1964507,0029 - Heico - Sigma - 10.avi,True,False,object_identification,fo_class,1.214781251968816,False,True
heico__2015538,0029 - Heico - Sigma - 10.avi,True,False,spatial_localization_camera,fo_class,1.1234198620077223,False,False
heico__1964510,0029 - Heico - Sigma - 10.avi,True,False,object_identification,fo_class,1.1871366649866104,False,True
heico__1975865,0029 - Heico - Sigma - 10.avi,True,False,object_identification,fo_class,1.17543846485205,False,True
heico__1975867,0029 - Heico - Sigma - 10.avi,True,False,object_identification,fo_class,1.2123138289898634,False,True
heico__1973798,0029 - Heico - Sigma - 10.avi,True,False,object_identification,fo_class,1.1158524518832564,False,True
heico__2015546,0029 - Heico - Sigma - 10.avi,True,False,spatial_localization_camera,fo_class,1.1272239910904318,False,False
heico__1999584,0029 - Heico - Sigma - 10.avi,True,False,object_aggregation,binary,1.0448144769761711,False,True
heico__2015551,0029 - Heico - Sigma - 10.avi,True,False,spatial_localization_camera,fo_class,1.2026881850324571,False,False
heico__2015553,0029 - Heico - Sigma - 10.avi,True,False,spatial_localization_camera,fo_class,1.1250587569084018,False,False
heico__2022022,0029 - Heico - Sigma - 10.avi,True,False,spatial_localization_camera,multiple_choice,1.1481592471245676,False,True
heico__1975885,0029 - Heico - Sigma - 10.avi,True,False,object_identification,fo_class,1.0341292049270123,False,True
heico__1973809,0029 - Heico - Sigma - 10.avi,True,False,object_identification,fo_class,1.1851824298501015,False,True
heico__2015557,0029 - Heico - Sigma - 10.avi,True,False,spatial_localization_camera,fo_class,1.2772366190329194,False,False
heico__1975896,0029 - Heico - Sigma - 10.avi,True,False,object_identification,fo_class,1.3381869399454445,False,True
heico__1964529,0029 - Heico - Sigma - 10.avi,True,False,object_identification,fo_class,1.302068443968892,False,True
heico__1999602,0029 - Heico - Sigma - 10.avi,True,False,object_aggregation,binary,1.2795100440271199,False,True
heico__1975903,0029 - Heico - Sigma - 10.avi,True,False,object_identification,fo_class,1.315226789098233,False,True
heico__1975907,0029 - Heico - Sigma - 10.avi,True,False,object_identification,fo_class,1.1963253309950233,False,True
heico__1988097,0029 - Heico - Sigma - 10.avi,True,False,object_aggregation,binary,1.1181161960121244,False,True
heico__1999611,0029 - Heico - Sigma - 10.avi,True,False,object_aggregation,binary,1.075723326066509,False,True
heico__1964548,0029 - Heico - Sigma - 10.avi,True,False,object_identification,fo_class,1.3967145171482116,False,True
heico__1980473,0029 - Heico - Sigma - 10.avi,True,False,object_aggregation,number,1.0965956510044634,False,False
heico__1975919,0029 - Heico - Sigma - 10.avi,True,False,object_identification,fo_class,1.1250373281072825,False,True
heico__1975922,0029 - Heico - Sigma - 10.avi,True,False,object_identification,fo_class,1.2911492120474577,False,True
heico__1975923,0029 - Heico - Sigma - 10.avi,True,False,object_identification,fo_class,1.2886929400265217,False,True
heico__1973813,0029 - Heico - Sigma - 10.avi,True,False,object_identification,fo_class,1.4919723980128765,False,True
heico__1980980,0029 - Heico - Sigma - 10.avi,True,False,object_aggregation,number,1.1049173399806023,False,True
heico__1988114,0029 - Heico - Sigma - 10.avi,True,False,object_aggregation,binary,1.1169696080032736,False,True
heico__1975930,0029 - Heico - Sigma - 10.avi,True,False,object_identification,fo_class,1.294254424981773,False,False
heico__1964559,0029 - Heico - Sigma - 10.avi,True,False,object_identification,fo_class,1.40335881896317,False,True
heico__1980498,0029 - Heico - Sigma - 10.avi,True,False,object_aggregation,number,1.1833960150834173,False,True
heico__1982472,0029 - Heico - Sigma - 10.avi,True,False,object_aggregation,number,1.028332769870758,False,False
heico__1981002,0029 - Heico - Sigma - 10.avi,True,False,object_aggregation,number,1.0602646169718355,False,True
heico__1988138,0029 - Heico - Sigma - 10.avi,True,False,object_aggregation,binary,1.0166194811463356,False,True
heico__1975953,0029 - Heico - Sigma - 10.avi,True,False,object_identification,fo_class,1.1361331278458238,False,True
heico__1964570,0029 - Heico - Sigma - 10.avi,True,False,object_identification,fo_class,1.091609574854374,False,True
heico__1999638,0029 - Heico - Sigma - 10.avi,True,False,object_aggregation,binary,0.9866700991988182,False,True
heico__1975957,0029 - Heico - Sigma - 10.avi,True,False,object_identification,fo_class,1.1201272301841527,False,True
heico__2681399,0029 - Heico - Sigma - 10.avi,True,False,object_attributes,open_ended,1.1575990221463144,False,True
heico__1999642,0029 - Heico - Sigma - 10.avi,True,False,object_aggregation,binary,1.0219573471695185,False,True
heico__1981017,0029 - Heico - Sigma - 10.avi,True,False,object_aggregation,number,1.0993686448782682,False,False
heico__1981020,0029 - Heico - Sigma - 10.avi,True,False,object_aggregation,number,1.0992429750040174,False,True
heico__2015567,0029 - Heico - Sigma - 10.avi,True,False,spatial_localization_camera,fo_class,1.0893558210227638,False,True
heico__1964586,0029 - Heico - Sigma - 10.avi,True,False,object_identification,fo_class,1.224546416895464,False,True
heico__1988156,0029 - Heico - Sigma - 10.avi,True,False,object_aggregation,binary,1.1471697799861431,False,True
heico__1999654,0029 - Heico - Sigma - 10.avi,True,False,object_aggregation,binary,1.041113767074421,False,True
heico__1980527,0029 - Heico - Sigma - 10.avi,True,False,object_aggregation,number,1.1026909260544926,False,False
heico__1981027,0029 - Heico - Sigma - 10.avi,True,False,object_aggregation,number,1.1569747240282595,False,True
heico__1975974,0029 - Heico - Sigma - 10.avi,True,False,object_identification,fo_class,1.2207074668258429,False,True
heico__1975981,0029 - Heico - Sigma - 10.avi,True,False,object_identification,fo_class,1.2104703239165246,False,True
heico__1964597,0029 - Heico - Sigma - 10.avi,True,False,object_identification,fo_class,1.209004488075152,False,True
heico__1975982,0029 - Heico - Sigma - 10.avi,True,False,object_identification,fo_class,1.2175821249838918,False,True
heico__1981037,0029 - Heico - Sigma - 10.avi,True,False,object_aggregation,number,1.065141644096002,False,True
heico__1964598,0029 - Heico - Sigma - 10.avi,True,False,object_identification,fo_class,1.1816135391127318,False,True
heico__1980539,0029 - Heico - Sigma - 10.avi,True,False,object_aggregation,number,1.0960000830236822,False,False
heico__1988172,0029 - Heico - Sigma - 10.avi,True,False,object_aggregation,binary,1.1097801781725138,False,True
heico__1980544,0029 - Heico - Sigma - 10.avi,True,False,object_aggregation,number,1.1022712658159435,False,True
heico__2015573,0029 - Heico - Sigma - 10.avi,True,False,spatial_localization_camera,fo_class,1.0744892300572246,False,False
heico__1999672,0029 - Heico - Sigma - 10.avi,True,False,object_aggregation,binary,1.1235160608775914,False,True
heico__2015574,0029 - Heico - Sigma - 10.avi,True,False,spatial_localization_camera,fo_class,1.145558533957228,False,False
heico__1964606,0029 - Heico - Sigma - 10.avi,True,False,object_identification,fo_class,1.1933554189745337,False,True
heico__1975994,0029 - Heico - Sigma - 10.avi,True,False,object_identification,fo_class,1.2022614150773734,False,True
heico__1988180,0029 - Heico - Sigma - 10.avi,True,False,object_aggregation,binary,1.0718693560920656,False,True
heico__2015576,0029 - Heico - Sigma - 10.avi,True,False,spatial_localization_camera,fo_class,1.0800630550365895,False,True
heico__1981051,0029 - Heico - Sigma - 10.avi,True,False,object_aggregation,number,1.1240343798417598,False,True
heico__1981053,0029 - Heico - Sigma - 10.avi,True,False,object_aggregation,number,1.0829302780330181,False,True
heico__2004380,0029 - Heico - Sigma - 10.avi,True,False,object_identification,fo_class,1.0974564889911562,False,True
heico__2022027,0029 - Heico - Sigma - 10.avi,True,False,spatial_localization_camera,multiple_choice,1.1672146269120276,False,True
heico__1980433,0029 - Heico - Sigma - 10.avi,True,False,object_aggregation,number,1.1377128239255399,False,False
heico__2004381,0029 - Heico - Sigma - 10.avi,True,False,object_identification,fo_class,1.1148004040587693,False,False
heico__2022028,0029 - Heico - Sigma - 10.avi,True,False,spatial_localization_camera,multiple_choice,1.1670199180953205,False,True
heico__2022030,0029 - Heico - Sigma - 10.avi,True,False,spatial_localization_camera,multiple_choice,1.0914328850340098,False,True
heico__1964624,0029 - Heico - Sigma - 10.avi,True,False,object_identification,fo_class,1.1656495409552008,False,True
heico__2004384,0029 - Heico - Sigma - 10.avi,True,False,object_identification,fo_class,1.156793954083696,False,False
heico__1980405,0029 - Heico - Sigma - 10.avi,True,False,object_aggregation,number,1.100222622975707,False,True
heico__2022031,0029 - Heico - Sigma - 10.avi,True,False,spatial_localization_camera,multiple_choice,1.2898786268197,False,True
heico__1973835,0029 - Heico - Sigma - 10.avi,True,False,object_identification,fo_class,1.2206598070915788,False,True
heico__2015580,0029 - Heico - Sigma - 10.avi,True,False,spatial_localization_camera,fo_class,1.1939098068978637,False,False
heico__1987874,0029 - Heico - Sigma - 10.avi,True,False,object_aggregation,binary,1.124998376937583,False,True
heico__2015581,0029 - Heico - Sigma - 10.avi,True,False,spatial_localization_camera,fo_class,1.1728534628637135,False,False
heico__1988034,0029 - Heico - Sigma - 10.avi,True,False,object_aggregation,binary,1.0874567648861557,False,False
heico__2015582,0029 - Heico - Sigma - 10.avi,True,False,spatial_localization_camera,fo_class,1.0266915748361498,False,False
heico__2015583,0029 - Heico - Sigma - 10.avi,True,False,spatial_localization_camera,fo_class,1.2124077889602631,False,False
heico__2015584,0029 - Heico - Sigma - 10.avi,True,False,spatial_localization_camera,fo_class,1.0580840019974858,False,True
heico__1975874,0029 - Heico - Sigma - 10.avi,True,False,object_identification,fo_class,1.212918636854738,False,False
heico__1975565,0029 - Heico - Sigma - 10.avi,True,False,object_identification,fo_class,1.0296041371766478,False,True
heico__1987677,0029 - Heico - Sigma - 10.avi,True,False,object_aggregation,binary,1.0801130351610482,False,True
heico__2015585,0029 - Heico - Sigma - 10.avi,True,False,spatial_localization_camera,fo_class,1.1361117991618812,False,True
heico__1973854,0029 - Heico - Sigma - 10.avi,True,False,object_identification,fo_class,1.1106267750728875,False,True
heico__1987680,0029 - Heico - Sigma - 10.avi,True,False,object_aggregation,binary,1.0654768128879368,False,True
heico__1988136,0029 - Heico - Sigma - 10.avi,True,False,object_aggregation,binary,1.2881349299568683,False,True
heico__1975780,0029 - Heico - Sigma - 10.avi,True,False,object_identification,fo_class,1.130805553169921,False,False
heico__1980482,0029 - Heico - Sigma - 10.avi,True,False,object_aggregation,number,1.0372342271730304,False,True
heico__1980600,0029 - Heico - Sigma - 10.avi,True,False,object_aggregation,number,1.0399913091678172,False,True
heico__1988099,0029 - Heico - Sigma - 10.avi,True,False,object_aggregation,binary,1.0116115540731698,False,True
heico__1982425,0029 - Heico - Sigma - 10.avi,True,False,object_aggregation,number,1.0709951790049672,False,True
heico__1999716,0029 - Heico - Sigma - 10.avi,True,False,object_aggregation,binary,1.0307886640075594,False,True
heico__1988016,0029 - Heico - Sigma - 10.avi,True,False,object_aggregation,binary,1.0754684768617153,False,True
heico__1999717,0029 - Heico - Sigma - 10.avi,True,False,object_aggregation,binary,1.021437918068841,False,True
heico__1980671,0029 - Heico - Sigma - 10.avi,True,False,object_aggregation,number,1.0718797671142966,False,True
heico__1999724,0029 - Heico - Sigma - 10.avi,True,False,object_aggregation,binary,1.0266974850092083,False,True
heico__2015591,0029 - Heico - Sigma - 10.avi,True,False,spatial_localization_camera,fo_class,1.0584790708962828,False,False
heico__2681400,0029 - Heico - Sigma - 10.avi,True,False,object_attributes,open_ended,1.086901067988947,False,True
heico__2015593,0029 - Heico - Sigma - 10.avi,True,False,spatial_localization_camera,fo_class,1.0929979821667075,False,False
heico__1980571,0029 - Heico - Sigma - 10.avi,True,False,object_aggregation,number,1.0349996918812394,False,True
heico__1980428,0029 - Heico - Sigma - 10.avi,True,False,object_aggregation,number,1.0185682461597025,False,True
heico__1980504,0029 - Heico - Sigma - 10.avi,True,False,object_aggregation,number,1.0706050600856543,False,True
heico__1999739,0029 - Heico - Sigma - 10.avi,True,False,object_aggregation,binary,1.0384306740015745,False,True
heico__1980192,0029 - Heico - Sigma - 10.avi,True,False,object_aggregation,number,1.045105695957318,False,True
heico__1999740,0029 - Heico - Sigma - 10.avi,True,False,object_aggregation,binary,1.0351898821536452,False,True
heico__1980954,0029 - Heico - Sigma - 10.avi,True,False,object_aggregation,number,1.0196353031788021,False,True
heico__1964676,0029 - Heico - Sigma - 10.avi,True,False,object_identification,fo_class,1.184175733011216,False,True
heico__1998463,0029 - Heico - Sigma - 10.avi,True,False,spatial_localization_camera,open_ended,1.2998674500267953,False,True
heico__2022049,0029 - Heico - Sigma - 10.avi,True,False,spatial_localization_camera,multiple_choice,1.07323198299855,False,True
heico__1987760,0029 - Heico - Sigma - 10.avi,True,False,object_aggregation,binary,1.042098473990336,False,True
heico__1980740,0029 - Heico - Sigma - 10.avi,True,False,object_aggregation,number,1.0712330779060721,False,False
heico__1999750,0029 - Heico - Sigma - 10.avi,True,False,object_aggregation,binary,1.0210054500494152,False,False
heico__2004415,0029 - Heico - Sigma - 10.avi,True,False,object_identification,fo_class,1.0686332150362432,False,True
heico__1987698,0029 - Heico - Sigma - 10.avi,True,False,object_aggregation,binary,1.0997899039648473,False,True
heico__1980362,0029 - Heico - Sigma - 10.avi,True,False,object_aggregation,number,1.0303034749813378,False,False
heico__1980186,0029 - Heico - Sigma - 10.avi,True,False,object_aggregation,number,1.070568999974057,False,False
heico__2004419,0029 - Heico - Sigma - 10.avi,True,False,object_identification,fo_class,1.0392692310269922,False,True
heico__2004421,0029 - Heico - Sigma - 10.avi,True,False,object_identification,fo_class,1.0564787569455802,False,True
heico__1973871,0029 - Heico - Sigma - 10.avi,True,False,object_identification,fo_class,1.0322388000786304,False,True
heico__1964690,0029 - Heico - Sigma - 10.avi,True,False,object_identification,fo_class,1.1806804621592164,False,False
heico__1980396,0029 - Heico - Sigma - 10.avi,True,False,object_aggregation,number,1.0298580469097942,False,False
heico__1975897,0029 - Heico - Sigma - 10.avi,True,False,object_identification,fo_class,1.11261065909639,False,True
heico__1998478,0029 - Heico - Sigma - 10.avi,True,False,spatial_localization_camera,open_ended,1.3390636779367924,False,True
heico__2022055,0029 - Heico - Sigma - 10.avi,True,False,spatial_localization_camera,multiple_choice,1.1022421070374548,False,True
heico__1975589,0029 - Heico - Sigma - 10.avi,True,False,object_identification,fo_class,1.0459619141183794,False,False
heico__2004436,0029 - Heico - Sigma - 10.avi,True,False,object_identification,fo_class,1.111776151927188,False,True
heico__1975939,0029 - Heico - Sigma - 10.avi,True,False,object_identification,fo_class,1.1715435658115894,False,False
heico__1980337,0029 - Heico - Sigma - 10.avi,True,False,object_aggregation,number,1.0066837770864367,False,False
heico__2004438,0029 - Heico - Sigma - 10.avi,True,False,object_identification,fo_class,1.075829127104953,False,True
heico__1980572,0029 - Heico - Sigma - 10.avi,True,False,object_aggregation,number,1.0232115040998906,False,True
heico__1975964,0029 - Heico - Sigma - 10.avi,True,False,object_identification,fo_class,1.1823198979254812,False,False
heico__1998495,0029 - Heico - Sigma - 10.avi,True,False,spatial_localization_camera,open_ended,1.2983847740106285,False,True
heico__1973916,0029 - Heico - Sigma - 10.avi,True,False,object_identification,fo_class,1.1565386450383812,False,True
heico__1980446,0029 - Heico - Sigma - 10.avi,True,False,object_aggregation,number,1.0454443260096014,False,True
heico__2022061,0029 - Heico - Sigma - 10.avi,True,False,spatial_localization_camera,multiple_choice,1.0824238089844584,False,True
heico__2004448,0029 - Heico - Sigma - 10.avi,True,False,object_identification,fo_class,1.1054529680404812,False,True
heico__1980566,0029 - Heico - Sigma - 10.avi,True,False,object_aggregation,number,1.0291398779954761,False,False
heico__2022064,0029 - Heico - Sigma - 10.avi,True,False,spatial_localization_camera,multiple_choice,1.146427750820294,False,True
heico__2022065,0029 - Heico - Sigma - 10.avi,True,False,spatial_localization_camera,multiple_choice,1.1002171030268073,False,True
heico__1973941,0029 - Heico - Sigma - 10.avi,True,False,object_identification,fo_class,1.1130619880277663,False,True
heico__2022066,0029 - Heico - Sigma - 10.avi,True,False,spatial_localization_camera,multiple_choice,1.1074469140730798,False,True
heico__2022067,0029 - Heico - Sigma - 10.avi,True,False,spatial_localization_camera,multiple_choice,1.1713689360767603,False,True
heico__2022068,0029 - Heico - Sigma - 10.avi,True,False,spatial_localization_camera,multiple_choice,1.1325615970417857,False,True
heico__2022069,0029 - Heico - Sigma - 10.avi,True,False,spatial_localization_camera,multiple_choice,1.084596754051745,False,True
heico__2022070,0029 - Heico - Sigma - 10.avi,True,False,spatial_localization_camera,multiple_choice,1.1113566940184683,False,True
heico__2004456,0029 - Heico - Sigma - 10.avi,True,False,object_identification,fo_class,1.1078775019850582,False,True
heico__1982496,0029 - Heico - Sigma - 10.avi,True,False,object_aggregation,number,1.0359605201520026,False,True
heico__2022072,0029 - Heico - Sigma - 10.avi,True,False,spatial_localization_camera,multiple_choice,1.1257980349473655,False,True
heico__2022073,0029 - Heico - Sigma - 10.avi,True,False,spatial_localization_camera,multiple_choice,1.1020048880018294,False,True
heico__2022074,0029 - Heico - Sigma - 10.avi,True,False,spatial_localization_camera,multiple_choice,1.0998769530560821,False,True
heico__2022075,0029 - Heico - Sigma - 10.avi,True,False,spatial_localization_camera,multiple_choice,1.100069192936644,False,True
heico__2681401,0029 - Heico - Sigma - 10.avi,True,False,object_attributes,open_ended,1.227898418204859,False,True
heico__1975735,0029 - Heico - Sigma - 10.avi,True,False,object_identification,fo_class,1.0327804090920836,False,True
heico__2004175,0029 - Heico - Sigma - 10.avi,True,False,object_identification,fo_class,1.0720897761639208,False,True
heico__1982878,0029 - Heico - Sigma - 10.avi,True,False,object_aggregation,number,1.0395962800830603,False,True
heico__1980411,0029 - Heico - Sigma - 10.avi,True,False,object_aggregation,number,1.059842187911272,False,False
heico__1982879,0029 - Heico - Sigma - 10.avi,True,False,object_aggregation,number,1.0391639419831336,False,False
heico__1999765,0029 - Heico - Sigma - 10.avi,True,False,object_aggregation,binary,1.0621161519084126,False,True
heico__1999766,0029 - Heico - Sigma - 10.avi,True,False,object_aggregation,binary,1.0372433569282293,False,False
heico__1982880,0029 - Heico - Sigma - 10.avi,True,False,object_aggregation,number,1.0622735910583287,False,False
heico__1982884,0029 - Heico - Sigma - 10.avi,True,False,object_aggregation,number,1.0393208519089967,False,True
heico__2682182,0029 - Heico - Sigma - 10.avi,True,False,object_aggregation,open_ended,1.126192684052512,False,False
heico__1980202,0029 - Heico - Sigma - 10.avi,True,False,object_aggregation,number,1.179396305931732,False,False
heico__1982885,0029 - Heico - Sigma - 10.avi,True,False,object_aggregation,number,1.0478481999598444,False,False
heico__1999768,0029 - Heico - Sigma - 10.avi,True,False,object_aggregation,binary,1.13668079697527,False,True
heico__1982886,0029 - Heico - Sigma - 10.avi,True,False,object_aggregation,number,1.0815463620238006,False,False
heico__1982887,0029 - Heico - Sigma - 10.avi,True,False,object_aggregation,number,1.097446558997035,False,False
heico__1976001,0029 - Heico - Sigma - 10.avi,True,False,object_identification,fo_class,1.0920905338134617,False,True
heico__1980412,0029 - Heico - Sigma - 10.avi,True,False,object_aggregation,number,1.1174382369499654,False,False
heico__1982888,0029 - Heico - Sigma - 10.avi,True,False,object_aggregation,number,1.0092903501354158,False,False
heico__1999771,0029 - Heico - Sigma - 10.avi,True,False,object_aggregation,binary,1.0823209590744227,False,True
heico__2004181,0029 - Heico - Sigma - 10.avi,True,False,object_identification,fo_class,1.028993797954172,False,True
heico__1980260,0029 - Heico - Sigma - 10.avi,True,False,object_aggregation,number,1.0686652751173824,False,False
heico__1982889,0029 - Heico - Sigma - 10.avi,True,False,object_aggregation,number,1.0101962278131396,False,False
heico__1982890,0029 - Heico - Sigma - 10.avi,True,False,object_aggregation,number,1.0091045899316669,False,False
heico__1980385,0029 - Heico - Sigma - 10.avi,True,False,object_aggregation,number,1.06775145791471,False,False
heico__1999773,0029 - Heico - Sigma - 10.avi,True,False,object_aggregation,binary,1.0312452618964016,False,True
heico__1982891,0029 - Heico - Sigma - 10.avi,True,False,object_aggregation,number,1.0920425839722157,False,False
heico__1999774,0029 - Heico - Sigma - 10.avi,True,False,object_aggregation,binary,1.0096756089478731,False,True
heico__1982892,0029 - Heico - Sigma - 10.avi,True,False,object_aggregation,number,1.0672970078885555,False,False
heico__1999775,0029 - Heico - Sigma - 10.avi,True,False,object_aggregation,binary,1.0327578091528267,False,True
heico__1982893,0029 - Heico - Sigma - 10.avi,True,False,object_aggregation,number,1.0794619868975133,False,False
heico__1982894,0029 - Heico - Sigma - 10.avi,True,False,object_aggregation,number,1.0207165298052132,False,False
heico__1980310,0029 - Heico - Sigma - 10.avi,True,False,object_aggregation,number,1.0804971631150693,False,False
heico__1982895,0029 - Heico - Sigma - 10.avi,True,False,object_aggregation,number,1.0294227181002498,False,False
heico__1999778,0029 - Heico - Sigma - 10.avi,True,False,object_aggregation,binary,1.003349115839228,False,True
heico__1982896,0029 - Heico - Sigma - 10.avi,True,False,object_aggregation,number,1.0877309951465577,False,False
heico__1980508,0029 - Heico - Sigma - 10.avi,True,False,object_aggregation,number,1.062616170849651,False,False
heico__1999779,0029 - Heico - Sigma - 10.avi,True,False,object_aggregation,binary,1.0464564529247582,False,True
heico__1982897,0029 - Heico - Sigma - 10.avi,True,False,object_aggregation,number,1.0684096950571984,False,False
heico__1982898,0029 - Heico - Sigma - 10.avi,True,False,object_aggregation,number,1.0318003420252353,False,False
heico__1999781,0029 - Heico - Sigma - 10.avi,True,False,object_aggregation,binary,1.0814262910280377,False,False
heico__1980519,0029 - Heico - Sigma - 10.avi,True,False,object_aggregation,number,1.0277816420421004,False,False
heico__1982899,0029 - Heico - Sigma - 10.avi,True,False,object_aggregation,number,1.0628875198308378,False,False
heico__1980141,0029 - Heico - Sigma - 10.avi,True,False,object_aggregation,number,1.0284064200241119,False,False
heico__1982900,0029 - Heico - Sigma - 10.avi,True,False,object_aggregation,number,1.070702288998291,False,False
heico__1999783,0029 - Heico - Sigma - 10.avi,True,False,object_aggregation,binary,1.0301276058889925,False,False
heico__1980491,0029 - Heico - Sigma - 10.avi,True,False,object_aggregation,number,1.033390467055142,False,False
heico__1982901,0029 - Heico - Sigma - 10.avi,True,False,object_aggregation,number,1.0358023198787123,False,False
heico__1980401,0029 - Heico - Sigma - 10.avi,True,False,object_aggregation,number,1.020472280913964,False,False
heico__1982902,0029 - Heico - Sigma - 10.avi,True,False,object_aggregation,number,1.1032668640837073,False,False
heico__1982903,0029 - Heico - Sigma - 10.avi,True,False,object_aggregation,number,1.0667802500538528,False,False
heico__1999786,0029 - Heico - Sigma - 10.avi,True,False,object_aggregation,binary,1.0282349509652704,False,False
heico__1982904,0029 - Heico - Sigma - 10.avi,True,False,object_aggregation,number,1.0674428979400545,False,False
heico__1999787,0029 - Heico - Sigma - 10.avi,True,False,object_aggregation,binary,1.0440506290178746,False,False
heico__1980355,0029 - Heico - Sigma - 10.avi,True,False,object_aggregation,number,1.0580943420063704,False,False
heico__1999788,0029 - Heico - Sigma - 10.avi,True,False,object_aggregation,binary,1.03137813298963,False,False
heico__1982905,0029 - Heico - Sigma - 10.avi,True,False,object_aggregation,number,1.0804737629368901,False,False
heico__1980514,0029 - Heico - Sigma - 10.avi,True,False,object_aggregation,number,1.029435807839036,False,False
heico__1982906,0029 - Heico - Sigma - 10.avi,True,False,object_aggregation,number,1.0908352371770889,False,False
heico__1980233,0029 - Heico - Sigma - 10.avi,True,False,object_aggregation,number,1.0987787460908294,False,False
heico__1982907,0029 - Heico - Sigma - 10.avi,True,False,object_aggregation,number,1.0799685649108142,False,False
heico__1982908,0029 - Heico - Sigma - 10.avi,True,False,object_aggregation,number,1.0306714540347457,False,False
heico__1973503,0029 - Heico - Sigma - 10.avi,True,False,object_identification,fo_class,1.126288504106924,False,False
heico__1980719,0029 - Heico - Sigma - 10.avi,True,False,object_aggregation,number,1.0307653041090816,False,True
heico__1982909,0029 - Heico - Sigma - 10.avi,True,False,object_aggregation,number,1.0431802810635418,False,True
heico__1975591,0029 - Heico - Sigma - 10.avi,True,False,object_identification,fo_class,1.1111317640170455,False,False
heico__1973933,0029 - Heico - Sigma - 10.avi,True,False,object_identification,fo_class,1.1002584819216281,False,False
heico__1975792,0029 - Heico - Sigma - 10.avi,True,False,object_identification,fo_class,1.0663671710062772,False,True
heico__1975641,0029 - Heico - Sigma - 10.avi,True,False,object_identification,fo_class,1.02221835590899,False,True
heico__1973582,0029 - Heico - Sigma - 10.avi,True,False,object_identification,fo_class,1.0707800388336182,False,True
heico__1980552,0029 - Heico - Sigma - 10.avi,True,False,object_aggregation,number,1.0176534680649638,False,True
heico__1982916,0029 - Heico - Sigma - 10.avi,True,False,object_aggregation,number,1.0714711481705308,False,True
heico__1999792,0029 - Heico - Sigma - 10.avi,True,False,object_aggregation,binary,1.0485822670161724,False,True
heico__1975772,0029 - Heico - Sigma - 10.avi,True,False,object_identification,fo_class,1.0607340862043202,False,True
heico__1973950,0029 - Heico - Sigma - 10.avi,True,False,object_identification,fo_class,1.01927740406245,False,True
heico__1975777,0029 - Heico - Sigma - 10.avi,True,False,object_identification,fo_class,1.071373837068677,False,True
heico__1980372,0029 - Heico - Sigma - 10.avi,True,False,object_aggregation,number,1.0395794708747417,False,True
heico__1973868,0029 - Heico - Sigma - 10.avi,True,False,object_identification,fo_class,1.0797358858399093,False,True
heico__1980984,0029 - Heico - Sigma - 10.avi,True,False,object_aggregation,number,1.0266855950467288,False,True
heico__1973775,0029 - Heico - Sigma - 10.avi,True,False,object_identification,fo_class,1.0743755490984768,False,False
heico__2022076,0029 - Heico - Sigma - 10.avi,True,False,spatial_localization_camera,multiple_choice,1.1353336710017174,False,False
heico__2004462,0029 - Heico - Sigma - 10.avi,True,False,object_identification,fo_class,1.1105337850749493,False,True
heico__1998535,0029 - Heico - Sigma - 10.avi,True,False,spatial_localization_camera,open_ended,1.3379696300253272,False,True
heico__1973926,0029 - Heico - Sigma - 10.avi,True,False,object_identification,fo_class,1.0916478750295937,False,True
heico__1975697,0029 - Heico - Sigma - 10.avi,True,False,object_identification,fo_class,1.2811538889072835,False,False
heico__1973757,0029 - Heico - Sigma - 10.avi,True,False,object_identification,fo_class,1.1076918330509216,False,True
heico__1980588,0029 - Heico - Sigma - 10.avi,True,False,object_aggregation,number,1.0430550610180944,False,False
heico__1975934,0029 - Heico - Sigma - 10.avi,True,False,object_identification,fo_class,1.3048271781299263,False,False
heico__1980269,0029 - Heico - Sigma - 10.avi,True,False,object_aggregation,number,1.0858241999521852,False,True
heico__1975900,0029 - Heico - Sigma - 10.avi,True,False,object_identification,fo_class,1.097020590910688,False,False
heico__1973780,0029 - Heico - Sigma - 10.avi,True,False,object_identification,fo_class,1.1800569030456245,False,True
heico__1982412,0029 - Heico - Sigma - 10.avi,True,False,object_aggregation,number,1.0515190798323601,False,True
heico__1975602,0029 - Heico - Sigma - 10.avi,True,False,object_identification,fo_class,1.1810901509597898,False,False
heico__1975530,0029 - Heico - Sigma - 10.avi,True,False,object_identification,fo_class,1.0828146969433874,False,False
heico__1987514,0029 - Heico - Sigma - 10.avi,True,False,object_aggregation,binary,1.0291080288589,False,True
heico__1987552,0029 - Heico - Sigma - 10.avi,True,False,object_aggregation,binary,1.091954953968525,False,True
heico__1973633,0029 - Heico - Sigma - 10.avi,True,False,object_identification,fo_class,1.1527647750917822,False,True
heico__1982221,0029 - Heico - Sigma - 10.avi,True,False,object_aggregation,number,1.05377984396182,False,True
heico__1980218,0029 - Heico - Sigma - 10.avi,True,False,object_aggregation,number,1.101647058967501,False,True
heico__1987845,0029 - Heico - Sigma - 10.avi,True,False,object_aggregation,binary,1.0702022099867463,False,False
heico__2022077,0029 - Heico - Sigma - 10.avi,True,False,spatial_localization_camera,multiple_choice,1.0760203360114247,False,True
heico__2004463,0029 - Heico - Sigma - 10.avi,True,False,object_identification,fo_class,1.107841801829636,False,True
heico__2681402,0029 - Heico - Sigma - 10.avi,True,False,object_attributes,open_ended,1.2124589488375932,False,True
heico__1998536,0029 - Heico - Sigma - 10.avi,True,False,spatial_localization_camera,open_ended,1.324077476048842,False,True
heico__2004439,0029 - Heico - Sigma - 10.avi,True,False,object_identification,fo_class,1.0814299120102078,False,True
heico__1982922,0029 - Heico - Sigma - 10.avi,True,False,object_aggregation,number,1.0080463630147278,False,False
heico__1987966,0029 - Heico - Sigma - 10.avi,True,False,object_aggregation,binary,1.022633345099166,False,True
heico__1982923,0029 - Heico - Sigma - 10.avi,True,False,object_aggregation,number,1.0576447939965874,False,False
heico__1973544,0029 - Heico - Sigma - 10.avi,True,False,object_identification,fo_class,1.040553007973358,False,True
heico__1980532,0029 - Heico - Sigma - 10.avi,True,False,object_aggregation,number,1.0682391859591007,False,False
heico__1980622,0029 - Heico - Sigma - 10.avi,True,False,object_aggregation,number,1.0286551390308887,False,True
heico__1973606,0029 - Heico - Sigma - 10.avi,True,False,object_identification,fo_class,1.0610217649955302,False,True
heico__1975749,0029 - Heico - Sigma - 10.avi,True,False,object_identification,fo_class,1.0416014059446752,False,True
heico__1975820,0029 - Heico - Sigma - 10.avi,True,False,object_identification,fo_class,1.0818593599833548,False,True
heico__1998538,0029 - Heico - Sigma - 10.avi,True,False,spatial_localization_camera,open_ended,1.3856851859018207,False,True
heico__1987875,0029 - Heico - Sigma - 10.avi,True,False,object_aggregation,binary,1.040597148006782,False,True
heico__2004440,0029 - Heico - Sigma - 10.avi,True,False,object_identification,fo_class,1.071322268107906,False,True
heico__1982928,0029 - Heico - Sigma - 10.avi,True,False,object_aggregation,number,1.007885263999924,False,False
heico__2004441,0029 - Heico - Sigma - 10.avi,True,False,object_identification,fo_class,1.2910520129371434,False,True
heico__1975917,0029 - Heico - Sigma - 10.avi,True,False,object_identification,fo_class,1.0668827800545841,False,True
heico__1998539,0029 - Heico - Sigma - 10.avi,True,False,spatial_localization_camera,open_ended,1.7761521239299327,False,True
heico__2004442,0029 - Heico - Sigma - 10.avi,True,False,object_identification,fo_class,1.0537753740791231,False,True
heico__1980705,0029 - Heico - Sigma - 10.avi,True,False,object_aggregation,number,1.0778740409296006,False,True
heico__1980083,0029 - Heico - Sigma - 10.avi,True,False,object_aggregation,number,1.0026247480418533,False,False
heico__1975779,0029 - Heico - Sigma - 10.avi,True,False,object_identification,fo_class,1.0076279039494693,False,True
heico__1987741,0029 - Heico - Sigma - 10.avi,True,False,object_aggregation,binary,1.0843172539025545,False,True
heico__2004443,0029 - Heico - Sigma - 10.avi,True,False,object_identification,fo_class,1.0365752989891917,False,True
heico__1973937,0029 - Heico - Sigma - 10.avi,True,False,object_identification,fo_class,1.062055722111836,False,True
heico__2004444,0029 - Heico - Sigma - 10.avi,True,False,object_identification,fo_class,1.0305462940596044,False,True
heico__1973691,0029 - Heico - Sigma - 10.avi,True,False,object_identification,fo_class,1.0774607420898974,False,True
heico__2004445,0029 - Heico - Sigma - 10.avi,True,False,object_identification,fo_class,1.010221378179267,False,True
heico__1998543,0029 - Heico - Sigma - 10.avi,True,False,spatial_localization_camera,open_ended,1.3499817389529198,False,True
heico__1980111,0029 - Heico - Sigma - 10.avi,True,False,object_aggregation,number,1.0324289789423347,False,False
heico__1975858,0029 - Heico - Sigma - 10.avi,True,False,object_identification,fo_class,1.027147414162755,False,True
heico__1973741,0029 - Heico - Sigma - 10.avi,True,False,object_identification,fo_class,1.082170729059726,False,True
heico__1980646,0029 - Heico - Sigma - 10.avi,True,False,object_aggregation,number,1.0184297759551555,False,True
heico__2004446,0029 - Heico - Sigma - 10.avi,True,False,object_identification,fo_class,1.0714426580816507,False,True
heico__1975835,0029 - Heico - Sigma - 10.avi,True,False,object_identification,fo_class,1.093918678117916,False,True
heico__1980082,0029 - Heico - Sigma - 10.avi,True,False,object_aggregation,number,1.1052278499118984,False,True
heico__1973545,0029 - Heico - Sigma - 10.avi,True,False,object_identification,fo_class,1.1576507519930601,False,True
heico__2004464,0029 - Heico - Sigma - 10.avi,True,False,object_identification,fo_class,1.130848702043295,False,True
heico__2022078,0029 - Heico - Sigma - 10.avi,True,False,spatial_localization_camera,multiple_choice,1.0880913040600717,False,True
heico__1980497,0029 - Heico - Sigma - 10.avi,True,False,object_aggregation,number,1.042214984074235,False,True
heico__1987502,0029 - Heico - Sigma - 10.avi,True,False,object_aggregation,binary,1.071826616069302,False,True
heico__1998545,0029 - Heico - Sigma - 10.avi,True,False,spatial_localization_camera,open_ended,1.4581038360483944,False,True
heico__1975746,0029 - Heico - Sigma - 10.avi,True,False,object_identification,fo_class,1.1255756160244346,False,True
heico__1973501,0029 - Heico - Sigma - 10.avi,True,False,object_identification,fo_class,1.18333053519018,False,True
heico__1982566,0029 - Heico - Sigma - 10.avi,True,False,object_aggregation,number,1.032523059984669,False,True
heico__2681404,0029 - Heico - Sigma - 10.avi,True,False,object_attributes,open_ended,1.1048779310658574,False,True
heico__1982567,0029 - Heico - Sigma - 10.avi,True,False,object_aggregation,number,1.0360827900003642,False,False
heico__1973541,0029 - Heico - Sigma - 10.avi,True,False,object_identification,fo_class,1.153670322149992,False,True
heico__1973736,0029 - Heico - Sigma - 10.avi,True,False,object_identification,fo_class,1.1712989658117294,False,True
heico__1975576,0029 - Heico - Sigma - 10.avi,True,False,object_identification,fo_class,1.099336314946413,False,True
heico__1980420,0029 - Heico - Sigma - 10.avi,True,False,object_aggregation,number,1.045586614869535,False,True
heico__1987801,0029 - Heico - Sigma - 10.avi,True,False,object_aggregation,binary,1.017526658019051,False,True
heico__1980836,0029 - Heico - Sigma - 10.avi,True,False,object_aggregation,number,1.100565651897341,False,True
heico__1973657,0029 - Heico - Sigma - 10.avi,True,False,object_identification,fo_class,1.238670399878174,False,True
heico__1973662,0029 - Heico - Sigma - 10.avi,True,False,object_identification,fo_class,1.1087474199011922,False,True
heico__1998546,0029 - Heico - Sigma - 10.avi,True,False,spatial_localization_camera,open_ended,1.3792774518951774,False,True
heico__1982571,0029 - Heico - Sigma - 10.avi,True,False,object_aggregation,number,1.0730378238949925,False,True
heico__1975652,0029 - Heico - Sigma - 10.avi,True,False,object_identification,fo_class,1.2294897139072418,False,False
heico__1998547,0029 - Heico - Sigma - 10.avi,True,False,spatial_localization_camera,open_ended,1.332947022980079,False,False
heico__1973534,0029 - Heico - Sigma - 10.avi,True,False,object_identification,fo_class,1.0930328008253127,False,True
heico__1980934,0029 - Heico - Sigma - 10.avi,True,False,object_aggregation,number,1.0375641260761768,False,True
heico__1973716,0029 - Heico - Sigma - 10.avi,True,False,object_identification,fo_class,1.2144582939799875,False,False
heico__1975757,0029 - Heico - Sigma - 10.avi,True,False,object_identification,fo_class,1.1759030339308083,False,False
heico__1980979,0029 - Heico - Sigma - 10.avi,True,False,object_aggregation,number,1.098934825975448,False,True
heico__1987516,0029 - Heico - Sigma - 10.avi,True,False,object_aggregation,binary,1.0789592468645424,False,True
heico__1975677,0029 - Heico - Sigma - 10.avi,True,False,object_identification,fo_class,1.0940597290173173,False,False
lapchole__11350,0000 - Laparoscopic Cholecystectomy.mp4,False,False,object_identification,fo_class,1.1425449119415134,False,False
lapchole__16466,0000 - Laparoscopic Cholecystectomy.mp4,False,False,object_aggregation,number,1.0358068000059575,False,True
lapchole__17550,0000 - Laparoscopic Cholecystectomy.mp4,False,False,object_aggregation,number,1.091749125160277,False,False
lapchole__15976,0000 - Laparoscopic Cholecystectomy.mp4,False,False,object_aggregation,number,1.1070960338693112,False,True
lapchole__17554,0000 - Laparoscopic Cholecystectomy.mp4,False,False,object_aggregation,number,1.0824157488532364,False,True
lapchole__21327,0000 - Laparoscopic Cholecystectomy.mp4,False,False,object_aggregation,binary,1.1095983879640698,False,True
lapchole__15979,0000 - Laparoscopic Cholecystectomy.mp4,False,False,object_aggregation,number,1.0981429968960583,False,True
lapchole__12863,0000 - Laparoscopic Cholecystectomy.mp4,False,False,object_identification,fo_class,1.147553538903594,False,False
lapchole__28731,0000 - Laparoscopic Cholecystectomy.mp4,False,False,object_aggregation,binary,1.069924121024087,False,True
lapchole__30966,0000 - Laparoscopic Cholecystectomy.mp4,False,False,object_identification,fo_class,1.0580000029876828,False,False
lapchole__17571,0000 - Laparoscopic Cholecystectomy.mp4,False,False,object_aggregation,number,1.0606464960146695,False,False
lapchole__27668,0000 - Laparoscopic Cholecystectomy.mp4,False,False,spatial_localization_camera,open_ended,1.5841471159365028,False,False
lapchole__15997,0000 - Laparoscopic Cholecystectomy.mp4,False,False,object_aggregation,number,1.1080398519989103,False,False
lapchole__27669,0000 - Laparoscopic Cholecystectomy.mp4,False,False,spatial_localization_camera,open_ended,1.3432241659611464,False,False
lapchole__16544,0000 - Laparoscopic Cholecystectomy.mp4,False,False,object_aggregation,number,1.058873290894553,False,True
lapchole__17635,0000 - Laparoscopic Cholecystectomy.mp4,False,False,object_aggregation,number,1.0619750418700278,False,False
lapchole__16063,0000 - Laparoscopic Cholecystectomy.mp4,False,False,object_aggregation,number,1.0264328550547361,False,False
lapchole__30979,0000 - Laparoscopic Cholecystectomy.mp4,False,False,object_identification,fo_class,1.0952446460723877,False,True
lapchole__17653,0000 - Laparoscopic Cholecystectomy.mp4,False,False,object_aggregation,number,1.0779280900023878,False,True
lapchole__12956,0000 - Laparoscopic Cholecystectomy.mp4,False,False,object_identification,fo_class,1.1113905031234026,False,True
lapchole__16100,0000 - Laparoscopic Cholecystectomy.mp4,False,False,object_aggregation,number,1.0835769360419363,False,False
lapchole__17679,0000 - Laparoscopic Cholecystectomy.mp4,False,False,object_aggregation,number,1.0409907870925963,False,False
lapchole__17684,0000 - Laparoscopic Cholecystectomy.mp4,False,False,object_aggregation,number,1.0825313590466976,False,False
lapchole__17685,0000 - Laparoscopic Cholecystectomy.mp4,False,False,object_aggregation,number,1.0915343249216676,False,False
lapchole__16108,0000 - Laparoscopic Cholecystectomy.mp4,False,False,object_aggregation,number,1.1072084039915353,False,False
lapchole__16113,0000 - Laparoscopic Cholecystectomy.mp4,False,False,object_aggregation,number,1.0897856100928038,False,False
lapchole__17690,0000 - Laparoscopic Cholecystectomy.mp4,False,False,object_aggregation,number,1.3147251210175455,False,False
lapchole__16115,0000 - Laparoscopic Cholecystectomy.mp4,False,False,object_aggregation,number,1.378416194813326,False,False
lapchole__16121,0000 - Laparoscopic Cholecystectomy.mp4,False,False,object_aggregation,number,1.3199938668403774,False,False
lapchole__20964,0000 - Laparoscopic Cholecystectomy.mp4,False,False,object_aggregation,binary,1.301457725930959,False,True
lapchole__28862,0000 - Laparoscopic Cholecystectomy.mp4,False,False,object_aggregation,binary,1.3089771759696305,False,False
lapchole__16132,0000 - Laparoscopic Cholecystectomy.mp4,False,False,object_aggregation,number,1.4002641479019076,False,False
lapchole__17720,0000 - Laparoscopic Cholecystectomy.mp4,False,False,object_aggregation,number,1.3988818309735507,False,False
lapchole__17721,0000 - Laparoscopic Cholecystectomy.mp4,False,False,object_aggregation,number,1.216609708033502,False,False
lapchole__16155,0000 - Laparoscopic Cholecystectomy.mp4,False,False,object_aggregation,number,1.06443410506472,False,False
lapchole__17751,0000 - Laparoscopic Cholecystectomy.mp4,False,False,object_aggregation,number,1.0999732029158622,False,False
lapchole__16178,0000 - Laparoscopic Cholecystectomy.mp4,False,False,object_aggregation,number,1.3004383591469377,False,True
lapchole__11366,0000 - Laparoscopic Cholecystectomy.mp4,False,False,object_identification,fo_class,1.0987321459688246,False,True
lapchole__17764,0000 - Laparoscopic Cholecystectomy.mp4,False,False,object_aggregation,number,1.0350004229694605,False,True
lapchole__17788,0000 - Laparoscopic Cholecystectomy.mp4,False,False,object_aggregation,number,1.0550033601466566,False,False
lapchole__16213,0000 - Laparoscopic Cholecystectomy.mp4,False,False,object_aggregation,number,1.0385989539790899,False,True
lapchole__17792,0000 - Laparoscopic Cholecystectomy.mp4,False,False,object_aggregation,number,1.0858691891189665,False,False
lapchole__16218,0000 - Laparoscopic Cholecystectomy.mp4,False,False,object_aggregation,number,1.1007518710102886,False,True
lapchole__21259,0000 - Laparoscopic Cholecystectomy.mp4,False,False,object_aggregation,binary,1.0543723721057177,False,False
lapchole__28940,0000 - Laparoscopic Cholecystectomy.mp4,False,False,object_aggregation,binary,1.0206872811540961,False,True
lapchole__13101,0000 - Laparoscopic Cholecystectomy.mp4,False,False,object_identification,fo_class,1.31403480283916,False,False
lapchole__16228,0000 - Laparoscopic Cholecystectomy.mp4,False,False,object_aggregation,number,1.0213382879737765,False,False
lapchole__17809,0000 - Laparoscopic Cholecystectomy.mp4,False,False,object_aggregation,number,1.0720594162121415,False,False
lapchole__17822,0000 - Laparoscopic Cholecystectomy.mp4,False,False,object_aggregation,number,1.1102893960196525,False,False
lapchole__16246,0000 - Laparoscopic Cholecystectomy.mp4,False,False,object_aggregation,number,1.0176015580073,False,True
lapchole__30996,0000 - Laparoscopic Cholecystectomy.mp4,False,False,object_identification,fo_class,1.1010972000658512,False,True
lapchole__27687,0000 - Laparoscopic Cholecystectomy.mp4,False,False,spatial_localization_camera,open_ended,1.3515349249355495,False,False
lapchole__11391,0000 - Laparoscopic Cholecystectomy.mp4,False,False,object_identification,fo_class,1.1472957888618112,False,False
lapchole__16277,0000 - Laparoscopic Cholecystectomy.mp4,False,False,object_aggregation,number,1.060834984993562,False,False
lapchole__16771,0000 - Laparoscopic Cholecystectomy.mp4,False,False,object_aggregation,number,1.120427210116759,False,False
lapchole__11399,0000 - Laparoscopic Cholecystectomy.mp4,False,False,object_identification,fo_class,1.1465682911220938,False,False
lapchole__11406,0000 - Laparoscopic Cholecystectomy.mp4,False,False,object_identification,fo_class,1.258824247168377,False,False
lapchole__17948,0000 - Laparoscopic Cholecystectomy.mp4,False,False,object_aggregation,number,1.015865322900936,False,False
lapchole__16380,0000 - Laparoscopic Cholecystectomy.mp4,False,False,object_aggregation,number,1.007284295046702,False,False
lapchole__5023651,0000 - Laparoscopic Cholecystectomy.mp4,False,False,object_attributes,open_ended,1.1047768301796168,False,True
lapchole__30964,0000 - Laparoscopic Cholecystectomy.mp4,False,False,object_identification,fo_class,1.1150477139744908,False,True
lapchole__43377,0000 - Laparoscopic Cholecystectomy.mp4,False,False,spatial_localization_camera,multiple_choice,1.0903219080064446,False,True
lapchole__13271,0000 - Laparoscopic Cholecystectomy.mp4,False,False,object_identification,fo_class,1.0542538629379123,False,False
lapchole__13289,0000 - Laparoscopic Cholecystectomy.mp4,False,False,object_identification,fo_class,1.0344774450641125,False,False
lapchole__11487,0000 - Laparoscopic Cholecystectomy.mp4,False,False,object_identification,fo_class,1.1232755619566888,False,False
lapchole__13312,0000 - Laparoscopic Cholecystectomy.mp4,False,False,object_identification,fo_class,1.098340346943587,False,False
lapchole__11492,0000 - Laparoscopic Cholecystectomy.mp4,False,False,object_identification,fo_class,1.0977432690560818,False,False
lapchole__43378,0000 - Laparoscopic Cholecystectomy.mp4,False,False,spatial_localization_camera,multiple_choice,1.0911286158952862,False,True
lapchole__31011,0000 - Laparoscopic Cholecystectomy.mp4,False,False,object_identification,fo_class,1.070999857969582,False,False
lapchole__5023653,0000 - Laparoscopic Cholecystectomy.mp4,False,False,object_attributes,open_ended,1.2697663090657443,False,True
lapchole__5023656,0000 - Laparoscopic Cholecystectomy.mp4,False,False,object_attributes,open_ended,1.173379161162302,False,True
lapchole__5023652,0000 - Laparoscopic Cholecystectomy.mp4,False,False,object_attributes,open_ended,1.243854126194492,False,True
lapchole__11508,0000 - Laparoscopic Cholecystectomy.mp4,False,False,object_identification,fo_class,1.1994376832153648,False,True
lapchole__13333,0000 - Laparoscopic Cholecystectomy.mp4,False,False,object_identification,fo_class,1.3936549350619316,False,False
lapchole__13334,0000 - Laparoscopic Cholecystectomy.mp4,False,False,object_identification,fo_class,1.313311595004052,False,False
lapchole__5023660,0000 - Laparoscopic Cholecystectomy.mp4,False,False,object_attributes,open_ended,1.067369787953794,False,True
lapchole__11514,0000 - Laparoscopic Cholecystectomy.mp4,False,False,object_identification,fo_class,1.0610997839830816,False,True
lapchole__11515,0000 - Laparoscopic Cholecystectomy.mp4,False,False,object_identification,fo_class,1.104710150975734,False,True
lapchole__11517,0000 - Laparoscopic Cholecystectomy.mp4,False,False,object_identification,fo_class,1.1943708560429513,False,True
lapchole__13341,0000 - Laparoscopic Cholecystectomy.mp4,False,False,object_identification,fo_class,1.3611648599617183,False,False
lapchole__160697,0004 - Laparoscopic Cholecystectomy.mp4,False,False,spatial_localization_camera,open_ended,1.3923109078314155,False,True
lapchole__141221,0004 - Laparoscopic Cholecystectomy.mp4,False,False,object_aggregation,number,1.0557615191210061,False,True
lapchole__134004,0004 - Laparoscopic Cholecystectomy.mp4,False,False,object_identification,fo_class,1.0886651421897113,False,True
lapchole__142964,0004 - Laparoscopic Cholecystectomy.mp4,False,False,object_aggregation,number,1.0768381438683718,False,False
lapchole__161768,0004 - Laparoscopic Cholecystectomy.mp4,False,False,object_aggregation,binary,1.1497542320284992,False,False
lapchole__141245,0004 - Laparoscopic Cholecystectomy.mp4,False,False,object_aggregation,number,1.1761369740124792,False,False
lapchole__142979,0004 - Laparoscopic Cholecystectomy.mp4,False,False,object_aggregation,number,1.1083765709772706,False,False
lapchole__168337,0004 - Laparoscopic Cholecystectomy.mp4,False,False,object_identification,fo_class,1.1151713330764323,False,True
lapchole__142992,0004 - Laparoscopic Cholecystectomy.mp4,False,False,object_aggregation,number,1.0848966820631176,False,False
lapchole__136428,0004 - Laparoscopic Cholecystectomy.mp4,False,False,object_identification,fo_class,1.113893297035247,False,True
lapchole__141270,0004 - Laparoscopic Cholecystectomy.mp4,False,False,object_aggregation,number,1.1511894690338522,False,False
lapchole__148802,0004 - Laparoscopic Cholecystectomy.mp4,False,False,object_aggregation,binary,1.1481439268682152,False,True
lapchole__141787,0004 - Laparoscopic Cholecystectomy.mp4,False,False,object_aggregation,number,1.1675987159833312,False,True
lapchole__143017,0004 - Laparoscopic Cholecystectomy.mp4,False,False,object_aggregation,number,1.1788301160559058,False,False
lapchole__141288,0004 - Laparoscopic Cholecystectomy.mp4,False,False,object_aggregation,number,1.1060908371582627,False,True
lapchole__136473,0004 - Laparoscopic Cholecystectomy.mp4,False,False,object_identification,fo_class,1.147895447909832,False,True
lapchole__5026800,0004 - Laparoscopic Cholecystectomy.mp4,False,False,spatial_localization_camera,open_ended,1.8379057419952005,False,True
lapchole__141388,0004 - Laparoscopic Cholecystectomy.mp4,False,False,object_aggregation,number,1.1364886879455298,False,False
lapchole__143120,0004 - Laparoscopic Cholecystectomy.mp4,False,False,object_aggregation,number,1.1105359350331128,False,False
lapchole__143157,0004 - Laparoscopic Cholecystectomy.mp4,False,False,object_aggregation,number,1.2131037269718945,False,True
lapchole__141440,0004 - Laparoscopic Cholecystectomy.mp4,False,False,object_aggregation,number,1.1895351780112833,False,False
lapchole__134034,0004 - Laparoscopic Cholecystectomy.mp4,False,False,object_identification,fo_class,1.1979257869534194,False,True
lapchole__126957,0004 - Laparoscopic Cholecystectomy.mp4,False,False,object_identification,fo_class,1.3462414990644902,False,True
lapchole__136866,0004 - Laparoscopic Cholecystectomy.mp4,False,False,object_identification,fo_class,1.3072997499257326,False,True
lapchole__126958,0004 - Laparoscopic Cholecystectomy.mp4,False,False,object_identification,fo_class,1.2946682239416987,False,True
lapchole__136867,0004 - Laparoscopic Cholecystectomy.mp4,False,False,object_identification,fo_class,1.3197464381810278,False,True
lapchole__134099,0004 - Laparoscopic Cholecystectomy.mp4,False,False,object_identification,fo_class,1.1879543631803244,False,True
lapchole__136869,0004 - Laparoscopic Cholecystectomy.mp4,False,False,object_identification,fo_class,1.4374604900367558,False,False
lapchole__136870,0004 - Laparoscopic Cholecystectomy.mp4,False,False,object_identification,fo_class,1.2192581400740892,False,False
lapchole__168380,0004 - Laparoscopic Cholecystectomy.mp4,False,False,object_identification,fo_class,1.1412199649494141,False,True
lapchole__5023581,0004 - Laparoscopic Cholecystectomy.mp4,False,False,object_attributes,open_ended,1.200094091007486,False,False
lapchole__189133,0004 - Laparoscopic Cholecystectomy.mp4,False,False,spatial_localization_camera,multiple_choice,1.1936794680077583,False,True
lapchole__134106,0004 - Laparoscopic Cholecystectomy.mp4,False,False,object_identification,fo_class,1.141251714900136,False,False
lapchole__5023583,0004 - Laparoscopic Cholecystectomy.mp4,False,False,object_attributes,open_ended,1.3118654689751565,False,True
lapchole__5025117,0004 - Laparoscopic Cholecystectomy.mp4,False,False,object_attributes,open_ended,1.2551263568457216,False,False
lapchole__126971,0004 - Laparoscopic Cholecystectomy.mp4,False,False,object_identification,fo_class,1.5344550060108304,False,False
lapchole__136425,0004 - Laparoscopic Cholecystectomy.mp4,False,False,object_identification,fo_class,1.4548188550397754,False,True
lapchole__182065,0004 - Laparoscopic Cholecystectomy.mp4,False,False,spatial_localization_camera,fo_class,1.264819062082097,False,True
lapchole__126973,0004 - Laparoscopic Cholecystectomy.mp4,False,False,object_identification,fo_class,1.4127967040985823,False,False
lapchole__136408,0004 - Laparoscopic Cholecystectomy.mp4,False,False,object_identification,fo_class,1.4350305870175362,False,True
lapchole__189132,0004 - Laparoscopic Cholecystectomy.mp4,False,False,spatial_localization_camera,multiple_choice,1.2613409999758005,False,True
lapchole__134110,0004 - Laparoscopic Cholecystectomy.mp4,False,False,object_identification,fo_class,1.2575106308795512,False,True
lapchole__134113,0004 - Laparoscopic Cholecystectomy.mp4,False,False,object_identification,fo_class,1.1996971319895238,False,True
lapchole__136709,0004 - Laparoscopic Cholecystectomy.mp4,False,False,object_identification,fo_class,1.3806094089522958,False,False
lapchole__5025118,0004 - Laparoscopic Cholecystectomy.mp4,False,False,object_attributes,open_ended,1.2851646488998085,False,True
lapchole__136853,0004 - Laparoscopic Cholecystectomy.mp4,False,False,object_identification,fo_class,1.2955680910963565,False,True
lapchole__5025119,0004 - Laparoscopic Cholecystectomy.mp4,False,False,object_attributes,open_ended,1.2195528401061893,False,False
lapchole__5025120,0004 - Laparoscopic Cholecystectomy.mp4,False,False,object_attributes,open_ended,1.32860581506975,False,True
lapchole__148933,0004 - Laparoscopic Cholecystectomy.mp4,False,False,object_aggregation,binary,1.1933160689659417,False,True
lapchole__5025121,0004 - Laparoscopic Cholecystectomy.mp4,False,False,object_attributes,open_ended,1.2665351880714297,False,True
lapchole__162203,0004 - Laparoscopic Cholecystectomy.mp4,False,False,object_aggregation,binary,1.133367754984647,False,True
lapchole__5025122,0004 - Laparoscopic Cholecystectomy.mp4,False,False,object_attributes,open_ended,1.386613962939009,False,False
lapchole__136825,0004 - Laparoscopic Cholecystectomy.mp4,False,False,object_identification,fo_class,1.2493705628439784,False,False
lapchole__127018,0004 - Laparoscopic Cholecystectomy.mp4,False,False,object_identification,fo_class,1.480148419039324,False,False
lapchole__5023596,0004 - Laparoscopic Cholecystectomy.mp4,False,False,object_attributes,open_ended,1.2615732899866998,False,False
lapchole__134147,0004 - Laparoscopic Cholecystectomy.mp4,False,False,object_identification,fo_class,1.235615368001163,False,False
lapchole__127027,0004 - Laparoscopic Cholecystectomy.mp4,False,False,object_identification,fo_class,1.2203213879838586,False,True
lapchole__136534,0004 - Laparoscopic Cholecystectomy.mp4,False,False,object_identification,fo_class,1.3663632469251752,False,True
lapchole__136579,0004 - Laparoscopic Cholecystectomy.mp4,False,False,object_identification,fo_class,1.1770199208986014,False,True
lapchole__142027,0004 - Laparoscopic Cholecystectomy.mp4,False,False,object_aggregation,number,1.1471087101381272,False,True
lapchole__127038,0004 - Laparoscopic Cholecystectomy.mp4,False,False,object_identification,fo_class,1.479133061133325,False,False
lapchole__136435,0004 - Laparoscopic Cholecystectomy.mp4,False,False,object_identification,fo_class,1.2294073537923396,False,True
lapchole__5025123,0004 - Laparoscopic Cholecystectomy.mp4,False,False,object_attributes,open_ended,1.3959561390802264,False,True
lapchole__127049,0004 - Laparoscopic Cholecystectomy.mp4,False,False,object_identification,fo_class,1.8134342059493065,False,False
lapchole__136529,0004 - Laparoscopic Cholecystectomy.mp4,False,False,object_identification,fo_class,1.3011946068145335,False,True
lapchole__134160,0004 - Laparoscopic Cholecystectomy.mp4,False,False,object_identification,fo_class,1.1556374770589173,False,False
lapchole__127053,0004 - Laparoscopic Cholecystectomy.mp4,False,False,object_identification,fo_class,1.3112362108659,False,False
lapchole__136439,0004 - Laparoscopic Cholecystectomy.mp4,False,False,object_identification,fo_class,1.1683213538490236,False,False
lapchole__136708,0004 - Laparoscopic Cholecystectomy.mp4,False,False,object_identification,fo_class,1.5319141731597483,False,False
lapchole__5023601,0004 - Laparoscopic Cholecystectomy.mp4,False,False,object_attributes,open_ended,1.2276996488217264,False,True
lapchole__189126,0004 - Laparoscopic Cholecystectomy.mp4,False,False,spatial_localization_camera,multiple_choice,1.223934818059206,False,True
lapchole__127066,0004 - Laparoscopic Cholecystectomy.mp4,False,False,object_identification,fo_class,1.340916923014447,False,True
lapchole__182066,0004 - Laparoscopic Cholecystectomy.mp4,False,False,spatial_localization_camera,fo_class,1.0854227708186954,False,True
lapchole__5023603,0004 - Laparoscopic Cholecystectomy.mp4,False,False,object_attributes,open_ended,1.3614988490007818,False,True
lapchole__5024792,0004 - Laparoscopic Cholecystectomy.mp4,False,False,spatial_localization_situs,open_ended,1.3449460221454501,False,True
lapchole__136685,0004 - Laparoscopic Cholecystectomy.mp4,False,False,object_identification,fo_class,1.3967460370622575,False,True
lapchole__5025124,0004 - Laparoscopic Cholecystectomy.mp4,False,False,object_attributes,open_ended,1.2636458741035312,False,True
lapchole__134183,0004 - Laparoscopic Cholecystectomy.mp4,False,False,object_identification,fo_class,1.352354652946815,False,False
lapchole__136563,0004 - Laparoscopic Cholecystectomy.mp4,False,False,object_identification,fo_class,1.3103512229863554,False,False
lapchole__168312,0004 - Laparoscopic Cholecystectomy.mp4,False,False,object_identification,fo_class,1.4156108968891203,False,True
lapchole__134187,0004 - Laparoscopic Cholecystectomy.mp4,False,False,object_identification,fo_class,1.1078929719515145,False,False
lapchole__582509,0016 - Laparoscopic Cholecystectomy.mp4,False,False,object_identification,fo_class,1.7301010549999774,False,True
lapchole__587880,0016 - Laparoscopic Cholecystectomy.mp4,False,False,object_aggregation,binary,1.2190090920776129,False,True
lapchole__586105,0016 - Laparoscopic Cholecystectomy.mp4,False,False,object_aggregation,number,1.2266508711036295,False,False
lapchole__586117,0016 - Laparoscopic Cholecystectomy.mp4,False,False,object_aggregation,number,1.2437219968996942,False,False
lapchole__584484,0016 - Laparoscopic Cholecystectomy.mp4,False,False,object_aggregation,number,1.2384082511998713,False,False
lapchole__586124,0016 - Laparoscopic Cholecystectomy.mp4,False,False,object_aggregation,number,1.211470790905878,False,False
lapchole__584494,0016 - Laparoscopic Cholecystectomy.mp4,False,False,object_aggregation,number,1.1737907300703228,False,False
lapchole__584999,0016 - Laparoscopic Cholecystectomy.mp4,False,False,object_aggregation,number,1.2872184528969228,False,True
lapchole__592421,0016 - Laparoscopic Cholecystectomy.mp4,False,False,object_aggregation,binary,1.2420252009760588,False,True
lapchole__584508,0016 - Laparoscopic Cholecystectomy.mp4,False,False,object_aggregation,number,1.4713398220483214,False,False
lapchole__594073,0016 - Laparoscopic Cholecystectomy.mp4,False,False,object_identification,fo_class,1.2092738670762628,False,True
lapchole__586155,0016 - Laparoscopic Cholecystectomy.mp4,False,False,object_aggregation,number,1.1999116309452802,False,True
lapchole__582720,0016 - Laparoscopic Cholecystectomy.mp4,False,False,object_identification,fo_class,1.1782797980122268,False,True
lapchole__584531,0016 - Laparoscopic Cholecystectomy.mp4,False,False,object_aggregation,number,1.2860640559811145,False,False
lapchole__582525,0016 - Laparoscopic Cholecystectomy.mp4,False,False,object_identification,fo_class,1.1234316918998957,False,True
lapchole__586187,0016 - Laparoscopic Cholecystectomy.mp4,False,False,object_aggregation,number,1.1257564551196992,False,True
lapchole__584567,0016 - Laparoscopic Cholecystectomy.mp4,False,False,object_aggregation,number,1.1645223039668053,False,True
lapchole__586205,0016 - Laparoscopic Cholecystectomy.mp4,False,False,object_aggregation,number,1.111484542954713,False,False
lapchole__591376,0016 - Laparoscopic Cholecystectomy.mp4,False,False,spatial_localization_camera,open_ended,1.4684320690575987,False,False
lapchole__585077,0016 - Laparoscopic Cholecystectomy.mp4,False,False,object_aggregation,number,1.0386968231759965,False,True
lapchole__586239,0016 - Laparoscopic Cholecystectomy.mp4,False,False,object_aggregation,number,1.1998184421099722,False,True
lapchole__584639,0016 - Laparoscopic Cholecystectomy.mp4,False,False,object_aggregation,number,1.2188616718631238,False,False
lapchole__582841,0016 - Laparoscopic Cholecystectomy.mp4,False,False,object_identification,fo_class,1.141208325047046,False,True
lapchole__586296,0016 - Laparoscopic Cholecystectomy.mp4,False,False,object_aggregation,number,1.1560452259145677,False,True
lapchole__5024726,0016 - Laparoscopic Cholecystectomy.mp4,False,False,spatial_localization_situs,open_ended,1.3928373870439827,False,True
lapchole__584681,0016 - Laparoscopic Cholecystectomy.mp4,False,False,object_aggregation,number,1.1719667040742934,False,False
lapchole__584693,0016 - Laparoscopic Cholecystectomy.mp4,False,False,object_aggregation,number,1.1208865689113736,False,False
lapchole__592615,0016 - Laparoscopic Cholecystectomy.mp4,False,False,object_aggregation,binary,1.1147036738693714,False,False
lapchole__584729,0016 - Laparoscopic Cholecystectomy.mp4,False,False,object_aggregation,number,1.1822062581777573,False,False
lapchole__586363,0016 - Laparoscopic Cholecystectomy.mp4,False,False,object_aggregation,number,1.1254079861100763,False,False
lapchole__588166,0016 - Laparoscopic Cholecystectomy.mp4,False,False,object_aggregation,binary,1.1576947621069849,False,True
lapchole__582978,0016 - Laparoscopic Cholecystectomy.mp4,False,False,object_identification,fo_class,1.1864394969306886,False,True
lapchole__584783,0016 - Laparoscopic Cholecystectomy.mp4,False,False,object_aggregation,number,1.0483151979278773,False,False
lapchole__586417,0016 - Laparoscopic Cholecystectomy.mp4,False,False,object_aggregation,number,1.135262370109558,False,False
lapchole__585284,0016 - Laparoscopic Cholecystectomy.mp4,False,False,object_aggregation,number,1.0706261899322271,False,True
lapchole__584785,0016 - Laparoscopic Cholecystectomy.mp4,False,False,object_aggregation,number,1.246000600978732,False,False
lapchole__586420,0016 - Laparoscopic Cholecystectomy.mp4,False,False,object_aggregation,number,1.112409699941054,False,False
lapchole__594172,0016 - Laparoscopic Cholecystectomy.mp4,False,False,object_identification,fo_class,1.1657529310323298,False,False
lapchole__592706,0016 - Laparoscopic Cholecystectomy.mp4,False,False,object_aggregation,binary,1.0706249298527837,False,True
lapchole__584789,0016 - Laparoscopic Cholecystectomy.mp4,False,False,object_aggregation,number,1.1855651189107448,False,False
lapchole__588206,0016 - Laparoscopic Cholecystectomy.mp4,False,False,object_aggregation,binary,1.1679174350574613,False,True
lapchole__584793,0016 - Laparoscopic Cholecystectomy.mp4,False,False,object_aggregation,number,1.210757192922756,False,True
lapchole__586429,0016 - Laparoscopic Cholecystectomy.mp4,False,False,object_aggregation,number,1.1499571418389678,False,True
lapchole__582532,0016 - Laparoscopic Cholecystectomy.mp4,False,False,object_identification,fo_class,1.1359717489685863,False,True
lapchole__586431,0016 - Laparoscopic Cholecystectomy.mp4,False,False,object_aggregation,number,1.3002067590132356,False,False
lapchole__584799,0016 - Laparoscopic Cholecystectomy.mp4,False,False,object_aggregation,number,1.1470547399949282,False,True
lapchole__582533,0016 - Laparoscopic Cholecystectomy.mp4,False,False,object_identification,fo_class,1.3735173670575023,False,True
lapchole__584800,0016 - Laparoscopic Cholecystectomy.mp4,False,False,object_aggregation,number,1.0785956690087914,False,False
lapchole__584835,0016 - Laparoscopic Cholecystectomy.mp4,False,False,object_aggregation,number,1.2143108639866114,False,False
lapchole__585403,0016 - Laparoscopic Cholecystectomy.mp4,False,False,object_aggregation,number,1.1997803607955575,False,True
lapchole__584919,0016 - Laparoscopic Cholecystectomy.mp4,False,False,object_aggregation,number,1.1865856170188636,False,False
lapchole__586556,0016 - Laparoscopic Cholecystectomy.mp4,False,False,object_aggregation,number,1.2137730449903756,False,False
lapchole__586571,0016 - Laparoscopic Cholecystectomy.mp4,False,False,object_aggregation,number,1.2101177948061377,False,False
lapchole__591384,0016 - Laparoscopic Cholecystectomy.mp4,False,False,spatial_localization_camera,open_ended,4.809353020042181,False,False
lapchole__594128,0016 - Laparoscopic Cholecystectomy.mp4,False,False,object_identification,fo_class,1.300439499085769,False,True
lapchole__584514,0016 - Laparoscopic Cholecystectomy.mp4,False,False,object_aggregation,number,1.1787231171038002,False,False
lapchole__584591,0016 - Laparoscopic Cholecystectomy.mp4,False,False,object_aggregation,number,1.2003845998551697,False,True
lapchole__584698,0016 - Laparoscopic Cholecystectomy.mp4,False,False,object_aggregation,number,1.2109010629355907,False,False
lapchole__586572,0016 - Laparoscopic Cholecystectomy.mp4,False,False,object_aggregation,number,1.0988572160713375,False,False
lapchole__586203,0016 - Laparoscopic Cholecystectomy.mp4,False,False,object_aggregation,number,1.1765451619867235,False,False
lapchole__583094,0016 - Laparoscopic Cholecystectomy.mp4,False,False,object_identification,fo_class,1.1272644221317023,False,True
lapchole__584707,0016 - Laparoscopic Cholecystectomy.mp4,False,False,object_aggregation,number,1.1085223800037056,False,False
lapchole__586488,0016 - Laparoscopic Cholecystectomy.mp4,False,False,object_aggregation,number,1.1145048951730132,False,False
lapchole__586170,0016 - Laparoscopic Cholecystectomy.mp4,False,False,object_aggregation,number,1.169216722017154,False,False
lapchole__584555,0016 - Laparoscopic Cholecystectomy.mp4,False,False,object_aggregation,number,1.1294783460907638,False,False
lapchole__584879,0016 - Laparoscopic Cholecystectomy.mp4,False,False,object_aggregation,number,1.1643617139197886,False,False
lapchole__586243,0016 - Laparoscopic Cholecystectomy.mp4,False,False,object_aggregation,number,1.1351659009233117,False,False
lapchole__584589,0016 - Laparoscopic Cholecystectomy.mp4,False,False,object_aggregation,number,1.1756155448965728,False,False
lapchole__584888,0016 - Laparoscopic Cholecystectomy.mp4,False,False,object_aggregation,number,1.109654176980257,False,False
lapchole__586382,0016 - Laparoscopic Cholecystectomy.mp4,False,False,object_aggregation,number,1.2535772521514446,False,False
lapchole__584479,0016 - Laparoscopic Cholecystectomy.mp4,False,False,object_aggregation,number,1.1474810678046197,False,False
lapchole__584617,0016 - Laparoscopic Cholecystectomy.mp4,False,False,object_aggregation,number,1.1990806141402572,False,False
lapchole__584771,0016 - Laparoscopic Cholecystectomy.mp4,False,False,object_aggregation,number,1.190826715203002,False,False
lapchole__591399,0016 - Laparoscopic Cholecystectomy.mp4,False,False,spatial_localization_camera,open_ended,1.4728135478217155,False,True
lapchole__5026641,0016 - Laparoscopic Cholecystectomy.mp4,False,False,object_identification,fo_class,1.1373609150759876,False,True
lapchole__591402,0016 - Laparoscopic Cholecystectomy.mp4,False,False,spatial_localization_camera,open_ended,1.4493584788870066,False,True
lapchole__582657,0016 - Laparoscopic Cholecystectomy.mp4,False,False,object_identification,fo_class,1.2050475978758186,False,True
lapchole__582941,0016 - Laparoscopic Cholecystectomy.mp4,False,False,object_identification,fo_class,1.2308824898209423,False,False
lapchole__582658,0016 - Laparoscopic Cholecystectomy.mp4,False,False,object_identification,fo_class,1.2966502089984715,False,True
lapchole__5023498,0016 - Laparoscopic Cholecystectomy.mp4,False,False,object_attributes,open_ended,1.1677979349624366,False,False
lapchole__656224,0017 - Laparoscopic Cholecystectomy.mp4,False,False,spatial_localization_camera,open_ended,1.851713736075908,False,True
lapchole__627072,0017 - Laparoscopic Cholecystectomy.mp4,False,False,object_aggregation,number,1.3123530680313706,False,True
lapchole__635540,0017 - Laparoscopic Cholecystectomy.mp4,False,False,object_aggregation,binary,1.1639677551575005,False,False
lapchole__627590,0017 - Laparoscopic Cholecystectomy.mp4,False,False,object_aggregation,number,1.226802591001615,False,False
lapchole__628842,0017 - Laparoscopic Cholecystectomy.mp4,False,False,object_aggregation,number,1.1727169828955084,False,True
lapchole__620726,0017 - Laparoscopic Cholecystectomy.mp4,False,False,object_identification,fo_class,1.2236635088920593,False,False
lapchole__667426,0017 - Laparoscopic Cholecystectomy.mp4,False,False,object_identification,fo_class,1.1334791851695627,False,True
lapchole__616970,0017 - Laparoscopic Cholecystectomy.mp4,False,False,object_identification,fo_class,1.1265946538187563,False,True
lapchole__627275,0017 - Laparoscopic Cholecystectomy.mp4,False,False,object_aggregation,number,1.0557844280265272,False,False
lapchole__629282,0017 - Laparoscopic Cholecystectomy.mp4,False,False,object_aggregation,number,1.1397767490707338,False,False
lapchole__5025134,0017 - Laparoscopic Cholecystectomy.mp4,False,False,object_attributes,open_ended,1.131624620174989,False,False
lapchole__620689,0017 - Laparoscopic Cholecystectomy.mp4,False,False,object_identification,fo_class,1.1192792630754411,False,True
lapchole__629286,0017 - Laparoscopic Cholecystectomy.mp4,False,False,object_aggregation,number,1.0905901670921594,False,True
lapchole__627712,0017 - Laparoscopic Cholecystectomy.mp4,False,False,object_aggregation,number,1.1070283548906446,False,True
lapchole__627308,0017 - Laparoscopic Cholecystectomy.mp4,False,False,object_aggregation,number,1.2994591111782938,False,False
lapchole__657619,0017 - Laparoscopic Cholecystectomy.mp4,False,False,object_aggregation,binary,1.0818177498877048,False,True
lapchole__606871,0017 - Laparoscopic Cholecystectomy.mp4,False,False,object_identification,fo_class,1.1290574169252068,False,True
lapchole__635630,0017 - Laparoscopic Cholecystectomy.mp4,False,False,object_aggregation,binary,1.2003011400811374,False,True
lapchole__5023455,0017 - Laparoscopic Cholecystectomy.mp4,False,False,object_attributes,open_ended,1.126040905015543,False,True
lapchole__627264,0017 - Laparoscopic Cholecystectomy.mp4,False,False,object_aggregation,number,1.0624225907959044,False,False
lapchole__629338,0017 - Laparoscopic Cholecystectomy.mp4,False,False,object_aggregation,number,1.000086213927716,False,False
lapchole__5023456,0017 - Laparoscopic Cholecystectomy.mp4,False,False,object_attributes,open_ended,1.1559423971921206,False,False
lapchole__629357,0017 - Laparoscopic Cholecystectomy.mp4,False,False,object_aggregation,number,1.1405010870657861,False,False
lapchole__629370,0017 - Laparoscopic Cholecystectomy.mp4,False,False,object_aggregation,number,1.29400011501275,False,False
lapchole__685532,0017 - Laparoscopic Cholecystectomy.mp4,False,False,spatial_localization_camera,fo_class,1.1826335669029504,False,True
lapchole__627108,0017 - Laparoscopic Cholecystectomy.mp4,False,False,object_aggregation,number,1.0942176380194724,False,False
lapchole__685533,0017 - Laparoscopic Cholecystectomy.mp4,False,False,spatial_localization_camera,fo_class,1.0988851150032133,False,True
lapchole__627314,0017 - Laparoscopic Cholecystectomy.mp4,False,False,object_aggregation,number,1.1167737490031868,False,True
lapchole__629398,0017 - Laparoscopic Cholecystectomy.mp4,False,False,object_aggregation,number,1.024875540053472,False,False
lapchole__627369,0017 - Laparoscopic Cholecystectomy.mp4,False,False,object_aggregation,number,1.0730985230766237,False,False
lapchole__620847,0017 - Laparoscopic Cholecystectomy.mp4,False,False,object_identification,fo_class,1.131690779933706,False,True
lapchole__627134,0017 - Laparoscopic Cholecystectomy.mp4,False,False,object_aggregation,number,1.0790095969568938,False,False
lapchole__667194,0017 - Laparoscopic Cholecystectomy.mp4,False,False,object_identification,fo_class,1.1000489629805088,False,True
lapchole__627347,0017 - Laparoscopic Cholecystectomy.mp4,False,False,object_aggregation,number,1.1319453387986869,False,False
lapchole__629455,0017 - Laparoscopic Cholecystectomy.mp4,False,False,object_aggregation,number,0.9962027850560844,False,False
lapchole__629470,0017 - Laparoscopic Cholecystectomy.mp4,False,False,object_aggregation,number,1.0996236228384078,False,False
lapchole__627053,0017 - Laparoscopic Cholecystectomy.mp4,False,False,object_aggregation,number,1.064416446024552,False,False
lapchole__5024129,0017 - Laparoscopic Cholecystectomy.mp4,False,False,spatial_localization_situs,open_ended,1.25500592822209,False,True
lapchole__616937,0017 - Laparoscopic Cholecystectomy.mp4,False,False,object_identification,fo_class,1.1720660240389407,False,True
lapchole__5025135,0017 - Laparoscopic Cholecystectomy.mp4,False,False,object_attributes,open_ended,1.2288048658519983,False,True
lapchole__5025136,0017 - Laparoscopic Cholecystectomy.mp4,False,False,object_attributes,open_ended,1.2567537929862738,False,False
lapchole__685559,0017 - Laparoscopic Cholecystectomy.mp4,False,False,spatial_localization_camera,fo_class,1.176604641834274,False,False
lapchole__607036,0017 - Laparoscopic Cholecystectomy.mp4,False,False,object_identification,fo_class,1.2052287179976702,False,False
lapchole__620775,0017 - Laparoscopic Cholecystectomy.mp4,False,False,object_identification,fo_class,1.302166094072163,False,False
lapchole__5023461,0017 - Laparoscopic Cholecystectomy.mp4,False,False,object_attributes,open_ended,1.165143301943317,False,True
lapchole__621000,0017 - Laparoscopic Cholecystectomy.mp4,False,False,object_identification,fo_class,1.2232979198452085,False,False
lapchole__621133,0017 - Laparoscopic Cholecystectomy.mp4,False,False,object_identification,fo_class,1.2328614459838718,False,False
lapchole__5025137,0017 - Laparoscopic Cholecystectomy.mp4,False,False,object_attributes,open_ended,1.0664239700417966,False,False
lapchole__607050,0017 - Laparoscopic Cholecystectomy.mp4,False,False,object_identification,fo_class,1.4395960047841072,False,False
lapchole__607052,0017 - Laparoscopic Cholecystectomy.mp4,False,False,object_identification,fo_class,1.1946785049512982,False,False
lapchole__620717,0017 - Laparoscopic Cholecystectomy.mp4,False,False,object_identification,fo_class,1.0658761621452868,False,False
lapchole__627967,0017 - Laparoscopic Cholecystectomy.mp4,False,False,object_aggregation,number,1.041817274875939,False,False
lapchole__607057,0017 - Laparoscopic Cholecystectomy.mp4,False,False,object_identification,fo_class,1.2489905629772693,False,False
lapchole__5025138,0017 - Laparoscopic Cholecystectomy.mp4,False,False,object_attributes,open_ended,1.13654620712623,False,True
lapchole__620656,0017 - Laparoscopic Cholecystectomy.mp4,False,False,object_identification,fo_class,1.2667762970086187,False,True
lapchole__607064,0017 - Laparoscopic Cholecystectomy.mp4,False,False,object_identification,fo_class,1.3018576551694423,False,True
lapchole__621036,0017 - Laparoscopic Cholecystectomy.mp4,False,False,object_identification,fo_class,1.1573288231156766,False,False
lapchole__5025139,0017 - Laparoscopic Cholecystectomy.mp4,False,False,object_attributes,open_ended,1.317932132864371,False,True
lapchole__617217,0017 - Laparoscopic Cholecystectomy.mp4,False,False,object_identification,fo_class,1.1080400310456753,False,True
lapchole__607067,0017 - Laparoscopic Cholecystectomy.mp4,False,False,object_identification,fo_class,1.4141062810085714,False,True
lapchole__692594,0017 - Laparoscopic Cholecystectomy.mp4,False,False,spatial_localization_camera,multiple_choice,1.399428789038211,False,True
lapchole__5025140,0017 - Laparoscopic Cholecystectomy.mp4,False,False,object_attributes,open_ended,1.3052954659797251,False,False
lapchole__620873,0017 - Laparoscopic Cholecystectomy.mp4,False,False,object_identification,fo_class,1.3262378911022097,False,True
lapchole__5025141,0017 - Laparoscopic Cholecystectomy.mp4,False,False,object_attributes,open_ended,1.1749193968717009,False,False
lapchole__607076,0017 - Laparoscopic Cholecystectomy.mp4,False,False,object_identification,fo_class,1.3294228028971702,False,False
lapchole__621028,0017 - Laparoscopic Cholecystectomy.mp4,False,False,object_identification,fo_class,1.3027319521643221,False,False
lapchole__692600,0017 - Laparoscopic Cholecystectomy.mp4,False,False,spatial_localization_camera,multiple_choice,1.151174718979746,False,True
lapchole__5025142,0017 - Laparoscopic Cholecystectomy.mp4,False,False,object_attributes,open_ended,1.0884635928086936,False,False
lapchole__620871,0017 - Laparoscopic Cholecystectomy.mp4,False,False,object_identification,fo_class,1.3294976928737015,False,False
lapchole__607087,0017 - Laparoscopic Cholecystectomy.mp4,False,False,object_identification,fo_class,1.4313430357724428,False,False
lapchole__627914,0017 - Laparoscopic Cholecystectomy.mp4,False,False,object_aggregation,number,1.1117343120276928,False,False
lapchole__607090,0017 - Laparoscopic Cholecystectomy.mp4,False,False,object_identification,fo_class,1.234472380951047,False,False
lapchole__620870,0017 - Laparoscopic Cholecystectomy.mp4,False,False,object_identification,fo_class,1.454934495035559,False,False
lapchole__5025143,0017 - Laparoscopic Cholecystectomy.mp4,False,False,object_attributes,open_ended,1.2507589079905301,False,False
lapchole__5025144,0017 - Laparoscopic Cholecystectomy.mp4,False,False,object_attributes,open_ended,1.1025808360427618,False,True
lapchole__667182,0017 - Laparoscopic Cholecystectomy.mp4,False,False,object_identification,fo_class,1.2731336900033057,False,True
lapchole__621053,0017 - Laparoscopic Cholecystectomy.mp4,False,False,object_identification,fo_class,1.1277233099099249,False,False
lapchole__616948,0017 - Laparoscopic Cholecystectomy.mp4,False,False,object_identification,fo_class,1.2086260290816426,False,False
lapchole__5025145,0017 - Laparoscopic Cholecystectomy.mp4,False,False,object_attributes,open_ended,1.1807538520079106,False,False
lapchole__692599,0017 - Laparoscopic Cholecystectomy.mp4,False,False,spatial_localization_camera,multiple_choice,1.2114589510019869,False,True
lapchole__744102,0019 - Laparoscopic Cholecystectomy.mp4,False,False,object_aggregation,number,1.16373904584907,False,True
lapchole__737300,0019 - Laparoscopic Cholecystectomy.mp4,False,False,object_identification,fo_class,1.794528785860166,False,False
lapchole__782045,0019 - Laparoscopic Cholecystectomy.mp4,False,False,object_identification,fo_class,1.157033404102549,False,True
lapchole__733533,0019 - Laparoscopic Cholecystectomy.mp4,False,False,object_identification,fo_class,1.3058156440965831,False,False
lapchole__745964,0019 - Laparoscopic Cholecystectomy.mp4,False,False,object_aggregation,number,1.138370833126828,False,True
lapchole__772176,0019 - Laparoscopic Cholecystectomy.mp4,False,False,spatial_localization_camera,open_ended,1.5444256199989468,False,True
lapchole__753249,0019 - Laparoscopic Cholecystectomy.mp4,False,False,object_aggregation,binary,1.164123154943809,False,False
lapchole__744786,0019 - Laparoscopic Cholecystectomy.mp4,False,False,object_aggregation,number,1.1906950462143868,False,False
lapchole__5026805,0019 - Laparoscopic Cholecystectomy.mp4,False,False,spatial_localization_camera,open_ended,1.447471084073186,False,True
lapchole__733714,0019 - Laparoscopic Cholecystectomy.mp4,False,False,object_identification,fo_class,1.216461107833311,False,False
lapchole__744972,0019 - Laparoscopic Cholecystectomy.mp4,False,False,object_aggregation,number,1.1031445648986846,False,False
lapchole__723059,0019 - Laparoscopic Cholecystectomy.mp4,False,False,object_identification,fo_class,1.2085456990171224,False,True
lapchole__746348,0019 - Laparoscopic Cholecystectomy.mp4,False,False,object_aggregation,number,1.1031355240847915,False,False
lapchole__746356,0019 - Laparoscopic Cholecystectomy.mp4,False,False,object_aggregation,number,1.1301733241416514,False,False
lapchole__737672,0019 - Laparoscopic Cholecystectomy.mp4,False,False,object_identification,fo_class,1.1663511691149324,False,True
lapchole__744523,0019 - Laparoscopic Cholecystectomy.mp4,False,False,object_aggregation,number,1.1062661069445312,False,False
lapchole__746396,0019 - Laparoscopic Cholecystectomy.mp4,False,False,object_aggregation,number,1.1035023131407797,False,False
lapchole__746397,0019 - Laparoscopic Cholecystectomy.mp4,False,False,object_aggregation,number,1.1008340050466359,False,False
lapchole__737703,0019 - Laparoscopic Cholecystectomy.mp4,False,False,object_identification,fo_class,1.2011602229904383,False,True
lapchole__744529,0019 - Laparoscopic Cholecystectomy.mp4,False,False,object_aggregation,number,1.1646334470715374,False,False
lapchole__773583,0019 - Laparoscopic Cholecystectomy.mp4,False,False,object_aggregation,binary,1.1348223842214793,False,False
lapchole__744533,0019 - Laparoscopic Cholecystectomy.mp4,False,False,object_aggregation,number,1.122155566001311,False,True
lapchole__744540,0019 - Laparoscopic Cholecystectomy.mp4,False,False,object_aggregation,number,1.1907358488533646,False,True
lapchole__744542,0019 - Laparoscopic Cholecystectomy.mp4,False,False,object_aggregation,number,1.1517845001071692,False,False
lapchole__746411,0019 - Laparoscopic Cholecystectomy.mp4,False,False,object_aggregation,number,1.1251987989526242,False,False
lapchole__801279,0019 - Laparoscopic Cholecystectomy.mp4,False,False,spatial_localization_camera,fo_class,1.2924092570319772,False,True
lapchole__773603,0019 - Laparoscopic Cholecystectomy.mp4,False,False,object_aggregation,binary,1.2407435511704534,False,False
lapchole__733861,0019 - Laparoscopic Cholecystectomy.mp4,False,False,object_identification,fo_class,1.1904820799827576,False,True
lapchole__782316,0019 - Laparoscopic Cholecystectomy.mp4,False,False,object_identification,fo_class,1.1851189439184964,False,True
lapchole__737664,0019 - Laparoscopic Cholecystectomy.mp4,False,False,object_identification,fo_class,1.3544442469719797,False,False
lapchole__737263,0019 - Laparoscopic Cholecystectomy.mp4,False,False,object_identification,fo_class,1.147060921881348,False,False
lapchole__5025146,0019 - Laparoscopic Cholecystectomy.mp4,False,False,object_attributes,open_ended,1.2413195988629013,False,True
lapchole__737473,0019 - Laparoscopic Cholecystectomy.mp4,False,False,object_identification,fo_class,1.352937012212351,False,False
lapchole__5026646,0019 - Laparoscopic Cholecystectomy.mp4,False,False,object_identification,fo_class,1.2631621630862355,False,False
lapchole__723094,0019 - Laparoscopic Cholecystectomy.mp4,False,False,object_identification,fo_class,1.3085346459411085,False,False
lapchole__723095,0019 - Laparoscopic Cholecystectomy.mp4,False,False,object_identification,fo_class,1.3798790720757097,False,False
lapchole__723103,0019 - Laparoscopic Cholecystectomy.mp4,False,False,object_identification,fo_class,1.6714503800030798,False,True
lapchole__737731,0019 - Laparoscopic Cholecystectomy.mp4,False,False,object_identification,fo_class,1.589841220062226,False,False
lapchole__745013,0019 - Laparoscopic Cholecystectomy.mp4,False,False,object_aggregation,number,1.205256903078407,False,False
lapchole__737626,0019 - Laparoscopic Cholecystectomy.mp4,False,False,object_identification,fo_class,1.3877715221606195,False,False
lapchole__745061,0019 - Laparoscopic Cholecystectomy.mp4,False,False,object_aggregation,number,1.2757495299447328,False,False
lapchole__737463,0019 - Laparoscopic Cholecystectomy.mp4,False,False,object_identification,fo_class,1.4020192050375044,False,False
lapchole__5026644,0019 - Laparoscopic Cholecystectomy.mp4,False,False,object_identification,fo_class,1.8913849531672895,False,True
lapchole__723112,0019 - Laparoscopic Cholecystectomy.mp4,False,False,object_identification,fo_class,1.3032017590012401,False,False
lapchole__5023437,0019 - Laparoscopic Cholecystectomy.mp4,False,False,object_attributes,open_ended,1.3462753291241825,False,False
lapchole__754831,0019 - Laparoscopic Cholecystectomy.mp4,False,False,object_aggregation,binary,1.3687270700465888,False,False
lapchole__737393,0019 - Laparoscopic Cholecystectomy.mp4,False,False,object_identification,fo_class,1.365790287964046,False,False
lapchole__737762,0019 - Laparoscopic Cholecystectomy.mp4,False,False,object_identification,fo_class,1.413510225014761,False,False
lapchole__723120,0019 - Laparoscopic Cholecystectomy.mp4,False,False,object_identification,fo_class,1.4041555500589311,False,False
lapchole__5025147,0019 - Laparoscopic Cholecystectomy.mp4,False,False,object_attributes,open_ended,1.3646581009961665,False,True
lapchole__5026645,0019 - Laparoscopic Cholecystectomy.mp4,False,False,object_identification,fo_class,1.3492130909580737,False,False
lapchole__723126,0019 - Laparoscopic Cholecystectomy.mp4,False,False,object_identification,fo_class,1.3846155300270766,False,True
lapchole__723128,0019 - Laparoscopic Cholecystectomy.mp4,False,False,object_identification,fo_class,1.1952950779814273,False,False
lapchole__733864,0019 - Laparoscopic Cholecystectomy.mp4,False,False,object_identification,fo_class,1.1667842010501772,False,False
lapchole__737692,0019 - Laparoscopic Cholecystectomy.mp4,False,False,object_identification,fo_class,1.3612042900640517,False,False
lapchole__737271,0019 - Laparoscopic Cholecystectomy.mp4,False,False,object_identification,fo_class,1.2340428940951824,False,True
lapchole__5025148,0019 - Laparoscopic Cholecystectomy.mp4,False,False,object_attributes,open_ended,1.3471561158075929,False,True
lapchole__723141,0019 - Laparoscopic Cholecystectomy.mp4,False,False,object_identification,fo_class,1.268142299959436,False,False
lapchole__801288,0019 - Laparoscopic Cholecystectomy.mp4,False,False,spatial_localization_camera,fo_class,1.2455197079107165,False,True
lapchole__5025149,0019 - Laparoscopic Cholecystectomy.mp4,False,False,spatial_localization_situs,open_ended,1.0654251330997795,False,True
lapchole__5026643,0019 - Laparoscopic Cholecystectomy.mp4,False,False,object_identification,fo_class,1.4132408858276904,False,False
lapchole__781962,0019 - Laparoscopic Cholecystectomy.mp4,False,False,object_identification,fo_class,1.2421811970416456,False,True
lapchole__809039,0019 - Laparoscopic Cholecystectomy.mp4,False,False,spatial_localization_camera,multiple_choice,1.1435853310395032,False,False
lapchole__809041,0019 - Laparoscopic Cholecystectomy.mp4,False,False,spatial_localization_camera,multiple_choice,1.1872697281651199,False,True
lapchole__737647,0019 - Laparoscopic Cholecystectomy.mp4,False,False,object_identification,fo_class,1.145997375017032,False,False
lapchole__5023444,0019 - Laparoscopic Cholecystectomy.mp4,False,False,object_attributes,open_ended,1.223513025091961,False,False
lapchole__737660,0019 - Laparoscopic Cholecystectomy.mp4,False,False,object_identification,fo_class,1.4707573670893908,False,False
lapchole__723166,0019 - Laparoscopic Cholecystectomy.mp4,False,False,object_identification,fo_class,1.298732821131125,False,False
lapchole__5024128,0019 - Laparoscopic Cholecystectomy.mp4,False,False,spatial_localization_situs,open_ended,1.3307778390590101,False,True
lapchole__5024127,0019 - Laparoscopic Cholecystectomy.mp4,False,False,spatial_localization_situs,open_ended,1.255331913009286,False,False
lapchole__5023445,0019 - Laparoscopic Cholecystectomy.mp4,False,False,object_attributes,open_ended,1.1679292579647154,False,False
lapchole__809044,0019 - Laparoscopic Cholecystectomy.mp4,False,False,spatial_localization_camera,multiple_choice,1.2099431499373168,False,True
lapchole__5025150,0019 - Laparoscopic Cholecystectomy.mp4,False,False,object_attributes,open_ended,1.1999697461724281,False,False
lapchole__733556,0019 - Laparoscopic Cholecystectomy.mp4,False,False,object_identification,fo_class,1.1232315241359174,False,False
lapchole__723168,0019 - Laparoscopic Cholecystectomy.mp4,False,False,object_identification,fo_class,1.2755996601190418,False,False
lapchole__737437,0019 - Laparoscopic Cholecystectomy.mp4,False,False,object_identification,fo_class,1.076163614867255,False,True
lapchole__733904,0019 - Laparoscopic Cholecystectomy.mp4,False,False,object_identification,fo_class,1.16509056603536,False,True
lapchole__737454,0019 - Laparoscopic Cholecystectomy.mp4,False,False,object_identification,fo_class,1.4052040660753846,False,False
lapchole__5026642,0019 - Laparoscopic Cholecystectomy.mp4,False,False,object_identification,fo_class,1.401390726910904,False,False
lapchole__801296,0019 - Laparoscopic Cholecystectomy.mp4,False,False,spatial_localization_camera,fo_class,1.2434190730564296,False,False
lapchole__737477,0019 - Laparoscopic Cholecystectomy.mp4,False,False,object_identification,fo_class,1.1997548670042306,False,False
lapchole__1001671,0026 - Laparoscopic Cholecystectomy.mp4,False,False,object_identification,fo_class,1.2371490499936044,False,True
lapchole__1007303,0026 - Laparoscopic Cholecystectomy.mp4,False,False,object_aggregation,number,1.0199479998555034,False,False
lapchole__1005681,0026 - Laparoscopic Cholecystectomy.mp4,False,False,object_aggregation,number,1.1711990600451827,False,True
lapchole__1005695,0026 - Laparoscopic Cholecystectomy.mp4,False,False,object_aggregation,number,1.2011198229156435,False,False
lapchole__1002719,0026 - Laparoscopic Cholecystectomy.mp4,False,False,object_identification,fo_class,1.127527053002268,False,True
lapchole__1021831,0026 - Laparoscopic Cholecystectomy.mp4,False,False,object_aggregation,binary,1.0799555950798094,False,True
lapchole__1006208,0026 - Laparoscopic Cholecystectomy.mp4,False,False,object_aggregation,number,1.081111032050103,False,True
lapchole__1011489,0026 - Laparoscopic Cholecystectomy.mp4,False,False,object_aggregation,binary,1.1274208428803831,False,True
lapchole__1007350,0026 - Laparoscopic Cholecystectomy.mp4,False,False,object_aggregation,number,1.0830260370858014,False,True
lapchole__1005727,0026 - Laparoscopic Cholecystectomy.mp4,False,False,object_aggregation,number,1.0898529200349003,False,False
lapchole__1007358,0026 - Laparoscopic Cholecystectomy.mp4,False,False,object_aggregation,number,1.2105167380068451,False,False
lapchole__1026926,0026 - Laparoscopic Cholecystectomy.mp4,False,False,object_identification,fo_class,1.1168593598995358,False,True
lapchole__1005742,0026 - Laparoscopic Cholecystectomy.mp4,False,False,object_aggregation,number,1.110830225981772,False,True
lapchole__1007370,0026 - Laparoscopic Cholecystectomy.mp4,False,False,object_aggregation,number,1.0949147860519588,False,False
lapchole__1005744,0026 - Laparoscopic Cholecystectomy.mp4,False,False,object_aggregation,number,1.066696950001642,False,False
lapchole__1005749,0026 - Laparoscopic Cholecystectomy.mp4,False,False,object_aggregation,number,1.1099974669050425,False,False
lapchole__1007377,0026 - Laparoscopic Cholecystectomy.mp4,False,False,object_aggregation,number,1.1004679929465055,False,True
lapchole__1007381,0026 - Laparoscopic Cholecystectomy.mp4,False,False,object_aggregation,number,1.036169697996229,False,False
lapchole__1002768,0026 - Laparoscopic Cholecystectomy.mp4,False,False,object_identification,fo_class,1.0812169320415705,False,True
lapchole__1011559,0026 - Laparoscopic Cholecystectomy.mp4,False,False,object_aggregation,binary,1.0081878199707717,False,True
lapchole__1005795,0026 - Laparoscopic Cholecystectomy.mp4,False,False,object_aggregation,number,1.0864496678113937,False,False
lapchole__1021930,0026 - Laparoscopic Cholecystectomy.mp4,False,False,object_aggregation,binary,1.0935826199129224,False,True
lapchole__1007449,0026 - Laparoscopic Cholecystectomy.mp4,False,False,object_aggregation,number,1.1944333598949015,False,True
lapchole__1006327,0026 - Laparoscopic Cholecystectomy.mp4,False,False,object_aggregation,number,1.0162138000596315,False,True
lapchole__1001696,0026 - Laparoscopic Cholecystectomy.mp4,False,False,object_identification,fo_class,1.0836015660315752,False,True
lapchole__1005896,0026 - Laparoscopic Cholecystectomy.mp4,False,False,object_aggregation,number,1.108177422080189,False,False
lapchole__1007524,0026 - Laparoscopic Cholecystectomy.mp4,False,False,object_aggregation,number,1.0819131799507886,False,False
lapchole__1026916,0026 - Laparoscopic Cholecystectomy.mp4,False,False,object_identification,fo_class,1.1654421149287373,False,False
lapchole__1007569,0026 - Laparoscopic Cholecystectomy.mp4,False,False,object_aggregation,number,1.0615835830103606,False,False
lapchole__1005944,0026 - Laparoscopic Cholecystectomy.mp4,False,False,object_aggregation,number,1.0098095459397882,False,True
lapchole__1020726,0026 - Laparoscopic Cholecystectomy.mp4,False,False,spatial_localization_camera,open_ended,2.5556955789215863,False,True
lapchole__1020752,0026 - Laparoscopic Cholecystectomy.mp4,False,False,spatial_localization_camera,open_ended,1.8229541699402034,False,True
lapchole__1006043,0026 - Laparoscopic Cholecystectomy.mp4,False,False,object_aggregation,number,1.3109434188809246,False,False
lapchole__1007671,0026 - Laparoscopic Cholecystectomy.mp4,False,False,object_aggregation,number,1.1001764729153365,False,False
lapchole__5026812,0026 - Laparoscopic Cholecystectomy.mp4,False,False,spatial_localization_camera,open_ended,1.7837966908700764,False,True
lapchole__5023360,0026 - Laparoscopic Cholecystectomy.mp4,False,False,object_attributes,open_ended,1.5984939779154956,False,True
lapchole__1003151,0026 - Laparoscopic Cholecystectomy.mp4,False,False,object_identification,fo_class,1.5218845549970865,False,False
lapchole__1001739,0026 - Laparoscopic Cholecystectomy.mp4,False,False,object_identification,fo_class,1.126058547059074,False,True
lapchole__1006647,0026 - Laparoscopic Cholecystectomy.mp4,False,False,object_aggregation,number,1.1387214630376548,False,True
lapchole__1022225,0026 - Laparoscopic Cholecystectomy.mp4,False,False,object_aggregation,binary,1.0414058149326593,False,True
lapchole__1003169,0026 - Laparoscopic Cholecystectomy.mp4,False,False,object_identification,fo_class,1.1923720750492066,False,False
lapchole__1001747,0026 - Laparoscopic Cholecystectomy.mp4,False,False,object_identification,fo_class,1.2478812320623547,False,True
lapchole__1003174,0026 - Laparoscopic Cholecystectomy.mp4,False,False,object_identification,fo_class,1.3160828368272632,False,False
lapchole__1011857,0026 - Laparoscopic Cholecystectomy.mp4,False,False,object_aggregation,binary,1.1200694208964705,False,True
lapchole__995549,0026 - Laparoscopic Cholecystectomy.mp4,False,False,object_identification,fo_class,1.1998754260130227,False,True
lapchole__1003175,0026 - Laparoscopic Cholecystectomy.mp4,False,False,object_identification,fo_class,1.1520575701724738,False,False
lapchole__995550,0026 - Laparoscopic Cholecystectomy.mp4,False,False,object_identification,fo_class,1.1648852969519794,False,True
lapchole__5023363,0026 - Laparoscopic Cholecystectomy.mp4,False,False,object_attributes,open_ended,1.24383629206568,False,True
lapchole__1001761,0026 - Laparoscopic Cholecystectomy.mp4,False,False,object_identification,fo_class,1.1476969809737056,False,False
lapchole__1002942,0026 - Laparoscopic Cholecystectomy.mp4,False,False,object_identification,fo_class,1.1426733930129558,False,True
lapchole__995552,0026 - Laparoscopic Cholecystectomy.mp4,False,False,object_identification,fo_class,1.4527448241133243,False,False
lapchole__1003171,0026 - Laparoscopic Cholecystectomy.mp4,False,False,object_identification,fo_class,1.0178659751545638,False,False
lapchole__1003182,0026 - Laparoscopic Cholecystectomy.mp4,False,False,object_identification,fo_class,1.0654274330008775,False,True
lapchole__5023365,0026 - Laparoscopic Cholecystectomy.mp4,False,False,object_attributes,open_ended,1.1638034088537097,False,False
lapchole__995556,0026 - Laparoscopic Cholecystectomy.mp4,False,False,object_identification,fo_class,1.203189027030021,False,True
lapchole__1001769,0026 - Laparoscopic Cholecystectomy.mp4,False,False,object_identification,fo_class,1.1122099221684039,False,True
lapchole__1006359,0026 - Laparoscopic Cholecystectomy.mp4,False,False,object_aggregation,number,1.118511846056208,False,False
lapchole__995560,0026 - Laparoscopic Cholecystectomy.mp4,False,False,object_identification,fo_class,1.2751636919565499,False,True
lapchole__1003141,0026 - Laparoscopic Cholecystectomy.mp4,False,False,object_identification,fo_class,1.0660860610660166,False,False
lapchole__5023367,0026 - Laparoscopic Cholecystectomy.mp4,False,False,object_attributes,open_ended,1.247651563026011,False,False
lapchole__1002877,0026 - Laparoscopic Cholecystectomy.mp4,False,False,object_identification,fo_class,1.3034600189421326,False,True
lapchole__1022273,0026 - Laparoscopic Cholecystectomy.mp4,False,False,object_aggregation,binary,1.0354119199328125,False,True
lapchole__5023369,0026 - Laparoscopic Cholecystectomy.mp4,False,False,object_attributes,open_ended,1.2503365559969097,False,True
lapchole__995573,0026 - Laparoscopic Cholecystectomy.mp4,False,False,object_identification,fo_class,1.4204213980119675,False,True
lapchole__995576,0026 - Laparoscopic Cholecystectomy.mp4,False,False,object_identification,fo_class,1.319460507016629,False,True
lapchole__5023371,0026 - Laparoscopic Cholecystectomy.mp4,False,False,object_attributes,open_ended,1.188554905122146,False,True
lapchole__1002745,0026 - Laparoscopic Cholecystectomy.mp4,False,False,object_identification,fo_class,1.315847747027874,False,True
lapchole__1012107,0026 - Laparoscopic Cholecystectomy.mp4,False,False,object_aggregation,binary,1.2169255919288844,False,True
lapchole__1002850,0026 - Laparoscopic Cholecystectomy.mp4,False,False,object_identification,fo_class,1.360219552880153,False,False
lapchole__1006346,0026 - Laparoscopic Cholecystectomy.mp4,False,False,object_aggregation,number,1.0797847150824964,False,False
lapchole__5025155,0026 - Laparoscopic Cholecystectomy.mp4,False,False,object_attributes,open_ended,1.204926392994821,False,True
lapchole__1006347,0026 - Laparoscopic Cholecystectomy.mp4,False,False,object_aggregation,number,1.025950845098123,False,False
lapchole__995581,0026 - Laparoscopic Cholecystectomy.mp4,False,False,object_identification,fo_class,1.5007306500338018,False,True
lapchole__995582,0026 - Laparoscopic Cholecystectomy.mp4,False,False,object_identification,fo_class,1.317071113968268,False,False
lapchole__1002927,0026 - Laparoscopic Cholecystectomy.mp4,False,False,object_identification,fo_class,1.4819728180300444,False,False
lapchole__5023373,0026 - Laparoscopic Cholecystectomy.mp4,False,False,object_attributes,open_ended,1.270431893877685,False,False
lapchole__1001773,0026 - Laparoscopic Cholecystectomy.mp4,False,False,object_identification,fo_class,1.2308565161656588,False,True
lapchole__1003079,0026 - Laparoscopic Cholecystectomy.mp4,False,False,object_identification,fo_class,1.1460168149787933,False,True
lapchole__5023375,0026 - Laparoscopic Cholecystectomy.mp4,False,False,object_attributes,open_ended,1.1089098011143506,False,False
lapchole__1002947,0026 - Laparoscopic Cholecystectomy.mp4,False,False,object_identification,fo_class,1.3231967079918832,False,False
lapchole__1001828,0026 - Laparoscopic Cholecystectomy.mp4,False,False,object_identification,fo_class,1.1306067239493132,False,True
lapchole__1066859,0027 - Laparoscopic Cholecystectomy.mp4,False,False,object_identification,fo_class,1.137949506053701,False,True
lapchole__1073598,0027 - Laparoscopic Cholecystectomy.mp4,False,False,object_aggregation,number,1.1495186958927661,False,False
lapchole__1075227,0027 - Laparoscopic Cholecystectomy.mp4,False,False,object_aggregation,number,1.1001850329339504,False,True
lapchole__1101078,0027 - Laparoscopic Cholecystectomy.mp4,False,False,spatial_localization_camera,open_ended,1.360266162082553,False,True
lapchole__1074136,0027 - Laparoscopic Cholecystectomy.mp4,False,False,object_aggregation,number,0.9648147718980908,False,True
lapchole__1111589,0027 - Laparoscopic Cholecystectomy.mp4,False,False,object_identification,fo_class,1.0505414111539721,False,True
lapchole__1062672,0027 - Laparoscopic Cholecystectomy.mp4,False,False,object_identification,fo_class,1.0999653439503163,False,True
lapchole__1073792,0027 - Laparoscopic Cholecystectomy.mp4,False,False,object_aggregation,number,1.1168539801146835,False,False
lapchole__1067102,0027 - Laparoscopic Cholecystectomy.mp4,False,False,object_identification,fo_class,1.2195335750002414,False,True
lapchole__1075682,0027 - Laparoscopic Cholecystectomy.mp4,False,False,object_aggregation,number,1.069281562929973,False,True
lapchole__1074384,0027 - Laparoscopic Cholecystectomy.mp4,False,False,object_aggregation,number,1.0268047018907964,False,True
lapchole__1075690,0027 - Laparoscopic Cholecystectomy.mp4,False,False,object_aggregation,number,1.0899883289821446,False,False
lapchole__1073634,0027 - Laparoscopic Cholecystectomy.mp4,False,False,object_aggregation,number,1.00700868293643,False,False
lapchole__5023382,0027 - Laparoscopic Cholecystectomy.mp4,False,False,object_attributes,open_ended,1.1515714309643954,False,True
lapchole__1073590,0027 - Laparoscopic Cholecystectomy.mp4,False,False,object_aggregation,number,1.0235307209659368,False,False
lapchole__1051032,0027 - Laparoscopic Cholecystectomy.mp4,False,False,object_identification,fo_class,1.1496251050848514,False,True
lapchole__5024668,0027 - Laparoscopic Cholecystectomy.mp4,False,False,object_aggregation,open_ended,1.1348373740911484,False,False
lapchole__5025156,0027 - Laparoscopic Cholecystectomy.mp4,False,False,object_aggregation,open_ended,1.2245030628982931,False,False
lapchole__5023383,0027 - Laparoscopic Cholecystectomy.mp4,False,False,object_attributes,open_ended,1.2125425229314715,False,False
lapchole__1073658,0027 - Laparoscopic Cholecystectomy.mp4,False,False,object_aggregation,number,1.0894228909164667,False,False
lapchole__1074028,0027 - Laparoscopic Cholecystectomy.mp4,False,False,object_aggregation,number,1.0279026990756392,False,False
lapchole__1075773,0027 - Laparoscopic Cholecystectomy.mp4,False,False,object_aggregation,number,1.0792941870167851,False,True
lapchole__1073637,0027 - Laparoscopic Cholecystectomy.mp4,False,False,object_aggregation,number,1.0086747088935226,False,False
lapchole__1073777,0027 - Laparoscopic Cholecystectomy.mp4,False,False,object_aggregation,number,1.011168773053214,False,False
lapchole__1075781,0027 - Laparoscopic Cholecystectomy.mp4,False,False,object_aggregation,number,1.001601847121492,False,False
lapchole__1129934,0027 - Laparoscopic Cholecystectomy.mp4,False,False,spatial_localization_camera,fo_class,1.1291695882100612,False,False
lapchole__1129937,0027 - Laparoscopic Cholecystectomy.mp4,False,False,spatial_localization_camera,fo_class,1.035320769995451,False,False
lapchole__1073952,0027 - Laparoscopic Cholecystectomy.mp4,False,False,object_aggregation,number,1.1060977280139923,False,False
lapchole__1063062,0027 - Laparoscopic Cholecystectomy.mp4,False,False,object_identification,fo_class,1.1638769290875643,False,False
lapchole__1073767,0027 - Laparoscopic Cholecystectomy.mp4,False,False,object_aggregation,number,1.0530070150271058,False,False
lapchole__1111391,0027 - Laparoscopic Cholecystectomy.mp4,False,False,object_identification,fo_class,1.0830473769456148,False,True
lapchole__1067329,0027 - Laparoscopic Cholecystectomy.mp4,False,False,object_identification,fo_class,1.6134846890345216,False,False
lapchole__1075857,0027 - Laparoscopic Cholecystectomy.mp4,False,False,object_aggregation,number,1.183967137010768,False,False
lapchole__1075859,0027 - Laparoscopic Cholecystectomy.mp4,False,False,object_aggregation,number,1.029547535115853,False,False
lapchole__1075860,0027 - Laparoscopic Cholecystectomy.mp4,False,False,object_aggregation,number,1.0718024468515068,False,False
lapchole__5025157,0027 - Laparoscopic Cholecystectomy.mp4,False,False,object_attributes,open_ended,1.1857795920222998,False,False
lapchole__1051141,0027 - Laparoscopic Cholecystectomy.mp4,False,False,object_identification,fo_class,1.1618216440547258,False,False
lapchole__1067196,0027 - Laparoscopic Cholecystectomy.mp4,False,False,object_identification,fo_class,1.057901662075892,False,False
lapchole__1066854,0027 - Laparoscopic Cholecystectomy.mp4,False,False,object_identification,fo_class,1.021853294922039,False,False
lapchole__1074153,0027 - Laparoscopic Cholecystectomy.mp4,False,False,object_aggregation,number,1.0811290619894862,False,False
lapchole__1051150,0027 - Laparoscopic Cholecystectomy.mp4,False,False,object_identification,fo_class,1.2482516509480774,False,False
lapchole__1129963,0027 - Laparoscopic Cholecystectomy.mp4,False,False,spatial_localization_camera,fo_class,1.0337685449048877,False,False
lapchole__1062838,0027 - Laparoscopic Cholecystectomy.mp4,False,False,object_identification,fo_class,1.0445164660923183,False,False
lapchole__1067151,0027 - Laparoscopic Cholecystectomy.mp4,False,False,object_identification,fo_class,1.3761157118715346,False,False
lapchole__1111637,0027 - Laparoscopic Cholecystectomy.mp4,False,False,object_identification,fo_class,1.3106097599957138,False,False
lapchole__5025158,0027 - Laparoscopic Cholecystectomy.mp4,False,False,object_attributes,open_ended,1.4223210618365556,False,False
lapchole__1051221,0027 - Laparoscopic Cholecystectomy.mp4,False,False,object_identification,fo_class,1.446017332142219,False,False
lapchole__5025159,0027 - Laparoscopic Cholecystectomy.mp4,False,False,object_attributes,open_ended,1.426047531887889,False,False
lapchole__1067273,0027 - Laparoscopic Cholecystectomy.mp4,False,False,object_identification,fo_class,1.4993087139446288,False,False
lapchole__1051235,0027 - Laparoscopic Cholecystectomy.mp4,False,False,object_identification,fo_class,1.273365936940536,False,False
lapchole__1067251,0027 - Laparoscopic Cholecystectomy.mp4,False,False,object_identification,fo_class,1.1483697479125112,False,False
lapchole__1051237,0027 - Laparoscopic Cholecystectomy.mp4,False,False,object_identification,fo_class,1.2365136719308794,False,False
lapchole__1074270,0027 - Laparoscopic Cholecystectomy.mp4,False,False,object_aggregation,number,1.053367453860119,False,False
lapchole__1067321,0027 - Laparoscopic Cholecystectomy.mp4,False,False,object_identification,fo_class,1.0596585769671947,False,False
lapchole__5025160,0027 - Laparoscopic Cholecystectomy.mp4,False,False,object_attributes,open_ended,1.135837181005627,False,True
lapchole__1051242,0027 - Laparoscopic Cholecystectomy.mp4,False,False,object_identification,fo_class,1.346797606907785,False,True
lapchole__5024677,0027 - Laparoscopic Cholecystectomy.mp4,False,False,spatial_localization_situs,open_ended,1.1974518429487944,False,True
lapchole__1066927,0027 - Laparoscopic Cholecystectomy.mp4,False,False,object_identification,fo_class,1.2093834711704403,False,False
lapchole__1062800,0027 - Laparoscopic Cholecystectomy.mp4,False,False,object_identification,fo_class,1.167672059033066,False,True
lapchole__1066951,0027 - Laparoscopic Cholecystectomy.mp4,False,False,object_identification,fo_class,1.1222019160632044,False,True
lapchole__5025161,0027 - Laparoscopic Cholecystectomy.mp4,False,False,object_attributes,open_ended,1.1996077368967235,False,False
lapchole__1051251,0027 - Laparoscopic Cholecystectomy.mp4,False,False,object_identification,fo_class,1.2569779891055077,False,True
lapchole__1067000,0027 - Laparoscopic Cholecystectomy.mp4,False,False,object_identification,fo_class,1.3734829281456769,False,True
lapchole__1051253,0027 - Laparoscopic Cholecystectomy.mp4,False,False,object_identification,fo_class,1.3105767299421132,False,False
lapchole__1067108,0027 - Laparoscopic Cholecystectomy.mp4,False,False,object_identification,fo_class,1.381993297021836,False,False
lapchole__5025162,0027 - Laparoscopic Cholecystectomy.mp4,False,False,object_attributes,open_ended,1.1571752661839128,False,False
lapchole__1051257,0027 - Laparoscopic Cholecystectomy.mp4,False,False,object_identification,fo_class,1.333911590045318,False,False
lapchole__1067051,0027 - Laparoscopic Cholecystectomy.mp4,False,False,object_identification,fo_class,1.3104980709031224,False,False
lapchole__5025163,0027 - Laparoscopic Cholecystectomy.mp4,False,False,object_attributes,open_ended,1.2980624730698764,False,True
lapchole__1066876,0027 - Laparoscopic Cholecystectomy.mp4,False,False,object_identification,fo_class,1.3715217630378902,False,False
lapchole__5023397,0027 - Laparoscopic Cholecystectomy.mp4,False,False,object_attributes,open_ended,1.1187074650079012,False,True
lapchole__1051270,0027 - Laparoscopic Cholecystectomy.mp4,False,False,object_identification,fo_class,1.2619003560394049,False,False
lapchole__1138124,0027 - Laparoscopic Cholecystectomy.mp4,False,False,spatial_localization_camera,multiple_choice,1.1156466729007661,False,False
lapchole__5025164,0027 - Laparoscopic Cholecystectomy.mp4,False,False,object_attributes,open_ended,1.3204374860506505,False,False
lapchole__1062859,0027 - Laparoscopic Cholecystectomy.mp4,False,False,object_identification,fo_class,1.2366259309928864,False,True
lapchole__5025165,0027 - Laparoscopic Cholecystectomy.mp4,False,False,object_attributes,open_ended,1.0777452609036118,False,False
lapchole__1066945,0027 - Laparoscopic Cholecystectomy.mp4,False,False,object_identification,fo_class,1.3955079410225153,False,False
lapchole__1138128,0027 - Laparoscopic Cholecystectomy.mp4,False,False,spatial_localization_camera,multiple_choice,1.1740169131662697,False,True
lapchole__1111384,0027 - Laparoscopic Cholecystectomy.mp4,False,False,object_identification,fo_class,1.1936136120930314,False,False
lapchole__5025166,0027 - Laparoscopic Cholecystectomy.mp4,False,False,object_attributes,open_ended,1.1865021400153637,False,False
lapchole__1159222,0028 - Laparoscopic Cholecystectomy.mp4,False,False,object_aggregation,binary,1.132617698982358,False,True
lapchole__1154545,0028 - Laparoscopic Cholecystectomy.mp4,False,False,object_aggregation,number,1.1875962279736996,False,True
lapchole__1153046,0028 - Laparoscopic Cholecystectomy.mp4,False,False,object_aggregation,number,1.1072033550590277,False,False
lapchole__1149321,0028 - Laparoscopic Cholecystectomy.mp4,False,False,object_identification,fo_class,1.1844805150758475,False,False
lapchole__1150161,0028 - Laparoscopic Cholecystectomy.mp4,False,False,object_identification,fo_class,1.1214452991262078,False,False
lapchole__1153550,0028 - Laparoscopic Cholecystectomy.mp4,False,False,object_aggregation,number,1.1942344498820603,False,True
lapchole__1170278,0028 - Laparoscopic Cholecystectomy.mp4,False,False,object_identification,fo_class,1.3090419450309128,False,True
lapchole__1165865,0028 - Laparoscopic Cholecystectomy.mp4,False,False,spatial_localization_camera,open_ended,1.395838410127908,False,True
lapchole__5024116,0028 - Laparoscopic Cholecystectomy.mp4,False,False,spatial_localization_situs,open_ended,1.6236535930074751,False,True
lapchole__1170280,0028 - Laparoscopic Cholecystectomy.mp4,False,False,object_identification,fo_class,1.233171401079744,False,True
lapchole__1165871,0028 - Laparoscopic Cholecystectomy.mp4,False,False,spatial_localization_camera,open_ended,1.4043772779405117,False,True
lapchole__1149335,0028 - Laparoscopic Cholecystectomy.mp4,False,False,object_identification,fo_class,1.261090778047219,False,True
lapchole__1150173,0028 - Laparoscopic Cholecystectomy.mp4,False,False,object_identification,fo_class,1.2805311179254204,False,False
lapchole__1153067,0028 - Laparoscopic Cholecystectomy.mp4,False,False,object_aggregation,number,1.176311326911673,False,False
lapchole__1154567,0028 - Laparoscopic Cholecystectomy.mp4,False,False,object_aggregation,number,1.1554592899046838,False,False
lapchole__1166476,0028 - Laparoscopic Cholecystectomy.mp4,False,False,object_aggregation,binary,1.165318176150322,False,False
lapchole__5024119,0028 - Laparoscopic Cholecystectomy.mp4,False,False,spatial_localization_situs,open_ended,1.3505628781858832,False,True
lapchole__5025167,0028 - Laparoscopic Cholecystectomy.mp4,False,False,spatial_localization_situs,open_ended,1.4658768698573112,False,True
lapchole__1150280,0028 - Laparoscopic Cholecystectomy.mp4,False,False,object_identification,fo_class,1.3769131689332426,False,True
lapchole__1153669,0028 - Laparoscopic Cholecystectomy.mp4,False,False,object_aggregation,number,1.1970623140223324,False,True
lapchole__1177630,0028 - Laparoscopic Cholecystectomy.mp4,False,False,spatial_localization_camera,fo_class,1.2101557787973434,False,False
lapchole__1166492,0028 - Laparoscopic Cholecystectomy.mp4,False,False,object_aggregation,binary,1.1913384981453419,False,True
lapchole__1153197,0028 - Laparoscopic Cholecystectomy.mp4,False,False,object_aggregation,number,1.3096652128733695,False,False
lapchole__1153201,0028 - Laparoscopic Cholecystectomy.mp4,False,False,object_aggregation,number,1.1880776658654213,False,False
lapchole__5025168,0028 - Laparoscopic Cholecystectomy.mp4,False,False,object_aggregation,open_ended,1.7300485391169786,False,False
lapchole__5023337,0028 - Laparoscopic Cholecystectomy.mp4,False,False,object_attributes,open_ended,1.264802017947659,False,True
lapchole__5025169,0028 - Laparoscopic Cholecystectomy.mp4,False,False,object_aggregation,open_ended,1.1730631759855896,False,False
lapchole__1154987,0028 - Laparoscopic Cholecystectomy.mp4,False,False,object_aggregation,number,1.1086803209036589,False,True
lapchole__1158899,0028 - Laparoscopic Cholecystectomy.mp4,False,False,object_aggregation,binary,1.2231073461007327,False,False
lapchole__5023338,0028 - Laparoscopic Cholecystectomy.mp4,False,False,object_attributes,open_ended,1.361708507873118,False,False
lapchole__1177654,0028 - Laparoscopic Cholecystectomy.mp4,False,False,spatial_localization_camera,fo_class,1.2499760170467198,False,True
lapchole__5025170,0028 - Laparoscopic Cholecystectomy.mp4,False,False,object_attributes,open_ended,1.4183525529224426,False,True
lapchole__1143201,0028 - Laparoscopic Cholecystectomy.mp4,False,False,object_identification,fo_class,1.37160175293684,False,True
lapchole__1153242,0028 - Laparoscopic Cholecystectomy.mp4,False,False,object_aggregation,number,1.1879152869805694,False,False
lapchole__1155021,0028 - Laparoscopic Cholecystectomy.mp4,False,False,object_aggregation,number,1.1213674780447036,False,False
lapchole__1153246,0028 - Laparoscopic Cholecystectomy.mp4,False,False,object_aggregation,number,1.1137139380443841,False,True
lapchole__1155026,0028 - Laparoscopic Cholecystectomy.mp4,False,False,object_aggregation,number,1.0802761148661375,False,False
lapchole__5024624,0028 - Laparoscopic Cholecystectomy.mp4,False,False,spatial_localization_situs,open_ended,1.3624725169502199,False,False
lapchole__5024625,0028 - Laparoscopic Cholecystectomy.mp4,False,False,object_aggregation,open_ended,1.3687099108938128,False,True
lapchole__1155038,0028 - Laparoscopic Cholecystectomy.mp4,False,False,object_aggregation,number,1.1722087471280247,False,False
lapchole__1153261,0028 - Laparoscopic Cholecystectomy.mp4,False,False,object_aggregation,number,1.1659170240163803,False,False
lapchole__1155049,0028 - Laparoscopic Cholecystectomy.mp4,False,False,object_aggregation,number,1.1618269341997802,False,False
lapchole__1150416,0028 - Laparoscopic Cholecystectomy.mp4,False,False,object_identification,fo_class,1.2864765219856054,False,True
lapchole__1143240,0028 - Laparoscopic Cholecystectomy.mp4,False,False,object_identification,fo_class,1.2922249978873879,False,True
lapchole__5024628,0028 - Laparoscopic Cholecystectomy.mp4,False,False,spatial_localization_situs,open_ended,1.316761404974386,False,False
lapchole__1170253,0028 - Laparoscopic Cholecystectomy.mp4,False,False,object_identification,fo_class,1.2570204681251198,False,True
lapchole__1150473,0028 - Laparoscopic Cholecystectomy.mp4,False,False,object_identification,fo_class,1.2196992950048298,False,True
lapchole__1149477,0028 - Laparoscopic Cholecystectomy.mp4,False,False,object_identification,fo_class,1.1352175730280578,False,True
lapchole__1149480,0028 - Laparoscopic Cholecystectomy.mp4,False,False,object_identification,fo_class,1.1557541200891137,False,True
lapchole__5025171,0028 - Laparoscopic Cholecystectomy.mp4,False,False,spatial_localization_situs,open_ended,1.5031202042009681,False,True
lapchole__1170318,0028 - Laparoscopic Cholecystectomy.mp4,False,False,object_identification,fo_class,1.1081044729799032,False,True
lapchole__1150508,0028 - Laparoscopic Cholecystectomy.mp4,False,False,object_identification,fo_class,1.2133920711930841,False,True
lapchole__1149484,0028 - Laparoscopic Cholecystectomy.mp4,False,False,object_identification,fo_class,1.2527382101397961,False,True
lapchole__1150518,0028 - Laparoscopic Cholecystectomy.mp4,False,False,object_identification,fo_class,1.2558712419122458,False,True
lapchole__1149485,0028 - Laparoscopic Cholecystectomy.mp4,False,False,object_identification,fo_class,1.1104838270694017,False,True
lapchole__1150519,0028 - Laparoscopic Cholecystectomy.mp4,False,False,object_identification,fo_class,1.2027567580807954,False,True
lapchole__1150525,0028 - Laparoscopic Cholecystectomy.mp4,False,False,object_identification,fo_class,1.3886211798526347,False,False
lapchole__5023342,0028 - Laparoscopic Cholecystectomy.mp4,False,False,object_attributes,open_ended,1.2295291689224541,False,False
lapchole__1182974,0028 - Laparoscopic Cholecystectomy.mp4,False,False,spatial_localization_camera,multiple_choice,1.2498103468678892,False,False
lapchole__1153926,0028 - Laparoscopic Cholecystectomy.mp4,False,False,object_aggregation,number,1.0949081871658564,False,False
lapchole__5023343,0028 - Laparoscopic Cholecystectomy.mp4,False,False,object_attributes,open_ended,1.251881131902337,False,True
lapchole__1177674,0028 - Laparoscopic Cholecystectomy.mp4,False,False,spatial_localization_camera,fo_class,1.2284810119308531,False,False
lapchole__1143286,0028 - Laparoscopic Cholecystectomy.mp4,False,False,object_identification,fo_class,1.2877955089788884,False,False
lapchole__1150555,0028 - Laparoscopic Cholecystectomy.mp4,False,False,object_identification,fo_class,1.236288501881063,False,False
lapchole__1143290,0028 - Laparoscopic Cholecystectomy.mp4,False,False,object_identification,fo_class,1.2894941349513829,False,False
lapchole__1170323,0028 - Laparoscopic Cholecystectomy.mp4,False,False,object_identification,fo_class,1.3103272209409624,False,False
lapchole__1143304,0028 - Laparoscopic Cholecystectomy.mp4,False,False,object_identification,fo_class,1.4789084270596504,False,True
lapchole__1150582,0028 - Laparoscopic Cholecystectomy.mp4,False,False,object_identification,fo_class,1.4175473048817366,False,True
lapchole__1150586,0028 - Laparoscopic Cholecystectomy.mp4,False,False,object_identification,fo_class,1.1149875740520656,False,False
lapchole__5025172,0028 - Laparoscopic Cholecystectomy.mp4,False,False,object_attributes,open_ended,1.287114781094715,False,True
lapchole__5025173,0028 - Laparoscopic Cholecystectomy.mp4,False,False,object_attributes,open_ended,1.6263803569599986,False,True
lapchole__5023347,0028 - Laparoscopic Cholecystectomy.mp4,False,False,object_attributes,open_ended,1.2279409440234303,False,True
lapchole__1150621,0028 - Laparoscopic Cholecystectomy.mp4,False,False,object_identification,fo_class,1.2003400949761271,False,False
lapchole__1150622,0028 - Laparoscopic Cholecystectomy.mp4,False,False,object_identification,fo_class,1.2789605320431292,False,False
lapchole__1143355,0028 - Laparoscopic Cholecystectomy.mp4,False,False,object_identification,fo_class,1.3127811851445585,False,True
lapchole__1143356,0028 - Laparoscopic Cholecystectomy.mp4,False,False,object_identification,fo_class,1.2454697380308062,False,True
lapchole__1170333,0028 - Laparoscopic Cholecystectomy.mp4,False,False,object_identification,fo_class,1.0655586819630116,False,True
lapchole__1177685,0028 - Laparoscopic Cholecystectomy.mp4,False,False,spatial_localization_camera,fo_class,1.286213724175468,False,False
lapchole__1143376,0028 - Laparoscopic Cholecystectomy.mp4,False,False,object_identification,fo_class,1.4506577590946108,False,False
lapchole__5023349,0028 - Laparoscopic Cholecystectomy.mp4,False,False,object_attributes,open_ended,1.2151721459813416,False,True
lapchole__5024534,0032 - Laparoscopic Cholecystectomy.mp4,False,False,spatial_localization_situs,open_ended,1.345252470811829,False,True
lapchole__1297924,0032 - Laparoscopic Cholecystectomy.mp4,False,False,object_identification,fo_class,1.2619189161341637,False,True
lapchole__1303303,0032 - Laparoscopic Cholecystectomy.mp4,False,False,object_aggregation,number,1.0893199909478426,False,False
lapchole__1321589,0032 - Laparoscopic Cholecystectomy.mp4,False,False,object_identification,fo_class,1.1329680988565087,False,True
lapchole__1304850,0032 - Laparoscopic Cholecystectomy.mp4,False,False,object_aggregation,number,1.1668751519173384,False,False
lapchole__1316103,0032 - Laparoscopic Cholecystectomy.mp4,False,False,spatial_localization_camera,open_ended,1.7861603340134025,False,True
lapchole__1308498,0032 - Laparoscopic Cholecystectomy.mp4,False,False,object_aggregation,binary,1.132674619089812,False,True
lapchole__1303367,0032 - Laparoscopic Cholecystectomy.mp4,False,False,object_aggregation,number,1.0908163459971547,False,True
lapchole__1304890,0032 - Laparoscopic Cholecystectomy.mp4,False,False,object_aggregation,number,1.1887955029960722,False,True
lapchole__1299668,0032 - Laparoscopic Cholecystectomy.mp4,False,False,object_identification,fo_class,1.210597919067368,False,True
lapchole__1317357,0032 - Laparoscopic Cholecystectomy.mp4,False,False,object_aggregation,binary,1.1240720108617097,False,True
lapchole__1303412,0032 - Laparoscopic Cholecystectomy.mp4,False,False,object_aggregation,number,1.1758541280869395,False,True
lapchole__1316176,0032 - Laparoscopic Cholecystectomy.mp4,False,False,spatial_localization_camera,open_ended,1.8040583080146462,False,True
lapchole__1308805,0032 - Laparoscopic Cholecystectomy.mp4,False,False,object_aggregation,binary,1.2201130641624331,False,True
lapchole__1305054,0032 - Laparoscopic Cholecystectomy.mp4,False,False,object_aggregation,number,1.098723097005859,False,False
lapchole__1305068,0032 - Laparoscopic Cholecystectomy.mp4,False,False,object_aggregation,number,1.1765384960453957,False,True
lapchole__1303568,0032 - Laparoscopic Cholecystectomy.mp4,False,False,object_aggregation,number,1.1348608329426497,False,False
lapchole__1304082,0032 - Laparoscopic Cholecystectomy.mp4,False,False,object_aggregation,number,1.1545406829100102,False,False
lapchole__1305123,0032 - Laparoscopic Cholecystectomy.mp4,False,False,object_aggregation,number,1.219699224922806,False,False
lapchole__1299918,0032 - Laparoscopic Cholecystectomy.mp4,False,False,object_identification,fo_class,1.1925053549930453,False,True
lapchole__1305165,0032 - Laparoscopic Cholecystectomy.mp4,False,False,object_aggregation,number,1.2912896198686212,False,False
lapchole__1297975,0032 - Laparoscopic Cholecystectomy.mp4,False,False,object_identification,fo_class,1.1319467010907829,False,True
lapchole__1305168,0032 - Laparoscopic Cholecystectomy.mp4,False,False,object_aggregation,number,1.1016337098553777,False,False
lapchole__1305187,0032 - Laparoscopic Cholecystectomy.mp4,False,False,object_aggregation,number,1.1846987449098378,False,False
lapchole__1317650,0032 - Laparoscopic Cholecystectomy.mp4,False,False,object_aggregation,binary,1.124232220929116,False,False
lapchole__1303690,0032 - Laparoscopic Cholecystectomy.mp4,False,False,object_aggregation,number,1.1721094870008528,False,False
lapchole__1303701,0032 - Laparoscopic Cholecystectomy.mp4,False,False,object_aggregation,number,1.1926847249269485,False,True
lapchole__1321602,0032 - Laparoscopic Cholecystectomy.mp4,False,False,object_identification,fo_class,1.2897975139785558,False,True
lapchole__1303738,0032 - Laparoscopic Cholecystectomy.mp4,False,False,object_aggregation,number,1.1200517620891333,False,False
lapchole__1305280,0032 - Laparoscopic Cholecystectomy.mp4,False,False,object_aggregation,number,1.2007082540076226,False,True
lapchole__1303780,0032 - Laparoscopic Cholecystectomy.mp4,False,False,object_aggregation,number,1.1985709799919277,False,False
lapchole__1305292,0032 - Laparoscopic Cholecystectomy.mp4,False,False,object_aggregation,number,1.1167269700672477,False,False
lapchole__1305158,0032 - Laparoscopic Cholecystectomy.mp4,False,False,object_aggregation,number,1.1513621611520648,False,False
lapchole__1303353,0032 - Laparoscopic Cholecystectomy.mp4,False,False,object_aggregation,number,1.248231221921742,False,True
lapchole__1305107,0032 - Laparoscopic Cholecystectomy.mp4,False,False,object_aggregation,number,1.1007774309255183,False,False
lapchole__1298000,0032 - Laparoscopic Cholecystectomy.mp4,False,False,object_identification,fo_class,1.1778864928055555,False,True
lapchole__1303396,0032 - Laparoscopic Cholecystectomy.mp4,False,False,object_aggregation,number,1.205655860947445,False,False
lapchole__1299664,0032 - Laparoscopic Cholecystectomy.mp4,False,False,object_identification,fo_class,1.1810343940742314,False,True
lapchole__1303560,0032 - Laparoscopic Cholecystectomy.mp4,False,False,object_aggregation,number,1.2717471909709275,False,False
lapchole__1304208,0032 - Laparoscopic Cholecystectomy.mp4,False,False,object_aggregation,number,1.1419216149952263,False,True
lapchole__5026815,0032 - Laparoscopic Cholecystectomy.mp4,False,False,spatial_localization_camera,open_ended,1.4093095660209656,False,True
lapchole__1303374,0032 - Laparoscopic Cholecystectomy.mp4,False,False,object_aggregation,number,1.1629606809001416,False,False
lapchole__1303746,0032 - Laparoscopic Cholecystectomy.mp4,False,False,object_aggregation,number,1.132300531025976,False,False
lapchole__1303319,0032 - Laparoscopic Cholecystectomy.mp4,False,False,object_aggregation,number,1.1003528421279043,False,False
lapchole__1305095,0032 - Laparoscopic Cholecystectomy.mp4,False,False,object_aggregation,number,1.167794869048521,False,False
lapchole__1304891,0032 - Laparoscopic Cholecystectomy.mp4,False,False,object_aggregation,number,1.0995332838501781,False,False
lapchole__1330240,0032 - Laparoscopic Cholecystectomy.mp4,False,False,spatial_localization_camera,fo_class,1.1133407999295741,False,True
lapchole__1291592,0032 - Laparoscopic Cholecystectomy.mp4,False,False,object_identification,fo_class,1.302766160108149,False,True
lapchole__1334974,0032 - Laparoscopic Cholecystectomy.mp4,False,False,spatial_localization_camera,multiple_choice,1.251954942010343,False,True
lapchole__1317490,0032 - Laparoscopic Cholecystectomy.mp4,False,False,object_aggregation,binary,1.1187711551319808,False,False
lapchole__1291610,0032 - Laparoscopic Cholecystectomy.mp4,False,False,object_identification,fo_class,1.3931961669586599,False,True
lapchole__1321562,0032 - Laparoscopic Cholecystectomy.mp4,False,False,object_identification,fo_class,1.1437966309022158,False,False
lapchole__1299699,0032 - Laparoscopic Cholecystectomy.mp4,False,False,object_identification,fo_class,1.0897558701690286,False,False
lapchole__1304063,0032 - Laparoscopic Cholecystectomy.mp4,False,False,object_aggregation,number,1.1347889341413975,False,False
lapchole__1308770,0032 - Laparoscopic Cholecystectomy.mp4,False,False,object_aggregation,binary,1.1637710891664028,False,True
lapchole__1334996,0032 - Laparoscopic Cholecystectomy.mp4,False,False,spatial_localization_camera,multiple_choice,1.1207580999471247,False,True
lapchole__1303999,0032 - Laparoscopic Cholecystectomy.mp4,False,False,object_aggregation,number,1.160308017861098,False,False
lapchole__1317547,0032 - Laparoscopic Cholecystectomy.mp4,False,False,object_aggregation,binary,1.0974124199710786,False,False
lapchole__1330241,0032 - Laparoscopic Cholecystectomy.mp4,False,False,spatial_localization_camera,fo_class,1.1217344379983842,False,False
lapchole__1299888,0032 - Laparoscopic Cholecystectomy.mp4,False,False,object_identification,fo_class,1.1099247278179973,False,False
lapchole__1291665,0032 - Laparoscopic Cholecystectomy.mp4,False,False,object_identification,fo_class,1.3422515189740807,False,True
lapchole__1321586,0032 - Laparoscopic Cholecystectomy.mp4,False,False,object_identification,fo_class,1.204107444966212,False,True
lapchole__1334997,0032 - Laparoscopic Cholecystectomy.mp4,False,False,spatial_localization_camera,multiple_choice,1.1437749499455094,False,True
lapchole__1334998,0032 - Laparoscopic Cholecystectomy.mp4,False,False,spatial_localization_camera,multiple_choice,1.1410923379007727,False,True
lapchole__5023798,0032 - Laparoscopic Cholecystectomy.mp4,False,False,object_identification,open_ended,1.2058586799539626,False,True
lapchole__5023796,0032 - Laparoscopic Cholecystectomy.mp4,False,False,object_attributes,open_ended,1.2636401718482375,False,False
lapchole__1309028,0032 - Laparoscopic Cholecystectomy.mp4,False,False,object_aggregation,binary,1.39344042702578,False,False
lapchole__1291672,0032 - Laparoscopic Cholecystectomy.mp4,False,False,object_identification,fo_class,1.8047895159106702,False,True
lapchole__5023799,0032 - Laparoscopic Cholecystectomy.mp4,False,False,object_attributes,open_ended,1.4793562449049205,False,False
lapchole__1291674,0032 - Laparoscopic Cholecystectomy.mp4,False,False,object_identification,fo_class,1.8150320500135422,False,True
lapchole__1299829,0032 - Laparoscopic Cholecystectomy.mp4,False,False,object_identification,fo_class,1.6220731269568205,False,False
lapchole__1304247,0032 - Laparoscopic Cholecystectomy.mp4,False,False,object_aggregation,number,1.3939908449538052,False,False
lapchole__1291675,0032 - Laparoscopic Cholecystectomy.mp4,False,False,object_identification,fo_class,1.4723881829995662,False,False
lapchole__1291676,0032 - Laparoscopic Cholecystectomy.mp4,False,False,object_identification,fo_class,1.522623724071309,False,False
lapchole__1330242,0032 - Laparoscopic Cholecystectomy.mp4,False,False,spatial_localization_camera,fo_class,1.210912408074364,False,True
lapchole__1299657,0032 - Laparoscopic Cholecystectomy.mp4,False,False,object_identification,fo_class,1.3590556050185114,False,False
lapchole__1299973,0032 - Laparoscopic Cholecystectomy.mp4,False,False,object_identification,fo_class,1.4267167011275887,False,False
lapchole__5023804,0032 - Laparoscopic Cholecystectomy.mp4,False,False,object_attributes,open_ended,1.086047259857878,False,True
lapchole__1298339,0032 - Laparoscopic Cholecystectomy.mp4,False,False,object_identification,fo_class,1.1356214410625398,False,True
lapchole__1298342,0032 - Laparoscopic Cholecystectomy.mp4,False,False,object_identification,fo_class,1.2125313139986247,False,True
lapchole__1298346,0032 - Laparoscopic Cholecystectomy.mp4,False,False,object_identification,fo_class,1.166006854036823,False,True
lapchole__5024823,0033 - Laparoscopic Cholecystectomy.mp4,False,False,spatial_localization_situs,open_ended,1.5381767840590328,False,False
lapchole__1358644,0033 - Laparoscopic Cholecystectomy.mp4,False,False,object_aggregation,binary,1.2143494188785553,False,False
lapchole__1354803,0033 - Laparoscopic Cholecystectomy.mp4,False,False,object_aggregation,number,1.102069477783516,False,True
lapchole__1353576,0033 - Laparoscopic Cholecystectomy.mp4,False,False,object_aggregation,number,1.1756211980246007,False,True
lapchole__1353097,0033 - Laparoscopic Cholecystectomy.mp4,False,False,object_aggregation,number,1.211306327022612,False,False
lapchole__1367692,0033 - Laparoscopic Cholecystectomy.mp4,False,False,spatial_localization_camera,open_ended,1.7805932678747922,False,True
lapchole__1354847,0033 - Laparoscopic Cholecystectomy.mp4,False,False,object_aggregation,number,1.1798368280287832,False,True
lapchole__1368952,0033 - Laparoscopic Cholecystectomy.mp4,False,False,object_aggregation,binary,1.1342618849594146,False,True
lapchole__1349377,0033 - Laparoscopic Cholecystectomy.mp4,False,False,object_identification,fo_class,1.3748713049571961,False,False
lapchole__1347368,0033 - Laparoscopic Cholecystectomy.mp4,False,False,object_identification,fo_class,1.0952757149934769,False,True
lapchole__1373004,0033 - Laparoscopic Cholecystectomy.mp4,False,False,object_identification,fo_class,1.122996245045215,False,True
lapchole__1354922,0033 - Laparoscopic Cholecystectomy.mp4,False,False,object_aggregation,number,1.1238508820533752,False,False
lapchole__1353196,0033 - Laparoscopic Cholecystectomy.mp4,False,False,object_aggregation,number,1.1458328950684518,False,False
lapchole__1353214,0033 - Laparoscopic Cholecystectomy.mp4,False,False,object_aggregation,number,1.1291952680330724,False,True
lapchole__1353233,0033 - Laparoscopic Cholecystectomy.mp4,False,False,object_aggregation,number,1.1123357419855893,False,False
lapchole__1353243,0033 - Laparoscopic Cholecystectomy.mp4,False,False,object_aggregation,number,1.2410020199604332,False,True
lapchole__1354988,0033 - Laparoscopic Cholecystectomy.mp4,False,False,object_aggregation,number,1.075514015974477,False,False
lapchole__1353260,0033 - Laparoscopic Cholecystectomy.mp4,False,False,object_aggregation,number,1.1070670259650797,False,True
lapchole__1355012,0033 - Laparoscopic Cholecystectomy.mp4,False,False,object_aggregation,number,1.0988329460378736,False,False
lapchole__1353297,0033 - Laparoscopic Cholecystectomy.mp4,False,False,object_aggregation,number,1.1567719771992415,False,False
lapchole__1353303,0033 - Laparoscopic Cholecystectomy.mp4,False,False,object_aggregation,number,1.121037649223581,False,False
lapchole__1355050,0033 - Laparoscopic Cholecystectomy.mp4,False,False,object_aggregation,number,1.0921599341090769,False,False
lapchole__1355064,0033 - Laparoscopic Cholecystectomy.mp4,False,False,object_aggregation,number,1.1229018648155034,False,True
lapchole__1355066,0033 - Laparoscopic Cholecystectomy.mp4,False,False,object_aggregation,number,1.0841972441412508,False,False
lapchole__1367725,0033 - Laparoscopic Cholecystectomy.mp4,False,False,spatial_localization_camera,open_ended,1.396849047858268,False,True
lapchole__1369146,0033 - Laparoscopic Cholecystectomy.mp4,False,False,object_aggregation,binary,1.0823368190322071,False,True
lapchole__1353373,0033 - Laparoscopic Cholecystectomy.mp4,False,False,object_aggregation,number,1.125119699165225,False,False
lapchole__1372945,0033 - Laparoscopic Cholecystectomy.mp4,False,False,object_identification,fo_class,1.1488464181311429,False,True
lapchole__1353886,0033 - Laparoscopic Cholecystectomy.mp4,False,False,object_aggregation,number,1.1365472490433604,False,True
lapchole__1358996,0033 - Laparoscopic Cholecystectomy.mp4,False,False,object_aggregation,binary,1.2089252029545605,False,False
lapchole__1347444,0033 - Laparoscopic Cholecystectomy.mp4,False,False,object_identification,fo_class,1.1246999888680875,False,True
lapchole__1353462,0033 - Laparoscopic Cholecystectomy.mp4,False,False,object_aggregation,number,1.1746893508825451,False,False
lapchole__1355211,0033 - Laparoscopic Cholecystectomy.mp4,False,False,object_aggregation,number,1.1155122141353786,False,False
lapchole__1349721,0033 - Laparoscopic Cholecystectomy.mp4,False,False,object_identification,fo_class,1.1878039669245481,False,True
lapchole__1353484,0033 - Laparoscopic Cholecystectomy.mp4,False,False,object_aggregation,number,1.263885841006413,False,False
lapchole__1355243,0033 - Laparoscopic Cholecystectomy.mp4,False,False,object_aggregation,number,1.2653192169964314,False,False
lapchole__1367792,0033 - Laparoscopic Cholecystectomy.mp4,False,False,spatial_localization_camera,open_ended,1.4562384749297053,False,True
lapchole__1353512,0033 - Laparoscopic Cholecystectomy.mp4,False,False,object_aggregation,number,1.2025699489749968,False,False
lapchole__1372960,0033 - Laparoscopic Cholecystectomy.mp4,False,False,object_identification,fo_class,1.1026704860851169,False,True
lapchole__1347505,0033 - Laparoscopic Cholecystectomy.mp4,False,False,object_identification,fo_class,1.221968478988856,False,True
lapchole__1353720,0033 - Laparoscopic Cholecystectomy.mp4,False,False,object_aggregation,number,1.1756172289606184,False,True
lapchole__1353102,0033 - Laparoscopic Cholecystectomy.mp4,False,False,object_aggregation,number,1.1086634611710906,False,False
lapchole__1354904,0033 - Laparoscopic Cholecystectomy.mp4,False,False,object_aggregation,number,1.2167081830557436,False,False
lapchole__1353099,0033 - Laparoscopic Cholecystectomy.mp4,False,False,object_aggregation,number,1.1367818180005997,False,False
lapchole__1349352,0033 - Laparoscopic Cholecystectomy.mp4,False,False,object_identification,fo_class,1.1275668530724943,False,True
lapchole__1341162,0033 - Laparoscopic Cholecystectomy.mp4,False,False,object_identification,fo_class,1.3023063621949404,False,True
lapchole__1349483,0033 - Laparoscopic Cholecystectomy.mp4,False,False,object_identification,fo_class,1.117635257774964,False,False
lapchole__1353760,0033 - Laparoscopic Cholecystectomy.mp4,False,False,object_aggregation,number,1.097024962073192,False,False
lapchole__1369271,0033 - Laparoscopic Cholecystectomy.mp4,False,False,object_aggregation,binary,1.1167630299460143,False,False
lapchole__1347574,0033 - Laparoscopic Cholecystectomy.mp4,False,False,object_identification,fo_class,1.0852437710855156,False,False
lapchole__1349333,0033 - Laparoscopic Cholecystectomy.mp4,False,False,object_identification,fo_class,1.0805999739095569,False,False
lapchole__1349602,0033 - Laparoscopic Cholecystectomy.mp4,False,False,object_identification,fo_class,1.0621668510138988,False,False
lapchole__1347577,0033 - Laparoscopic Cholecystectomy.mp4,False,False,object_identification,fo_class,1.248620729893446,False,False
lapchole__5023666,0033 - Laparoscopic Cholecystectomy.mp4,False,False,object_attributes,open_ended,1.2302924981340766,False,False
lapchole__1347581,0033 - Laparoscopic Cholecystectomy.mp4,False,False,object_identification,fo_class,1.0904484179336578,False,False
lapchole__1349671,0033 - Laparoscopic Cholecystectomy.mp4,False,False,object_identification,fo_class,1.2675836109556258,False,False
lapchole__1341163,0033 - Laparoscopic Cholecystectomy.mp4,False,False,object_identification,fo_class,1.4155415298882872,False,True
lapchole__1349759,0033 - Laparoscopic Cholecystectomy.mp4,False,False,object_identification,fo_class,1.4853952899575233,False,True
lapchole__5023670,0033 - Laparoscopic Cholecystectomy.mp4,False,False,object_attributes,open_ended,1.3662113770842552,False,False
lapchole__5023672,0033 - Laparoscopic Cholecystectomy.mp4,False,False,object_attributes,open_ended,1.3010477051138878,False,False
lapchole__1353777,0033 - Laparoscopic Cholecystectomy.mp4,False,False,object_aggregation,number,1.1759600080549717,False,False
lapchole__1359107,0033 - Laparoscopic Cholecystectomy.mp4,False,False,object_aggregation,binary,1.163700388977304,False,True
lapchole__1369272,0033 - Laparoscopic Cholecystectomy.mp4,False,False,object_aggregation,binary,1.1136711679864675,False,True
lapchole__1347594,0033 - Laparoscopic Cholecystectomy.mp4,False,False,object_identification,fo_class,1.2119691749103367,False,True
lapchole__1349582,0033 - Laparoscopic Cholecystectomy.mp4,False,False,object_identification,fo_class,1.4711432959884405,False,False
lapchole__1347597,0033 - Laparoscopic Cholecystectomy.mp4,False,False,object_identification,fo_class,1.2310759061947465,False,True
lapchole__1349323,0033 - Laparoscopic Cholecystectomy.mp4,False,False,object_identification,fo_class,1.5398386889137328,False,False
lapchole__5024134,0033 - Laparoscopic Cholecystectomy.mp4,False,False,spatial_localization_situs,open_ended,1.3722290019504726,False,True
lapchole__5026835,0033 - Laparoscopic Cholecystectomy.mp4,False,False,object_identification,fo_class,1.165376734919846,False,True
lapchole__1347633,0033 - Laparoscopic Cholecystectomy.mp4,False,False,object_identification,fo_class,1.3071244589518756,False,True
lapchole__1353205,0033 - Laparoscopic Cholecystectomy.mp4,False,False,object_aggregation,number,1.0999550339765847,False,False
lapchole__1349729,0033 - Laparoscopic Cholecystectomy.mp4,False,False,object_identification,fo_class,1.3122861359734088,False,True
lapchole__1387833,0033 - Laparoscopic Cholecystectomy.mp4,False,False,spatial_localization_camera,multiple_choice,1.1924671351443976,False,True
lapchole__1373134,0033 - Laparoscopic Cholecystectomy.mp4,False,False,object_identification,fo_class,1.2214108700864017,False,False
lapchole__1387838,0033 - Laparoscopic Cholecystectomy.mp4,False,False,spatial_localization_camera,multiple_choice,1.1932091731578112,False,False
lapchole__1387839,0033 - Laparoscopic Cholecystectomy.mp4,False,False,spatial_localization_camera,multiple_choice,1.2390471249818802,False,False
lapchole__1373141,0033 - Laparoscopic Cholecystectomy.mp4,False,False,object_identification,fo_class,1.2333426899276674,False,True
lapchole__1373146,0033 - Laparoscopic Cholecystectomy.mp4,False,False,object_identification,fo_class,1.2205130429938436,False,True
lapchole__1387850,0033 - Laparoscopic Cholecystectomy.mp4,False,False,spatial_localization_camera,multiple_choice,1.2229743259958923,False,True
lapchole__1387851,0033 - Laparoscopic Cholecystectomy.mp4,False,False,spatial_localization_camera,multiple_choice,1.2989128499757499,False,True
lapchole__1387853,0033 - Laparoscopic Cholecystectomy.mp4,False,False,spatial_localization_camera,multiple_choice,1.223055087029934,False,True
lapchole__1720522,0043 - Laparoscopic Cholecystectomy.mp4,False,False,object_aggregation,number,1.1879962768871337,False,False
lapchole__1726841,0043 - Laparoscopic Cholecystectomy.mp4,False,False,spatial_localization_camera,open_ended,1.8312607479747385,False,False
lapchole__1730078,0043 - Laparoscopic Cholecystectomy.mp4,False,False,object_identification,fo_class,1.3003678768873215,False,False
lapchole__1719312,0043 - Laparoscopic Cholecystectomy.mp4,False,False,object_aggregation,number,1.1504446628969163,False,False
lapchole__1722428,0043 - Laparoscopic Cholecystectomy.mp4,False,False,object_aggregation,binary,1.2282167631201446,False,True
lapchole__1716420,0043 - Laparoscopic Cholecystectomy.mp4,False,False,object_identification,fo_class,1.0757364160381258,False,True
lapchole__1727895,0043 - Laparoscopic Cholecystectomy.mp4,False,False,object_aggregation,binary,1.2001760948915035,False,True
lapchole__1719342,0043 - Laparoscopic Cholecystectomy.mp4,False,False,object_aggregation,number,1.0487860860303044,False,False
lapchole__1720568,0043 - Laparoscopic Cholecystectomy.mp4,False,False,object_aggregation,number,1.1732740041334182,False,False
lapchole__1719360,0043 - Laparoscopic Cholecystectomy.mp4,False,False,object_aggregation,number,1.1777241230010986,False,False
lapchole__1717176,0043 - Laparoscopic Cholecystectomy.mp4,False,False,object_identification,fo_class,1.1135055089835078,False,True
lapchole__1719693,0043 - Laparoscopic Cholecystectomy.mp4,False,False,object_aggregation,number,1.086469787871465,False,True
lapchole__1720588,0043 - Laparoscopic Cholecystectomy.mp4,False,False,object_aggregation,number,1.0479419981129467,False,False
lapchole__1717188,0043 - Laparoscopic Cholecystectomy.mp4,False,False,object_identification,fo_class,1.1519082500599325,False,True
lapchole__1720598,0043 - Laparoscopic Cholecystectomy.mp4,False,False,object_aggregation,number,1.1129752099514008,False,True
lapchole__1720601,0043 - Laparoscopic Cholecystectomy.mp4,False,False,object_aggregation,number,1.0351634109392762,False,False
lapchole__1719392,0043 - Laparoscopic Cholecystectomy.mp4,False,False,object_aggregation,number,1.175571849104017,False,False
lapchole__1719404,0043 - Laparoscopic Cholecystectomy.mp4,False,False,object_aggregation,number,1.1007261220365763,False,False
lapchole__1720644,0043 - Laparoscopic Cholecystectomy.mp4,False,False,object_aggregation,number,1.1245634299702942,False,False
lapchole__1720649,0043 - Laparoscopic Cholecystectomy.mp4,False,False,object_aggregation,number,1.1855637729167938,False,False
lapchole__1719430,0043 - Laparoscopic Cholecystectomy.mp4,False,False,object_aggregation,number,1.17919297888875,False,False
lapchole__1719434,0043 - Laparoscopic Cholecystectomy.mp4,False,False,object_aggregation,number,1.2983165420591831,False,True
lapchole__1719435,0043 - Laparoscopic Cholecystectomy.mp4,False,False,object_aggregation,number,1.2117843450978398,False,False
lapchole__1720659,0043 - Laparoscopic Cholecystectomy.mp4,False,False,object_aggregation,number,1.091011866927147,False,False
lapchole__1719442,0043 - Laparoscopic Cholecystectomy.mp4,False,False,object_aggregation,number,1.2694754269905388,False,True
lapchole__5024501,0043 - Laparoscopic Cholecystectomy.mp4,False,False,spatial_localization_situs,open_ended,1.6798104480840266,False,True
lapchole__1720669,0043 - Laparoscopic Cholecystectomy.mp4,False,False,object_aggregation,number,1.1343765249475837,False,False
lapchole__1719459,0043 - Laparoscopic Cholecystectomy.mp4,False,False,object_aggregation,number,1.0353073799051344,False,True
lapchole__1728021,0043 - Laparoscopic Cholecystectomy.mp4,False,False,object_aggregation,binary,1.0983155078720301,False,True
lapchole__1722583,0043 - Laparoscopic Cholecystectomy.mp4,False,False,object_aggregation,binary,1.1820570919662714,False,True
lapchole__1719483,0043 - Laparoscopic Cholecystectomy.mp4,False,False,object_aggregation,number,1.1338582860771567,False,False
lapchole__1726850,0043 - Laparoscopic Cholecystectomy.mp4,False,False,spatial_localization_camera,open_ended,1.4609207129105926,False,False
lapchole__1720722,0043 - Laparoscopic Cholecystectomy.mp4,False,False,object_aggregation,number,1.204363624099642,False,True
lapchole__1730071,0043 - Laparoscopic Cholecystectomy.mp4,False,False,object_identification,fo_class,1.1341283158399165,False,True
lapchole__1720733,0043 - Laparoscopic Cholecystectomy.mp4,False,False,object_aggregation,number,1.1668697609566152,False,True
lapchole__1717330,0043 - Laparoscopic Cholecystectomy.mp4,False,False,object_identification,fo_class,1.2788843219168484,False,False
lapchole__1720737,0043 - Laparoscopic Cholecystectomy.mp4,False,False,object_aggregation,number,1.0651039239019156,False,False
lapchole__1719523,0043 - Laparoscopic Cholecystectomy.mp4,False,False,object_aggregation,number,1.091236206004396,False,True
lapchole__1720743,0043 - Laparoscopic Cholecystectomy.mp4,False,False,object_aggregation,number,1.0856258899439126,False,False
lapchole__1720744,0043 - Laparoscopic Cholecystectomy.mp4,False,False,object_aggregation,number,1.1136730080470443,False,True
lapchole__1719527,0043 - Laparoscopic Cholecystectomy.mp4,False,False,object_aggregation,number,1.1380682659801096,False,False
lapchole__1720746,0043 - Laparoscopic Cholecystectomy.mp4,False,False,object_aggregation,number,1.0937745890114456,False,False
lapchole__1719528,0043 - Laparoscopic Cholecystectomy.mp4,False,False,object_aggregation,number,1.1430093829985708,False,True
lapchole__1720747,0043 - Laparoscopic Cholecystectomy.mp4,False,False,object_aggregation,number,1.1442418589722365,False,True
lapchole__1719859,0043 - Laparoscopic Cholecystectomy.mp4,False,False,object_aggregation,number,1.1541070840321481,False,True
lapchole__1719533,0043 - Laparoscopic Cholecystectomy.mp4,False,False,object_aggregation,number,1.1039167139679193,False,False
lapchole__1719537,0043 - Laparoscopic Cholecystectomy.mp4,False,False,object_aggregation,number,1.0861411690711975,False,True
lapchole__1728078,0043 - Laparoscopic Cholecystectomy.mp4,False,False,object_aggregation,binary,1.1342621250078082,False,True
lapchole__1726863,0043 - Laparoscopic Cholecystectomy.mp4,False,False,spatial_localization_camera,open_ended,1.4468276689294726,False,False
lapchole__1722640,0043 - Laparoscopic Cholecystectomy.mp4,False,False,object_aggregation,binary,1.1326535590924323,False,True
lapchole__1716439,0043 - Laparoscopic Cholecystectomy.mp4,False,False,object_identification,fo_class,1.0867672180756927,False,True
lapchole__1719547,0043 - Laparoscopic Cholecystectomy.mp4,False,False,object_aggregation,number,1.1431692319456488,False,False
lapchole__1716451,0043 - Laparoscopic Cholecystectomy.mp4,False,False,object_identification,fo_class,1.1726322670001537,False,True
lapchole__1719556,0043 - Laparoscopic Cholecystectomy.mp4,False,False,object_aggregation,number,1.0965355620719492,False,True
lapchole__1730074,0043 - Laparoscopic Cholecystectomy.mp4,False,False,object_identification,fo_class,1.143867990002036,False,False
lapchole__1716455,0043 - Laparoscopic Cholecystectomy.mp4,False,False,object_identification,fo_class,1.3034920589998364,False,True
lapchole__1717381,0043 - Laparoscopic Cholecystectomy.mp4,False,False,object_identification,fo_class,1.2956815189681947,False,True
lapchole__1719893,0043 - Laparoscopic Cholecystectomy.mp4,False,False,object_aggregation,number,1.1533683759626001,False,True
lapchole__1720791,0043 - Laparoscopic Cholecystectomy.mp4,False,False,object_aggregation,number,1.134368705097586,False,False
lapchole__1712593,0043 - Laparoscopic Cholecystectomy.mp4,False,False,object_identification,fo_class,1.2606128989718854,False,True
lapchole__1717407,0043 - Laparoscopic Cholecystectomy.mp4,False,False,object_identification,fo_class,1.3982725038658828,False,False
lapchole__1722694,0043 - Laparoscopic Cholecystectomy.mp4,False,False,object_aggregation,binary,1.1177089379634708,False,False
lapchole__1719921,0043 - Laparoscopic Cholecystectomy.mp4,False,False,object_aggregation,number,1.1138558280654252,False,False
lapchole__1717410,0043 - Laparoscopic Cholecystectomy.mp4,False,False,object_identification,fo_class,1.3323671238031238,False,False
lapchole__1717413,0043 - Laparoscopic Cholecystectomy.mp4,False,False,object_identification,fo_class,1.2237639450468123,False,True
lapchole__1716458,0043 - Laparoscopic Cholecystectomy.mp4,False,False,object_identification,fo_class,1.0434248589444906,False,False
lapchole__1716461,0043 - Laparoscopic Cholecystectomy.mp4,False,False,object_identification,fo_class,1.1216158780734986,False,True
lapchole__1717421,0043 - Laparoscopic Cholecystectomy.mp4,False,False,object_identification,fo_class,1.10096445097588,False,True
lapchole__1720854,0043 - Laparoscopic Cholecystectomy.mp4,False,False,object_aggregation,number,1.1794190588407218,False,True
lapchole__1728120,0043 - Laparoscopic Cholecystectomy.mp4,False,False,object_aggregation,binary,1.1255614270921797,False,True
lapchole__1719935,0043 - Laparoscopic Cholecystectomy.mp4,False,False,object_aggregation,number,1.1571648560930043,False,False
lapchole__1712603,0043 - Laparoscopic Cholecystectomy.mp4,False,False,object_identification,fo_class,1.2670021529775113,False,True
lapchole__1722714,0043 - Laparoscopic Cholecystectomy.mp4,False,False,object_aggregation,binary,1.1340871159918606,False,True
lapchole__1717428,0043 - Laparoscopic Cholecystectomy.mp4,False,False,object_identification,fo_class,1.1990131579805166,False,False
lapchole__1719941,0043 - Laparoscopic Cholecystectomy.mp4,False,False,object_aggregation,number,1.0977633190341294,False,False
lapchole__1728126,0043 - Laparoscopic Cholecystectomy.mp4,False,False,object_aggregation,binary,1.1935424220282584,False,False
lapchole__1728128,0043 - Laparoscopic Cholecystectomy.mp4,False,False,object_aggregation,binary,1.1003704729955643,False,False
lapchole__1722718,0043 - Laparoscopic Cholecystectomy.mp4,False,False,object_aggregation,binary,1.090228189015761,False,True
lapchole__1712614,0043 - Laparoscopic Cholecystectomy.mp4,False,False,object_identification,fo_class,1.2765603181906044,False,True
lapchole__5023238,0043 - Laparoscopic Cholecystectomy.mp4,False,False,object_attributes,open_ended,1.1653040149249136,False,True
lapchole__1799507,0045 - Laparoscopic Cholecystectomy.mp4,False,False,object_identification,fo_class,1.1827850409317762,False,True
lapchole__1806369,0045 - Laparoscopic Cholecystectomy.mp4,False,False,object_aggregation,binary,1.1881926259957254,False,False
lapchole__1800290,0045 - Laparoscopic Cholecystectomy.mp4,False,False,object_identification,fo_class,1.5017196871340275,False,False
lapchole__1802944,0045 - Laparoscopic Cholecystectomy.mp4,False,False,object_aggregation,number,1.1758608280215412,False,False
lapchole__1804203,0045 - Laparoscopic Cholecystectomy.mp4,False,False,object_aggregation,number,1.1226801848970354,False,True
lapchole__1804204,0045 - Laparoscopic Cholecystectomy.mp4,False,False,object_aggregation,number,1.0096775367856026,False,False
lapchole__1802946,0045 - Laparoscopic Cholecystectomy.mp4,False,False,object_aggregation,number,1.1965982138644904,False,False
lapchole__1803257,0045 - Laparoscopic Cholecystectomy.mp4,False,False,object_aggregation,number,1.0909239668399096,False,True
lapchole__1804206,0045 - Laparoscopic Cholecystectomy.mp4,False,False,object_aggregation,number,1.1147073050960898,False,True
lapchole__1802947,0045 - Laparoscopic Cholecystectomy.mp4,False,False,object_aggregation,number,1.0997038448695093,False,False
lapchole__1802951,0045 - Laparoscopic Cholecystectomy.mp4,False,False,object_aggregation,number,1.1006787510123104,False,True
lapchole__1804214,0045 - Laparoscopic Cholecystectomy.mp4,False,False,object_aggregation,number,1.1114219739101827,False,False
lapchole__1802958,0045 - Laparoscopic Cholecystectomy.mp4,False,False,object_aggregation,number,1.1022677482105792,False,False
lapchole__1804220,0045 - Laparoscopic Cholecystectomy.mp4,False,False,object_aggregation,number,1.175954258069396,False,False
lapchole__1802962,0045 - Laparoscopic Cholecystectomy.mp4,False,False,object_aggregation,number,1.0328603859525174,False,False
lapchole__1812412,0045 - Laparoscopic Cholecystectomy.mp4,False,False,object_aggregation,binary,1.0775290119927377,False,True
lapchole__1812413,0045 - Laparoscopic Cholecystectomy.mp4,False,False,object_aggregation,binary,1.1116607529111207,False,True
lapchole__1812415,0045 - Laparoscopic Cholecystectomy.mp4,False,False,object_aggregation,binary,1.0993073659483343,False,True
lapchole__1812419,0045 - Laparoscopic Cholecystectomy.mp4,False,False,object_aggregation,binary,1.1539687640033662,False,True
lapchole__1804237,0045 - Laparoscopic Cholecystectomy.mp4,False,False,object_aggregation,number,1.1220040968619287,False,False
lapchole__1804238,0045 - Laparoscopic Cholecystectomy.mp4,False,False,object_aggregation,number,1.0632077581249177,False,False
lapchole__1800332,0045 - Laparoscopic Cholecystectomy.mp4,False,False,object_identification,fo_class,1.1261337860487401,False,True
lapchole__1802987,0045 - Laparoscopic Cholecystectomy.mp4,False,False,object_aggregation,number,1.1006460119970143,False,False
lapchole__1804247,0045 - Laparoscopic Cholecystectomy.mp4,False,False,object_aggregation,number,1.0855497310403734,False,False
lapchole__1802989,0045 - Laparoscopic Cholecystectomy.mp4,False,False,object_aggregation,number,1.0971008909400553,False,False
lapchole__1804248,0045 - Laparoscopic Cholecystectomy.mp4,False,False,object_aggregation,number,1.1390790122095495,False,False
lapchole__1814152,0045 - Laparoscopic Cholecystectomy.mp4,False,False,object_identification,fo_class,1.1547574228607118,False,False
lapchole__1802994,0045 - Laparoscopic Cholecystectomy.mp4,False,False,object_aggregation,number,1.1588591609615833,False,True
lapchole__1799532,0045 - Laparoscopic Cholecystectomy.mp4,False,False,object_identification,fo_class,1.1552548808977008,False,False
lapchole__1811347,0045 - Laparoscopic Cholecystectomy.mp4,False,False,spatial_localization_camera,open_ended,1.5040157921612263,False,True
lapchole__1814127,0045 - Laparoscopic Cholecystectomy.mp4,False,False,object_identification,fo_class,1.140120190102607,False,True
lapchole__1814143,0045 - Laparoscopic Cholecystectomy.mp4,False,False,object_identification,fo_class,1.1662091528996825,False,True
lapchole__1811349,0045 - Laparoscopic Cholecystectomy.mp4,False,False,spatial_localization_camera,open_ended,1.4184327721595764,False,True
lapchole__1803011,0045 - Laparoscopic Cholecystectomy.mp4,False,False,object_aggregation,number,1.2216535399202257,False,False
lapchole__1806446,0045 - Laparoscopic Cholecystectomy.mp4,False,False,object_aggregation,binary,1.158780651865527,False,False
lapchole__1803323,0045 - Laparoscopic Cholecystectomy.mp4,False,False,object_aggregation,number,1.1004803120158613,False,True
lapchole__1804272,0045 - Laparoscopic Cholecystectomy.mp4,False,False,object_aggregation,number,1.1207411298528314,False,True
lapchole__1799551,0045 - Laparoscopic Cholecystectomy.mp4,False,False,object_identification,fo_class,1.1703563421033323,False,False
lapchole__1800361,0045 - Laparoscopic Cholecystectomy.mp4,False,False,object_identification,fo_class,1.3534792501013726,False,False
lapchole__1799553,0045 - Laparoscopic Cholecystectomy.mp4,False,False,object_identification,fo_class,1.1474472610279918,False,False
lapchole__1806452,0045 - Laparoscopic Cholecystectomy.mp4,False,False,object_aggregation,binary,1.2071269678417593,False,True
lapchole__1799560,0045 - Laparoscopic Cholecystectomy.mp4,False,False,object_identification,fo_class,1.4139267429709435,False,False
lapchole__1822111,0045 - Laparoscopic Cholecystectomy.mp4,False,False,spatial_localization_camera,multiple_choice,1.1516563510522246,False,True
lapchole__1804306,0045 - Laparoscopic Cholecystectomy.mp4,False,False,object_aggregation,number,1.170393181964755,False,False
lapchole__1803034,0045 - Laparoscopic Cholecystectomy.mp4,False,False,object_aggregation,number,1.1853314428590238,False,True
lapchole__1822112,0045 - Laparoscopic Cholecystectomy.mp4,False,False,spatial_localization_camera,multiple_choice,1.1519901789724827,False,True
lapchole__1799577,0045 - Laparoscopic Cholecystectomy.mp4,False,False,object_identification,fo_class,1.1986854989081621,False,True
lapchole__1800388,0045 - Laparoscopic Cholecystectomy.mp4,False,False,object_identification,fo_class,1.4076566100120544,False,False
lapchole__1814149,0045 - Laparoscopic Cholecystectomy.mp4,False,False,object_identification,fo_class,1.2170682221185416,False,False
lapchole__1811363,0045 - Laparoscopic Cholecystectomy.mp4,False,False,spatial_localization_camera,open_ended,1.4067045720294118,False,True
lapchole__1822113,0045 - Laparoscopic Cholecystectomy.mp4,False,False,spatial_localization_camera,multiple_choice,1.1871775591280311,False,False
lapchole__1822114,0045 - Laparoscopic Cholecystectomy.mp4,False,False,spatial_localization_camera,multiple_choice,1.2650726879946887,False,True
lapchole__1814150,0045 - Laparoscopic Cholecystectomy.mp4,False,False,object_identification,fo_class,1.1540385838598013,False,False
lapchole__1803359,0045 - Laparoscopic Cholecystectomy.mp4,False,False,object_aggregation,number,1.1098182678688318,False,True
lapchole__1800397,0045 - Laparoscopic Cholecystectomy.mp4,False,False,object_identification,fo_class,1.1787344608455896,False,False
lapchole__1799595,0045 - Laparoscopic Cholecystectomy.mp4,False,False,object_identification,fo_class,1.1011984799988568,False,False
lapchole__1822115,0045 - Laparoscopic Cholecystectomy.mp4,False,False,spatial_localization_camera,multiple_choice,1.344103034120053,False,False
lapchole__1800411,0045 - Laparoscopic Cholecystectomy.mp4,False,False,object_identification,fo_class,1.2732488769106567,False,False
lapchole__1814153,0045 - Laparoscopic Cholecystectomy.mp4,False,False,object_identification,fo_class,1.204712132923305,False,True
lapchole__1806511,0045 - Laparoscopic Cholecystectomy.mp4,False,False,object_aggregation,binary,1.1786574611905962,False,True
lapchole__1799616,0045 - Laparoscopic Cholecystectomy.mp4,False,False,object_identification,fo_class,1.0958403539843857,False,True
lapchole__1822116,0045 - Laparoscopic Cholecystectomy.mp4,False,False,spatial_localization_camera,multiple_choice,1.2697049060370773,False,True
lapchole__1811369,0045 - Laparoscopic Cholecystectomy.mp4,False,False,spatial_localization_camera,open_ended,1.5163674599025398,False,False
lapchole__1804360,0045 - Laparoscopic Cholecystectomy.mp4,False,False,object_aggregation,number,1.236795641016215,False,False
lapchole__1822118,0045 - Laparoscopic Cholecystectomy.mp4,False,False,spatial_localization_camera,multiple_choice,1.2464521960355341,False,True
lapchole__1814138,0045 - Laparoscopic Cholecystectomy.mp4,False,False,object_identification,fo_class,1.2599969210568815,False,False
lapchole__1803106,0045 - Laparoscopic Cholecystectomy.mp4,False,False,object_aggregation,number,1.174008873058483,False,True
lapchole__1803417,0045 - Laparoscopic Cholecystectomy.mp4,False,False,object_aggregation,number,1.187002628808841,False,True
lapchole__1822121,0045 - Laparoscopic Cholecystectomy.mp4,False,False,spatial_localization_camera,multiple_choice,1.17968789790757,False,False
lapchole__1800464,0045 - Laparoscopic Cholecystectomy.mp4,False,False,object_identification,fo_class,1.2253674699459225,False,True
lapchole__1799663,0045 - Laparoscopic Cholecystectomy.mp4,False,False,object_identification,fo_class,1.2077994460705668,False,False
lapchole__1822122,0045 - Laparoscopic Cholecystectomy.mp4,False,False,spatial_localization_camera,multiple_choice,1.2434973940253258,False,False
lapchole__1822123,0045 - Laparoscopic Cholecystectomy.mp4,False,False,spatial_localization_camera,multiple_choice,1.2566605189349502,False,True
lapchole__1822125,0045 - Laparoscopic Cholecystectomy.mp4,False,False,spatial_localization_camera,multiple_choice,1.2753643519245088,False,False
lapchole__1822126,0045 - Laparoscopic Cholecystectomy.mp4,False,False,spatial_localization_camera,multiple_choice,1.4018493050243706,False,True
lapchole__1814140,0045 - Laparoscopic Cholecystectomy.mp4,False,False,object_identification,fo_class,1.3283567850012332,False,False
lapchole__1800525,0045 - Laparoscopic Cholecystectomy.mp4,False,False,object_identification,fo_class,1.378008026164025,False,False
lapchole__1799721,0045 - Laparoscopic Cholecystectomy.mp4,False,False,object_identification,fo_class,1.3287730240263045,False,False
lapchole__5023233,0045 - Laparoscopic Cholecystectomy.mp4,False,False,object_attributes,open_ended,1.2554931021295488,False,True
lapchole__1822127,0045 - Laparoscopic Cholecystectomy.mp4,False,False,spatial_localization_camera,multiple_choice,1.208695693872869,False,False
lapchole__1851134,0048 - Laparoscopic Cholecystectomy.mp4,False,False,object_aggregation,number,1.2859776939731091,False,False
lapchole__1881660,0048 - Laparoscopic Cholecystectomy.mp4,False,False,object_identification,fo_class,1.264996758196503,False,True
lapchole__1873798,0048 - Laparoscopic Cholecystectomy.mp4,False,False,spatial_localization_camera,open_ended,1.5410194359719753,False,True
lapchole__1907480,0048 - Laparoscopic Cholecystectomy.mp4,False,False,spatial_localization_camera,multiple_choice,1.3580908679869026,False,True
lapchole__1860085,0048 - Laparoscopic Cholecystectomy.mp4,False,False,object_aggregation,binary,1.1235248029697686,False,True
lapchole__1851782,0048 - Laparoscopic Cholecystectomy.mp4,False,False,object_aggregation,number,1.2353057849686593,False,True
lapchole__1841679,0048 - Laparoscopic Cholecystectomy.mp4,False,False,object_identification,fo_class,1.2463016861584038,False,True
lapchole__1845977,0048 - Laparoscopic Cholecystectomy.mp4,False,False,object_identification,fo_class,1.2712274920195341,False,False
lapchole__1853098,0048 - Laparoscopic Cholecystectomy.mp4,False,False,object_aggregation,number,1.1943533699959517,False,True
lapchole__1859823,0048 - Laparoscopic Cholecystectomy.mp4,False,False,object_aggregation,binary,1.2566983590368181,False,False
lapchole__1841815,0048 - Laparoscopic Cholecystectomy.mp4,False,False,object_identification,fo_class,1.2511236441787332,False,True
lapchole__1851928,0048 - Laparoscopic Cholecystectomy.mp4,False,False,object_aggregation,number,1.3805887999478728,False,False
lapchole__1907481,0048 - Laparoscopic Cholecystectomy.mp4,False,False,spatial_localization_camera,multiple_choice,1.2271911350544542,False,False
lapchole__1881737,0048 - Laparoscopic Cholecystectomy.mp4,False,False,object_identification,fo_class,1.21674246317707,False,True
lapchole__5023215,0048 - Laparoscopic Cholecystectomy.mp4,False,False,object_attributes,open_ended,1.3059445819817483,False,False
lapchole__1851521,0048 - Laparoscopic Cholecystectomy.mp4,False,False,object_aggregation,number,1.4168723169714212,False,False
lapchole__1907488,0048 - Laparoscopic Cholecystectomy.mp4,False,False,spatial_localization_camera,multiple_choice,1.5910385670140386,False,True
lapchole__1873812,0048 - Laparoscopic Cholecystectomy.mp4,False,False,spatial_localization_camera,open_ended,1.6384559948928654,False,False
lapchole__1907494,0048 - Laparoscopic Cholecystectomy.mp4,False,False,spatial_localization_camera,multiple_choice,1.2256705099716783,False,False
lapchole__1853334,0048 - Laparoscopic Cholecystectomy.mp4,False,False,object_aggregation,number,1.1442984400782734,False,True
lapchole__1907502,0048 - Laparoscopic Cholecystectomy.mp4,False,False,spatial_localization_camera,multiple_choice,1.2507787740323693,False,False
lapchole__1846235,0048 - Laparoscopic Cholecystectomy.mp4,False,False,object_identification,fo_class,1.2607864488381892,False,False
lapchole__1907549,0048 - Laparoscopic Cholecystectomy.mp4,False,False,spatial_localization_camera,multiple_choice,1.1525984781328589,False,True
lapchole__1907576,0048 - Laparoscopic Cholecystectomy.mp4,False,False,spatial_localization_camera,multiple_choice,1.199747656006366,False,True
lapchole__1907585,0048 - Laparoscopic Cholecystectomy.mp4,False,False,spatial_localization_camera,multiple_choice,1.1893227039836347,False,True
lapchole__1846222,0048 - Laparoscopic Cholecystectomy.mp4,False,False,object_identification,fo_class,1.1313985921442509,False,True
lapchole__1853423,0048 - Laparoscopic Cholecystectomy.mp4,False,False,object_aggregation,number,1.0998626539949328,False,True
lapchole__1841752,0048 - Laparoscopic Cholecystectomy.mp4,False,False,object_identification,fo_class,1.1478917100466788,False,True
lapchole__1851467,0048 - Laparoscopic Cholecystectomy.mp4,False,False,object_aggregation,number,1.109399288892746,False,True
lapchole__1881697,0048 - Laparoscopic Cholecystectomy.mp4,False,False,object_identification,fo_class,1.1422950748819858,False,True
lapchole__1853472,0048 - Laparoscopic Cholecystectomy.mp4,False,False,object_aggregation,number,1.1239815910812467,False,False
lapchole__1851311,0048 - Laparoscopic Cholecystectomy.mp4,False,False,object_aggregation,number,1.1334579482208937,False,False
lapchole__1851615,0048 - Laparoscopic Cholecystectomy.mp4,False,False,object_aggregation,number,1.1558930890168995,False,True
lapchole__1853490,0048 - Laparoscopic Cholecystectomy.mp4,False,False,object_aggregation,number,1.1005199120845646,False,True
lapchole__1846028,0048 - Laparoscopic Cholecystectomy.mp4,False,False,object_identification,fo_class,1.1204407110344619,False,True
lapchole__1875148,0048 - Laparoscopic Cholecystectomy.mp4,False,False,object_aggregation,binary,1.098462387919426,False,True
lapchole__1851202,0048 - Laparoscopic Cholecystectomy.mp4,False,False,object_aggregation,number,1.1140278379898518,False,False
lapchole__1881743,0048 - Laparoscopic Cholecystectomy.mp4,False,False,object_identification,fo_class,1.0866144578903913,False,True
lapchole__1853528,0048 - Laparoscopic Cholecystectomy.mp4,False,False,object_aggregation,number,1.1645262269303203,False,False
lapchole__1851492,0048 - Laparoscopic Cholecystectomy.mp4,False,False,object_aggregation,number,1.2172866410110146,False,False
lapchole__1853529,0048 - Laparoscopic Cholecystectomy.mp4,False,False,object_aggregation,number,1.3747932149562985,False,False
lapchole__1853531,0048 - Laparoscopic Cholecystectomy.mp4,False,False,object_aggregation,number,1.255176663165912,False,False
lapchole__1853537,0048 - Laparoscopic Cholecystectomy.mp4,False,False,object_aggregation,number,1.3813525680452585,False,False
lapchole__1830594,0048 - Laparoscopic Cholecystectomy.mp4,False,False,object_identification,fo_class,1.6638926700688899,False,True
lapchole__1846018,0048 - Laparoscopic Cholecystectomy.mp4,False,False,object_identification,fo_class,1.1573641148861498,False,False
lapchole__1898185,0048 - Laparoscopic Cholecystectomy.mp4,False,False,spatial_localization_camera,fo_class,1.1010720110498369,False,True
lapchole__1851927,0048 - Laparoscopic Cholecystectomy.mp4,False,False,object_aggregation,number,1.086184148909524,False,False
lapchole__1845874,0048 - Laparoscopic Cholecystectomy.mp4,False,False,object_identification,fo_class,1.0979948088061064,False,False
lapchole__1830597,0048 - Laparoscopic Cholecystectomy.mp4,False,False,object_identification,fo_class,1.3371236219536513,False,True
lapchole__1898186,0048 - Laparoscopic Cholecystectomy.mp4,False,False,spatial_localization_camera,fo_class,1.0806648330762982,False,True
lapchole__1881573,0048 - Laparoscopic Cholecystectomy.mp4,False,False,object_identification,fo_class,1.2965312669984996,False,False
lapchole__1881574,0048 - Laparoscopic Cholecystectomy.mp4,False,False,object_identification,fo_class,1.1523965680971742,False,False
lapchole__1841991,0048 - Laparoscopic Cholecystectomy.mp4,False,False,object_identification,fo_class,1.2927037570625544,False,True
lapchole__5025200,0048 - Laparoscopic Cholecystectomy.mp4,False,False,object_attributes,open_ended,1.2116735549643636,False,False
lapchole__1845929,0048 - Laparoscopic Cholecystectomy.mp4,False,False,object_identification,fo_class,1.25178632279858,False,True
lapchole__1841876,0048 - Laparoscopic Cholecystectomy.mp4,False,False,object_identification,fo_class,1.199574566911906,False,True
lapchole__1830598,0048 - Laparoscopic Cholecystectomy.mp4,False,False,object_identification,fo_class,1.475384826073423,False,False
lapchole__1846191,0048 - Laparoscopic Cholecystectomy.mp4,False,False,object_identification,fo_class,1.3158096969127655,False,False
lapchole__5025201,0048 - Laparoscopic Cholecystectomy.mp4,False,False,object_attributes,open_ended,1.2216716101393104,False,True
lapchole__1898187,0048 - Laparoscopic Cholecystectomy.mp4,False,False,spatial_localization_camera,fo_class,1.2166216729674488,False,False
lapchole__1898189,0048 - Laparoscopic Cholecystectomy.mp4,False,False,spatial_localization_camera,fo_class,1.1177228081505746,False,False
lapchole__1846100,0048 - Laparoscopic Cholecystectomy.mp4,False,False,object_identification,fo_class,1.2426037860568613,False,False
lapchole__5023223,0048 - Laparoscopic Cholecystectomy.mp4,False,False,object_attributes,open_ended,1.3220906308852136,False,True
lapchole__1851435,0048 - Laparoscopic Cholecystectomy.mp4,False,False,object_aggregation,number,1.1663962819147855,False,True
lapchole__1851653,0048 - Laparoscopic Cholecystectomy.mp4,False,False,object_aggregation,number,1.1157291429117322,False,False
lapchole__5023224,0048 - Laparoscopic Cholecystectomy.mp4,False,False,object_attributes,open_ended,1.1546849720180035,False,False
lapchole__1875225,0048 - Laparoscopic Cholecystectomy.mp4,False,False,object_aggregation,binary,1.1197079729754478,False,True
lapchole__1860687,0048 - Laparoscopic Cholecystectomy.mp4,False,False,object_aggregation,binary,1.1230837639886886,False,False
lapchole__1830643,0048 - Laparoscopic Cholecystectomy.mp4,False,False,object_identification,fo_class,1.3662724571768194,False,True
lapchole__1846168,0048 - Laparoscopic Cholecystectomy.mp4,False,False,object_identification,fo_class,1.2248147721402347,False,True
lapchole__1841938,0048 - Laparoscopic Cholecystectomy.mp4,False,False,object_identification,fo_class,1.167195790912956,False,False
lapchole__5024098,0048 - Laparoscopic Cholecystectomy.mp4,False,False,spatial_localization_situs,open_ended,1.1497593950480223,False,True
lapchole__1881603,0048 - Laparoscopic Cholecystectomy.mp4,False,False,object_identification,fo_class,1.285475135082379,False,True
lapchole__5025202,0048 - Laparoscopic Cholecystectomy.mp4,False,False,object_attributes,open_ended,1.2627015940379351,False,False
lapchole__1841801,0048 - Laparoscopic Cholecystectomy.mp4,False,False,object_identification,fo_class,1.2342531168833375,False,True
lapchole__1846000,0048 - Laparoscopic Cholecystectomy.mp4,False,False,object_identification,fo_class,1.2882420991081744,False,True
lapchole__1881658,0048 - Laparoscopic Cholecystectomy.mp4,False,False,object_identification,fo_class,1.2473763930611312,False,True
lapchole__1841853,0048 - Laparoscopic Cholecystectomy.mp4,False,False,object_identification,fo_class,1.240567081142217,False,True
lapchole__1853629,0048 - Laparoscopic Cholecystectomy.mp4,False,False,object_aggregation,number,1.1986117889173329,False,False
lapchole__1853661,0048 - Laparoscopic Cholecystectomy.mp4,False,False,object_aggregation,number,1.28849298809655,False,False
lapchole__2434701,0060 - Laparoscopic Cholecystectomy.mp4,False,False,object_aggregation,number,1.0745094891171902,False,True
lapchole__2469787,0060 - Laparoscopic Cholecystectomy.mp4,False,False,object_identification,fo_class,1.1222773760091513,False,False
lapchole__2443372,0060 - Laparoscopic Cholecystectomy.mp4,False,False,object_aggregation,binary,1.0589458490721881,False,True
lapchole__2424430,0060 - Laparoscopic Cholecystectomy.mp4,False,False,object_identification,fo_class,1.1512208620551974,False,True
lapchole__2432991,0060 - Laparoscopic Cholecystectomy.mp4,False,False,object_aggregation,number,1.1462608438450843,False,False
lapchole__2427337,0060 - Laparoscopic Cholecystectomy.mp4,False,False,object_identification,fo_class,1.2335044289939106,False,False
lapchole__2459460,0060 - Laparoscopic Cholecystectomy.mp4,False,False,spatial_localization_camera,open_ended,1.4419193419162184,False,True
lapchole__2433035,0060 - Laparoscopic Cholecystectomy.mp4,False,False,object_aggregation,number,1.1273843329399824,False,True
lapchole__2433535,0060 - Laparoscopic Cholecystectomy.mp4,False,False,object_aggregation,number,1.1008315309882164,False,True
lapchole__5023937,0060 - Laparoscopic Cholecystectomy.mp4,False,False,object_attributes,open_ended,1.2372243700083345,False,True
lapchole__2427389,0060 - Laparoscopic Cholecystectomy.mp4,False,False,object_identification,fo_class,1.0760014150291681,False,False
lapchole__2460838,0060 - Laparoscopic Cholecystectomy.mp4,False,False,object_aggregation,binary,1.0953715960495174,False,True
lapchole__2442464,0060 - Laparoscopic Cholecystectomy.mp4,False,False,object_aggregation,binary,0.998753824038431,False,True
lapchole__2427397,0060 - Laparoscopic Cholecystectomy.mp4,False,False,object_identification,fo_class,0.9994849530048668,False,True
lapchole__2424506,0060 - Laparoscopic Cholecystectomy.mp4,False,False,object_identification,fo_class,1.0929056720342487,False,True
lapchole__2487237,0060 - Laparoscopic Cholecystectomy.mp4,False,False,spatial_localization_camera,fo_class,1.0638839059974998,False,False
lapchole__2433587,0060 - Laparoscopic Cholecystectomy.mp4,False,False,object_aggregation,number,1.053386364132166,False,False
lapchole__2411784,0060 - Laparoscopic Cholecystectomy.mp4,False,False,object_identification,fo_class,1.2589571729768068,False,False
lapchole__2433091,0060 - Laparoscopic Cholecystectomy.mp4,False,False,object_aggregation,number,1.109091421123594,False,False
lapchole__2434865,0060 - Laparoscopic Cholecystectomy.mp4,False,False,object_aggregation,number,1.0275610701646656,False,False
lapchole__2460854,0060 - Laparoscopic Cholecystectomy.mp4,False,False,object_aggregation,binary,1.0807290631346405,False,False
lapchole__2427622,0060 - Laparoscopic Cholecystectomy.mp4,False,False,object_identification,fo_class,1.2126325031276792,False,False
lapchole__2459586,0060 - Laparoscopic Cholecystectomy.mp4,False,False,spatial_localization_camera,open_ended,1.4875354040414095,False,True
lapchole__2469959,0060 - Laparoscopic Cholecystectomy.mp4,False,False,object_identification,fo_class,1.2450621100142598,False,True
lapchole__2487245,0060 - Laparoscopic Cholecystectomy.mp4,False,False,spatial_localization_camera,fo_class,1.1462327239569277,False,True
lapchole__2424784,0060 - Laparoscopic Cholecystectomy.mp4,False,False,object_identification,fo_class,1.023885249858722,False,True
lapchole__2427720,0060 - Laparoscopic Cholecystectomy.mp4,False,False,object_identification,fo_class,1.091536045074463,False,True
lapchole__2424794,0060 - Laparoscopic Cholecystectomy.mp4,False,False,object_identification,fo_class,1.1538934151176363,False,True
lapchole__2411789,0060 - Laparoscopic Cholecystectomy.mp4,False,False,object_identification,fo_class,1.1503329928964376,False,True
lapchole__2427717,0060 - Laparoscopic Cholecystectomy.mp4,False,False,object_identification,fo_class,1.2004673350602388,False,True
lapchole__5026834,0060 - Laparoscopic Cholecystectomy.mp4,False,False,object_identification,fo_class,1.1773299139458686,False,True
lapchole__2487257,0060 - Laparoscopic Cholecystectomy.mp4,False,False,spatial_localization_camera,fo_class,1.2024438688531518,False,False
lapchole__2435577,0060 - Laparoscopic Cholecystectomy.mp4,False,False,object_aggregation,number,1.1143921760376543,False,False
lapchole__2469817,0060 - Laparoscopic Cholecystectomy.mp4,False,False,object_identification,fo_class,1.108442282071337,False,True
lapchole__2435645,0060 - Laparoscopic Cholecystectomy.mp4,False,False,object_aggregation,number,1.0779443511273712,False,False
lapchole__2435651,0060 - Laparoscopic Cholecystectomy.mp4,False,False,object_aggregation,number,1.1007275010924786,False,False
lapchole__2433318,0060 - Laparoscopic Cholecystectomy.mp4,False,False,object_aggregation,number,1.1213769188616425,False,False
lapchole__2435665,0060 - Laparoscopic Cholecystectomy.mp4,False,False,object_aggregation,number,1.1004180719610304,False,False
lapchole__2433341,0060 - Laparoscopic Cholecystectomy.mp4,False,False,object_aggregation,number,1.0904688579030335,False,False
lapchole__2433280,0060 - Laparoscopic Cholecystectomy.mp4,False,False,object_aggregation,number,1.0991874260362238,False,False
lapchole__2469752,0060 - Laparoscopic Cholecystectomy.mp4,False,False,object_identification,fo_class,1.1127552499528974,False,True
lapchole__2427256,0060 - Laparoscopic Cholecystectomy.mp4,False,False,object_identification,fo_class,1.1638882390689105,False,False
lapchole__2412097,0060 - Laparoscopic Cholecystectomy.mp4,False,False,object_identification,fo_class,1.5146221939940006,False,False
lapchole__2427693,0060 - Laparoscopic Cholecystectomy.mp4,False,False,object_identification,fo_class,1.5192469630856067,False,False
lapchole__2412106,0060 - Laparoscopic Cholecystectomy.mp4,False,False,object_identification,fo_class,1.2142370392102748,False,False
lapchole__2412113,0060 - Laparoscopic Cholecystectomy.mp4,False,False,object_identification,fo_class,1.479829503921792,False,True
lapchole__2412118,0060 - Laparoscopic Cholecystectomy.mp4,False,False,object_identification,fo_class,1.483481114031747,False,True
lapchole__5025225,0060 - Laparoscopic Cholecystectomy.mp4,False,False,object_attributes,open_ended,1.2841742089949548,False,False
lapchole__2433720,0060 - Laparoscopic Cholecystectomy.mp4,False,False,object_aggregation,number,1.1303216451779008,False,False
lapchole__5023945,0060 - Laparoscopic Cholecystectomy.mp4,False,False,object_attributes,open_ended,1.1642680380027741,False,True
lapchole__2427323,0060 - Laparoscopic Cholecystectomy.mp4,False,False,object_identification,fo_class,1.4186866520904005,False,True
lapchole__2495547,0060 - Laparoscopic Cholecystectomy.mp4,False,False,spatial_localization_camera,multiple_choice,1.2648174981586635,False,True
lapchole__2412141,0060 - Laparoscopic Cholecystectomy.mp4,False,False,object_identification,fo_class,1.5303327040746808,False,True
lapchole__2412143,0060 - Laparoscopic Cholecystectomy.mp4,False,False,object_identification,fo_class,1.4008489579427987,False,True
lapchole__2427228,0060 - Laparoscopic Cholecystectomy.mp4,False,False,object_identification,fo_class,1.406512093031779,False,True
lapchole__2427258,0060 - Laparoscopic Cholecystectomy.mp4,False,False,object_identification,fo_class,1.4975563178304583,False,True
lapchole__2412161,0060 - Laparoscopic Cholecystectomy.mp4,False,False,object_identification,fo_class,1.508812669897452,False,False
lapchole__2495411,0060 - Laparoscopic Cholecystectomy.mp4,False,False,spatial_localization_camera,multiple_choice,1.0705878490116447,False,True
lapchole__5023947,0060 - Laparoscopic Cholecystectomy.mp4,False,False,object_attributes,open_ended,1.0713732969015837,False,True
lapchole__2427612,0060 - Laparoscopic Cholecystectomy.mp4,False,False,object_identification,fo_class,1.267241531983018,False,False
lapchole__2424751,0060 - Laparoscopic Cholecystectomy.mp4,False,False,object_identification,fo_class,1.192392106167972,False,True
lapchole__2427393,0060 - Laparoscopic Cholecystectomy.mp4,False,False,object_identification,fo_class,1.2759478990919888,False,False
lapchole__2427371,0060 - Laparoscopic Cholecystectomy.mp4,False,False,object_identification,fo_class,1.5378095649648458,False,False
lapchole__2469762,0060 - Laparoscopic Cholecystectomy.mp4,False,False,object_identification,fo_class,1.615121465176344,False,True
lapchole__5023949,0060 - Laparoscopic Cholecystectomy.mp4,False,False,object_attributes,open_ended,1.4300799628254026,False,False
lapchole__2412235,0060 - Laparoscopic Cholecystectomy.mp4,False,False,object_identification,fo_class,1.3056361831258982,False,False
lapchole__2412264,0060 - Laparoscopic Cholecystectomy.mp4,False,False,object_identification,fo_class,1.5296084959991276,False,False
lapchole__2427550,0060 - Laparoscopic Cholecystectomy.mp4,False,False,object_identification,fo_class,1.3889543579425663,False,False
lapchole__2412160,0060 - Laparoscopic Cholecystectomy.mp4,False,False,object_identification,fo_class,1.2433867240324616,False,False
lapchole__2495459,0060 - Laparoscopic Cholecystectomy.mp4,False,False,spatial_localization_camera,multiple_choice,1.1634775998536497,False,True
lapchole__2469849,0060 - Laparoscopic Cholecystectomy.mp4,False,False,object_identification,fo_class,1.146621973020956,False,True
lapchole__2424453,0060 - Laparoscopic Cholecystectomy.mp4,False,False,object_identification,fo_class,1.1860680810641497,False,True
lapchole__2487437,0060 - Laparoscopic Cholecystectomy.mp4,False,False,spatial_localization_camera,fo_class,1.2009883730206639,False,True
lapchole__2427676,0060 - Laparoscopic Cholecystectomy.mp4,False,False,object_identification,fo_class,1.3589765059296042,False,False
lapchole__2427543,0060 - Laparoscopic Cholecystectomy.mp4,False,False,object_identification,fo_class,1.3962961100041866,False,False
lapchole__2412254,0060 - Laparoscopic Cholecystectomy.mp4,False,False,object_identification,fo_class,1.50431666104123,False,False
lapchole__2411975,0060 - Laparoscopic Cholecystectomy.mp4,False,False,object_identification,fo_class,1.4998020818457007,False,False
lapchole__2427512,0060 - Laparoscopic Cholecystectomy.mp4,False,False,object_identification,fo_class,1.4095802349038422,False,False
lapchole__2427608,0060 - Laparoscopic Cholecystectomy.mp4,False,False,object_identification,fo_class,1.5073272141162306,False,False
lapchole__2495489,0060 - Laparoscopic Cholecystectomy.mp4,False,False,spatial_localization_camera,multiple_choice,1.1606056781020015,False,True
lapchole__2487475,0060 - Laparoscopic Cholecystectomy.mp4,False,False,spatial_localization_camera,fo_class,1.1926928940229118,False,False
lapchole__2517871,0061 - Laparoscopic Cholecystectomy.mp4,False,False,object_aggregation,number,1.224398713093251,False,False
lapchole__2510060,0061 - Laparoscopic Cholecystectomy.mp4,False,False,object_identification,fo_class,1.1787064410746098,False,False
lapchole__2519510,0061 - Laparoscopic Cholecystectomy.mp4,False,False,object_aggregation,number,1.0838711250107735,False,True
lapchole__2512748,0061 - Laparoscopic Cholecystectomy.mp4,False,False,object_identification,fo_class,1.1826704698614776,False,True
lapchole__2518413,0061 - Laparoscopic Cholecystectomy.mp4,False,False,object_aggregation,number,1.1262069961521775,False,True
lapchole__2517922,0061 - Laparoscopic Cholecystectomy.mp4,False,False,object_aggregation,number,1.1288331088144332,False,False
lapchole__2561926,0061 - Laparoscopic Cholecystectomy.mp4,False,False,spatial_localization_camera,multiple_choice,1.1353673019912094,False,True
lapchole__2536701,0061 - Laparoscopic Cholecystectomy.mp4,False,False,spatial_localization_camera,open_ended,1.3375684609636664,False,True
lapchole__2512881,0061 - Laparoscopic Cholecystectomy.mp4,False,False,object_identification,fo_class,1.112665421096608,False,False
lapchole__2543739,0061 - Laparoscopic Cholecystectomy.mp4,False,False,object_identification,fo_class,1.0729809829499573,False,True
lapchole__2525189,0061 - Laparoscopic Cholecystectomy.mp4,False,False,object_aggregation,binary,1.121912526898086,False,True
lapchole__2510295,0061 - Laparoscopic Cholecystectomy.mp4,False,False,object_identification,fo_class,1.1763133369386196,False,True
lapchole__5026837,0061 - Laparoscopic Cholecystectomy.mp4,False,False,object_identification,fo_class,1.1604683978948742,False,True
lapchole__2536836,0061 - Laparoscopic Cholecystectomy.mp4,False,False,spatial_localization_camera,open_ended,1.448198355967179,False,True
lapchole__2518689,0061 - Laparoscopic Cholecystectomy.mp4,False,False,object_aggregation,number,1.0410409457981586,False,True
lapchole__2562075,0061 - Laparoscopic Cholecystectomy.mp4,False,False,spatial_localization_camera,multiple_choice,1.1510985409840941,False,True
lapchole__2543836,0061 - Laparoscopic Cholecystectomy.mp4,False,False,object_identification,fo_class,1.1720640680287033,False,True
lapchole__2562099,0061 - Laparoscopic Cholecystectomy.mp4,False,False,spatial_localization_camera,multiple_choice,1.1342831749934703,False,True
lapchole__2519990,0061 - Laparoscopic Cholecystectomy.mp4,False,False,object_aggregation,number,1.0354607999324799,False,True
lapchole__2513192,0061 - Laparoscopic Cholecystectomy.mp4,False,False,object_identification,fo_class,1.1674666600301862,False,True
lapchole__2518304,0061 - Laparoscopic Cholecystectomy.mp4,False,False,object_aggregation,number,1.0328397259581834,False,False
lapchole__2501605,0061 - Laparoscopic Cholecystectomy.mp4,False,False,object_identification,fo_class,1.2954732701182365,False,True
lapchole__2518120,0061 - Laparoscopic Cholecystectomy.mp4,False,False,object_aggregation,number,1.201601950917393,False,False
lapchole__2517927,0061 - Laparoscopic Cholecystectomy.mp4,False,False,object_aggregation,number,1.109186289831996,False,False
lapchole__5023111,0061 - Laparoscopic Cholecystectomy.mp4,False,False,object_attributes,open_ended,1.11017622705549,False,True
lapchole__2517945,0061 - Laparoscopic Cholecystectomy.mp4,False,False,object_aggregation,number,1.0627980090212077,False,False
lapchole__2518283,0061 - Laparoscopic Cholecystectomy.mp4,False,False,object_aggregation,number,1.1087417409289628,False,False
lapchole__2518188,0061 - Laparoscopic Cholecystectomy.mp4,False,False,object_aggregation,number,1.0829080378171057,False,False
lapchole__2556790,0061 - Laparoscopic Cholecystectomy.mp4,False,False,spatial_localization_camera,fo_class,1.0982282678596675,False,True
lapchole__2518778,0061 - Laparoscopic Cholecystectomy.mp4,False,False,object_aggregation,number,1.1015726001933217,False,False
lapchole__2538139,0061 - Laparoscopic Cholecystectomy.mp4,False,False,object_aggregation,binary,1.216779711889103,False,False
lapchole__2520079,0061 - Laparoscopic Cholecystectomy.mp4,False,False,object_aggregation,number,1.0099273659288883,False,False
lapchole__2543902,0061 - Laparoscopic Cholecystectomy.mp4,False,False,object_identification,fo_class,1.089482709998265,False,True
lapchole__2520093,0061 - Laparoscopic Cholecystectomy.mp4,False,False,object_aggregation,number,1.1110102550592273,False,False
lapchole__2538157,0061 - Laparoscopic Cholecystectomy.mp4,False,False,object_aggregation,binary,1.0961469339672476,False,True
lapchole__2520097,0061 - Laparoscopic Cholecystectomy.mp4,False,False,object_aggregation,number,1.196898854104802,False,False
lapchole__2517892,0061 - Laparoscopic Cholecystectomy.mp4,False,False,object_aggregation,number,1.0888984128832817,False,False
lapchole__2513022,0061 - Laparoscopic Cholecystectomy.mp4,False,False,object_identification,fo_class,1.1919732459355146,False,True
lapchole__2518291,0061 - Laparoscopic Cholecystectomy.mp4,False,False,object_aggregation,number,1.0989102460443974,False,False
lapchole__2520103,0061 - Laparoscopic Cholecystectomy.mp4,False,False,object_aggregation,number,1.0275139608420432,False,False
lapchole__2517917,0061 - Laparoscopic Cholecystectomy.mp4,False,False,object_aggregation,number,1.0806241331156343,False,False
lapchole__2501701,0061 - Laparoscopic Cholecystectomy.mp4,False,False,object_identification,fo_class,1.4677879351656884,False,False
lapchole__2524393,0061 - Laparoscopic Cholecystectomy.mp4,False,False,object_aggregation,binary,1.0412810849957168,False,True
lapchole__2562168,0061 - Laparoscopic Cholecystectomy.mp4,False,False,spatial_localization_camera,multiple_choice,1.0745376390405,False,False
lapchole__2556801,0061 - Laparoscopic Cholecystectomy.mp4,False,False,spatial_localization_camera,fo_class,1.173033265164122,False,True
lapchole__2543924,0061 - Laparoscopic Cholecystectomy.mp4,False,False,object_identification,fo_class,1.143541021971032,False,True
lapchole__2518275,0061 - Laparoscopic Cholecystectomy.mp4,False,False,object_aggregation,number,1.0196130899712443,False,False
lapchole__2518819,0061 - Laparoscopic Cholecystectomy.mp4,False,False,object_aggregation,number,1.088834413094446,False,False
lapchole__5023113,0061 - Laparoscopic Cholecystectomy.mp4,False,False,object_attributes,open_ended,1.2271643949206918,False,True
lapchole__2518196,0061 - Laparoscopic Cholecystectomy.mp4,False,False,object_aggregation,number,1.0547162611037493,False,True
lapchole__2517874,0061 - Laparoscopic Cholecystectomy.mp4,False,False,object_aggregation,number,1.0366423758678138,False,False
lapchole__2513053,0061 - Laparoscopic Cholecystectomy.mp4,False,False,object_identification,fo_class,1.064504844835028,False,True
lapchole__2556802,0061 - Laparoscopic Cholecystectomy.mp4,False,False,spatial_localization_camera,fo_class,1.1826799809932709,False,False
lapchole__2512984,0061 - Laparoscopic Cholecystectomy.mp4,False,False,object_identification,fo_class,1.1175618779379874,False,False
lapchole__2562182,0061 - Laparoscopic Cholecystectomy.mp4,False,False,spatial_localization_camera,multiple_choice,1.1556352521292865,False,False
lapchole__2512860,0061 - Laparoscopic Cholecystectomy.mp4,False,False,object_identification,fo_class,1.0622531110420823,False,False
lapchole__2543622,0061 - Laparoscopic Cholecystectomy.mp4,False,False,object_identification,fo_class,1.0979941401164979,False,False
lapchole__2543623,0061 - Laparoscopic Cholecystectomy.mp4,False,False,object_identification,fo_class,1.0187553721480072,False,False
lapchole__2562202,0061 - Laparoscopic Cholecystectomy.mp4,False,False,spatial_localization_camera,multiple_choice,1.14952372899279,False,False
lapchole__2562203,0061 - Laparoscopic Cholecystectomy.mp4,False,False,spatial_localization_camera,multiple_choice,1.1710485541261733,False,False
lapchole__5025226,0061 - Laparoscopic Cholecystectomy.mp4,False,False,object_attributes,open_ended,1.0355082089081407,False,True
lapchole__2510160,0061 - Laparoscopic Cholecystectomy.mp4,False,False,object_identification,fo_class,1.2204364880453795,False,False
lapchole__2510465,0061 - Laparoscopic Cholecystectomy.mp4,False,False,object_identification,fo_class,1.0208666361868382,False,False
lapchole__2512814,0061 - Laparoscopic Cholecystectomy.mp4,False,False,object_identification,fo_class,1.057547293836251,False,False
lapchole__2501739,0061 - Laparoscopic Cholecystectomy.mp4,False,False,object_identification,fo_class,1.4787392090074718,False,True
lapchole__5023117,0061 - Laparoscopic Cholecystectomy.mp4,False,False,object_attributes,open_ended,1.223206530092284,False,False
lapchole__5025227,0061 - Laparoscopic Cholecystectomy.mp4,False,False,object_attributes,open_ended,1.2640058968681842,False,True
lapchole__5023119,0061 - Laparoscopic Cholecystectomy.mp4,False,False,object_attributes,open_ended,1.2298496239818633,False,False
lapchole__2512947,0061 - Laparoscopic Cholecystectomy.mp4,False,False,object_identification,fo_class,1.2279635381419212,False,False
lapchole__5023121,0061 - Laparoscopic Cholecystectomy.mp4,False,False,object_attributes,open_ended,1.2681438771542162,False,True
lapchole__2512923,0061 - Laparoscopic Cholecystectomy.mp4,False,False,object_identification,fo_class,1.4344073419924825,False,True
lapchole__5025228,0061 - Laparoscopic Cholecystectomy.mp4,False,False,object_attributes,open_ended,1.1576499370858073,False,False
lapchole__2501757,0061 - Laparoscopic Cholecystectomy.mp4,False,False,object_identification,fo_class,1.4240350590553135,False,True
lapchole__2513136,0061 - Laparoscopic Cholecystectomy.mp4,False,False,object_identification,fo_class,1.3365771321114153,False,True
lapchole__2510481,0061 - Laparoscopic Cholecystectomy.mp4,False,False,object_identification,fo_class,1.203397230943665,False,True
lapchole__2512884,0061 - Laparoscopic Cholecystectomy.mp4,False,False,object_identification,fo_class,1.2632684588897973,False,True
lapchole__2510441,0061 - Laparoscopic Cholecystectomy.mp4,False,False,object_identification,fo_class,1.1620693958830088,False,False
lapchole__2543619,0061 - Laparoscopic Cholecystectomy.mp4,False,False,object_identification,fo_class,1.1632698341272771,False,True
lapchole__2562199,0061 - Laparoscopic Cholecystectomy.mp4,False,False,spatial_localization_camera,multiple_choice,1.143015705049038,False,True
lapchole__2543620,0061 - Laparoscopic Cholecystectomy.mp4,False,False,object_identification,fo_class,1.8633581278845668,False,True
lapchole__5025229,0061 - Laparoscopic Cholecystectomy.mp4,False,False,object_attributes,open_ended,1.4321382578928024,False,False
lapchole__2662432,0065 - Laparoscopic Cholecystectomy.mp4,False,False,object_identification,fo_class,1.4722410759422928,False,True
lapchole__2663267,0065 - Laparoscopic Cholecystectomy.mp4,False,False,object_identification,fo_class,1.4119207600597292,False,True
lapchole__2665862,0065 - Laparoscopic Cholecystectomy.mp4,False,False,object_aggregation,number,1.49116456694901,False,True
lapchole__2667467,0065 - Laparoscopic Cholecystectomy.mp4,False,False,object_aggregation,number,1.411387741100043,False,False
lapchole__2665923,0065 - Laparoscopic Cholecystectomy.mp4,False,False,object_aggregation,number,1.2905042490456253,False,False
lapchole__2667503,0065 - Laparoscopic Cholecystectomy.mp4,False,False,object_aggregation,number,1.1848294490482658,False,False
lapchole__2666426,0065 - Laparoscopic Cholecystectomy.mp4,False,False,object_aggregation,number,1.1088010619860142,False,True
lapchole__2665932,0065 - Laparoscopic Cholecystectomy.mp4,False,False,object_aggregation,number,1.0684676358941942,False,False
lapchole__2667512,0065 - Laparoscopic Cholecystectomy.mp4,False,False,object_aggregation,number,1.142698256066069,False,False
lapchole__2676858,0065 - Laparoscopic Cholecystectomy.mp4,False,False,object_aggregation,binary,1.1011528021190315,False,True
lapchole__2667540,0065 - Laparoscopic Cholecystectomy.mp4,False,False,object_aggregation,number,1.0943988689687103,False,False
lapchole__2670411,0065 - Laparoscopic Cholecystectomy.mp4,False,False,object_aggregation,binary,1.1052271712105721,False,True
lapchole__2665983,0065 - Laparoscopic Cholecystectomy.mp4,False,False,object_aggregation,number,1.1789215139579028,False,True
lapchole__5025237,0065 - Laparoscopic Cholecystectomy.mp4,False,False,object_aggregation,number,1.1095110708847642,False,True
lapchole__2666001,0065 - Laparoscopic Cholecystectomy.mp4,False,False,object_aggregation,number,1.1086311731487513,False,False
lapchole__2667594,0065 - Laparoscopic Cholecystectomy.mp4,False,False,object_aggregation,number,1.16800277098082,False,True
lapchole__2666527,0065 - Laparoscopic Cholecystectomy.mp4,False,False,object_aggregation,number,1.1335196401923895,False,True
lapchole__2666031,0065 - Laparoscopic Cholecystectomy.mp4,False,False,object_aggregation,number,1.1019838189240545,False,False
lapchole__2676966,0065 - Laparoscopic Cholecystectomy.mp4,False,False,object_aggregation,binary,1.1660981869790703,False,True
lapchole__2667645,0065 - Laparoscopic Cholecystectomy.mp4,False,False,object_aggregation,number,1.2125636979471892,False,False
lapchole__2667660,0065 - Laparoscopic Cholecystectomy.mp4,False,False,object_aggregation,number,1.1211751198861748,False,False
lapchole__2670267,0065 - Laparoscopic Cholecystectomy.mp4,False,False,object_aggregation,binary,1.158847585087642,False,False
lapchole__2667692,0065 - Laparoscopic Cholecystectomy.mp4,False,False,object_aggregation,number,1.1324124420061707,False,True
lapchole__2663531,0065 - Laparoscopic Cholecystectomy.mp4,False,False,object_identification,fo_class,1.121713429922238,False,True
lapchole__2666127,0065 - Laparoscopic Cholecystectomy.mp4,False,False,object_aggregation,number,1.0831059678457677,False,True
lapchole__2667710,0065 - Laparoscopic Cholecystectomy.mp4,False,False,object_aggregation,number,1.4509989698417485,False,False
lapchole__2679277,0065 - Laparoscopic Cholecystectomy.mp4,False,False,object_identification,fo_class,1.1317926840856671,False,True
lapchole__2666150,0065 - Laparoscopic Cholecystectomy.mp4,False,False,object_aggregation,number,1.035381109220907,False,False
lapchole__2667730,0065 - Laparoscopic Cholecystectomy.mp4,False,False,object_aggregation,number,1.1638193430844694,False,False
lapchole__2675722,0065 - Laparoscopic Cholecystectomy.mp4,False,False,spatial_localization_camera,open_ended,1.8866940690204501,False,False
lapchole__2666172,0065 - Laparoscopic Cholecystectomy.mp4,False,False,object_aggregation,number,1.1349607061129063,False,False
lapchole__2667753,0065 - Laparoscopic Cholecystectomy.mp4,False,False,object_aggregation,number,1.0892521620262414,False,False
lapchole__2679310,0065 - Laparoscopic Cholecystectomy.mp4,False,False,object_identification,fo_class,1.176074500894174,False,True
lapchole__2662519,0065 - Laparoscopic Cholecystectomy.mp4,False,False,object_identification,fo_class,1.1193493860773742,False,True
lapchole__2675760,0065 - Laparoscopic Cholecystectomy.mp4,False,False,spatial_localization_camera,open_ended,1.4604743048548698,False,False
lapchole__2667794,0065 - Laparoscopic Cholecystectomy.mp4,False,False,object_aggregation,number,1.1957668408285826,False,False
lapchole__2663733,0065 - Laparoscopic Cholecystectomy.mp4,False,False,object_identification,fo_class,1.0995610961690545,False,True
lapchole__2666335,0065 - Laparoscopic Cholecystectomy.mp4,False,False,object_aggregation,number,1.15791477705352,False,False
lapchole__2679324,0065 - Laparoscopic Cholecystectomy.mp4,False,False,object_identification,fo_class,1.1786756748333573,False,True
lapchole__5026828,0065 - Laparoscopic Cholecystectomy.mp4,False,False,object_aggregation,number,1.1205731320660561,False,False
lapchole__5025238,0065 - Laparoscopic Cholecystectomy.mp4,False,False,object_identification,fo_class,1.1889745979569852,False,True
lapchole__2675771,0065 - Laparoscopic Cholecystectomy.mp4,False,False,spatial_localization_camera,open_ended,2.189779075793922,False,False
lapchole__2688953,0065 - Laparoscopic Cholecystectomy.mp4,False,False,spatial_localization_camera,multiple_choice,1.1770354078616947,False,False
lapchole__2663627,0065 - Laparoscopic Cholecystectomy.mp4,False,False,object_identification,fo_class,1.1225053570233285,False,False
lapchole__5025236,0065 - Laparoscopic Cholecystectomy.mp4,False,False,object_attributes,open_ended,1.0890917130745947,False,True
lapchole__2662584,0065 - Laparoscopic Cholecystectomy.mp4,False,False,object_identification,fo_class,1.046158391982317,False,False
lapchole__2688957,0065 - Laparoscopic Cholecystectomy.mp4,False,False,spatial_localization_camera,multiple_choice,1.1561963821295649,False,True
lapchole__2679368,0065 - Laparoscopic Cholecystectomy.mp4,False,False,object_identification,fo_class,1.276092885993421,False,False
lapchole__2679372,0065 - Laparoscopic Cholecystectomy.mp4,False,False,object_identification,fo_class,1.1363771418109536,False,False
lapchole__2663529,0065 - Laparoscopic Cholecystectomy.mp4,False,False,object_identification,fo_class,1.0845776940695941,False,False
lapchole__2679374,0065 - Laparoscopic Cholecystectomy.mp4,False,False,object_identification,fo_class,1.2116513000801206,False,False
lapchole__2662615,0065 - Laparoscopic Cholecystectomy.mp4,False,False,object_identification,fo_class,1.1202111737802625,False,False
lapchole__2663325,0065 - Laparoscopic Cholecystectomy.mp4,False,False,object_identification,fo_class,1.1794995018281043,False,False
lapchole__2662618,0065 - Laparoscopic Cholecystectomy.mp4,False,False,object_identification,fo_class,1.2162801378872246,False,False
lapchole__2686072,0065 - Laparoscopic Cholecystectomy.mp4,False,False,spatial_localization_camera,fo_class,1.3090873318724334,False,False
lapchole__2657586,0065 - Laparoscopic Cholecystectomy.mp4,False,False,object_identification,fo_class,1.4433648590929806,False,True
lapchole__5023073,0065 - Laparoscopic Cholecystectomy.mp4,False,False,object_attributes,open_ended,1.4431779701262712,False,True
lapchole__5023074,0065 - Laparoscopic Cholecystectomy.mp4,False,False,object_attributes,open_ended,1.2925193840637803,False,False
lapchole__2663639,0065 - Laparoscopic Cholecystectomy.mp4,False,False,object_identification,fo_class,1.2491362048313022,False,False
lapchole__5023075,0065 - Laparoscopic Cholecystectomy.mp4,False,False,object_attributes,open_ended,1.2049980068113655,False,True
lapchole__5023076,0065 - Laparoscopic Cholecystectomy.mp4,False,False,object_attributes,open_ended,1.413423724938184,False,False
lapchole__2677046,0065 - Laparoscopic Cholecystectomy.mp4,False,False,object_aggregation,binary,1.4405300670769066,False,True
lapchole__2676821,0065 - Laparoscopic Cholecystectomy.mp4,False,False,object_aggregation,binary,1.1232880449388176,False,True
lapchole__2670845,0065 - Laparoscopic Cholecystectomy.mp4,False,False,object_aggregation,binary,1.0999611760489643,False,False
lapchole__2666666,0065 - Laparoscopic Cholecystectomy.mp4,False,False,object_aggregation,number,1.1531384298577905,False,False
lapchole__2670846,0065 - Laparoscopic Cholecystectomy.mp4,False,False,object_aggregation,binary,1.225804664194584,False,True
lapchole__2657592,0065 - Laparoscopic Cholecystectomy.mp4,False,False,object_identification,fo_class,1.5863442549016327,False,True
lapchole__2657593,0065 - Laparoscopic Cholecystectomy.mp4,False,False,object_identification,fo_class,1.5216196088586003,False,False
lapchole__5023078,0065 - Laparoscopic Cholecystectomy.mp4,False,False,object_attributes,open_ended,1.3633676338940859,False,False
lapchole__2663290,0065 - Laparoscopic Cholecystectomy.mp4,False,False,object_identification,fo_class,1.3303908270318061,False,True
lapchole__5023079,0065 - Laparoscopic Cholecystectomy.mp4,False,False,object_attributes,open_ended,1.2404290467966348,False,True
lapchole__2666409,0065 - Laparoscopic Cholecystectomy.mp4,False,False,object_aggregation,number,1.0514075991231948,False,True
lapchole__2663578,0065 - Laparoscopic Cholecystectomy.mp4,False,False,object_identification,fo_class,1.3727844790555537,False,True
lapchole__5023081,0065 - Laparoscopic Cholecystectomy.mp4,False,False,object_attributes,open_ended,1.2985719179268926,False,False
lapchole__2662655,0065 - Laparoscopic Cholecystectomy.mp4,False,False,object_identification,fo_class,1.2463015620596707,False,True
lapchole__2662672,0065 - Laparoscopic Cholecystectomy.mp4,False,False,object_identification,fo_class,1.2868359689600766,False,True
lapchole__2662680,0065 - Laparoscopic Cholecystectomy.mp4,False,False,object_identification,fo_class,1.2870873168576509,False,True
lapchole__2663380,0065 - Laparoscopic Cholecystectomy.mp4,False,False,object_identification,fo_class,1.405855675926432,False,False
lapchole__2663321,0065 - Laparoscopic Cholecystectomy.mp4,False,False,object_identification,fo_class,1.4997487650252879,False,False
lapchole__2663547,0065 - Laparoscopic Cholecystectomy.mp4,False,False,object_identification,fo_class,1.5106661678291857,False,False
lapchole__5024434,0065 - Laparoscopic Cholecystectomy.mp4,False,False,spatial_localization_situs,open_ended,1.3099411190487444,False,True
lapchole__5024402,0066 - Laparoscopic Cholecystectomy.mp4,False,False,spatial_localization_situs,open_ended,1.5030850970651954,False,False
lapchole__2705441,0066 - Laparoscopic Cholecystectomy.mp4,False,False,object_aggregation,number,1.1752045329194516,False,False
lapchole__2703805,0066 - Laparoscopic Cholecystectomy.mp4,False,False,object_aggregation,number,1.1313099348917603,False,True
lapchole__5024407,0066 - Laparoscopic Cholecystectomy.mp4,False,False,object_aggregation,open_ended,1.1399613327812403,False,False
lapchole__5025239,0066 - Laparoscopic Cholecystectomy.mp4,False,False,object_aggregation,open_ended,1.4355831588618457,False,False
lapchole__2705457,0066 - Laparoscopic Cholecystectomy.mp4,False,False,object_aggregation,number,1.2221536429133266,False,False
lapchole__2716252,0066 - Laparoscopic Cholecystectomy.mp4,False,False,object_aggregation,binary,1.191313472110778,False,True
lapchole__5024410,0066 - Laparoscopic Cholecystectomy.mp4,False,False,object_aggregation,open_ended,1.1536705379839987,False,False
lapchole__2700487,0066 - Laparoscopic Cholecystectomy.mp4,False,False,object_identification,fo_class,1.1579132080078125,False,True
lapchole__2705482,0066 - Laparoscopic Cholecystectomy.mp4,False,False,object_aggregation,number,1.2850952330045402,False,True
lapchole__2698557,0066 - Laparoscopic Cholecystectomy.mp4,False,False,object_identification,fo_class,1.1800022600218654,False,True
lapchole__2705535,0066 - Laparoscopic Cholecystectomy.mp4,False,False,object_aggregation,number,1.1353950549382716,False,False
lapchole__2703913,0066 - Laparoscopic Cholecystectomy.mp4,False,False,object_aggregation,number,1.1510284750256687,False,False
lapchole__2720480,0066 - Laparoscopic Cholecystectomy.mp4,False,False,object_identification,fo_class,1.1239382841158658,False,True
lapchole__2703932,0066 - Laparoscopic Cholecystectomy.mp4,False,False,object_aggregation,number,1.121940138982609,False,True
lapchole__2704435,0066 - Laparoscopic Cholecystectomy.mp4,False,False,object_aggregation,number,1.186514324042946,False,True
lapchole__2703955,0066 - Laparoscopic Cholecystectomy.mp4,False,False,object_aggregation,number,1.166376885958016,False,True
lapchole__2715581,0066 - Laparoscopic Cholecystectomy.mp4,False,False,spatial_localization_camera,open_ended,1.495641826884821,False,False
lapchole__2708539,0066 - Laparoscopic Cholecystectomy.mp4,False,False,object_aggregation,binary,1.1888016380835325,False,True
lapchole__2698656,0066 - Laparoscopic Cholecystectomy.mp4,False,False,object_identification,fo_class,1.1289018411189318,False,True
lapchole__2704005,0066 - Laparoscopic Cholecystectomy.mp4,False,False,object_aggregation,number,1.118171739159152,False,False
lapchole__2705647,0066 - Laparoscopic Cholecystectomy.mp4,False,False,object_aggregation,number,1.0988165980670601,False,False
lapchole__2715603,0066 - Laparoscopic Cholecystectomy.mp4,False,False,spatial_localization_camera,open_ended,1.464943243889138,False,False
lapchole__2708806,0066 - Laparoscopic Cholecystectomy.mp4,False,False,object_aggregation,binary,1.0522915460169315,False,True
lapchole__2700665,0066 - Laparoscopic Cholecystectomy.mp4,False,False,object_identification,fo_class,1.0865693800151348,False,True
lapchole__2720373,0066 - Laparoscopic Cholecystectomy.mp4,False,False,object_identification,fo_class,1.0999547648243606,False,True
lapchole__2704509,0066 - Laparoscopic Cholecystectomy.mp4,False,False,object_aggregation,number,1.0994970959145576,False,True
lapchole__2705815,0066 - Laparoscopic Cholecystectomy.mp4,False,False,object_aggregation,number,1.1791267429944128,False,True
lapchole__2705923,0066 - Laparoscopic Cholecystectomy.mp4,False,False,object_aggregation,number,1.1425439361482859,False,True
lapchole__2716467,0066 - Laparoscopic Cholecystectomy.mp4,False,False,object_aggregation,binary,1.0786799800116569,False,True
lapchole__2703900,0066 - Laparoscopic Cholecystectomy.mp4,False,False,object_aggregation,number,1.0927736228331923,False,False
lapchole__2703794,0066 - Laparoscopic Cholecystectomy.mp4,False,False,object_aggregation,number,1.10690565709956,False,True
lapchole__2705805,0066 - Laparoscopic Cholecystectomy.mp4,False,False,object_aggregation,number,1.1145656779408455,False,True
lapchole__2703920,0066 - Laparoscopic Cholecystectomy.mp4,False,False,object_aggregation,number,1.1759222908876836,False,True
lapchole__5024415,0066 - Laparoscopic Cholecystectomy.mp4,False,False,temporal_localization,open_ended,1.196690128883347,False,True
lapchole__2698892,0066 - Laparoscopic Cholecystectomy.mp4,False,False,object_identification,fo_class,1.258052421035245,False,True
lapchole__2700586,0066 - Laparoscopic Cholecystectomy.mp4,False,False,object_identification,fo_class,1.4614425438921899,False,False
lapchole__2720369,0066 - Laparoscopic Cholecystectomy.mp4,False,False,object_identification,fo_class,1.2310008809436113,False,True
lapchole__2720370,0066 - Laparoscopic Cholecystectomy.mp4,False,False,object_identification,fo_class,1.1885387599468231,False,False
lapchole__2698930,0066 - Laparoscopic Cholecystectomy.mp4,False,False,object_identification,fo_class,1.376597919035703,False,False
lapchole__2693219,0066 - Laparoscopic Cholecystectomy.mp4,False,False,object_identification,fo_class,1.4443492570426315,False,True
lapchole__5024416,0066 - Laparoscopic Cholecystectomy.mp4,False,False,spatial_localization_situs,open_ended,1.209807984996587,False,True
lapchole__2698916,0066 - Laparoscopic Cholecystectomy.mp4,False,False,object_identification,fo_class,1.2203857079148293,False,False
lapchole__2698866,0066 - Laparoscopic Cholecystectomy.mp4,False,False,object_identification,fo_class,1.1580892470665276,False,True
lapchole__2700525,0066 - Laparoscopic Cholecystectomy.mp4,False,False,object_identification,fo_class,1.2103050630539656,False,True
lapchole__2700486,0066 - Laparoscopic Cholecystectomy.mp4,False,False,object_identification,fo_class,1.2000805099960417,False,True
lapchole__2700803,0066 - Laparoscopic Cholecystectomy.mp4,False,False,object_identification,fo_class,1.3055120909120888,False,True
lapchole__2693225,0066 - Laparoscopic Cholecystectomy.mp4,False,False,object_identification,fo_class,1.2827389889862388,False,True
lapchole__2716618,0066 - Laparoscopic Cholecystectomy.mp4,False,False,object_aggregation,binary,1.0662430110387504,False,False
lapchole__2720430,0066 - Laparoscopic Cholecystectomy.mp4,False,False,object_identification,fo_class,1.119904784951359,False,True
lapchole__2704597,0066 - Laparoscopic Cholecystectomy.mp4,False,False,object_aggregation,number,1.1698266961611807,False,False
lapchole__2720432,0066 - Laparoscopic Cholecystectomy.mp4,False,False,object_identification,fo_class,1.1460382980294526,False,True
lapchole__2700457,0066 - Laparoscopic Cholecystectomy.mp4,False,False,object_identification,fo_class,1.050672821002081,False,False
lapchole__5023058,0066 - Laparoscopic Cholecystectomy.mp4,False,False,object_attributes,open_ended,1.193978234892711,False,True
lapchole__2729541,0066 - Laparoscopic Cholecystectomy.mp4,False,False,spatial_localization_camera,fo_class,1.231316529912874,False,False
lapchole__2734145,0066 - Laparoscopic Cholecystectomy.mp4,False,False,spatial_localization_camera,multiple_choice,1.1367669908795506,False,False
lapchole__2700948,0066 - Laparoscopic Cholecystectomy.mp4,False,False,object_identification,fo_class,1.6233350900001824,False,False
lapchole__2693238,0066 - Laparoscopic Cholecystectomy.mp4,False,False,object_identification,fo_class,1.4347899418789893,False,False
lapchole__5023781,0066 - Laparoscopic Cholecystectomy.mp4,False,False,object_attributes,open_ended,1.3427216550335288,False,False
lapchole__2708919,0066 - Laparoscopic Cholecystectomy.mp4,False,False,object_aggregation,binary,1.1454964990261942,False,False
lapchole__2716633,0066 - Laparoscopic Cholecystectomy.mp4,False,False,object_aggregation,binary,1.1655594380572438,False,False
lapchole__2700455,0066 - Laparoscopic Cholecystectomy.mp4,False,False,object_identification,fo_class,1.530501167057082,False,False
lapchole__2700610,0066 - Laparoscopic Cholecystectomy.mp4,False,False,object_identification,fo_class,1.1208835109136999,False,False
lapchole__2704350,0066 - Laparoscopic Cholecystectomy.mp4,False,False,object_aggregation,number,1.1761350210290402,False,True
lapchole__5023783,0066 - Laparoscopic Cholecystectomy.mp4,False,False,object_identification,open_ended,1.1878621510695666,False,True
lapchole__2693256,0066 - Laparoscopic Cholecystectomy.mp4,False,False,object_identification,fo_class,1.2240172291640192,False,False
lapchole__2704396,0066 - Laparoscopic Cholecystectomy.mp4,False,False,object_aggregation,number,1.1317728930152953,False,False
lapchole__2693266,0066 - Laparoscopic Cholecystectomy.mp4,False,False,object_identification,fo_class,1.1924402199219912,False,False
lapchole__2708953,0066 - Laparoscopic Cholecystectomy.mp4,False,False,object_aggregation,binary,1.0620769909583032,False,True
lapchole__2693270,0066 - Laparoscopic Cholecystectomy.mp4,False,False,object_identification,fo_class,1.1184902980457991,False,False
lapchole__5023060,0066 - Laparoscopic Cholecystectomy.mp4,False,False,object_attributes,open_ended,1.1637385319918394,False,False
lapchole__2704295,0066 - Laparoscopic Cholecystectomy.mp4,False,False,object_aggregation,number,1.0293025758583099,False,False
lapchole__2734168,0066 - Laparoscopic Cholecystectomy.mp4,False,False,spatial_localization_camera,multiple_choice,1.1687399388756603,False,False
lapchole__2700517,0066 - Laparoscopic Cholecystectomy.mp4,False,False,object_identification,fo_class,1.1676261031534523,False,False
lapchole__5023061,0066 - Laparoscopic Cholecystectomy.mp4,False,False,object_attributes,open_ended,1.209774964954704,False,True
lapchole__2700714,0066 - Laparoscopic Cholecystectomy.mp4,False,False,object_identification,fo_class,1.1708101539406925,False,False
lapchole__5023062,0066 - Laparoscopic Cholecystectomy.mp4,False,False,object_attributes,open_ended,1.1239005541428924,False,True
lapchole__2729542,0066 - Laparoscopic Cholecystectomy.mp4,False,False,spatial_localization_camera,fo_class,1.166242556180805,False,False
lapchole__2704043,0066 - Laparoscopic Cholecystectomy.mp4,False,False,object_aggregation,number,1.0809513230342418,False,False
lapchole__2704022,0066 - Laparoscopic Cholecystectomy.mp4,False,False,object_aggregation,number,1.03489366103895,False,False
lapchole__2805424,0070 - Laparoscopic Cholecystectomy.mp4,False,False,object_aggregation,number,1.133258830057457,False,True
lapchole__2800984,0070 - Laparoscopic Cholecystectomy.mp4,False,False,object_identification,fo_class,1.1770275889430195,False,True
lapchole__2804961,0070 - Laparoscopic Cholecystectomy.mp4,False,False,object_aggregation,number,1.2232563798315823,False,False
lapchole__2806779,0070 - Laparoscopic Cholecystectomy.mp4,False,False,object_aggregation,number,1.2760110958479345,False,False
lapchole__2811392,0070 - Laparoscopic Cholecystectomy.mp4,False,False,object_aggregation,binary,1.1324089530389756,False,False
lapchole__2826200,0070 - Laparoscopic Cholecystectomy.mp4,False,False,object_identification,fo_class,1.0940025211311877,False,True
lapchole__2799506,0070 - Laparoscopic Cholecystectomy.mp4,False,False,object_identification,fo_class,1.0877650370821357,False,True
lapchole__2820453,0070 - Laparoscopic Cholecystectomy.mp4,False,False,spatial_localization_camera,open_ended,1.425985632929951,False,True
lapchole__2805542,0070 - Laparoscopic Cholecystectomy.mp4,False,False,object_aggregation,number,1.1839350110385567,False,True
lapchole__2799519,0070 - Laparoscopic Cholecystectomy.mp4,False,False,object_identification,fo_class,1.129624909022823,False,True
lapchole__2820457,0070 - Laparoscopic Cholecystectomy.mp4,False,False,spatial_localization_camera,open_ended,1.3670401340350509,False,False
lapchole__2805048,0070 - Laparoscopic Cholecystectomy.mp4,False,False,object_aggregation,number,1.1147493079770356,False,False
lapchole__2811394,0070 - Laparoscopic Cholecystectomy.mp4,False,False,object_aggregation,binary,1.1870149029418826,False,True
lapchole__2801122,0070 - Laparoscopic Cholecystectomy.mp4,False,False,object_identification,fo_class,1.1294491989538074,False,True
lapchole__2806851,0070 - Laparoscopic Cholecystectomy.mp4,False,False,object_aggregation,number,1.0684998261276633,False,False
lapchole__2826258,0070 - Laparoscopic Cholecystectomy.mp4,False,False,object_identification,fo_class,1.1129862510133535,False,True
lapchole__2805137,0070 - Laparoscopic Cholecystectomy.mp4,False,False,object_aggregation,number,1.1880412211176008,False,False
lapchole__2806912,0070 - Laparoscopic Cholecystectomy.mp4,False,False,object_aggregation,number,1.0266921119764447,False,False
lapchole__5026839,0070 - Laparoscopic Cholecystectomy.mp4,False,False,object_identification,fo_class,1.168050121050328,False,True
lapchole__2806976,0070 - Laparoscopic Cholecystectomy.mp4,False,False,object_aggregation,number,1.2832723681349307,False,True
lapchole__2805204,0070 - Laparoscopic Cholecystectomy.mp4,False,False,object_aggregation,number,1.1347413761541247,False,True
lapchole__2821716,0070 - Laparoscopic Cholecystectomy.mp4,False,False,object_aggregation,binary,1.165538317989558,False,True
lapchole__2807033,0070 - Laparoscopic Cholecystectomy.mp4,False,False,object_aggregation,number,1.2000694288872182,False,True
lapchole__2801311,0070 - Laparoscopic Cholecystectomy.mp4,False,False,object_identification,fo_class,1.0995989257935435,False,False
lapchole__2801312,0070 - Laparoscopic Cholecystectomy.mp4,False,False,object_identification,fo_class,1.0553385592065752,False,False
lapchole__2821734,0070 - Laparoscopic Cholecystectomy.mp4,False,False,object_aggregation,binary,1.1592198740690947,False,False
lapchole__2792143,0070 - Laparoscopic Cholecystectomy.mp4,False,False,object_identification,fo_class,1.2182599629741162,False,False
lapchole__5026648,0070 - Laparoscopic Cholecystectomy.mp4,False,False,object_identification,fo_class,1.2819337209220976,False,False
lapchole__2805765,0070 - Laparoscopic Cholecystectomy.mp4,False,False,object_aggregation,number,1.1991093722172081,False,False
lapchole__2792146,0070 - Laparoscopic Cholecystectomy.mp4,False,False,object_identification,fo_class,1.1898716560099274,False,False
lapchole__2807053,0070 - Laparoscopic Cholecystectomy.mp4,False,False,object_aggregation,number,1.1098082200624049,False,False
lapchole__2805309,0070 - Laparoscopic Cholecystectomy.mp4,False,False,object_aggregation,number,1.1338986880145967,False,False
lapchole__2805325,0070 - Laparoscopic Cholecystectomy.mp4,False,False,object_aggregation,number,1.1758675910532475,False,False
lapchole__2805326,0070 - Laparoscopic Cholecystectomy.mp4,False,False,object_aggregation,number,1.1112237959168851,False,False
lapchole__2805332,0070 - Laparoscopic Cholecystectomy.mp4,False,False,object_aggregation,number,1.1882386098150164,False,False
lapchole__2807105,0070 - Laparoscopic Cholecystectomy.mp4,False,False,object_aggregation,number,1.2002153499051929,False,False
lapchole__2807112,0070 - Laparoscopic Cholecystectomy.mp4,False,False,object_aggregation,number,1.209843783872202,False,True
lapchole__2807114,0070 - Laparoscopic Cholecystectomy.mp4,False,False,object_aggregation,number,1.0928141840267926,False,False
lapchole__2807123,0070 - Laparoscopic Cholecystectomy.mp4,False,False,object_aggregation,number,1.1311608850955963,False,False
lapchole__2805354,0070 - Laparoscopic Cholecystectomy.mp4,False,False,object_aggregation,number,1.176073740934953,False,False
lapchole__2805371,0070 - Laparoscopic Cholecystectomy.mp4,False,False,object_aggregation,number,1.1994050911162049,False,False
lapchole__2807148,0070 - Laparoscopic Cholecystectomy.mp4,False,False,object_aggregation,number,1.1807562289759517,False,False
lapchole__2805378,0070 - Laparoscopic Cholecystectomy.mp4,False,False,object_aggregation,number,1.1355068350676447,False,False
lapchole__2807157,0070 - Laparoscopic Cholecystectomy.mp4,False,False,object_aggregation,number,1.0987214180640876,False,False
lapchole__2805387,0070 - Laparoscopic Cholecystectomy.mp4,False,False,object_aggregation,number,1.1006109230220318,False,True
lapchole__2821841,0070 - Laparoscopic Cholecystectomy.mp4,False,False,object_aggregation,binary,1.1652183390688151,False,True
lapchole__2804910,0070 - Laparoscopic Cholecystectomy.mp4,False,False,object_aggregation,number,1.220462247962132,False,False
lapchole__2806704,0070 - Laparoscopic Cholecystectomy.mp4,False,False,object_aggregation,number,1.2551426489371806,False,True
lapchole__2799758,0070 - Laparoscopic Cholecystectomy.mp4,False,False,object_identification,fo_class,1.2355802189558744,False,False
lapchole__2844369,0070 - Laparoscopic Cholecystectomy.mp4,False,False,spatial_localization_camera,multiple_choice,1.146844725124538,False,True
lapchole__2801392,0070 - Laparoscopic Cholecystectomy.mp4,False,False,object_identification,fo_class,1.3180756089277565,False,False
lapchole__2799759,0070 - Laparoscopic Cholecystectomy.mp4,False,False,object_identification,fo_class,1.2369845260400325,False,False
lapchole__5023030,0070 - Laparoscopic Cholecystectomy.mp4,False,False,object_attributes,open_ended,1.2909054078627378,False,False
lapchole__2822109,0070 - Laparoscopic Cholecystectomy.mp4,False,False,object_aggregation,binary,1.1754360920749605,False,True
lapchole__5023031,0070 - Laparoscopic Cholecystectomy.mp4,False,False,object_attributes,open_ended,1.3009803330060095,False,False
lapchole__5023032,0070 - Laparoscopic Cholecystectomy.mp4,False,False,object_attributes,open_ended,1.120087293908,False,True
lapchole__2792152,0070 - Laparoscopic Cholecystectomy.mp4,False,False,object_identification,fo_class,1.3131945710629225,False,True
lapchole__2792154,0070 - Laparoscopic Cholecystectomy.mp4,False,False,object_identification,fo_class,1.2653322031255811,False,False
lapchole__2801059,0070 - Laparoscopic Cholecystectomy.mp4,False,False,object_identification,fo_class,1.181282717967406,False,False
lapchole__2811749,0070 - Laparoscopic Cholecystectomy.mp4,False,False,object_aggregation,binary,1.147829222958535,False,False
lapchole__2805401,0070 - Laparoscopic Cholecystectomy.mp4,False,False,object_aggregation,number,1.1916601511184126,False,False
lapchole__2792155,0070 - Laparoscopic Cholecystectomy.mp4,False,False,object_identification,fo_class,1.3235373247880489,False,True
lapchole__2801244,0070 - Laparoscopic Cholecystectomy.mp4,False,False,object_identification,fo_class,1.4584529700223356,False,True
lapchole__2805674,0070 - Laparoscopic Cholecystectomy.mp4,False,False,object_aggregation,number,1.14067143201828,False,False
lapchole__2792156,0070 - Laparoscopic Cholecystectomy.mp4,False,False,object_identification,fo_class,1.3774032471701503,False,False
lapchole__2844349,0070 - Laparoscopic Cholecystectomy.mp4,False,False,spatial_localization_camera,multiple_choice,1.2413004548288882,False,False
lapchole__2811253,0070 - Laparoscopic Cholecystectomy.mp4,False,False,object_aggregation,binary,1.1682983108330518,False,False
lapchole__2826313,0070 - Laparoscopic Cholecystectomy.mp4,False,False,object_identification,fo_class,1.1638525819871575,False,False
lapchole__2826319,0070 - Laparoscopic Cholecystectomy.mp4,False,False,object_identification,fo_class,1.2593401779886335,False,True
lapchole__2801102,0070 - Laparoscopic Cholecystectomy.mp4,False,False,object_identification,fo_class,1.2803280048538,False,True
lapchole__2792163,0070 - Laparoscopic Cholecystectomy.mp4,False,False,object_identification,fo_class,1.3552248841151595,False,False
lapchole__2837900,0070 - Laparoscopic Cholecystectomy.mp4,False,False,spatial_localization_camera,fo_class,1.0670731489080936,False,True
lapchole__2844363,0070 - Laparoscopic Cholecystectomy.mp4,False,False,spatial_localization_camera,multiple_choice,1.2190813210327178,False,False
lapchole__2792165,0070 - Laparoscopic Cholecystectomy.mp4,False,False,object_identification,fo_class,1.3361826229374856,False,False
lapchole__2801114,0070 - Laparoscopic Cholecystectomy.mp4,False,False,object_identification,fo_class,1.3117171151097864,False,False
lapchole__2801444,0070 - Laparoscopic Cholecystectomy.mp4,False,False,object_identification,fo_class,1.117238610982895,False,False
lapchole__2801181,0070 - Laparoscopic Cholecystectomy.mp4,False,False,object_identification,fo_class,1.3774345668498427,False,False
lapchole__2799818,0070 - Laparoscopic Cholecystectomy.mp4,False,False,object_identification,fo_class,1.1789869940839708,False,False
lapchole__2799820,0070 - Laparoscopic Cholecystectomy.mp4,False,False,object_identification,fo_class,1.1231329259462655,False,False
lapchole__2837905,0070 - Laparoscopic Cholecystectomy.mp4,False,False,spatial_localization_camera,fo_class,1.1558838619384915,False,False
lapchole__2805632,0070 - Laparoscopic Cholecystectomy.mp4,False,False,object_aggregation,number,1.0646410249173641,False,False
lapchole__2925221,0072 - Laparoscopic Cholecystectomy.mp4,False,False,object_aggregation,binary,1.128823071019724,False,True
lapchole__2912479,0072 - Laparoscopic Cholecystectomy.mp4,False,False,object_identification,fo_class,1.103791296016425,False,True
lapchole__2909786,0072 - Laparoscopic Cholecystectomy.mp4,False,False,object_identification,fo_class,1.2083874680101871,False,False
lapchole__2920344,0072 - Laparoscopic Cholecystectomy.mp4,False,False,object_aggregation,number,1.0974476910196245,False,False
lapchole__2918228,0072 - Laparoscopic Cholecystectomy.mp4,False,False,object_aggregation,number,1.12246676790528,False,True
lapchole__2947035,0072 - Laparoscopic Cholecystectomy.mp4,False,False,object_identification,fo_class,1.2469887200277299,False,False
lapchole__2918248,0072 - Laparoscopic Cholecystectomy.mp4,False,False,object_aggregation,number,1.142294627148658,False,False
lapchole__2920374,0072 - Laparoscopic Cholecystectomy.mp4,False,False,object_aggregation,number,1.1776298668701202,False,False
lapchole__2939177,0072 - Laparoscopic Cholecystectomy.mp4,False,False,spatial_localization_camera,open_ended,1.4881251249462366,False,True
lapchole__2940436,0072 - Laparoscopic Cholecystectomy.mp4,False,False,object_aggregation,binary,1.3226487771607935,False,False
lapchole__2920382,0072 - Laparoscopic Cholecystectomy.mp4,False,False,object_aggregation,number,1.3124003340490162,False,True
lapchole__2918264,0072 - Laparoscopic Cholecystectomy.mp4,False,False,object_aggregation,number,1.2970197221729904,False,False
lapchole__2918765,0072 - Laparoscopic Cholecystectomy.mp4,False,False,object_aggregation,number,1.2864685899112374,False,True
lapchole__2918327,0072 - Laparoscopic Cholecystectomy.mp4,False,False,object_aggregation,number,1.2913595968857408,False,True
lapchole__2939186,0072 - Laparoscopic Cholecystectomy.mp4,False,False,spatial_localization_camera,open_ended,1.7861329559236765,False,True
lapchole__2909803,0072 - Laparoscopic Cholecystectomy.mp4,False,False,object_identification,fo_class,1.2616260419599712,False,False
lapchole__2918391,0072 - Laparoscopic Cholecystectomy.mp4,False,False,object_aggregation,number,1.0881375649478287,False,True
lapchole__2947082,0072 - Laparoscopic Cholecystectomy.mp4,False,False,object_identification,fo_class,1.3306927969679236,False,False
lapchole__2918471,0072 - Laparoscopic Cholecystectomy.mp4,False,False,object_aggregation,number,1.2453189839143306,False,False
lapchole__2918486,0072 - Laparoscopic Cholecystectomy.mp4,False,False,object_aggregation,number,1.2688963850960135,False,False
lapchole__2912747,0072 - Laparoscopic Cholecystectomy.mp4,False,False,object_identification,fo_class,1.2219989232253283,False,True
lapchole__2918498,0072 - Laparoscopic Cholecystectomy.mp4,False,False,object_aggregation,number,1.5126318929251283,False,False
lapchole__2920643,0072 - Laparoscopic Cholecystectomy.mp4,False,False,object_aggregation,number,1.3968752978835255,False,False
lapchole__2920809,0072 - Laparoscopic Cholecystectomy.mp4,False,False,object_aggregation,number,1.377226788084954,False,False
lapchole__2918693,0072 - Laparoscopic Cholecystectomy.mp4,False,False,object_aggregation,number,1.1187104070559144,False,False
lapchole__2898879,0072 - Laparoscopic Cholecystectomy.mp4,False,False,object_identification,fo_class,1.2512533490080386,False,True
lapchole__2909926,0072 - Laparoscopic Cholecystectomy.mp4,False,False,object_identification,fo_class,1.1876056420151144,False,True
lapchole__2912514,0072 - Laparoscopic Cholecystectomy.mp4,False,False,object_identification,fo_class,1.2097502348478884,False,True
lapchole__5023762,0072 - Laparoscopic Cholecystectomy.mp4,False,False,object_attributes,open_ended,1.2141166739165783,False,False
lapchole__2898881,0072 - Laparoscopic Cholecystectomy.mp4,False,False,object_identification,fo_class,1.7232324150390923,False,False
lapchole__2912781,0072 - Laparoscopic Cholecystectomy.mp4,False,False,object_identification,fo_class,1.4619942819699645,False,False
lapchole__2912955,0072 - Laparoscopic Cholecystectomy.mp4,False,False,object_identification,fo_class,1.0780111611820757,False,False
lapchole__2912949,0072 - Laparoscopic Cholecystectomy.mp4,False,False,object_identification,fo_class,1.1370884499046952,False,True
lapchole__2909930,0072 - Laparoscopic Cholecystectomy.mp4,False,False,object_identification,fo_class,1.1196168449241668,False,True
lapchole__5023763,0072 - Laparoscopic Cholecystectomy.mp4,False,False,object_attributes,open_ended,1.5457230389583856,False,True
lapchole__2898886,0072 - Laparoscopic Cholecystectomy.mp4,False,False,object_identification,fo_class,1.4346286009531468,False,False
lapchole__2912775,0072 - Laparoscopic Cholecystectomy.mp4,False,False,object_identification,fo_class,1.2523462472017854,False,False
lapchole__2918830,0072 - Laparoscopic Cholecystectomy.mp4,False,False,object_aggregation,number,1.1681467709131539,False,False
lapchole__2898887,0072 - Laparoscopic Cholecystectomy.mp4,False,False,object_identification,fo_class,1.3780898058321327,False,True
lapchole__2926569,0072 - Laparoscopic Cholecystectomy.mp4,False,False,object_aggregation,binary,1.1068485779687762,False,True
lapchole__2898888,0072 - Laparoscopic Cholecystectomy.mp4,False,False,object_identification,fo_class,1.4933630919549614,False,True
lapchole__2909933,0072 - Laparoscopic Cholecystectomy.mp4,False,False,object_identification,fo_class,1.2312164700124413,False,True
lapchole__2912779,0072 - Laparoscopic Cholecystectomy.mp4,False,False,object_identification,fo_class,1.232573996996507,False,True
lapchole__2912931,0072 - Laparoscopic Cholecystectomy.mp4,False,False,object_identification,fo_class,1.354965154780075,False,False
lapchole__2967902,0072 - Laparoscopic Cholecystectomy.mp4,False,False,spatial_localization_camera,multiple_choice,1.177586937090382,False,True
lapchole__2947112,0072 - Laparoscopic Cholecystectomy.mp4,False,False,object_identification,fo_class,1.273373951902613,False,True
lapchole__5023769,0072 - Laparoscopic Cholecystectomy.mp4,False,False,object_attributes,open_ended,1.1430393860209733,False,True
lapchole__2967833,0072 - Laparoscopic Cholecystectomy.mp4,False,False,spatial_localization_camera,multiple_choice,1.181396357016638,False,True
lapchole__2961544,0072 - Laparoscopic Cholecystectomy.mp4,False,False,spatial_localization_camera,fo_class,1.183044163044542,False,False
lapchole__2961545,0072 - Laparoscopic Cholecystectomy.mp4,False,False,spatial_localization_camera,fo_class,1.132881511002779,False,False
lapchole__2909963,0072 - Laparoscopic Cholecystectomy.mp4,False,False,object_identification,fo_class,1.1871414629276842,False,True
lapchole__2918878,0072 - Laparoscopic Cholecystectomy.mp4,False,False,object_aggregation,number,1.1301725779194385,False,False
lapchole__2940566,0072 - Laparoscopic Cholecystectomy.mp4,False,False,object_aggregation,binary,1.192569209029898,False,True
lapchole__2898952,0072 - Laparoscopic Cholecystectomy.mp4,False,False,object_identification,fo_class,1.4997569448314607,False,False
lapchole__2961549,0072 - Laparoscopic Cholecystectomy.mp4,False,False,spatial_localization_camera,fo_class,1.19096226291731,False,False
lapchole__2967839,0072 - Laparoscopic Cholecystectomy.mp4,False,False,spatial_localization_camera,multiple_choice,1.185113277984783,False,True
lapchole__2912676,0072 - Laparoscopic Cholecystectomy.mp4,False,False,object_identification,fo_class,1.3581228270195425,False,False
lapchole__2912962,0072 - Laparoscopic Cholecystectomy.mp4,False,False,object_identification,fo_class,1.17470274399966,False,False
lapchole__2947031,0072 - Laparoscopic Cholecystectomy.mp4,False,False,object_identification,fo_class,1.1313053348567337,False,False
lapchole__2967848,0072 - Laparoscopic Cholecystectomy.mp4,False,False,spatial_localization_camera,multiple_choice,1.1564259210135788,False,True
lapchole__2898988,0072 - Laparoscopic Cholecystectomy.mp4,False,False,object_identification,fo_class,1.2444673869758844,False,False
lapchole__2912959,0072 - Laparoscopic Cholecystectomy.mp4,False,False,object_identification,fo_class,1.2021134339738637,False,False
lapchole__2961553,0072 - Laparoscopic Cholecystectomy.mp4,False,False,spatial_localization_camera,fo_class,1.213335856096819,False,False
lapchole__2967853,0072 - Laparoscopic Cholecystectomy.mp4,False,False,spatial_localization_camera,multiple_choice,1.4992623969446868,False,False
lapchole__2967866,0072 - Laparoscopic Cholecystectomy.mp4,False,False,spatial_localization_camera,multiple_choice,1.288383434060961,False,True
lapchole__2967869,0072 - Laparoscopic Cholecystectomy.mp4,False,False,spatial_localization_camera,multiple_choice,1.2474199689459056,False,True
lapchole__2947243,0072 - Laparoscopic Cholecystectomy.mp4,False,False,object_identification,fo_class,1.2429843810386956,False,False
lapchole__2910016,0072 - Laparoscopic Cholecystectomy.mp4,False,False,object_identification,fo_class,1.3779729758389294,False,False
lapchole__2912682,0072 - Laparoscopic Cholecystectomy.mp4,False,False,object_identification,fo_class,1.2758735958486795,False,False
lapchole__2899119,0072 - Laparoscopic Cholecystectomy.mp4,False,False,object_identification,fo_class,1.5321656328160316,False,False
lapchole__5023774,0072 - Laparoscopic Cholecystectomy.mp4,False,False,object_attributes,open_ended,1.2222059429623187,False,False
lapchole__2899149,0072 - Laparoscopic Cholecystectomy.mp4,False,False,object_identification,fo_class,1.5200020240154117,False,False
lapchole__2912890,0072 - Laparoscopic Cholecystectomy.mp4,False,False,object_identification,fo_class,1.403594080824405,False,False
lapchole__2967896,0072 - Laparoscopic Cholecystectomy.mp4,False,False,spatial_localization_camera,multiple_choice,1.1997142599429935,False,True
lapchole__2899169,0072 - Laparoscopic Cholecystectomy.mp4,False,False,object_identification,fo_class,1.5110076668206602,False,False
lapchole__5023776,0072 - Laparoscopic Cholecystectomy.mp4,False,False,object_attributes,open_ended,1.1793277331162244,False,True
lapchole__5023777,0072 - Laparoscopic Cholecystectomy.mp4,False,False,object_attributes,open_ended,1.3136164001189172,False,False
lapchole__5025245,0072 - Laparoscopic Cholecystectomy.mp4,False,False,object_attributes,open_ended,1.1727395488414913,False,True
lapchole__2947124,0072 - Laparoscopic Cholecystectomy.mp4,False,False,object_identification,fo_class,1.2045662892051041,False,True
lapchole__2910074,0072 - Laparoscopic Cholecystectomy.mp4,False,False,object_identification,fo_class,1.2122662879992276,False,True
lapchole__3047469,0074 - Laparoscopic Cholecystectomy.mp4,False,False,object_aggregation,number,1.1424043769948184,False,True
lapchole__3041226,0074 - Laparoscopic Cholecystectomy.mp4,False,False,object_identification,fo_class,1.1325578610412776,False,True
lapchole__3046981,0074 - Laparoscopic Cholecystectomy.mp4,False,False,object_aggregation,number,1.1807256590109318,False,False
lapchole__3071708,0074 - Laparoscopic Cholecystectomy.mp4,False,False,object_aggregation,binary,1.1846194399986416,False,True
lapchole__3048929,0074 - Laparoscopic Cholecystectomy.mp4,False,False,object_aggregation,number,1.200048309052363,False,False
lapchole__3048976,0074 - Laparoscopic Cholecystectomy.mp4,False,False,object_aggregation,number,1.3012405619956553,False,False
lapchole__3047111,0074 - Laparoscopic Cholecystectomy.mp4,False,False,object_aggregation,number,1.1120654039550573,False,False
lapchole__3049008,0074 - Laparoscopic Cholecystectomy.mp4,False,False,object_aggregation,number,1.187044602818787,False,False
lapchole__3070461,0074 - Laparoscopic Cholecystectomy.mp4,False,False,spatial_localization_camera,open_ended,1.4070104621350765,False,True
lapchole__3055251,0074 - Laparoscopic Cholecystectomy.mp4,False,False,object_aggregation,binary,1.1801226208917797,False,True
lapchole__3039529,0074 - Laparoscopic Cholecystectomy.mp4,False,False,object_identification,fo_class,1.1851977370679379,False,True
lapchole__3079629,0074 - Laparoscopic Cholecystectomy.mp4,False,False,object_identification,fo_class,1.126802477054298,False,True
lapchole__3049027,0074 - Laparoscopic Cholecystectomy.mp4,False,False,object_aggregation,number,1.179502682061866,False,True
lapchole__3047154,0074 - Laparoscopic Cholecystectomy.mp4,False,False,object_aggregation,number,1.1753561231307685,False,False
lapchole__3047157,0074 - Laparoscopic Cholecystectomy.mp4,False,False,object_aggregation,number,1.1561911110766232,False,False
lapchole__5026824,0074 - Laparoscopic Cholecystectomy.mp4,False,False,object_aggregation,binary,1.1024908288381994,False,True
lapchole__3039540,0074 - Laparoscopic Cholecystectomy.mp4,False,False,object_identification,fo_class,1.1205388619564474,False,True
lapchole__3041558,0074 - Laparoscopic Cholecystectomy.mp4,False,False,object_identification,fo_class,1.155615634052083,False,True
lapchole__3049239,0074 - Laparoscopic Cholecystectomy.mp4,False,False,object_aggregation,number,1.212353619048372,False,False
lapchole__3049270,0074 - Laparoscopic Cholecystectomy.mp4,False,False,object_aggregation,number,1.1313366850372404,False,False
lapchole__3049271,0074 - Laparoscopic Cholecystectomy.mp4,False,False,object_aggregation,number,1.0890200429130346,False,False
lapchole__3047394,0074 - Laparoscopic Cholecystectomy.mp4,False,False,object_aggregation,number,1.2770123730879277,False,False
lapchole__3047428,0074 - Laparoscopic Cholecystectomy.mp4,False,False,object_aggregation,number,1.1862089950591326,False,False
lapchole__3049010,0074 - Laparoscopic Cholecystectomy.mp4,False,False,object_aggregation,number,1.2000238799955696,False,False
lapchole__3047270,0074 - Laparoscopic Cholecystectomy.mp4,False,False,object_aggregation,number,1.12101183203049,False,False
lapchole__3047390,0074 - Laparoscopic Cholecystectomy.mp4,False,False,object_aggregation,number,1.1061338591389358,False,False
lapchole__3041613,0074 - Laparoscopic Cholecystectomy.mp4,False,False,object_identification,fo_class,1.1418513080570847,False,False
lapchole__3027807,0074 - Laparoscopic Cholecystectomy.mp4,False,False,object_identification,fo_class,1.3118820949457586,False,True
lapchole__3041397,0074 - Laparoscopic Cholecystectomy.mp4,False,False,object_identification,fo_class,1.1753275820519775,False,False
lapchole__3027808,0074 - Laparoscopic Cholecystectomy.mp4,False,False,object_identification,fo_class,1.2576368530280888,False,True
lapchole__3041584,0074 - Laparoscopic Cholecystectomy.mp4,False,False,object_identification,fo_class,1.2435032192151994,False,False
lapchole__5025253,0074 - Laparoscopic Cholecystectomy.mp4,False,False,object_attributes,open_ended,1.1997631709091365,False,False
lapchole__3039626,0074 - Laparoscopic Cholecystectomy.mp4,False,False,object_identification,fo_class,1.145049590151757,False,True
lapchole__3039627,0074 - Laparoscopic Cholecystectomy.mp4,False,False,object_identification,fo_class,1.165861957008019,False,True
lapchole__5022997,0074 - Laparoscopic Cholecystectomy.mp4,False,False,object_attributes,open_ended,1.2648034039884806,False,False
lapchole__3041526,0074 - Laparoscopic Cholecystectomy.mp4,False,False,object_identification,fo_class,1.2107970821671188,False,False
lapchole__5022998,0074 - Laparoscopic Cholecystectomy.mp4,False,False,object_attributes,open_ended,1.1464345571585,False,True
lapchole__3027811,0074 - Laparoscopic Cholecystectomy.mp4,False,False,object_identification,fo_class,1.4181531940121204,False,True
lapchole__3027812,0074 - Laparoscopic Cholecystectomy.mp4,False,False,object_identification,fo_class,1.3542998160701245,False,True
lapchole__3039658,0074 - Laparoscopic Cholecystectomy.mp4,False,False,object_identification,fo_class,1.2205100872088224,False,True
lapchole__5025254,0074 - Laparoscopic Cholecystectomy.mp4,False,False,object_attributes,open_ended,1.1950885029509664,False,True
lapchole__3041515,0074 - Laparoscopic Cholecystectomy.mp4,False,False,object_identification,fo_class,1.1877103310544044,False,False
lapchole__3095406,0074 - Laparoscopic Cholecystectomy.mp4,False,False,spatial_localization_camera,fo_class,1.1909063728526235,False,False
lapchole__3100498,0074 - Laparoscopic Cholecystectomy.mp4,False,False,spatial_localization_camera,multiple_choice,1.203692720970139,False,True
lapchole__3047579,0074 - Laparoscopic Cholecystectomy.mp4,False,False,object_aggregation,number,1.0951636268291622,False,False
lapchole__3055117,0074 - Laparoscopic Cholecystectomy.mp4,False,False,object_aggregation,binary,1.1662665158510208,False,False
lapchole__3027830,0074 - Laparoscopic Cholecystectomy.mp4,False,False,object_identification,fo_class,1.4424563511274755,False,False
lapchole__3071813,0074 - Laparoscopic Cholecystectomy.mp4,False,False,object_aggregation,binary,1.0510051401797682,False,True
lapchole__3079735,0074 - Laparoscopic Cholecystectomy.mp4,False,False,object_identification,fo_class,1.220031439093873,False,True
lapchole__3100508,0074 - Laparoscopic Cholecystectomy.mp4,False,False,spatial_localization_camera,multiple_choice,1.1188746569678187,False,True
lapchole__3041211,0074 - Laparoscopic Cholecystectomy.mp4,False,False,object_identification,fo_class,1.2648825938813388,False,True
lapchole__3041414,0074 - Laparoscopic Cholecystectomy.mp4,False,False,object_identification,fo_class,1.207057191990316,False,False
lapchole__3100525,0074 - Laparoscopic Cholecystectomy.mp4,False,False,spatial_localization_camera,multiple_choice,1.1620869268663228,False,True
lapchole__3039720,0074 - Laparoscopic Cholecystectomy.mp4,False,False,object_identification,fo_class,1.1145258180331439,False,False
lapchole__3095408,0074 - Laparoscopic Cholecystectomy.mp4,False,False,spatial_localization_camera,fo_class,1.2434149901382625,False,True
lapchole__3027852,0074 - Laparoscopic Cholecystectomy.mp4,False,False,object_identification,fo_class,1.320806261850521,False,False
lapchole__3027859,0074 - Laparoscopic Cholecystectomy.mp4,False,False,object_identification,fo_class,1.367042182944715,False,False
lapchole__3100563,0074 - Laparoscopic Cholecystectomy.mp4,False,False,spatial_localization_camera,multiple_choice,1.2273414311930537,False,True
lapchole__3047741,0074 - Laparoscopic Cholecystectomy.mp4,False,False,object_aggregation,number,1.1181805580854416,False,False
lapchole__5023005,0074 - Laparoscopic Cholecystectomy.mp4,False,False,object_attributes,open_ended,1.2330359760671854,False,False
lapchole__5025255,0074 - Laparoscopic Cholecystectomy.mp4,False,False,object_attributes,open_ended,1.2329827658832073,False,False
lapchole__5025256,0074 - Laparoscopic Cholecystectomy.mp4,False,False,object_attributes,open_ended,1.3754338519647717,False,False
lapchole__3027874,0074 - Laparoscopic Cholecystectomy.mp4,False,False,object_identification,fo_class,1.4115209109149873,False,False
lapchole__3041676,0074 - Laparoscopic Cholecystectomy.mp4,False,False,object_identification,fo_class,1.2370907948352396,False,True
lapchole__5025257,0074 - Laparoscopic Cholecystectomy.mp4,False,False,object_attributes,open_ended,1.2109313120599836,False,False
lapchole__3095410,0074 - Laparoscopic Cholecystectomy.mp4,False,False,spatial_localization_camera,fo_class,1.1468251859769225,False,False
lapchole__3041464,0074 - Laparoscopic Cholecystectomy.mp4,False,False,object_identification,fo_class,1.230371702928096,False,False
lapchole__3039775,0074 - Laparoscopic Cholecystectomy.mp4,False,False,object_identification,fo_class,1.2024816039483994,False,False
lapchole__3039777,0074 - Laparoscopic Cholecystectomy.mp4,False,False,object_identification,fo_class,1.1892827372066677,False,False
lapchole__5023010,0074 - Laparoscopic Cholecystectomy.mp4,False,False,object_attributes,open_ended,1.2658753818832338,False,False
lapchole__5023011,0074 - Laparoscopic Cholecystectomy.mp4,False,False,object_attributes,open_ended,1.299572226125747,False,False
lapchole__3027918,0074 - Laparoscopic Cholecystectomy.mp4,False,False,object_identification,fo_class,1.5515006929636002,False,False
lapchole__5023013,0074 - Laparoscopic Cholecystectomy.mp4,False,False,object_attributes,open_ended,1.3010711229871958,False,False
lapchole__5025258,0074 - Laparoscopic Cholecystectomy.mp4,False,False,object_attributes,open_ended,1.251183649059385,False,False
lapchole__3041659,0074 - Laparoscopic Cholecystectomy.mp4,False,False,object_identification,fo_class,1.3603438711725175,False,False
lapchole__5025259,0074 - Laparoscopic Cholecystectomy.mp4,False,False,object_attributes,open_ended,1.3378314380533993,False,False
lapchole__5025260,0074 - Laparoscopic Cholecystectomy.mp4,False,False,object_attributes,open_ended,1.2746714600361884,False,False
lapchole__5025261,0074 - Laparoscopic Cholecystectomy.mp4,False,False,object_attributes,open_ended,1.1081936738919467,False,True
lapchole__3041225,0074 - Laparoscopic Cholecystectomy.mp4,False,False,object_identification,fo_class,1.5134254598524421,False,False
lapchole__5025262,0074 - Laparoscopic Cholecystectomy.mp4,False,False,object_attributes,open_ended,1.1699507869780064,False,True
lapchole__3079775,0074 - Laparoscopic Cholecystectomy.mp4,False,False,object_identification,fo_class,1.2031434520613402,False,True
lapchole__3154290,0078 - Laparoscopic Cholecystectomy.mp4,False,False,object_identification,fo_class,1.2129571358673275,False,True
lapchole__3160831,0078 - Laparoscopic Cholecystectomy.mp4,False,False,object_aggregation,number,1.268412176053971,False,True
lapchole__3162045,0078 - Laparoscopic Cholecystectomy.mp4,False,False,object_aggregation,number,1.1267034369520843,False,True
lapchole__3160337,0078 - Laparoscopic Cholecystectomy.mp4,False,False,object_aggregation,number,1.086295529967174,False,True
lapchole__3178978,0078 - Laparoscopic Cholecystectomy.mp4,False,False,object_aggregation,binary,1.1030165180563927,False,True
lapchole__3177883,0078 - Laparoscopic Cholecystectomy.mp4,False,False,spatial_localization_camera,open_ended,1.4780155611224473,False,True
lapchole__3156189,0078 - Laparoscopic Cholecystectomy.mp4,False,False,object_identification,fo_class,1.1067762470338494,False,True
lapchole__3162066,0078 - Laparoscopic Cholecystectomy.mp4,False,False,object_aggregation,number,1.1448737308382988,False,False
lapchole__3162071,0078 - Laparoscopic Cholecystectomy.mp4,False,False,object_aggregation,number,1.1768474290147424,False,True
lapchole__3160363,0078 - Laparoscopic Cholecystectomy.mp4,False,False,object_aggregation,number,1.0894415711518377,False,False
lapchole__3160869,0078 - Laparoscopic Cholecystectomy.mp4,False,False,object_aggregation,number,1.1513029839843512,False,False
lapchole__3160370,0078 - Laparoscopic Cholecystectomy.mp4,False,False,object_aggregation,number,1.1330057010054588,False,False
lapchole__3160371,0078 - Laparoscopic Cholecystectomy.mp4,False,False,object_aggregation,number,1.106292478973046,False,False
lapchole__3154292,0078 - Laparoscopic Cholecystectomy.mp4,False,False,object_identification,fo_class,1.2138137749861926,False,True
lapchole__3156219,0078 - Laparoscopic Cholecystectomy.mp4,False,False,object_identification,fo_class,1.182804023148492,False,True
lapchole__3160387,0078 - Laparoscopic Cholecystectomy.mp4,False,False,object_aggregation,number,1.2136064360383898,False,False
lapchole__3160400,0078 - Laparoscopic Cholecystectomy.mp4,False,False,object_aggregation,number,1.2976755499839783,False,False
lapchole__3162110,0078 - Laparoscopic Cholecystectomy.mp4,False,False,object_aggregation,number,1.211989050032571,False,False
lapchole__3166760,0078 - Laparoscopic Cholecystectomy.mp4,False,False,object_aggregation,binary,1.1903502240311354,False,True
lapchole__3162150,0078 - Laparoscopic Cholecystectomy.mp4,False,False,object_aggregation,number,1.5228300369344652,False,False
lapchole__3162155,0078 - Laparoscopic Cholecystectomy.mp4,False,False,object_aggregation,number,1.3808504091575742,False,True
lapchole__3166808,0078 - Laparoscopic Cholecystectomy.mp4,False,False,object_aggregation,binary,1.5068060068879277,False,True
lapchole__3162179,0078 - Laparoscopic Cholecystectomy.mp4,False,False,object_aggregation,number,1.4177297451533377,False,False
lapchole__3160472,0078 - Laparoscopic Cholecystectomy.mp4,False,False,object_aggregation,number,1.3730205979663879,False,True
lapchole__3162193,0078 - Laparoscopic Cholecystectomy.mp4,False,False,object_aggregation,number,1.4612619238905609,False,True
lapchole__3160500,0078 - Laparoscopic Cholecystectomy.mp4,False,False,object_aggregation,number,1.4475061390548944,False,False
lapchole__3160515,0078 - Laparoscopic Cholecystectomy.mp4,False,False,object_aggregation,number,1.3764979899860919,False,False
lapchole__3160517,0078 - Laparoscopic Cholecystectomy.mp4,False,False,object_aggregation,number,1.1482311820145696,False,False
lapchole__3162232,0078 - Laparoscopic Cholecystectomy.mp4,False,False,object_aggregation,number,1.0994648961350322,False,False
lapchole__3162236,0078 - Laparoscopic Cholecystectomy.mp4,False,False,object_aggregation,number,1.0865324791520834,False,False
lapchole__3162241,0078 - Laparoscopic Cholecystectomy.mp4,False,False,object_aggregation,number,1.1154040459077805,False,False
lapchole__3184451,0078 - Laparoscopic Cholecystectomy.mp4,False,False,object_identification,fo_class,1.07685751398094,False,True
lapchole__3160549,0078 - Laparoscopic Cholecystectomy.mp4,False,False,object_aggregation,number,1.1059993989765644,False,True
lapchole__3162262,0078 - Laparoscopic Cholecystectomy.mp4,False,False,object_aggregation,number,1.11505276709795,False,False
lapchole__3179192,0078 - Laparoscopic Cholecystectomy.mp4,False,False,object_aggregation,binary,1.167921462096274,False,True
lapchole__3177910,0078 - Laparoscopic Cholecystectomy.mp4,False,False,spatial_localization_camera,open_ended,1.7968592878896743,False,False
lapchole__3160639,0078 - Laparoscopic Cholecystectomy.mp4,False,False,object_aggregation,number,1.1885010900441557,False,True
lapchole__3156498,0078 - Laparoscopic Cholecystectomy.mp4,False,False,object_identification,fo_class,1.1234563949983567,False,True
lapchole__3156542,0078 - Laparoscopic Cholecystectomy.mp4,False,False,object_identification,fo_class,1.1102308379486203,False,False
lapchole__5026650,0078 - Laparoscopic Cholecystectomy.mp4,False,False,object_identification,fo_class,1.2816271020565182,False,True
lapchole__3156543,0078 - Laparoscopic Cholecystectomy.mp4,False,False,object_identification,fo_class,1.1162962929811329,False,False
lapchole__3147306,0078 - Laparoscopic Cholecystectomy.mp4,False,False,object_identification,fo_class,1.2713132579810917,False,True
lapchole__3161200,0078 - Laparoscopic Cholecystectomy.mp4,False,False,object_aggregation,number,1.0433809999376535,False,False
lapchole__3179271,0078 - Laparoscopic Cholecystectomy.mp4,False,False,object_aggregation,binary,1.1651600790210068,False,False
lapchole__3147307,0078 - Laparoscopic Cholecystectomy.mp4,False,False,object_identification,fo_class,1.2775855229701847,False,True
lapchole__3147308,0078 - Laparoscopic Cholecystectomy.mp4,False,False,object_identification,fo_class,1.3025746389757842,False,True
lapchole__3156547,0078 - Laparoscopic Cholecystectomy.mp4,False,False,object_identification,fo_class,1.2028237220365554,False,False
lapchole__3166845,0078 - Laparoscopic Cholecystectomy.mp4,False,False,object_aggregation,binary,1.1416937389876693,False,False
lapchole__3154360,0078 - Laparoscopic Cholecystectomy.mp4,False,False,object_identification,fo_class,1.1660567161161453,False,True
lapchole__3156548,0078 - Laparoscopic Cholecystectomy.mp4,False,False,object_identification,fo_class,1.278225620975718,False,True
lapchole__3154364,0078 - Laparoscopic Cholecystectomy.mp4,False,False,object_identification,fo_class,1.1649352391250432,False,True
lapchole__3154366,0078 - Laparoscopic Cholecystectomy.mp4,False,False,object_identification,fo_class,1.1979932750109583,False,False
lapchole__3156554,0078 - Laparoscopic Cholecystectomy.mp4,False,False,object_identification,fo_class,1.2805273949634284,False,False
lapchole__3154372,0078 - Laparoscopic Cholecystectomy.mp4,False,False,object_identification,fo_class,1.3778439857997,False,False
lapchole__3167207,0078 - Laparoscopic Cholecystectomy.mp4,False,False,object_aggregation,binary,1.2959540251176804,False,False
lapchole__3156570,0078 - Laparoscopic Cholecystectomy.mp4,False,False,object_identification,fo_class,1.247090479824692,False,False
lapchole__3147311,0078 - Laparoscopic Cholecystectomy.mp4,False,False,object_identification,fo_class,1.3660152370575815,False,True
lapchole__5022945,0078 - Laparoscopic Cholecystectomy.mp4,False,False,object_attributes,open_ended,1.1910180621780455,False,True
lapchole__3147313,0078 - Laparoscopic Cholecystectomy.mp4,False,False,object_identification,fo_class,1.4025426239240915,False,True
lapchole__5022947,0078 - Laparoscopic Cholecystectomy.mp4,False,False,object_attributes,open_ended,1.283021667972207,False,True
lapchole__5022948,0078 - Laparoscopic Cholecystectomy.mp4,False,False,object_attributes,open_ended,1.2550768689252436,False,False
lapchole__3179278,0078 - Laparoscopic Cholecystectomy.mp4,False,False,object_aggregation,binary,1.2700439519248903,False,False
lapchole__3156575,0078 - Laparoscopic Cholecystectomy.mp4,False,False,object_identification,fo_class,1.2997556650079787,False,False
lapchole__3156576,0078 - Laparoscopic Cholecystectomy.mp4,False,False,object_identification,fo_class,1.2205082778818905,False,False
lapchole__3161231,0078 - Laparoscopic Cholecystectomy.mp4,False,False,object_aggregation,number,1.1771692880429327,False,False
lapchole__3147315,0078 - Laparoscopic Cholecystectomy.mp4,False,False,object_identification,fo_class,1.4328729859553277,False,False
lapchole__5025264,0078 - Laparoscopic Cholecystectomy.mp4,False,False,object_attributes,open_ended,1.3323898820672184,False,True
lapchole__3156577,0078 - Laparoscopic Cholecystectomy.mp4,False,False,object_identification,fo_class,1.2576139131560922,False,True
lapchole__5022950,0078 - Laparoscopic Cholecystectomy.mp4,False,False,object_attributes,open_ended,1.1249001608230174,False,False
lapchole__5026651,0078 - Laparoscopic Cholecystectomy.mp4,False,False,object_identification,fo_class,1.3472243850119412,False,True
lapchole__3156583,0078 - Laparoscopic Cholecystectomy.mp4,False,False,object_identification,fo_class,1.094178729923442,False,True
lapchole__3156594,0078 - Laparoscopic Cholecystectomy.mp4,False,False,object_identification,fo_class,1.3922698490787297,False,False
lapchole__3154410,0078 - Laparoscopic Cholecystectomy.mp4,False,False,object_identification,fo_class,1.3659004368819296,False,True
lapchole__5022953,0078 - Laparoscopic Cholecystectomy.mp4,False,False,object_attributes,open_ended,1.2468361710198224,False,True
lapchole__3156622,0078 - Laparoscopic Cholecystectomy.mp4,False,False,object_identification,fo_class,1.3486424000002444,False,False
lapchole__3154434,0078 - Laparoscopic Cholecystectomy.mp4,False,False,object_identification,fo_class,1.2903183999005705,False,True
lapchole__3160695,0078 - Laparoscopic Cholecystectomy.mp4,False,False,object_aggregation,number,1.2701017009094357,False,False
lapchole__3162250,0078 - Laparoscopic Cholecystectomy.mp4,False,False,object_aggregation,number,1.2204369080718607,False,False
lapchole__3160497,0078 - Laparoscopic Cholecystectomy.mp4,False,False,object_aggregation,number,1.1869396129623055,False,False
lapchole__3162482,0078 - Laparoscopic Cholecystectomy.mp4,False,False,object_aggregation,number,1.227540299994871,False,False
lapchole__3214965,0079 - Laparoscopic Cholecystectomy.mp4,False,False,object_aggregation,number,1.1365303620696068,False,False
lapchole__3215813,0079 - Laparoscopic Cholecystectomy.mp4,False,False,object_aggregation,number,1.1700845558661968,False,True
lapchole__5025265,0079 - Laparoscopic Cholecystectomy.mp4,False,False,spatial_localization_situs,open_ended,1.5059724601451308,False,True
lapchole__3215814,0079 - Laparoscopic Cholecystectomy.mp4,False,False,object_aggregation,number,1.0804109137970954,False,False
lapchole__3214969,0079 - Laparoscopic Cholecystectomy.mp4,False,False,object_aggregation,number,1.1962637801188976,False,False
lapchole__3214970,0079 - Laparoscopic Cholecystectomy.mp4,False,False,object_aggregation,number,1.1053341710940003,False,True
lapchole__3215818,0079 - Laparoscopic Cholecystectomy.mp4,False,False,object_aggregation,number,1.2052704570814967,False,True
lapchole__3214971,0079 - Laparoscopic Cholecystectomy.mp4,False,False,object_aggregation,number,1.2067052719648927,False,True
lapchole__3218501,0079 - Laparoscopic Cholecystectomy.mp4,False,False,object_aggregation,binary,1.1844323000404984,False,True
lapchole__5024361,0079 - Laparoscopic Cholecystectomy.mp4,False,False,object_aggregation,open_ended,1.136886061169207,False,False
lapchole__5025266,0079 - Laparoscopic Cholecystectomy.mp4,False,False,object_aggregation,open_ended,1.3287981019821018,False,True
lapchole__5024364,0079 - Laparoscopic Cholecystectomy.mp4,False,False,spatial_localization_situs,open_ended,1.2745837988331914,False,True
lapchole__3215828,0079 - Laparoscopic Cholecystectomy.mp4,False,False,object_aggregation,number,1.1477722730487585,False,False
lapchole__3214985,0079 - Laparoscopic Cholecystectomy.mp4,False,False,object_aggregation,number,1.090769159141928,False,False
lapchole__3215138,0079 - Laparoscopic Cholecystectomy.mp4,False,False,object_aggregation,number,1.1173185310326517,False,True
lapchole__3212197,0079 - Laparoscopic Cholecystectomy.mp4,False,False,object_identification,fo_class,1.1696106670424342,False,True
lapchole__3214988,0079 - Laparoscopic Cholecystectomy.mp4,False,False,object_aggregation,number,1.1291249610949308,False,False
lapchole__3215837,0079 - Laparoscopic Cholecystectomy.mp4,False,False,object_aggregation,number,1.1019135199021548,False,False
lapchole__3227726,0079 - Laparoscopic Cholecystectomy.mp4,False,False,object_aggregation,binary,1.1019351398572326,False,True
lapchole__3215840,0079 - Laparoscopic Cholecystectomy.mp4,False,False,object_aggregation,number,1.080356135033071,False,False
lapchole__3214993,0079 - Laparoscopic Cholecystectomy.mp4,False,False,object_aggregation,number,1.0206232070922852,False,False
lapchole__3231803,0079 - Laparoscopic Cholecystectomy.mp4,False,False,object_identification,fo_class,1.0803965649101883,False,True
lapchole__3215854,0079 - Laparoscopic Cholecystectomy.mp4,False,False,object_aggregation,number,1.134181747911498,False,False
lapchole__3215010,0079 - Laparoscopic Cholecystectomy.mp4,False,False,object_aggregation,number,1.1001461739651859,False,False
lapchole__3215858,0079 - Laparoscopic Cholecystectomy.mp4,False,False,object_aggregation,number,1.1823460350278765,False,False
lapchole__3215015,0079 - Laparoscopic Cholecystectomy.mp4,False,False,object_aggregation,number,1.1937525260727853,False,False
lapchole__3215020,0079 - Laparoscopic Cholecystectomy.mp4,False,False,object_aggregation,number,1.08886887319386,False,False
lapchole__3215022,0079 - Laparoscopic Cholecystectomy.mp4,False,False,object_aggregation,number,1.1411464898847044,False,False
lapchole__3215023,0079 - Laparoscopic Cholecystectomy.mp4,False,False,object_aggregation,number,1.1639280118979514,False,False
lapchole__3215875,0079 - Laparoscopic Cholecystectomy.mp4,False,False,object_aggregation,number,1.1286693720612675,False,False
lapchole__3215028,0079 - Laparoscopic Cholecystectomy.mp4,False,False,object_aggregation,number,1.0997381650377065,False,False
lapchole__3215032,0079 - Laparoscopic Cholecystectomy.mp4,False,False,object_aggregation,number,1.210230594035238,False,False
lapchole__3215045,0079 - Laparoscopic Cholecystectomy.mp4,False,False,object_aggregation,number,1.1423899070359766,False,True
lapchole__3215202,0079 - Laparoscopic Cholecystectomy.mp4,False,False,object_aggregation,number,1.1364148720167577,False,True
lapchole__3215054,0079 - Laparoscopic Cholecystectomy.mp4,False,False,object_aggregation,number,1.092925522942096,False,True
lapchole__3226797,0079 - Laparoscopic Cholecystectomy.mp4,False,False,spatial_localization_camera,open_ended,1.3119066238868982,False,False
lapchole__3210880,0079 - Laparoscopic Cholecystectomy.mp4,False,False,object_identification,fo_class,1.0720803160220385,False,True
lapchole__3215906,0079 - Laparoscopic Cholecystectomy.mp4,False,False,object_aggregation,number,1.0323940080124885,False,False
lapchole__3231812,0079 - Laparoscopic Cholecystectomy.mp4,False,False,object_identification,fo_class,1.1450453698635101,False,False
lapchole__3212271,0079 - Laparoscopic Cholecystectomy.mp4,False,False,object_identification,fo_class,1.1899445950984955,False,False
lapchole__3210887,0079 - Laparoscopic Cholecystectomy.mp4,False,False,object_identification,fo_class,1.1321012428961694,False,True
lapchole__3215912,0079 - Laparoscopic Cholecystectomy.mp4,False,False,object_aggregation,number,1.1103012589737773,False,False
lapchole__3212274,0079 - Laparoscopic Cholecystectomy.mp4,False,False,object_identification,fo_class,1.1102416890207678,False,False
lapchole__3210890,0079 - Laparoscopic Cholecystectomy.mp4,False,False,object_identification,fo_class,1.099115587072447,False,False
lapchole__5024368,0079 - Laparoscopic Cholecystectomy.mp4,False,False,spatial_localization_situs,open_ended,1.3168642420787364,False,True
lapchole__3215066,0079 - Laparoscopic Cholecystectomy.mp4,False,False,object_aggregation,number,1.1631868528202176,False,True
lapchole__3215222,0079 - Laparoscopic Cholecystectomy.mp4,False,False,object_aggregation,number,1.0876643771771342,False,False
lapchole__3205022,0079 - Laparoscopic Cholecystectomy.mp4,False,False,object_identification,fo_class,1.280727094039321,False,True
lapchole__3212280,0079 - Laparoscopic Cholecystectomy.mp4,False,False,object_identification,fo_class,1.1667792438529432,False,False
lapchole__3212281,0079 - Laparoscopic Cholecystectomy.mp4,False,False,object_identification,fo_class,1.008547498844564,False,False
lapchole__3227792,0079 - Laparoscopic Cholecystectomy.mp4,False,False,object_aggregation,binary,1.0571908541023731,False,False
lapchole__3205024,0079 - Laparoscopic Cholecystectomy.mp4,False,False,object_identification,fo_class,1.288709303131327,False,True
lapchole__3215226,0079 - Laparoscopic Cholecystectomy.mp4,False,False,object_aggregation,number,1.1203533129300922,False,False
lapchole__5022910,0079 - Laparoscopic Cholecystectomy.mp4,False,False,object_attributes,open_ended,1.078551399987191,False,False
lapchole__3212287,0079 - Laparoscopic Cholecystectomy.mp4,False,False,object_identification,fo_class,1.1562493110541254,False,False
lapchole__3210895,0079 - Laparoscopic Cholecystectomy.mp4,False,False,object_identification,fo_class,1.1901841249782592,False,False
lapchole__3231817,0079 - Laparoscopic Cholecystectomy.mp4,False,False,object_identification,fo_class,1.201435515889898,False,False
lapchole__3244644,0079 - Laparoscopic Cholecystectomy.mp4,False,False,spatial_localization_camera,multiple_choice,1.155686812940985,False,False
lapchole__3226806,0079 - Laparoscopic Cholecystectomy.mp4,False,False,spatial_localization_camera,open_ended,1.4124003790784627,False,False
lapchole__3212293,0079 - Laparoscopic Cholecystectomy.mp4,False,False,object_identification,fo_class,1.1723042500671,False,False
lapchole__3244643,0079 - Laparoscopic Cholecystectomy.mp4,False,False,spatial_localization_camera,multiple_choice,1.1814073170535266,False,False
lapchole__3205030,0079 - Laparoscopic Cholecystectomy.mp4,False,False,object_identification,fo_class,1.4216279149986804,False,True
lapchole__3212294,0079 - Laparoscopic Cholecystectomy.mp4,False,False,object_identification,fo_class,1.231016400968656,False,False
lapchole__5022912,0079 - Laparoscopic Cholecystectomy.mp4,False,False,object_attributes,open_ended,1.2309408909641206,False,True
lapchole__3215238,0079 - Laparoscopic Cholecystectomy.mp4,False,False,object_aggregation,number,1.201081536943093,False,False
lapchole__3218799,0079 - Laparoscopic Cholecystectomy.mp4,False,False,object_aggregation,binary,1.1913983521517366,False,True
lapchole__3212295,0079 - Laparoscopic Cholecystectomy.mp4,False,False,object_identification,fo_class,1.467957645887509,False,False
lapchole__5025267,0079 - Laparoscopic Cholecystectomy.mp4,False,False,object_attributes,open_ended,1.1753560430370271,False,True
lapchole__3205034,0079 - Laparoscopic Cholecystectomy.mp4,False,False,object_identification,fo_class,1.4283799179829657,False,False
lapchole__3212297,0079 - Laparoscopic Cholecystectomy.mp4,False,False,object_identification,fo_class,1.4560409469995648,False,False
lapchole__5022915,0079 - Laparoscopic Cholecystectomy.mp4,False,False,object_attributes,open_ended,1.317817058879882,False,False
lapchole__3205035,0079 - Laparoscopic Cholecystectomy.mp4,False,False,object_identification,fo_class,1.3343315771780908,False,False
lapchole__5022916,0079 - Laparoscopic Cholecystectomy.mp4,False,False,object_attributes,open_ended,1.331529944902286,False,False
lapchole__3215241,0079 - Laparoscopic Cholecystectomy.mp4,False,False,object_aggregation,number,1.1725787101313472,False,False
lapchole__3205036,0079 - Laparoscopic Cholecystectomy.mp4,False,False,object_identification,fo_class,1.385571706108749,False,True
lapchole__5025268,0079 - Laparoscopic Cholecystectomy.mp4,False,False,object_attributes,open_ended,1.1866450940724462,False,False
lapchole__3212304,0079 - Laparoscopic Cholecystectomy.mp4,False,False,object_identification,fo_class,1.3627292150631547,False,False
lapchole__3210904,0079 - Laparoscopic Cholecystectomy.mp4,False,False,object_identification,fo_class,1.267495117848739,False,True
lapchole__3210905,0079 - Laparoscopic Cholecystectomy.mp4,False,False,object_identification,fo_class,1.1552892040926963,False,False
lapchole__3212307,0079 - Laparoscopic Cholecystectomy.mp4,False,False,object_identification,fo_class,1.2580270022153854,False,True
lapchole__3423971,0089 - Laparoscopic Cholecystectomy.mp4,False,False,object_identification,fo_class,1.1583559659775347,False,True
lapchole__3406481,0089 - Laparoscopic Cholecystectomy.mp4,False,False,object_identification,fo_class,1.1877724409569055,False,True
lapchole__3410420,0089 - Laparoscopic Cholecystectomy.mp4,False,False,object_aggregation,number,1.1382182578090578,False,True
lapchole__3420328,0089 - Laparoscopic Cholecystectomy.mp4,False,False,spatial_localization_camera,open_ended,1.4656120219733566,False,True
lapchole__3414766,0089 - Laparoscopic Cholecystectomy.mp4,False,False,object_aggregation,binary,1.2107365829870105,False,True
lapchole__3411597,0089 - Laparoscopic Cholecystectomy.mp4,False,False,object_aggregation,number,1.1242180028930306,False,True
lapchole__3410018,0089 - Laparoscopic Cholecystectomy.mp4,False,False,object_aggregation,number,1.2986207890789956,False,False
lapchole__3411733,0089 - Laparoscopic Cholecystectomy.mp4,False,False,object_aggregation,number,1.18345638201572,False,True
lapchole__3421481,0089 - Laparoscopic Cholecystectomy.mp4,False,False,object_aggregation,binary,1.119503964902833,False,True
lapchole__3410128,0089 - Laparoscopic Cholecystectomy.mp4,False,False,object_aggregation,number,1.2629664889536798,False,False
lapchole__3411753,0089 - Laparoscopic Cholecystectomy.mp4,False,False,object_aggregation,number,1.2175193650182337,False,True
lapchole__3405766,0089 - Laparoscopic Cholecystectomy.mp4,False,False,object_identification,fo_class,1.181671807076782,False,True
lapchole__3410188,0089 - Laparoscopic Cholecystectomy.mp4,False,False,object_aggregation,number,1.200774917844683,False,False
lapchole__3415019,0089 - Laparoscopic Cholecystectomy.mp4,False,False,object_aggregation,binary,1.1872996219899505,False,True
lapchole__3411818,0089 - Laparoscopic Cholecystectomy.mp4,False,False,object_aggregation,number,1.2299276841804385,False,False
lapchole__3410211,0089 - Laparoscopic Cholecystectomy.mp4,False,False,object_aggregation,number,1.1839362501632422,False,True
lapchole__3420345,0089 - Laparoscopic Cholecystectomy.mp4,False,False,spatial_localization_camera,open_ended,1.6995618969667703,False,True
lapchole__3424031,0089 - Laparoscopic Cholecystectomy.mp4,False,False,object_identification,fo_class,1.1353895938955247,False,True
lapchole__3410723,0089 - Laparoscopic Cholecystectomy.mp4,False,False,object_aggregation,number,1.2501677018590271,False,True
lapchole__3411851,0089 - Laparoscopic Cholecystectomy.mp4,False,False,object_aggregation,number,1.1005788329057395,False,False
lapchole__3406840,0089 - Laparoscopic Cholecystectomy.mp4,False,False,object_identification,fo_class,1.1480255529750139,False,True
lapchole__3410260,0089 - Laparoscopic Cholecystectomy.mp4,False,False,object_aggregation,number,1.2106507730204612,False,True
lapchole__3410278,0089 - Laparoscopic Cholecystectomy.mp4,False,False,object_aggregation,number,1.2876246760133654,False,False
lapchole__3411889,0089 - Laparoscopic Cholecystectomy.mp4,False,False,object_aggregation,number,1.1994212321005762,False,False
lapchole__3411891,0089 - Laparoscopic Cholecystectomy.mp4,False,False,object_aggregation,number,1.153881436912343,False,False
lapchole__3410282,0089 - Laparoscopic Cholecystectomy.mp4,False,False,object_aggregation,number,1.1133377908263355,False,False
lapchole__3410294,0089 - Laparoscopic Cholecystectomy.mp4,False,False,object_aggregation,number,1.2364136069081724,False,False
lapchole__3410297,0089 - Laparoscopic Cholecystectomy.mp4,False,False,object_aggregation,number,1.1770275181625038,False,False
lapchole__3410309,0089 - Laparoscopic Cholecystectomy.mp4,False,False,object_aggregation,number,1.1084452141076326,False,False
lapchole__3411923,0089 - Laparoscopic Cholecystectomy.mp4,False,False,object_aggregation,number,1.1028454469051212,False,False
lapchole__3410313,0089 - Laparoscopic Cholecystectomy.mp4,False,False,object_aggregation,number,1.1797124911099672,False,False
lapchole__3410315,0089 - Laparoscopic Cholecystectomy.mp4,False,False,object_aggregation,number,1.1043126340955496,False,False
lapchole__3411928,0089 - Laparoscopic Cholecystectomy.mp4,False,False,object_aggregation,number,1.0907894191332161,False,False
lapchole__3410319,0089 - Laparoscopic Cholecystectomy.mp4,False,False,object_aggregation,number,1.187936699949205,False,True
lapchole__3411932,0089 - Laparoscopic Cholecystectomy.mp4,False,False,object_aggregation,number,1.134094248060137,False,False
lapchole__3411938,0089 - Laparoscopic Cholecystectomy.mp4,False,False,object_aggregation,number,1.3674585931003094,False,False
lapchole__3410365,0089 - Laparoscopic Cholecystectomy.mp4,False,False,object_aggregation,number,1.4083355688489974,False,False
lapchole__3410375,0089 - Laparoscopic Cholecystectomy.mp4,False,False,object_aggregation,number,1.3334550189319998,False,False
lapchole__3411581,0089 - Laparoscopic Cholecystectomy.mp4,False,False,object_aggregation,number,1.4975103619508445,False,True
lapchole__3421680,0089 - Laparoscopic Cholecystectomy.mp4,False,False,object_aggregation,binary,1.256946553941816,False,True
lapchole__3405829,0089 - Laparoscopic Cholecystectomy.mp4,False,False,object_identification,fo_class,1.413246976211667,False,True
lapchole__3424091,0089 - Laparoscopic Cholecystectomy.mp4,False,False,object_identification,fo_class,1.222239303868264,False,True
lapchole__3410398,0089 - Laparoscopic Cholecystectomy.mp4,False,False,object_aggregation,number,1.2013694760389626,False,True
lapchole__3410011,0089 - Laparoscopic Cholecystectomy.mp4,False,False,object_aggregation,number,1.3946491528768092,False,False
lapchole__3420430,0089 - Laparoscopic Cholecystectomy.mp4,False,False,spatial_localization_camera,open_ended,1.7083332538604736,False,True
lapchole__3405873,0089 - Laparoscopic Cholecystectomy.mp4,False,False,object_identification,fo_class,1.3508247749414295,False,True
lapchole__3406523,0089 - Laparoscopic Cholecystectomy.mp4,False,False,object_identification,fo_class,1.3031776370480657,False,True
lapchole__3406517,0089 - Laparoscopic Cholecystectomy.mp4,False,False,object_identification,fo_class,1.238027123035863,False,False
lapchole__3405874,0089 - Laparoscopic Cholecystectomy.mp4,False,False,object_identification,fo_class,1.3661376060917974,False,True
lapchole__5022855,0089 - Laparoscopic Cholecystectomy.mp4,False,False,object_attributes,open_ended,1.3591730941552669,False,True
lapchole__3405884,0089 - Laparoscopic Cholecystectomy.mp4,False,False,object_identification,fo_class,1.337294349912554,False,False
lapchole__3430838,0089 - Laparoscopic Cholecystectomy.mp4,False,False,spatial_localization_camera,fo_class,1.1756020621396601,False,True
lapchole__3410536,0089 - Laparoscopic Cholecystectomy.mp4,False,False,object_aggregation,number,1.1439351430162787,False,False
lapchole__3415194,0089 - Laparoscopic Cholecystectomy.mp4,False,False,object_aggregation,binary,1.1867760841269046,False,False
lapchole__5022858,0089 - Laparoscopic Cholecystectomy.mp4,False,False,object_attributes,open_ended,1.160269440850243,False,True
lapchole__3421723,0089 - Laparoscopic Cholecystectomy.mp4,False,False,object_aggregation,binary,1.1730255580041558,False,False
lapchole__5026653,0089 - Laparoscopic Cholecystectomy.mp4,False,False,object_identification,fo_class,1.267604238120839,False,False
lapchole__3406502,0089 - Laparoscopic Cholecystectomy.mp4,False,False,object_identification,fo_class,1.2092509360518306,False,False
lapchole__5022860,0089 - Laparoscopic Cholecystectomy.mp4,False,False,object_attributes,open_ended,1.214823161950335,False,False
lapchole__3400707,0089 - Laparoscopic Cholecystectomy.mp4,False,False,object_identification,fo_class,1.6763109059538692,False,False
lapchole__3400708,0089 - Laparoscopic Cholecystectomy.mp4,False,False,object_identification,fo_class,1.4389577000401914,False,True
lapchole__5022861,0089 - Laparoscopic Cholecystectomy.mp4,False,False,object_attributes,open_ended,1.3460062679369003,False,True
lapchole__5022862,0089 - Laparoscopic Cholecystectomy.mp4,False,False,object_attributes,open_ended,1.2740624910220504,False,False
lapchole__3406805,0089 - Laparoscopic Cholecystectomy.mp4,False,False,object_identification,fo_class,1.3188152168877423,False,False
lapchole__3410656,0089 - Laparoscopic Cholecystectomy.mp4,False,False,object_aggregation,number,1.1535225079860538,False,False
lapchole__3415199,0089 - Laparoscopic Cholecystectomy.mp4,False,False,object_aggregation,binary,1.2002358888275921,False,False
lapchole__5022863,0089 - Laparoscopic Cholecystectomy.mp4,False,False,object_attributes,open_ended,1.2920415559783578,False,True
lapchole__3400711,0089 - Laparoscopic Cholecystectomy.mp4,False,False,object_identification,fo_class,1.4593045979272574,False,False
lapchole__3406597,0089 - Laparoscopic Cholecystectomy.mp4,False,False,object_identification,fo_class,1.41298827691935,False,False
lapchole__3421730,0089 - Laparoscopic Cholecystectomy.mp4,False,False,object_aggregation,binary,1.1503117869142443,False,True
lapchole__5026822,0089 - Laparoscopic Cholecystectomy.mp4,False,False,object_aggregation,number,1.2647254241164774,False,False
lapchole__5022865,0089 - Laparoscopic Cholecystectomy.mp4,False,False,object_attributes,open_ended,1.157531148986891,False,True
lapchole__3406930,0089 - Laparoscopic Cholecystectomy.mp4,False,False,object_identification,fo_class,1.4366312858182937,False,False
lapchole__3405894,0089 - Laparoscopic Cholecystectomy.mp4,False,False,object_identification,fo_class,1.1529041500762105,False,True
lapchole__3406731,0089 - Laparoscopic Cholecystectomy.mp4,False,False,object_identification,fo_class,1.3440682829823345,False,False
lapchole__3405904,0089 - Laparoscopic Cholecystectomy.mp4,False,False,object_identification,fo_class,1.232685926137492,False,True
lapchole__3406519,0089 - Laparoscopic Cholecystectomy.mp4,False,False,object_identification,fo_class,1.1446510208770633,False,False
lapchole__3410224,0089 - Laparoscopic Cholecystectomy.mp4,False,False,object_aggregation,number,1.1493391988333315,False,False
lapchole__3410143,0089 - Laparoscopic Cholecystectomy.mp4,False,False,object_aggregation,number,1.1807409790344536,False,False
lapchole__3406735,0089 - Laparoscopic Cholecystectomy.mp4,False,False,object_identification,fo_class,1.1214052308350801,False,True
lapchole__5024329,0089 - Laparoscopic Cholecystectomy.mp4,False,False,object_aggregation,open_ended,1.1373721200507134,False,False
lapchole__3502832,0093 - Laparoscopic Cholecystectomy.mp4,False,False,object_aggregation,binary,1.1321027928497642,False,True
lapchole__3496113,0093 - Laparoscopic Cholecystectomy.mp4,False,False,object_aggregation,number,1.165907927090302,False,True
lapchole__3496906,0093 - Laparoscopic Cholecystectomy.mp4,False,False,object_aggregation,number,1.1016812711022794,False,False
lapchole__3496115,0093 - Laparoscopic Cholecystectomy.mp4,False,False,object_aggregation,number,1.0471489389892668,False,False
lapchole__3496909,0093 - Laparoscopic Cholecystectomy.mp4,False,False,object_aggregation,number,1.1652361291926354,False,True
lapchole__3496117,0093 - Laparoscopic Cholecystectomy.mp4,False,False,object_aggregation,number,1.2194307001773268,False,True
lapchole__3496910,0093 - Laparoscopic Cholecystectomy.mp4,False,False,object_aggregation,number,1.0932402019388974,False,False
lapchole__3496119,0093 - Laparoscopic Cholecystectomy.mp4,False,False,object_aggregation,number,1.1076220360118896,False,False
lapchole__3496912,0093 - Laparoscopic Cholecystectomy.mp4,False,False,object_aggregation,number,1.1127728619612753,False,False
lapchole__3496121,0093 - Laparoscopic Cholecystectomy.mp4,False,False,object_aggregation,number,1.1743252959568053,False,False
lapchole__3498834,0093 - Laparoscopic Cholecystectomy.mp4,False,False,object_aggregation,binary,1.0122224888764322,False,True
lapchole__3496915,0093 - Laparoscopic Cholecystectomy.mp4,False,False,object_aggregation,number,1.0883166049607098,False,False
lapchole__3496916,0093 - Laparoscopic Cholecystectomy.mp4,False,False,object_aggregation,number,1.011807159986347,False,False
lapchole__3496124,0093 - Laparoscopic Cholecystectomy.mp4,False,False,object_aggregation,number,1.1276951439213008,False,False
lapchole__3496125,0093 - Laparoscopic Cholecystectomy.mp4,False,False,object_aggregation,number,1.1010191119275987,False,False
lapchole__3496126,0093 - Laparoscopic Cholecystectomy.mp4,False,False,object_aggregation,number,1.085666012018919,False,False
lapchole__3496127,0093 - Laparoscopic Cholecystectomy.mp4,False,False,object_aggregation,number,1.1793716920074075,False,False
lapchole__3496920,0093 - Laparoscopic Cholecystectomy.mp4,False,False,object_aggregation,number,1.1214270410127938,False,True
lapchole__3496130,0093 - Laparoscopic Cholecystectomy.mp4,False,False,object_aggregation,number,1.0899143398273736,False,False
lapchole__3496258,0093 - Laparoscopic Cholecystectomy.mp4,False,False,object_aggregation,number,1.1236711551900953,False,True
lapchole__3496922,0093 - Laparoscopic Cholecystectomy.mp4,False,False,object_aggregation,number,1.1611369890160859,False,False
lapchole__3496131,0093 - Laparoscopic Cholecystectomy.mp4,False,False,object_aggregation,number,1.0730162528343499,False,False
lapchole__3496923,0093 - Laparoscopic Cholecystectomy.mp4,False,False,object_aggregation,number,1.2255327349994332,False,False
lapchole__3494818,0093 - Laparoscopic Cholecystectomy.mp4,False,False,object_identification,fo_class,1.1883478299714625,False,True
lapchole__3503906,0093 - Laparoscopic Cholecystectomy.mp4,False,False,object_identification,fo_class,1.1201351331546903,False,True
lapchole__3496932,0093 - Laparoscopic Cholecystectomy.mp4,False,False,object_aggregation,number,1.1903312948998064,False,True
lapchole__3501969,0093 - Laparoscopic Cholecystectomy.mp4,False,False,spatial_localization_camera,open_ended,1.362259566085413,False,False
lapchole__3496933,0093 - Laparoscopic Cholecystectomy.mp4,False,False,object_aggregation,number,1.1384334771428257,False,False
lapchole__3494459,0093 - Laparoscopic Cholecystectomy.mp4,False,False,object_identification,fo_class,1.2452370449900627,False,False
lapchole__3496939,0093 - Laparoscopic Cholecystectomy.mp4,False,False,object_aggregation,number,1.1506461559329182,False,False
lapchole__3494835,0093 - Laparoscopic Cholecystectomy.mp4,False,False,object_identification,fo_class,1.115751305129379,False,True
lapchole__3496152,0093 - Laparoscopic Cholecystectomy.mp4,False,False,object_aggregation,number,1.1786889138165861,False,False
lapchole__3494460,0093 - Laparoscopic Cholecystectomy.mp4,False,False,object_identification,fo_class,1.100453303894028,False,True
lapchole__3496153,0093 - Laparoscopic Cholecystectomy.mp4,False,False,object_aggregation,number,1.200426678871736,False,False
lapchole__3503910,0093 - Laparoscopic Cholecystectomy.mp4,False,False,object_identification,fo_class,1.1213833200745285,False,True
lapchole__3501973,0093 - Laparoscopic Cholecystectomy.mp4,False,False,spatial_localization_camera,open_ended,1.3804711699485779,False,False
lapchole__3496951,0093 - Laparoscopic Cholecystectomy.mp4,False,False,object_aggregation,number,1.1985922828316689,False,True
lapchole__3494847,0093 - Laparoscopic Cholecystectomy.mp4,False,False,object_identification,fo_class,1.1201638341881335,False,True
lapchole__3503912,0093 - Laparoscopic Cholecystectomy.mp4,False,False,object_identification,fo_class,1.1003319539595395,False,True
lapchole__3496960,0093 - Laparoscopic Cholecystectomy.mp4,False,False,object_aggregation,number,1.0962226148694754,False,False
lapchole__3496313,0093 - Laparoscopic Cholecystectomy.mp4,False,False,object_aggregation,number,1.1017248809803277,False,True
lapchole__3494464,0093 - Laparoscopic Cholecystectomy.mp4,False,False,object_identification,fo_class,1.2141380331013352,False,False
lapchole__3502901,0093 - Laparoscopic Cholecystectomy.mp4,False,False,object_aggregation,binary,1.0883656651712954,False,True
lapchole__3498780,0093 - Laparoscopic Cholecystectomy.mp4,False,False,object_aggregation,binary,1.112502222880721,False,True
lapchole__3496199,0093 - Laparoscopic Cholecystectomy.mp4,False,False,object_aggregation,number,1.1665352149866521,False,False
lapchole__3496202,0093 - Laparoscopic Cholecystectomy.mp4,False,False,object_aggregation,number,1.134160757996142,False,False
lapchole__3501984,0093 - Laparoscopic Cholecystectomy.mp4,False,False,spatial_localization_camera,open_ended,1.4336601439863443,False,True
lapchole__3497001,0093 - Laparoscopic Cholecystectomy.mp4,False,False,object_aggregation,number,1.1658807469066232,False,False
lapchole__3496217,0093 - Laparoscopic Cholecystectomy.mp4,False,False,object_aggregation,number,1.1692538280040026,False,False
lapchole__3494904,0093 - Laparoscopic Cholecystectomy.mp4,False,False,object_identification,fo_class,1.1710940729826689,False,True
lapchole__3494479,0093 - Laparoscopic Cholecystectomy.mp4,False,False,object_identification,fo_class,1.1164032728411257,False,True
lapchole__3496347,0093 - Laparoscopic Cholecystectomy.mp4,False,False,object_aggregation,number,1.1246175430715084,False,True
lapchole__3494480,0093 - Laparoscopic Cholecystectomy.mp4,False,False,object_identification,fo_class,1.1405626309569925,False,False
lapchole__3494905,0093 - Laparoscopic Cholecystectomy.mp4,False,False,object_identification,fo_class,1.1206300819758326,False,False
lapchole__3494481,0093 - Laparoscopic Cholecystectomy.mp4,False,False,object_identification,fo_class,1.1645559009630233,False,True
lapchole__3494906,0093 - Laparoscopic Cholecystectomy.mp4,False,False,object_identification,fo_class,1.312031394103542,False,True
lapchole__3496221,0093 - Laparoscopic Cholecystectomy.mp4,False,False,object_aggregation,number,1.2449659348931164,False,True
lapchole__3494482,0093 - Laparoscopic Cholecystectomy.mp4,False,False,object_identification,fo_class,1.2223732429556549,False,True
lapchole__3494907,0093 - Laparoscopic Cholecystectomy.mp4,False,False,object_identification,fo_class,1.3770695179700851,False,False
lapchole__5022813,0093 - Laparoscopic Cholecystectomy.mp4,False,False,object_attributes,open_ended,1.1791543930303305,False,True
lapchole__3491472,0093 - Laparoscopic Cholecystectomy.mp4,False,False,object_identification,fo_class,1.3217983690556139,False,True
lapchole__3496224,0093 - Laparoscopic Cholecystectomy.mp4,False,False,object_aggregation,number,1.0426638522185385,False,True
lapchole__3496352,0093 - Laparoscopic Cholecystectomy.mp4,False,False,object_aggregation,number,1.0910034670960158,False,True
lapchole__3496354,0093 - Laparoscopic Cholecystectomy.mp4,False,False,object_aggregation,number,1.0514102089218795,False,True
lapchole__3502921,0093 - Laparoscopic Cholecystectomy.mp4,False,False,object_aggregation,binary,1.214888741960749,False,True
lapchole__3494912,0093 - Laparoscopic Cholecystectomy.mp4,False,False,object_identification,fo_class,1.3966498689260334,False,True
lapchole__5022816,0093 - Laparoscopic Cholecystectomy.mp4,False,False,object_attributes,open_ended,1.2573574529960752,False,True
lapchole__3497039,0093 - Laparoscopic Cholecystectomy.mp4,False,False,object_aggregation,number,1.0321036879904568,False,True
lapchole__3494916,0093 - Laparoscopic Cholecystectomy.mp4,False,False,object_identification,fo_class,1.317743190098554,False,True
lapchole__3498963,0093 - Laparoscopic Cholecystectomy.mp4,False,False,object_aggregation,binary,1.1169844609685242,False,True
lapchole__5022818,0093 - Laparoscopic Cholecystectomy.mp4,False,False,object_attributes,open_ended,1.2679159571416676,False,True
lapchole__3496361,0093 - Laparoscopic Cholecystectomy.mp4,False,False,object_aggregation,number,1.0272733808960766,False,True
lapchole__3502928,0093 - Laparoscopic Cholecystectomy.mp4,False,False,object_aggregation,binary,1.1476741440128535,False,True
lapchole__5022819,0093 - Laparoscopic Cholecystectomy.mp4,False,False,object_attributes,open_ended,1.091999924974516,False,False
lapchole__3494919,0093 - Laparoscopic Cholecystectomy.mp4,False,False,object_identification,fo_class,1.4234257200732827,False,True
lapchole__3491485,0093 - Laparoscopic Cholecystectomy.mp4,False,False,object_identification,fo_class,1.4195480800699443,False,True
lapchole__3491486,0093 - Laparoscopic Cholecystectomy.mp4,False,False,object_identification,fo_class,1.2980383799877018,False,True
lapchole__3498969,0093 - Laparoscopic Cholecystectomy.mp4,False,False,object_aggregation,binary,1.11278695310466,False,True
lapchole__3494483,0093 - Laparoscopic Cholecystectomy.mp4,False,False,object_identification,fo_class,1.1357138340827078,False,True
lapchole__3494923,0093 - Laparoscopic Cholecystectomy.mp4,False,False,object_identification,fo_class,1.1851846580393612,False,True
lapchole__3753923,0100 - Laparoscopic Cholecystectomy.mp4,False,False,object_aggregation,number,1.4339745629113168,False,False
lapchole__3754352,0100 - Laparoscopic Cholecystectomy.mp4,False,False,object_aggregation,number,1.1824680550489575,False,True
lapchole__3755356,0100 - Laparoscopic Cholecystectomy.mp4,False,False,object_aggregation,number,1.1208771718665957,False,False
lapchole__3750235,0100 - Laparoscopic Cholecystectomy.mp4,False,False,object_identification,fo_class,1.0326553161721677,False,True
lapchole__3758013,0100 - Laparoscopic Cholecystectomy.mp4,False,False,object_aggregation,binary,1.0569213249254972,False,True
lapchole__3755372,0100 - Laparoscopic Cholecystectomy.mp4,False,False,object_aggregation,number,1.2312987500336021,False,False
lapchole__3764176,0100 - Laparoscopic Cholecystectomy.mp4,False,False,spatial_localization_camera,open_ended,2.0736505419481546,False,True
lapchole__3753953,0100 - Laparoscopic Cholecystectomy.mp4,False,False,object_aggregation,number,1.121538870036602,False,False
lapchole__3751613,0100 - Laparoscopic Cholecystectomy.mp4,False,False,object_identification,fo_class,1.095323326997459,False,True
lapchole__3768012,0100 - Laparoscopic Cholecystectomy.mp4,False,False,object_identification,fo_class,1.0880893650464714,False,True
lapchole__3755389,0100 - Laparoscopic Cholecystectomy.mp4,False,False,object_aggregation,number,1.1160803639795631,False,False
lapchole__3765322,0100 - Laparoscopic Cholecystectomy.mp4,False,False,object_aggregation,binary,1.0105243728030473,False,True
lapchole__3753965,0100 - Laparoscopic Cholecystectomy.mp4,False,False,object_aggregation,number,1.0615033330395818,False,False
lapchole__3753974,0100 - Laparoscopic Cholecystectomy.mp4,False,False,object_aggregation,number,1.1078478649724275,False,False
lapchole__3755403,0100 - Laparoscopic Cholecystectomy.mp4,False,False,object_aggregation,number,1.0229989609215409,False,False
lapchole__3753981,0100 - Laparoscopic Cholecystectomy.mp4,False,False,object_aggregation,number,1.1808494490105659,False,True
lapchole__3755411,0100 - Laparoscopic Cholecystectomy.mp4,False,False,object_aggregation,number,1.0349800910335034,False,False
lapchole__3755415,0100 - Laparoscopic Cholecystectomy.mp4,False,False,object_aggregation,number,1.0672569889575243,False,True
lapchole__3755417,0100 - Laparoscopic Cholecystectomy.mp4,False,False,object_aggregation,number,1.024535046890378,False,False
lapchole__3753992,0100 - Laparoscopic Cholecystectomy.mp4,False,False,object_aggregation,number,1.0881173249799758,False,False
lapchole__3753993,0100 - Laparoscopic Cholecystectomy.mp4,False,False,object_aggregation,number,1.072748834034428,False,False
lapchole__3753995,0100 - Laparoscopic Cholecystectomy.mp4,False,False,object_aggregation,number,1.0261743539012969,False,False
lapchole__3755423,0100 - Laparoscopic Cholecystectomy.mp4,False,False,object_aggregation,number,1.1104637880343944,False,False
lapchole__3755425,0100 - Laparoscopic Cholecystectomy.mp4,False,False,object_aggregation,number,1.0947808281052858,False,False
lapchole__3753998,0100 - Laparoscopic Cholecystectomy.mp4,False,False,object_aggregation,number,1.0868873780127615,False,False
lapchole__3765358,0100 - Laparoscopic Cholecystectomy.mp4,False,False,object_aggregation,binary,1.1005190738942474,False,True
lapchole__3755427,0100 - Laparoscopic Cholecystectomy.mp4,False,False,object_aggregation,number,1.0810278030112386,False,True
lapchole__3755432,0100 - Laparoscopic Cholecystectomy.mp4,False,False,object_aggregation,number,1.1211844210047275,False,False
lapchole__3754015,0100 - Laparoscopic Cholecystectomy.mp4,False,False,object_aggregation,number,1.1031710170209408,False,False
lapchole__3750256,0100 - Laparoscopic Cholecystectomy.mp4,False,False,object_identification,fo_class,1.0949748980347067,False,True
lapchole__3768124,0100 - Laparoscopic Cholecystectomy.mp4,False,False,object_identification,fo_class,1.0999554051086307,False,True
lapchole__3751675,0100 - Laparoscopic Cholecystectomy.mp4,False,False,object_identification,fo_class,1.1250016908161342,False,True
lapchole__3764203,0100 - Laparoscopic Cholecystectomy.mp4,False,False,spatial_localization_camera,open_ended,1.4604209859389812,False,True
lapchole__3754454,0100 - Laparoscopic Cholecystectomy.mp4,False,False,object_aggregation,number,1.2081372591201216,False,True
lapchole__3758112,0100 - Laparoscopic Cholecystectomy.mp4,False,False,object_aggregation,binary,1.113269890891388,False,True
lapchole__3754040,0100 - Laparoscopic Cholecystectomy.mp4,False,False,object_aggregation,number,1.0089706270955503,False,True
lapchole__3755474,0100 - Laparoscopic Cholecystectomy.mp4,False,False,object_aggregation,number,1.0838516659568995,False,False
lapchole__3765372,0100 - Laparoscopic Cholecystectomy.mp4,False,False,object_aggregation,binary,1.0168849870096892,False,True
lapchole__3751705,0100 - Laparoscopic Cholecystectomy.mp4,False,False,object_identification,fo_class,1.0765355641487986,False,True
lapchole__3754048,0100 - Laparoscopic Cholecystectomy.mp4,False,False,object_aggregation,number,1.107216966804117,False,True
lapchole__3750284,0100 - Laparoscopic Cholecystectomy.mp4,False,False,object_identification,fo_class,1.0163388377986848,False,True
lapchole__3758132,0100 - Laparoscopic Cholecystectomy.mp4,False,False,object_aggregation,binary,1.0726918950676918,False,False
lapchole__3768153,0100 - Laparoscopic Cholecystectomy.mp4,False,False,object_identification,fo_class,1.2043103389441967,False,True
lapchole__3764232,0100 - Laparoscopic Cholecystectomy.mp4,False,False,spatial_localization_camera,open_ended,1.296627663075924,False,True
lapchole__3754500,0100 - Laparoscopic Cholecystectomy.mp4,False,False,object_aggregation,number,1.128399593057111,False,True
lapchole__3755653,0100 - Laparoscopic Cholecystectomy.mp4,False,False,object_aggregation,number,1.1784652241040021,False,True
lapchole__3744668,0100 - Laparoscopic Cholecystectomy.mp4,False,False,object_identification,fo_class,1.2607953450642526,False,True
lapchole__3765373,0100 - Laparoscopic Cholecystectomy.mp4,False,False,object_aggregation,binary,1.0577765828929842,False,False
lapchole__3754080,0100 - Laparoscopic Cholecystectomy.mp4,False,False,object_aggregation,number,1.0761437960900366,False,False
lapchole__3758156,0100 - Laparoscopic Cholecystectomy.mp4,False,False,object_aggregation,binary,1.1059910990297794,False,False
lapchole__3754507,0100 - Laparoscopic Cholecystectomy.mp4,False,False,object_aggregation,number,1.0833272780291736,False,True
lapchole__3765374,0100 - Laparoscopic Cholecystectomy.mp4,False,False,object_aggregation,binary,1.110156259033829,False,False
lapchole__3754508,0100 - Laparoscopic Cholecystectomy.mp4,False,False,object_aggregation,number,1.0258268441539258,False,False
lapchole__3755507,0100 - Laparoscopic Cholecystectomy.mp4,False,False,object_aggregation,number,1.0881411749869585,False,False
lapchole__3765376,0100 - Laparoscopic Cholecystectomy.mp4,False,False,object_aggregation,binary,1.0472453190013766,False,True
lapchole__3744671,0100 - Laparoscopic Cholecystectomy.mp4,False,False,object_identification,fo_class,1.317976919002831,False,True
lapchole__3754512,0100 - Laparoscopic Cholecystectomy.mp4,False,False,object_aggregation,number,1.0550629899371415,False,False
lapchole__3758163,0100 - Laparoscopic Cholecystectomy.mp4,False,False,object_aggregation,binary,1.0917588360607624,False,True
lapchole__3751744,0100 - Laparoscopic Cholecystectomy.mp4,False,False,object_identification,fo_class,1.0818139109760523,False,False
lapchole__3751745,0100 - Laparoscopic Cholecystectomy.mp4,False,False,object_identification,fo_class,1.0466142410878092,False,False
lapchole__3754088,0100 - Laparoscopic Cholecystectomy.mp4,False,False,object_aggregation,number,1.0545111310202628,False,False
lapchole__3744677,0100 - Laparoscopic Cholecystectomy.mp4,False,False,object_identification,fo_class,1.2672448281664401,False,True
lapchole__3751746,0100 - Laparoscopic Cholecystectomy.mp4,False,False,object_identification,fo_class,1.1326232519932091,False,False
lapchole__3751749,0100 - Laparoscopic Cholecystectomy.mp4,False,False,object_identification,fo_class,1.1547488749492913,False,True
lapchole__3758169,0100 - Laparoscopic Cholecystectomy.mp4,False,False,object_aggregation,binary,1.044458196964115,False,False
lapchole__3744678,0100 - Laparoscopic Cholecystectomy.mp4,False,False,object_identification,fo_class,1.2905601589009166,False,True
lapchole__3751750,0100 - Laparoscopic Cholecystectomy.mp4,False,False,object_identification,fo_class,1.187992569990456,False,False
lapchole__3750317,0100 - Laparoscopic Cholecystectomy.mp4,False,False,object_identification,fo_class,1.0901736898813397,False,True
lapchole__3751756,0100 - Laparoscopic Cholecystectomy.mp4,False,False,object_identification,fo_class,0.9503076369874179,False,False
lapchole__3750324,0100 - Laparoscopic Cholecystectomy.mp4,False,False,object_identification,fo_class,1.1353565340396017,False,True
lapchole__5022763,0100 - Laparoscopic Cholecystectomy.mp4,False,False,object_attributes,open_ended,1.1214558009523898,False,True
lapchole__3750353,0100 - Laparoscopic Cholecystectomy.mp4,False,False,object_identification,fo_class,1.2363241268321872,False,False
lapchole__3750357,0100 - Laparoscopic Cholecystectomy.mp4,False,False,object_identification,fo_class,1.2168552668299526,False,False
lapchole__3751838,0100 - Laparoscopic Cholecystectomy.mp4,False,False,object_identification,fo_class,1.0708681689575315,False,False
lapchole__3768018,0100 - Laparoscopic Cholecystectomy.mp4,False,False,object_identification,fo_class,1.182173795066774,False,False
lapchole__3778249,0100 - Laparoscopic Cholecystectomy.mp4,False,False,spatial_localization_camera,multiple_choice,1.2649120350833982,False,True
lapchole__3754214,0100 - Laparoscopic Cholecystectomy.mp4,False,False,object_aggregation,number,1.1369376799557358,False,False
lapchole__3751871,0100 - Laparoscopic Cholecystectomy.mp4,False,False,object_identification,fo_class,1.115378376096487,False,True
lapchole__3750439,0100 - Laparoscopic Cholecystectomy.mp4,False,False,object_identification,fo_class,1.0981298699043691,False,True
lapchole__5026807,0100 - Laparoscopic Cholecystectomy.mp4,False,False,spatial_localization_camera,open_ended,1.44144540396519,False,False
lapchole__3755542,0100 - Laparoscopic Cholecystectomy.mp4,False,False,object_aggregation,number,1.0499628221150488,False,False
lapchole__4654650,0149 - Laparoscopic Cholecystectomy.mp4,False,False,object_identification,fo_class,1.1459379878360778,False,True
lapchole__4658475,0149 - Laparoscopic Cholecystectomy.mp4,False,False,object_aggregation,number,1.1348911060485989,False,True
lapchole__4660107,0149 - Laparoscopic Cholecystectomy.mp4,False,False,object_aggregation,number,1.1573405489325523,False,False
lapchole__4658993,0149 - Laparoscopic Cholecystectomy.mp4,False,False,object_aggregation,number,1.1438583829440176,False,True
lapchole__4663528,0149 - Laparoscopic Cholecystectomy.mp4,False,False,object_aggregation,binary,1.0642141359858215,False,True
lapchole__4658497,0149 - Laparoscopic Cholecystectomy.mp4,False,False,object_aggregation,number,1.0474769291467965,False,False
lapchole__4660120,0149 - Laparoscopic Cholecystectomy.mp4,False,False,object_aggregation,number,1.1624701949767768,False,True
lapchole__4655586,0149 - Laparoscopic Cholecystectomy.mp4,False,False,object_identification,fo_class,1.0394037498626858,False,True
lapchole__4670706,0149 - Laparoscopic Cholecystectomy.mp4,False,False,object_aggregation,binary,1.083104277960956,False,True
lapchole__4660130,0149 - Laparoscopic Cholecystectomy.mp4,False,False,object_aggregation,number,1.1795419021509588,False,True
lapchole__4654666,0149 - Laparoscopic Cholecystectomy.mp4,False,False,object_identification,fo_class,1.1197800149675459,False,True
lapchole__4658516,0149 - Laparoscopic Cholecystectomy.mp4,False,False,object_aggregation,number,1.1674498331267387,False,False
lapchole__4660136,0149 - Laparoscopic Cholecystectomy.mp4,False,False,object_aggregation,number,1.1145144840702415,False,False
lapchole__4658538,0149 - Laparoscopic Cholecystectomy.mp4,False,False,object_aggregation,number,1.1332478229887784,False,True
lapchole__4660159,0149 - Laparoscopic Cholecystectomy.mp4,False,False,object_aggregation,number,1.1080349639523774,False,False
lapchole__4658548,0149 - Laparoscopic Cholecystectomy.mp4,False,False,object_aggregation,number,1.1677395678125322,False,False
lapchole__4663295,0149 - Laparoscopic Cholecystectomy.mp4,False,False,object_aggregation,binary,1.133684451924637,False,False
lapchole__4658575,0149 - Laparoscopic Cholecystectomy.mp4,False,False,object_aggregation,number,1.091299275867641,False,True
lapchole__4660202,0149 - Laparoscopic Cholecystectomy.mp4,False,False,object_aggregation,number,1.119792056037113,False,False
lapchole__4670802,0149 - Laparoscopic Cholecystectomy.mp4,False,False,object_aggregation,binary,1.1454852719325572,False,True
lapchole__4660233,0149 - Laparoscopic Cholecystectomy.mp4,False,False,object_aggregation,number,1.1027214070782065,False,False
lapchole__4658629,0149 - Laparoscopic Cholecystectomy.mp4,False,False,object_aggregation,number,1.1946788530331105,False,False
lapchole__4659135,0149 - Laparoscopic Cholecystectomy.mp4,False,False,object_aggregation,number,1.1331991029437631,False,True
lapchole__4655720,0149 - Laparoscopic Cholecystectomy.mp4,False,False,object_identification,fo_class,1.1032467850018293,False,True
lapchole__4658665,0149 - Laparoscopic Cholecystectomy.mp4,False,False,object_aggregation,number,1.1525496959220618,False,False
lapchole__4660288,0149 - Laparoscopic Cholecystectomy.mp4,False,False,object_aggregation,number,1.1139282290823758,False,False
lapchole__4660308,0149 - Laparoscopic Cholecystectomy.mp4,False,False,object_aggregation,number,1.119472387013957,False,False
lapchole__4658705,0149 - Laparoscopic Cholecystectomy.mp4,False,False,object_aggregation,number,1.1792270098812878,False,False
lapchole__4658716,0149 - Laparoscopic Cholecystectomy.mp4,False,False,object_aggregation,number,1.119543916080147,False,False
lapchole__4658725,0149 - Laparoscopic Cholecystectomy.mp4,False,False,object_aggregation,number,1.1798074878752232,False,False
lapchole__4658739,0149 - Laparoscopic Cholecystectomy.mp4,False,False,object_aggregation,number,1.1385660900268704,False,False
lapchole__4660381,0149 - Laparoscopic Cholecystectomy.mp4,False,False,object_aggregation,number,1.1821764518972486,False,False
lapchole__4660382,0149 - Laparoscopic Cholecystectomy.mp4,False,False,object_aggregation,number,1.116615863982588,False,False
lapchole__4660398,0149 - Laparoscopic Cholecystectomy.mp4,False,False,object_aggregation,number,1.1726119259838015,False,False
lapchole__4669577,0149 - Laparoscopic Cholecystectomy.mp4,False,False,spatial_localization_camera,open_ended,1.4144453760236502,False,False
lapchole__4674040,0149 - Laparoscopic Cholecystectomy.mp4,False,False,object_identification,fo_class,1.2279067591298372,False,False
lapchole__4674044,0149 - Laparoscopic Cholecystectomy.mp4,False,False,object_identification,fo_class,1.148848254000768,False,True
lapchole__4669589,0149 - Laparoscopic Cholecystectomy.mp4,False,False,spatial_localization_camera,open_ended,1.3961343308910728,False,False
lapchole__4649477,0149 - Laparoscopic Cholecystectomy.mp4,False,False,object_identification,fo_class,1.3117136668879539,False,True
lapchole__4655618,0149 - Laparoscopic Cholecystectomy.mp4,False,False,object_identification,fo_class,1.3433526391163468,False,True
lapchole__4663186,0149 - Laparoscopic Cholecystectomy.mp4,False,False,object_aggregation,binary,1.0699304069858044,False,True
lapchole__4681373,0149 - Laparoscopic Cholecystectomy.mp4,False,False,spatial_localization_camera,fo_class,1.1695670338813215,False,False
lapchole__4681374,0149 - Laparoscopic Cholecystectomy.mp4,False,False,spatial_localization_camera,fo_class,1.0947438559960574,False,True
lapchole__4649503,0149 - Laparoscopic Cholecystectomy.mp4,False,False,object_identification,fo_class,1.3037736869882792,False,True
lapchole__4659449,0149 - Laparoscopic Cholecystectomy.mp4,False,False,object_aggregation,number,1.1094962700735778,False,False
lapchole__4684997,0149 - Laparoscopic Cholecystectomy.mp4,False,False,spatial_localization_camera,multiple_choice,1.1711764398496598,False,True
lapchole__4684998,0149 - Laparoscopic Cholecystectomy.mp4,False,False,spatial_localization_camera,multiple_choice,1.1984665428753942,False,True
lapchole__4681380,0149 - Laparoscopic Cholecystectomy.mp4,False,False,spatial_localization_camera,fo_class,1.178862010827288,False,False
lapchole__4655924,0149 - Laparoscopic Cholecystectomy.mp4,False,False,object_identification,fo_class,1.2530435400549322,False,False
lapchole__4654897,0149 - Laparoscopic Cholecystectomy.mp4,False,False,object_identification,fo_class,1.109632849926129,False,False
lapchole__4654898,0149 - Laparoscopic Cholecystectomy.mp4,False,False,object_identification,fo_class,1.0091961158905178,False,False
lapchole__4655580,0149 - Laparoscopic Cholecystectomy.mp4,False,False,object_identification,fo_class,1.1040948040317744,False,False
lapchole__5022627,0149 - Laparoscopic Cholecystectomy.mp4,False,False,object_attributes,open_ended,1.154674720019102,False,True
lapchole__4671032,0149 - Laparoscopic Cholecystectomy.mp4,False,False,object_aggregation,binary,1.0539584958460182,False,True
lapchole__4671064,0149 - Laparoscopic Cholecystectomy.mp4,False,False,object_aggregation,binary,1.165987481828779,False,False
lapchole__4655774,0149 - Laparoscopic Cholecystectomy.mp4,False,False,object_identification,fo_class,1.2786127279978245,False,True
lapchole__4663081,0149 - Laparoscopic Cholecystectomy.mp4,False,False,object_aggregation,binary,1.0560112709645182,False,True
lapchole__4649544,0149 - Laparoscopic Cholecystectomy.mp4,False,False,object_identification,fo_class,1.233885067049414,False,True
lapchole__4659212,0149 - Laparoscopic Cholecystectomy.mp4,False,False,object_aggregation,number,1.2755904449149966,False,True
lapchole__4655806,0149 - Laparoscopic Cholecystectomy.mp4,False,False,object_identification,fo_class,1.1255744411610067,False,False
lapchole__5022629,0149 - Laparoscopic Cholecystectomy.mp4,False,False,object_attributes,open_ended,1.410074707120657,False,False
lapchole__4649546,0149 - Laparoscopic Cholecystectomy.mp4,False,False,object_identification,fo_class,1.3759769899770617,False,False
lapchole__4684995,0149 - Laparoscopic Cholecystectomy.mp4,False,False,spatial_localization_camera,multiple_choice,1.235816981876269,False,True
lapchole__4684996,0149 - Laparoscopic Cholecystectomy.mp4,False,False,spatial_localization_camera,multiple_choice,1.109305031131953,False,True
lapchole__5022630,0149 - Laparoscopic Cholecystectomy.mp4,False,False,object_attributes,open_ended,1.2767335919197649,False,False
lapchole__4659358,0149 - Laparoscopic Cholecystectomy.mp4,False,False,object_aggregation,number,1.0556434721220285,False,False
lapchole__4655746,0149 - Laparoscopic Cholecystectomy.mp4,False,False,object_identification,fo_class,1.4809797240886837,False,False
lapchole__5025319,0149 - Laparoscopic Cholecystectomy.mp4,False,False,object_attributes,open_ended,1.2311045131646097,False,True
lapchole__4649549,0149 - Laparoscopic Cholecystectomy.mp4,False,False,object_identification,fo_class,1.447342965984717,False,True
lapchole__5022633,0149 - Laparoscopic Cholecystectomy.mp4,False,False,object_attributes,open_ended,1.3310681991279125,False,True
lapchole__4659145,0149 - Laparoscopic Cholecystectomy.mp4,False,False,object_aggregation,number,1.194488052977249,False,False
lapchole__4649551,0149 - Laparoscopic Cholecystectomy.mp4,False,False,object_identification,fo_class,1.3814558361191303,False,True
lapchole__5022634,0149 - Laparoscopic Cholecystectomy.mp4,False,False,object_attributes,open_ended,1.286851708078757,False,True
lapchole__4655647,0149 - Laparoscopic Cholecystectomy.mp4,False,False,object_identification,fo_class,1.3162320950068533,False,True
lapchole__4649552,0149 - Laparoscopic Cholecystectomy.mp4,False,False,object_identification,fo_class,1.4776554519776255,False,True
lapchole__4656046,0149 - Laparoscopic Cholecystectomy.mp4,False,False,object_identification,fo_class,1.4309106459841132,False,False
lapchole__4654905,0149 - Laparoscopic Cholecystectomy.mp4,False,False,object_identification,fo_class,1.1361068750265986,False,True
lapchole__5025320,0149 - Laparoscopic Cholecystectomy.mp4,False,False,object_attributes,open_ended,1.1309268579352647,False,True
lapchole__4654920,0149 - Laparoscopic Cholecystectomy.mp4,False,False,object_identification,fo_class,1.2338879469316453,False,True
lapchole__4655876,0149 - Laparoscopic Cholecystectomy.mp4,False,False,object_identification,fo_class,1.3681737990118563,False,False
lapchole__4704430,0158 - Laparoscopic Cholecystectomy.mp4,False,False,object_aggregation,number,1.0985710970126092,False,True
lapchole__4700374,0158 - Laparoscopic Cholecystectomy.mp4,False,False,object_identification,fo_class,1.2167572090402246,False,False
lapchole__4706059,0158 - Laparoscopic Cholecystectomy.mp4,False,False,object_aggregation,number,1.0090872859582305,False,True
lapchole__4704966,0158 - Laparoscopic Cholecystectomy.mp4,False,False,object_aggregation,number,1.073666137875989,False,True
lapchole__4698656,0158 - Laparoscopic Cholecystectomy.mp4,False,False,object_identification,fo_class,1.0902245480101556,False,True
lapchole__4704475,0158 - Laparoscopic Cholecystectomy.mp4,False,False,object_aggregation,number,1.0938057380262762,False,True
lapchole__4710399,0158 - Laparoscopic Cholecystectomy.mp4,False,False,object_aggregation,binary,1.0447454690001905,False,True
lapchole__4720247,0158 - Laparoscopic Cholecystectomy.mp4,False,False,spatial_localization_camera,open_ended,1.3396984278224409,False,True
lapchole__4726279,0158 - Laparoscopic Cholecystectomy.mp4,False,False,object_identification,fo_class,1.1134252310730517,False,True
lapchole__5022579,0158 - Laparoscopic Cholecystectomy.mp4,False,False,object_attributes,open_ended,1.1717886081896722,False,True
lapchole__5022580,0158 - Laparoscopic Cholecystectomy.mp4,False,False,object_attributes,open_ended,1.0341192048508674,False,True
lapchole__4736340,0158 - Laparoscopic Cholecystectomy.mp4,False,False,spatial_localization_camera,fo_class,1.1023125981446356,False,False
lapchole__4710446,0158 - Laparoscopic Cholecystectomy.mp4,False,False,object_aggregation,binary,1.106295698089525,False,True
lapchole__4705049,0158 - Laparoscopic Cholecystectomy.mp4,False,False,object_aggregation,number,1.093386400025338,False,True
lapchole__4704552,0158 - Laparoscopic Cholecystectomy.mp4,False,False,object_aggregation,number,1.0579572659917176,False,True
lapchole__4700477,0158 - Laparoscopic Cholecystectomy.mp4,False,False,object_identification,fo_class,1.163766188081354,False,True
lapchole__4691290,0158 - Laparoscopic Cholecystectomy.mp4,False,False,object_identification,fo_class,1.1156069859862328,False,True
lapchole__4726298,0158 - Laparoscopic Cholecystectomy.mp4,False,False,object_identification,fo_class,1.080218522110954,False,True
lapchole__4698718,0158 - Laparoscopic Cholecystectomy.mp4,False,False,object_identification,fo_class,1.0195093899965286,False,True
lapchole__4700499,0158 - Laparoscopic Cholecystectomy.mp4,False,False,object_identification,fo_class,1.0806356810498983,False,True
lapchole__4710740,0158 - Laparoscopic Cholecystectomy.mp4,False,False,object_aggregation,binary,1.08081599092111,False,True
lapchole__4705109,0158 - Laparoscopic Cholecystectomy.mp4,False,False,object_aggregation,number,1.1108707271050662,False,False
lapchole__4736356,0158 - Laparoscopic Cholecystectomy.mp4,False,False,spatial_localization_camera,fo_class,1.1551323391031474,False,True
lapchole__4736361,0158 - Laparoscopic Cholecystectomy.mp4,False,False,spatial_localization_camera,fo_class,1.0695382382255048,False,True
lapchole__4706622,0158 - Laparoscopic Cholecystectomy.mp4,False,False,object_aggregation,number,1.0776847780216485,False,False
lapchole__4700554,0158 - Laparoscopic Cholecystectomy.mp4,False,False,object_identification,fo_class,1.2082363399676979,False,False
lapchole__4704635,0158 - Laparoscopic Cholecystectomy.mp4,False,False,object_aggregation,number,1.0153250200673938,False,False
lapchole__4721424,0158 - Laparoscopic Cholecystectomy.mp4,False,False,object_aggregation,binary,1.073175739031285,False,True
lapchole__4726313,0158 - Laparoscopic Cholecystectomy.mp4,False,False,object_identification,fo_class,1.0075164600275457,False,True
lapchole__4721425,0158 - Laparoscopic Cholecystectomy.mp4,False,False,object_aggregation,binary,1.0813185689039528,False,True
lapchole__4705140,0158 - Laparoscopic Cholecystectomy.mp4,False,False,object_aggregation,number,1.1019310590345412,False,True
lapchole__4726318,0158 - Laparoscopic Cholecystectomy.mp4,False,False,object_identification,fo_class,1.0292715160176158,False,False
lapchole__4720283,0158 - Laparoscopic Cholecystectomy.mp4,False,False,spatial_localization_camera,open_ended,1.7452580980025232,False,True
lapchole__4698732,0158 - Laparoscopic Cholecystectomy.mp4,False,False,object_identification,fo_class,1.08820483321324,False,True
lapchole__5022582,0158 - Laparoscopic Cholecystectomy.mp4,False,False,object_attributes,open_ended,1.1774065149948,False,False
lapchole__4706657,0158 - Laparoscopic Cholecystectomy.mp4,False,False,object_aggregation,number,1.0873685940168798,False,False
lapchole__4704677,0158 - Laparoscopic Cholecystectomy.mp4,False,False,object_aggregation,number,1.288229573983699,False,False
lapchole__4706677,0158 - Laparoscopic Cholecystectomy.mp4,False,False,object_aggregation,number,1.3098022809717804,False,False
lapchole__4700616,0158 - Laparoscopic Cholecystectomy.mp4,False,False,object_identification,fo_class,1.2759358151815832,False,False
lapchole__4704695,0158 - Laparoscopic Cholecystectomy.mp4,False,False,object_aggregation,number,1.1354622868821025,False,False
lapchole__4706681,0158 - Laparoscopic Cholecystectomy.mp4,False,False,object_aggregation,number,1.0720732118934393,False,False
lapchole__4710599,0158 - Laparoscopic Cholecystectomy.mp4,False,False,object_aggregation,binary,1.0276772000361234,False,True
lapchole__4704698,0158 - Laparoscopic Cholecystectomy.mp4,False,False,object_aggregation,number,1.0000086280051619,False,False
lapchole__4704721,0158 - Laparoscopic Cholecystectomy.mp4,False,False,object_aggregation,number,1.0706917848438025,False,False
lapchole__4691439,0158 - Laparoscopic Cholecystectomy.mp4,False,False,object_identification,fo_class,1.5569728179834783,False,True
lapchole__4700673,0158 - Laparoscopic Cholecystectomy.mp4,False,False,object_identification,fo_class,1.0639973010402173,False,True
lapchole__4721533,0158 - Laparoscopic Cholecystectomy.mp4,False,False,object_aggregation,binary,1.0971987310331315,False,True
lapchole__4698742,0158 - Laparoscopic Cholecystectomy.mp4,False,False,object_identification,fo_class,1.0731748291291296,False,True
lapchole__4721534,0158 - Laparoscopic Cholecystectomy.mp4,False,False,object_aggregation,binary,1.1096878200769424,False,True
lapchole__4706749,0158 - Laparoscopic Cholecystectomy.mp4,False,False,object_aggregation,number,1.1012387110386044,False,True
lapchole__4700699,0158 - Laparoscopic Cholecystectomy.mp4,False,False,object_identification,fo_class,1.2173371671233326,False,True
lapchole__4700738,0158 - Laparoscopic Cholecystectomy.mp4,False,False,object_identification,fo_class,1.0722040419932455,False,False
lapchole__4698805,0158 - Laparoscopic Cholecystectomy.mp4,False,False,object_identification,fo_class,1.1660644030198455,False,True
lapchole__4726337,0158 - Laparoscopic Cholecystectomy.mp4,False,False,object_identification,fo_class,1.0612782379612327,False,False
lapchole__5024059,0158 - Laparoscopic Cholecystectomy.mp4,False,False,spatial_localization_situs,open_ended,1.3035920769907534,False,True
lapchole__4700823,0158 - Laparoscopic Cholecystectomy.mp4,False,False,object_identification,fo_class,1.0871569549199194,False,True
lapchole__4726369,0158 - Laparoscopic Cholecystectomy.mp4,False,False,object_identification,fo_class,1.0815040089655668,False,True
lapchole__4698851,0158 - Laparoscopic Cholecystectomy.mp4,False,False,object_identification,fo_class,1.0378207149915397,False,True
lapchole__4706798,0158 - Laparoscopic Cholecystectomy.mp4,False,False,object_aggregation,number,1.0865157661028206,False,False
lapchole__4704857,0158 - Laparoscopic Cholecystectomy.mp4,False,False,object_aggregation,number,1.1007975619286299,False,False
lapchole__4691494,0158 - Laparoscopic Cholecystectomy.mp4,False,False,object_identification,fo_class,1.1360955762211233,False,True
lapchole__4706829,0158 - Laparoscopic Cholecystectomy.mp4,False,False,object_aggregation,number,1.047622332116589,False,True
lapchole__4704580,0158 - Laparoscopic Cholecystectomy.mp4,False,False,object_aggregation,number,1.0165169769898057,False,False
lapchole__4700784,0158 - Laparoscopic Cholecystectomy.mp4,False,False,object_identification,fo_class,1.0849541211500764,False,False
lapchole__4700677,0158 - Laparoscopic Cholecystectomy.mp4,False,False,object_identification,fo_class,1.089140780037269,False,False
lapchole__4691526,0158 - Laparoscopic Cholecystectomy.mp4,False,False,object_identification,fo_class,1.2818174799904227,False,False
lapchole__5022588,0158 - Laparoscopic Cholecystectomy.mp4,False,False,object_attributes,open_ended,1.1394297271035612,False,True
lapchole__4691528,0158 - Laparoscopic Cholecystectomy.mp4,False,False,object_identification,fo_class,1.187373440945521,False,False
lapchole__4700433,0158 - Laparoscopic Cholecystectomy.mp4,False,False,object_identification,fo_class,1.165207294980064,False,False
lapchole__5022589,0158 - Laparoscopic Cholecystectomy.mp4,False,False,object_attributes,open_ended,1.2533794990740716,False,False
lapchole__4736382,0158 - Laparoscopic Cholecystectomy.mp4,False,False,spatial_localization_camera,fo_class,1.081138389883563,False,False
lapchole__5022590,0158 - Laparoscopic Cholecystectomy.mp4,False,False,object_attributes,open_ended,1.223700440954417,False,True
lapchole__4691531,0158 - Laparoscopic Cholecystectomy.mp4,False,False,object_identification,fo_class,1.2533955899998546,False,False
lapchole__5022591,0158 - Laparoscopic Cholecystectomy.mp4,False,False,object_attributes,open_ended,1.0894912087824196,False,True
lapchole__4698961,0158 - Laparoscopic Cholecystectomy.mp4,False,False,object_identification,fo_class,1.0492572679650038,False,False
lapchole__4698962,0158 - Laparoscopic Cholecystectomy.mp4,False,False,object_identification,fo_class,1.056305421050638,False,True
lapchole__4700609,0158 - Laparoscopic Cholecystectomy.mp4,False,False,object_identification,fo_class,1.1030267560854554,False,True
lapchole__4700363,0158 - Laparoscopic Cholecystectomy.mp4,False,False,object_identification,fo_class,1.0978980588261038,False,True
lapchole__4698966,0158 - Laparoscopic Cholecystectomy.mp4,False,False,object_identification,fo_class,1.1123447439167649,False,True
lapchole__4700731,0158 - Laparoscopic Cholecystectomy.mp4,False,False,object_identification,fo_class,1.1030692758504301,False,True
lapchole__5022541,0183 - Laparoscopic Cholecystectomy.mp4,False,False,object_attributes,open_ended,1.2389017639216036,False,True
lapchole__4923456,0183 - Laparoscopic Cholecystectomy.mp4,False,False,object_identification,fo_class,1.2776002599857748,False,False
lapchole__4928004,0183 - Laparoscopic Cholecystectomy.mp4,False,False,object_aggregation,number,1.1366370448376983,False,False
lapchole__4920741,0183 - Laparoscopic Cholecystectomy.mp4,False,False,object_identification,fo_class,1.2082723900675774,False,False
lapchole__4929146,0183 - Laparoscopic Cholecystectomy.mp4,False,False,object_aggregation,number,1.0893887989223003,False,True
lapchole__4927561,0183 - Laparoscopic Cholecystectomy.mp4,False,False,object_aggregation,number,1.1068388470448554,False,False
lapchole__4934345,0183 - Laparoscopic Cholecystectomy.mp4,False,False,object_aggregation,binary,1.0927471620962024,False,True
lapchole__5022543,0183 - Laparoscopic Cholecystectomy.mp4,False,False,object_attributes,open_ended,1.1686523160897195,False,True
lapchole__4944843,0183 - Laparoscopic Cholecystectomy.mp4,False,False,spatial_localization_camera,open_ended,1.4153005939442664,False,True
lapchole__4968861,0183 - Laparoscopic Cholecystectomy.mp4,False,False,spatial_localization_camera,multiple_choice,1.1824662720318884,False,True
lapchole__4950776,0183 - Laparoscopic Cholecystectomy.mp4,False,False,object_identification,fo_class,1.2001947190146893,False,False
lapchole__4968873,0183 - Laparoscopic Cholecystectomy.mp4,False,False,spatial_localization_camera,multiple_choice,1.1884359479881823,False,True
lapchole__4927601,0183 - Laparoscopic Cholecystectomy.mp4,False,False,object_aggregation,number,1.1604569561313838,False,True
lapchole__4944879,0183 - Laparoscopic Cholecystectomy.mp4,False,False,spatial_localization_camera,open_ended,1.4073198339901865,False,True
lapchole__4920833,0183 - Laparoscopic Cholecystectomy.mp4,False,False,object_identification,fo_class,1.1520039858296514,False,True
lapchole__4950810,0183 - Laparoscopic Cholecystectomy.mp4,False,False,object_identification,fo_class,1.1088693321216851,False,True
lapchole__4923596,0183 - Laparoscopic Cholecystectomy.mp4,False,False,object_identification,fo_class,1.203791820909828,False,False
lapchole__4927658,0183 - Laparoscopic Cholecystectomy.mp4,False,False,object_aggregation,number,1.2095913859084249,False,False
lapchole__4928164,0183 - Laparoscopic Cholecystectomy.mp4,False,False,object_aggregation,number,1.1300432099960744,False,False
lapchole__4962712,0183 - Laparoscopic Cholecystectomy.mp4,False,False,spatial_localization_camera,fo_class,1.2245647790841758,False,False
lapchole__5022545,0183 - Laparoscopic Cholecystectomy.mp4,False,False,object_attributes,open_ended,1.2104165549390018,False,True
lapchole__4929586,0183 - Laparoscopic Cholecystectomy.mp4,False,False,object_aggregation,number,1.1474176067858934,False,False
lapchole__5022546,0183 - Laparoscopic Cholecystectomy.mp4,False,False,object_attributes,open_ended,1.2953618969768286,False,True
lapchole__4923660,0183 - Laparoscopic Cholecystectomy.mp4,False,False,object_identification,fo_class,1.2176572259049863,False,True
lapchole__4929606,0183 - Laparoscopic Cholecystectomy.mp4,False,False,object_aggregation,number,1.0851724399253726,False,True
lapchole__4946012,0183 - Laparoscopic Cholecystectomy.mp4,False,False,object_aggregation,binary,1.1934980861842632,False,True
lapchole__4927713,0183 - Laparoscopic Cholecystectomy.mp4,False,False,object_aggregation,number,1.0981105980463326,False,True
lapchole__4929625,0183 - Laparoscopic Cholecystectomy.mp4,False,False,object_aggregation,number,1.100964091019705,False,False
lapchole__4934022,0183 - Laparoscopic Cholecystectomy.mp4,False,False,object_aggregation,binary,1.1071690858807415,False,True
lapchole__4912345,0183 - Laparoscopic Cholecystectomy.mp4,False,False,object_identification,fo_class,1.405553146963939,False,True
lapchole__4923716,0183 - Laparoscopic Cholecystectomy.mp4,False,False,object_identification,fo_class,1.0944617378991097,False,True
lapchole__4927755,0183 - Laparoscopic Cholecystectomy.mp4,False,False,object_aggregation,number,1.0918014629278332,False,True
lapchole__4946055,0183 - Laparoscopic Cholecystectomy.mp4,False,False,object_aggregation,binary,1.098579677985981,False,True
lapchole__4927767,0183 - Laparoscopic Cholecystectomy.mp4,False,False,object_aggregation,number,1.0288114068098366,False,True
lapchole__4912375,0183 - Laparoscopic Cholecystectomy.mp4,False,False,object_identification,fo_class,1.2388825148809701,False,False
lapchole__4950885,0183 - Laparoscopic Cholecystectomy.mp4,False,False,object_identification,fo_class,1.0485612789634615,False,True
lapchole__4950889,0183 - Laparoscopic Cholecystectomy.mp4,False,False,object_identification,fo_class,1.0914314549881965,False,True
lapchole__4920884,0183 - Laparoscopic Cholecystectomy.mp4,False,False,object_identification,fo_class,1.1014676201157272,False,True
lapchole__4962738,0183 - Laparoscopic Cholecystectomy.mp4,False,False,spatial_localization_camera,fo_class,1.163077819161117,False,False
lapchole__4923841,0183 - Laparoscopic Cholecystectomy.mp4,False,False,object_identification,fo_class,1.2251566988416016,False,False
lapchole__4920907,0183 - Laparoscopic Cholecystectomy.mp4,False,False,object_identification,fo_class,1.0204513389617205,False,True
lapchole__4923864,0183 - Laparoscopic Cholecystectomy.mp4,False,False,object_identification,fo_class,1.2859044999349862,False,True
lapchole__5022549,0183 - Laparoscopic Cholecystectomy.mp4,False,False,object_attributes,open_ended,1.2792020861525089,False,True
lapchole__4962744,0183 - Laparoscopic Cholecystectomy.mp4,False,False,spatial_localization_camera,fo_class,1.205959944985807,False,True
lapchole__4923506,0183 - Laparoscopic Cholecystectomy.mp4,False,False,object_identification,fo_class,1.175662628840655,False,True
lapchole__5022550,0183 - Laparoscopic Cholecystectomy.mp4,False,False,object_attributes,open_ended,1.182112542912364,False,True
lapchole__4923486,0183 - Laparoscopic Cholecystectomy.mp4,False,False,object_identification,fo_class,1.1296835718676448,False,True
lapchole__5022551,0183 - Laparoscopic Cholecystectomy.mp4,False,False,object_attributes,open_ended,1.1540112209040672,False,False
lapchole__4962747,0183 - Laparoscopic Cholecystectomy.mp4,False,False,spatial_localization_camera,fo_class,1.1249992330558598,False,True
lapchole__4923563,0183 - Laparoscopic Cholecystectomy.mp4,False,False,object_identification,fo_class,1.102219037944451,False,False
lapchole__4962748,0183 - Laparoscopic Cholecystectomy.mp4,False,False,spatial_localization_camera,fo_class,1.128108455101028,False,False
lapchole__5025336,0183 - Laparoscopic Cholecystectomy.mp4,False,False,object_attributes,open_ended,1.171931338030845,False,True
lapchole__4912519,0183 - Laparoscopic Cholecystectomy.mp4,False,False,object_identification,fo_class,1.2467612561304122,False,False
lapchole__5022554,0183 - Laparoscopic Cholecystectomy.mp4,False,False,object_attributes,open_ended,1.0750738938804716,False,False
lapchole__4923921,0183 - Laparoscopic Cholecystectomy.mp4,False,False,object_identification,fo_class,1.2231994930189103,False,False
lapchole__4912530,0183 - Laparoscopic Cholecystectomy.mp4,False,False,object_identification,fo_class,1.2048501579556614,False,False
lapchole__5025337,0183 - Laparoscopic Cholecystectomy.mp4,False,False,object_attributes,open_ended,1.2705419771373272,False,True
lapchole__4920977,0183 - Laparoscopic Cholecystectomy.mp4,False,False,object_identification,fo_class,1.1094633110333234,False,True
lapchole__4920987,0183 - Laparoscopic Cholecystectomy.mp4,False,False,object_identification,fo_class,1.1713776488322765,False,True
lapchole__4968980,0183 - Laparoscopic Cholecystectomy.mp4,False,False,spatial_localization_camera,multiple_choice,1.260974020930007,False,True
lapchole__4968981,0183 - Laparoscopic Cholecystectomy.mp4,False,False,spatial_localization_camera,multiple_choice,1.1520956859458238,False,True
lapchole__4968982,0183 - Laparoscopic Cholecystectomy.mp4,False,False,spatial_localization_camera,multiple_choice,1.1027955270837992,False,True
lapchole__4962749,0183 - Laparoscopic Cholecystectomy.mp4,False,False,spatial_localization_camera,fo_class,1.5652230170089751,False,True
lapchole__5025338,0183 - Laparoscopic Cholecystectomy.mp4,False,False,object_attributes,open_ended,1.2286823601461947,False,True
lapchole__4912546,0183 - Laparoscopic Cholecystectomy.mp4,False,False,object_identification,fo_class,1.2548919250257313,False,True
lapchole__5025339,0183 - Laparoscopic Cholecystectomy.mp4,False,False,object_attributes,open_ended,1.36251284298487,False,True
lapchole__5025340,0183 - Laparoscopic Cholecystectomy.mp4,False,False,object_attributes,open_ended,1.1344777289777994,False,True
lapchole__5025341,0183 - Laparoscopic Cholecystectomy.mp4,False,False,object_attributes,open_ended,1.2281764410436153,False,False
lapchole__4923630,0183 - Laparoscopic Cholecystectomy.mp4,False,False,object_identification,fo_class,1.3442283470649272,False,True
lapchole__4923914,0183 - Laparoscopic Cholecystectomy.mp4,False,False,object_identification,fo_class,1.4111747241113335,False,True
lapchole__4912580,0183 - Laparoscopic Cholecystectomy.mp4,False,False,object_identification,fo_class,1.4061957660596818,False,False
lapchole__4921008,0183 - Laparoscopic Cholecystectomy.mp4,False,False,object_identification,fo_class,1.2109331428073347,False,True
lapchole__4921042,0183 - Laparoscopic Cholecystectomy.mp4,False,False,object_identification,fo_class,1.2088445480912924,False,True
lapchole__5025342,0183 - Laparoscopic Cholecystectomy.mp4,False,False,object_attributes,open_ended,1.1264548590406775,False,True
lapchole__4950901,0183 - Laparoscopic Cholecystectomy.mp4,False,False,object_identification,fo_class,1.1702315020374954,False,True
lapchole__4968972,0183 - Laparoscopic Cholecystectomy.mp4,False,False,spatial_localization_camera,multiple_choice,1.1299561408814043,False,True
lapchole__4950908,0183 - Laparoscopic Cholecystectomy.mp4,False,False,object_identification,fo_class,1.1647568249609321,False,True
lapchole__4968974,0183 - Laparoscopic Cholecystectomy.mp4,False,False,spatial_localization_camera,multiple_choice,1.1243708941619843,False,True
lapchole__4923913,0183 - Laparoscopic Cholecystectomy.mp4,False,False,object_identification,fo_class,1.154703440144658,False,True
lapchole__4923574,0183 - Laparoscopic Cholecystectomy.mp4,False,False,object_identification,fo_class,1.0861032479442656,False,False
